Date,Open,High,Low,Close,Adj Close,Volume
1973-02-21,1.742188,1.742188,1.742188,1.742188,0.168395,8000
1973-02-22,1.742188,1.742188,1.742188,1.742188,0.168395,1600
1973-02-23,1.742188,1.742188,1.742188,1.742188,0.168395,24000
1973-02-26,1.742188,1.742188,1.742188,1.742188,0.168395,1600
1973-02-27,1.734375,1.734375,1.734375,1.734375,0.167640,4800
1973-02-28,1.734375,1.734375,1.734375,1.734375,0.167640,8000
1973-03-01,1.734375,1.734375,1.734375,1.734375,0.167640,1600
1973-03-02,1.734375,1.734375,1.734375,1.734375,0.167640,0
1973-03-05,1.718750,1.718750,1.718750,1.718750,0.166130,30400
1973-03-06,1.718750,1.718750,1.718750,1.718750,0.166130,19200
1973-03-07,1.710938,1.710938,1.710938,1.710938,0.165375,4800
1973-03-08,1.710938,1.710938,1.710938,1.710938,0.165375,12800
1973-03-09,1.710938,1.710938,1.710938,1.710938,0.165375,11200
1973-03-12,1.710938,1.710938,1.710938,1.710938,0.165375,0
1973-03-13,1.710938,1.710938,1.710938,1.710938,0.165375,9600
1973-03-14,1.718750,1.718750,1.718750,1.718750,0.166130,6400
1973-03-15,1.710938,1.710938,1.710938,1.710938,0.165375,4800
1973-03-16,1.710938,1.710938,1.710938,1.710938,0.165375,6400
1973-03-19,1.710938,1.710938,1.710938,1.710938,0.165375,6400
1973-03-20,1.710938,1.710938,1.710938,1.710938,0.165375,11200
1973-03-21,1.710938,1.710938,1.710938,1.710938,0.165375,19200
1973-03-22,1.710938,1.710938,1.710938,1.710938,0.165375,27200
1973-03-23,1.703125,1.703125,1.703125,1.703125,0.164620,8000
1973-03-26,1.703125,1.703125,1.703125,1.703125,0.164620,8000
1973-03-27,1.703125,1.703125,1.703125,1.703125,0.164620,0
1973-03-28,1.703125,1.703125,1.703125,1.703125,0.164620,30400
1973-03-29,1.703125,1.703125,1.703125,1.703125,0.164620,43200
1973-03-30,1.703125,1.703125,1.703125,1.703125,0.164620,1600
1973-04-02,1.703125,1.703125,1.703125,1.703125,0.164620,3200
1973-04-03,1.703125,1.703125,1.703125,1.703125,0.164620,1600
1973-04-04,1.703125,1.703125,1.703125,1.703125,0.164620,1600
1973-04-05,1.703125,1.703125,1.703125,1.703125,0.164620,1600
1973-04-06,1.703125,1.703125,1.703125,1.703125,0.164620,20800
1973-04-09,1.703125,1.703125,1.703125,1.703125,0.164620,11200
1973-04-10,1.703125,1.703125,1.703125,1.703125,0.164620,9600
1973-04-11,1.703125,1.703125,1.703125,1.703125,0.164620,3200
1973-04-12,1.703125,1.703125,1.703125,1.703125,0.164620,11200
1973-04-13,1.710938,1.710938,1.710938,1.710938,0.165375,1600
1973-04-16,1.710938,1.710938,1.710938,1.710938,0.165375,14400
1973-04-17,1.718750,1.718750,1.718750,1.718750,0.166130,4800
1973-04-18,1.718750,1.718750,1.718750,1.718750,0.166130,0
1973-04-19,1.718750,1.718750,1.718750,1.718750,0.166130,0
1973-04-23,1.718750,1.718750,1.718750,1.718750,0.166130,17600
1973-04-24,1.710938,1.710938,1.710938,1.710938,0.165375,16000
1973-04-25,1.718750,1.718750,1.718750,1.718750,0.166130,8000
1973-04-26,1.718750,1.718750,1.718750,1.718750,0.166130,4800
1973-04-27,1.718750,1.718750,1.718750,1.718750,0.166130,11200
1973-04-30,1.710938,1.710938,1.710938,1.710938,0.165375,11200
1973-05-01,1.703125,1.703125,1.703125,1.703125,0.164620,4800
1973-05-02,1.695313,1.695313,1.695313,1.695313,0.163865,8000
1973-05-03,0.000000,1.718750,1.687500,1.687500,0.163109,9600
1973-05-04,0.000000,1.718750,1.687500,1.687500,0.163109,4800
1973-05-07,0.000000,1.718750,1.687500,1.687500,0.163109,1600
1973-05-08,0.000000,1.718750,1.687500,1.687500,0.163109,19200
1973-05-09,0.000000,1.710938,1.679688,1.679688,0.162354,4800
1973-05-10,0.000000,1.710938,1.679688,1.679688,0.162354,16000
1973-05-11,0.000000,1.703125,1.671875,1.671875,0.161599,9600
1973-05-14,0.000000,1.703125,1.671875,1.671875,0.161599,25600
1973-05-15,0.000000,1.703125,1.671875,1.671875,0.161599,12800
1973-05-16,0.000000,1.703125,1.671875,1.671875,0.161599,3200
1973-05-17,0.000000,1.703125,1.671875,1.671875,0.161599,3200
1973-05-18,0.000000,1.703125,1.671875,1.671875,0.161599,27200
1973-05-21,1.671875,1.671875,1.671875,1.671875,0.161599,0
1973-05-22,1.671875,1.671875,1.671875,1.671875,0.161599,0
1973-05-23,0.000000,1.687500,1.656250,1.656250,0.160089,8000
1973-05-24,1.656250,1.656250,1.656250,1.656250,0.160089,0
1973-05-25,0.000000,1.687500,1.656250,1.656250,0.160089,4800
1973-05-29,1.656250,1.656250,1.656250,1.656250,0.160089,0
1973-05-30,0.000000,1.687500,1.656250,1.656250,0.160089,30400
1973-05-31,0.000000,1.687500,1.656250,1.656250,0.160089,11200
1973-06-01,0.000000,1.687500,1.656250,1.656250,0.160089,1600
1973-06-04,0.000000,1.679688,1.648438,1.648438,0.159334,24000
1973-06-05,0.000000,1.687500,1.656250,1.656250,0.160089,4800
1973-06-06,0.000000,1.695313,1.664063,1.664063,0.160844,4800
1973-06-07,0.000000,1.695313,1.664063,1.664063,0.160844,6400
1973-06-08,0.000000,1.695313,1.664063,1.664063,0.160844,6400
1973-06-11,0.000000,1.695313,1.664063,1.664063,0.160844,8000
1973-06-12,0.000000,1.695313,1.664063,1.664063,0.160844,1600
1973-06-13,0.000000,1.703125,1.671875,1.671875,0.161599,4800
1973-06-14,0.000000,1.695313,1.664063,1.664063,0.160844,14400
1973-06-15,0.000000,1.703125,1.671875,1.671875,0.161599,11200
1973-06-18,0.000000,1.695313,1.664063,1.664063,0.160844,12800
1973-06-19,0.000000,1.656250,1.625000,1.625000,0.157068,9600
1973-06-20,0.000000,1.656250,1.625000,1.625000,0.157068,4800
1973-06-21,0.000000,1.656250,1.625000,1.625000,0.157068,4800
1973-06-22,0.000000,1.625000,1.593750,1.593750,0.154048,25600
1973-06-25,0.000000,1.625000,1.593750,1.593750,0.154048,4800
1973-06-26,0.000000,1.656250,1.609375,1.609375,0.155558,28800
1973-06-27,1.609375,1.609375,1.609375,1.609375,0.155558,0
1973-06-28,1.609375,1.609375,1.609375,1.609375,0.155558,0
1973-06-29,1.609375,1.609375,1.609375,1.609375,0.155558,0
1973-07-02,0.000000,1.664063,1.625000,1.625000,0.157068,3200
1973-07-03,0.000000,1.671875,1.625000,1.625000,0.157068,1600
1973-07-05,0.000000,1.671875,1.625000,1.625000,0.157068,6400
1973-07-06,0.000000,1.671875,1.625000,1.625000,0.157068,6400
1973-07-09,1.625000,1.625000,1.625000,1.625000,0.157068,0
1973-07-10,0.000000,1.671875,1.625000,1.625000,0.157068,1600
1973-07-11,0.000000,1.671875,1.625000,1.625000,0.157068,1600
1973-07-12,0.000000,1.687500,1.640625,1.640625,0.158579,14400
1973-07-13,1.640625,1.640625,1.640625,1.640625,0.158579,0
1973-07-16,0.000000,1.687500,1.640625,1.640625,0.158579,1600
1973-07-17,0.000000,1.703125,1.656250,1.656250,0.160089,4800
1973-07-18,0.000000,1.734375,1.687500,1.687500,0.163109,14400
1973-07-19,0.000000,1.734375,1.687500,1.687500,0.163109,6400
1973-07-20,0.000000,1.765625,1.718750,1.718750,0.166130,12800
1973-07-23,0.000000,1.765625,1.718750,1.718750,0.166130,9600
1973-07-24,0.000000,1.765625,1.718750,1.718750,0.166130,27200
1973-07-25,0.000000,1.750000,1.703125,1.703125,0.164620,1600
1973-07-26,0.000000,1.750000,1.703125,1.703125,0.164620,8000
1973-07-27,0.000000,1.750000,1.703125,1.703125,0.164620,4800
1973-07-30,1.703125,1.703125,1.703125,1.703125,0.164620,0
1973-07-31,0.000000,1.750000,1.703125,1.703125,0.164620,9600
1973-08-01,0.000000,1.718750,1.671875,1.671875,0.161599,1600
1973-08-02,0.000000,1.718750,1.671875,1.671875,0.161599,1600
1973-08-03,0.000000,1.703125,1.656250,1.656250,0.160089,25600
1973-08-06,1.656250,1.656250,1.656250,1.656250,0.160089,0
1973-08-07,0.000000,1.703125,1.656250,1.656250,0.160089,6400
1973-08-08,0.000000,1.703125,1.656250,1.656250,0.160089,22400
1973-08-09,0.000000,1.718750,1.671875,1.671875,0.161599,6400
1973-08-10,0.000000,1.718750,1.671875,1.671875,0.161599,4800
1973-08-13,0.000000,1.718750,1.671875,1.671875,0.161599,3200
1973-08-14,0.000000,1.703125,1.656250,1.656250,0.160089,19200
1973-08-15,0.000000,1.687500,1.640625,1.640625,0.158579,4800
1973-08-16,0.000000,1.687500,1.640625,1.640625,0.158579,1600
1973-08-17,0.000000,1.687500,1.640625,1.640625,0.158579,6400
1973-08-20,1.640625,1.640625,1.640625,1.640625,0.158579,0
1973-08-21,0.000000,1.671875,1.625000,1.625000,0.157068,4800
1973-08-22,0.000000,1.671875,1.625000,1.625000,0.157068,1600
1973-08-23,0.000000,1.671875,1.625000,1.625000,0.157068,4800
1973-08-24,0.000000,1.671875,1.625000,1.625000,0.157068,22400
1973-08-27,0.000000,1.671875,1.625000,1.625000,0.157068,8000
1973-08-28,0.000000,1.671875,1.625000,1.625000,0.157068,4800
1973-08-29,0.000000,1.671875,1.625000,1.625000,0.157068,4800
1973-08-30,0.000000,1.671875,1.625000,1.625000,0.157068,14400
1973-08-31,0.000000,1.687500,1.640625,1.640625,0.158579,8000
1973-09-04,0.000000,1.687500,1.640625,1.640625,0.158579,16000
1973-09-05,0.000000,1.671875,1.625000,1.625000,0.157068,24000
1973-09-06,0.000000,1.671875,1.625000,1.625000,0.157068,12800
1973-09-07,0.000000,1.671875,1.625000,1.625000,0.157068,3200
1973-09-10,0.000000,1.671875,1.625000,1.625000,0.157068,3200
1973-09-11,0.000000,1.671875,1.625000,1.625000,0.157068,9600
1973-09-12,0.000000,1.671875,1.625000,1.625000,0.157068,6400
1973-09-13,1.625000,1.625000,1.625000,1.625000,0.157068,0
1973-09-14,1.625000,1.625000,1.625000,1.625000,0.157068,0
1973-09-17,0.000000,1.687500,1.640625,1.640625,0.158579,16000
1973-09-18,0.000000,1.687500,1.640625,1.640625,0.158579,3200
1973-09-19,0.000000,1.703125,1.656250,1.656250,0.160089,22400
1973-09-20,0.000000,1.703125,1.656250,1.656250,0.160089,9600
1973-09-21,0.000000,1.687500,1.640625,1.640625,0.158579,1600
1973-09-24,0.000000,1.687500,1.640625,1.640625,0.158579,11200
1973-09-25,0.000000,1.734375,1.687500,1.687500,0.163109,19200
1973-09-26,0.000000,1.734375,1.687500,1.687500,0.163109,1600
1973-09-27,1.687500,1.687500,1.687500,1.687500,0.163109,0
1973-09-28,0.000000,1.734375,1.687500,1.687500,0.163109,1600
1973-10-01,0.000000,1.734375,1.687500,1.687500,0.163109,1600
1973-10-02,0.000000,1.750000,1.703125,1.703125,0.164620,1600
1973-10-03,0.000000,1.750000,1.703125,1.703125,0.164620,3200
1973-10-04,0.000000,1.750000,1.703125,1.703125,0.164620,3200
1973-10-05,0.000000,1.765625,1.718750,1.718750,0.166130,8000
1973-10-08,0.000000,1.765625,1.718750,1.718750,0.166130,11200
1973-10-09,0.000000,1.796875,1.750000,1.750000,0.169151,8000
1973-10-10,0.000000,1.796875,1.750000,1.750000,0.169151,3200
1973-10-11,0.000000,1.796875,1.750000,1.750000,0.169151,6400
1973-10-12,0.000000,1.828125,1.781250,1.781250,0.172171,9600
1973-10-15,0.000000,1.828125,1.781250,1.781250,0.172171,3200
1973-10-16,0.000000,1.812500,1.765625,1.765625,0.170661,6400
1973-10-17,0.000000,1.812500,1.765625,1.765625,0.170661,3200
1973-10-18,1.765625,1.765625,1.765625,1.765625,0.170661,0
1973-10-19,0.000000,1.812500,1.765625,1.765625,0.170661,6400
1973-10-22,0.000000,1.812500,1.765625,1.765625,0.170661,8000
1973-10-23,1.765625,1.765625,1.765625,1.765625,0.170661,0
1973-10-24,0.000000,1.812500,1.765625,1.765625,0.170661,4800
1973-10-25,0.000000,1.796875,1.750000,1.750000,0.169151,28800
1973-10-26,0.000000,1.796875,1.750000,1.750000,0.169151,6400
1973-10-29,0.000000,1.796875,1.750000,1.750000,0.169151,4800
1973-10-30,0.000000,1.796875,1.750000,1.750000,0.169151,3200
1973-10-31,0.000000,1.796875,1.750000,1.750000,0.169151,3200
1973-11-01,0.000000,1.796875,1.750000,1.750000,0.169151,8000
1973-11-02,0.000000,1.796875,1.750000,1.750000,0.169151,4800
1973-11-05,0.000000,1.781250,1.734375,1.734375,0.167640,8000
1973-11-06,0.000000,1.765625,1.718750,1.718750,0.166130,3200
1973-11-07,0.000000,1.765625,1.718750,1.718750,0.166130,1600
1973-11-08,1.718750,1.718750,1.718750,1.718750,0.166130,0
1973-11-09,0.000000,1.765625,1.718750,1.718750,0.166130,1600
1973-11-12,0.000000,1.765625,1.718750,1.718750,0.166130,3200
1973-11-13,0.000000,1.765625,1.718750,1.718750,0.166130,4800
1973-11-14,0.000000,1.750000,1.703125,1.703125,0.164620,3200
1973-11-15,0.000000,1.750000,1.703125,1.703125,0.164620,6400
1973-11-16,1.703125,1.703125,1.703125,1.703125,0.164620,0
1973-11-19,1.703125,1.703125,1.703125,1.703125,0.164620,0
1973-11-20,0.000000,1.750000,1.703125,1.703125,0.164620,4800
1973-11-21,0.000000,1.734375,1.687500,1.687500,0.163109,9600
1973-11-23,0.000000,1.750000,1.703125,1.703125,0.164620,16000
1973-11-26,1.703125,1.703125,1.703125,1.703125,0.164620,0
1973-11-27,0.000000,1.718750,1.671875,1.671875,0.161599,20800
1973-11-28,0.000000,1.718750,1.671875,1.671875,0.161599,1600
1973-11-29,0.000000,1.718750,1.671875,1.671875,0.161599,14400
1973-11-30,0.000000,1.718750,1.671875,1.671875,0.161599,4800
1973-12-03,0.000000,1.703125,1.656250,1.656250,0.160089,3200
1973-12-04,1.656250,1.656250,1.656250,1.656250,0.160089,0
1973-12-05,1.656250,1.656250,1.656250,1.656250,0.160089,0
1973-12-06,0.000000,1.671875,1.625000,1.625000,0.157068,8000
1973-12-07,0.000000,1.609375,1.562500,1.562500,0.151027,14400
1973-12-10,1.562500,1.562500,1.562500,1.562500,0.151027,0
1973-12-11,0.000000,1.609375,1.562500,1.562500,0.151027,4800
1973-12-12,0.000000,1.593750,1.546875,1.546875,0.149517,11200
1973-12-13,0.000000,1.593750,1.546875,1.546875,0.149517,6400
1973-12-14,0.000000,1.609375,1.562500,1.562500,0.151027,11200
1973-12-17,0.000000,1.609375,1.562500,1.562500,0.151027,1600
1973-12-18,0.000000,1.609375,1.562500,1.562500,0.151027,4800
1973-12-19,0.000000,1.609375,1.562500,1.562500,0.151027,1600
1973-12-20,0.000000,1.609375,1.562500,1.562500,0.151027,3200
1973-12-21,0.000000,1.609375,1.562500,1.562500,0.151027,22400
1973-12-24,0.000000,1.609375,1.562500,1.562500,0.151027,3200
1973-12-26,0.000000,1.609375,1.562500,1.562500,0.151027,4800
1973-12-27,0.000000,1.609375,1.562500,1.562500,0.151027,27200
1973-12-28,0.000000,1.609375,1.562500,1.562500,0.151027,9600
1973-12-31,0.000000,1.593750,1.546875,1.546875,0.149517,8000
1974-01-02,0.000000,1.609375,1.562500,1.562500,0.151027,3200
1974-01-03,0.000000,1.640625,1.593750,1.593750,0.154048,27200
1974-01-04,0.000000,1.640625,1.593750,1.593750,0.154048,8000
1974-01-07,0.000000,1.656250,1.609375,1.609375,0.155558,8000
1974-01-08,0.000000,1.656250,1.609375,1.609375,0.155558,6400
1974-01-09,0.000000,1.640625,1.593750,1.593750,0.154048,6400
1974-01-10,0.000000,1.640625,1.593750,1.593750,0.154048,1600
1974-01-11,0.000000,1.640625,1.593750,1.593750,0.154048,4800
1974-01-14,0.000000,1.625000,1.578125,1.578125,0.152538,6400
1974-01-15,0.000000,1.671875,1.625000,1.625000,0.157068,11200
1974-01-16,1.625000,1.625000,1.625000,1.625000,0.157068,0
1974-01-17,0.000000,1.671875,1.625000,1.625000,0.157068,3200
1974-01-18,0.000000,1.671875,1.625000,1.625000,0.157068,6400
1974-01-21,1.625000,1.625000,1.625000,1.625000,0.157068,0
1974-01-22,0.000000,1.687500,1.640625,1.640625,0.158579,1600
1974-01-23,1.640625,1.640625,1.640625,1.640625,0.158579,0
1974-01-24,0.000000,1.703125,1.656250,1.656250,0.160089,9600
1974-01-25,0.000000,1.734375,1.687500,1.687500,0.163109,9600
1974-01-28,0.000000,1.812500,1.750000,1.750000,0.169151,16000
1974-01-29,0.000000,1.796875,1.734375,1.734375,0.167640,1600
1974-01-30,0.000000,1.812500,1.750000,1.750000,0.169151,3200
1974-01-31,0.000000,1.796875,1.734375,1.734375,0.167640,3200
1974-02-01,0.000000,1.781250,1.718750,1.718750,0.166130,4800
1974-02-04,1.718750,1.718750,1.718750,1.718750,0.166130,0
1974-02-05,0.000000,1.765625,1.703125,1.703125,0.164620,1600
1974-02-06,0.000000,1.750000,1.687500,1.687500,0.163109,12800
1974-02-07,1.687500,1.687500,1.687500,1.687500,0.163109,0
1974-02-08,0.000000,1.734375,1.671875,1.671875,0.161599,9600
1974-02-11,0.000000,1.718750,1.656250,1.656250,0.160089,3200
1974-02-12,0.000000,1.718750,1.656250,1.656250,0.160089,4800
1974-02-13,0.000000,1.718750,1.656250,1.656250,0.160089,1600
1974-02-14,0.000000,1.734375,1.671875,1.671875,0.161599,14400
1974-02-15,0.000000,1.750000,1.687500,1.687500,0.163109,9600
1974-02-19,0.000000,1.750000,1.687500,1.687500,0.163109,11200
1974-02-20,0.000000,1.750000,1.687500,1.687500,0.163109,3200
1974-02-21,0.000000,1.750000,1.687500,1.687500,0.163109,19200
1974-02-22,0.000000,1.734375,1.671875,1.671875,0.161599,8000
1974-02-25,0.000000,1.750000,1.687500,1.687500,0.163109,8000
1974-02-26,0.000000,1.750000,1.687500,1.687500,0.163109,4800
1974-02-27,1.687500,1.687500,1.687500,1.687500,0.163109,0
1974-02-28,0.000000,1.750000,1.687500,1.687500,0.163109,4800
1974-03-01,0.000000,1.750000,1.687500,1.687500,0.163109,1600
1974-03-04,0.000000,1.750000,1.687500,1.687500,0.163109,1600
1974-03-05,0.000000,1.750000,1.687500,1.687500,0.163109,6400
1974-03-06,0.000000,1.750000,1.687500,1.687500,0.163109,1600
1974-03-07,0.000000,1.750000,1.687500,1.687500,0.163109,3200
1974-03-08,0.000000,1.765625,1.703125,1.703125,0.164620,6400
1974-03-11,1.703125,1.703125,1.703125,1.703125,0.164620,0
1974-03-12,0.000000,1.765625,1.703125,1.703125,0.164620,17600
1974-03-13,0.000000,1.765625,1.703125,1.703125,0.164620,4800
1974-03-14,0.000000,1.765625,1.703125,1.703125,0.164620,8000
1974-03-15,0.000000,1.765625,1.703125,1.703125,0.164620,1600
1974-03-18,0.000000,1.750000,1.687500,1.687500,0.163109,3200
1974-03-19,0.000000,1.750000,1.687500,1.687500,0.163109,6400
1974-03-20,0.000000,1.750000,1.687500,1.687500,0.163109,1600
1974-03-21,0.000000,1.765625,1.703125,1.703125,0.164620,6400
1974-03-22,0.000000,1.750000,1.687500,1.687500,0.163109,12800
1974-03-25,0.000000,1.750000,1.687500,1.687500,0.163109,17600
1974-03-26,0.000000,1.765625,1.703125,1.703125,0.164620,9600
1974-03-27,0.000000,1.765625,1.703125,1.703125,0.164620,6400
1974-03-28,0.000000,1.765625,1.703125,1.703125,0.164620,6400
1974-03-29,1.703125,1.703125,1.703125,1.703125,0.164620,0
1974-04-01,0.000000,1.750000,1.687500,1.687500,0.163109,3200
1974-04-02,0.000000,1.750000,1.687500,1.687500,0.163109,1600
1974-04-03,0.000000,1.750000,1.687500,1.687500,0.163109,1600
1974-04-04,0.000000,1.750000,1.687500,1.687500,0.163109,6400
1974-04-05,0.000000,1.750000,1.687500,1.687500,0.163109,3200
1974-04-08,0.000000,1.750000,1.687500,1.687500,0.163109,3200
1974-04-09,0.000000,1.750000,1.687500,1.687500,0.163109,11200
1974-04-10,0.000000,1.750000,1.687500,1.687500,0.163109,3200
1974-04-11,0.000000,1.765625,1.703125,1.703125,0.164620,4800
1974-04-15,0.000000,1.765625,1.703125,1.703125,0.164620,12800
1974-04-16,0.000000,1.765625,1.703125,1.703125,0.164620,1600
1974-04-17,0.000000,1.765625,1.703125,1.703125,0.164620,4800
1974-04-18,0.000000,1.765625,1.703125,1.703125,0.164620,1600
1974-04-19,0.000000,1.765625,1.703125,1.703125,0.164620,6400
1974-04-22,1.703125,1.703125,1.703125,1.703125,0.164620,0
1974-04-23,0.000000,1.765625,1.703125,1.703125,0.164620,27200
1974-04-24,0.000000,1.765625,1.703125,1.703125,0.164620,1600
1974-04-25,0.000000,1.734375,1.671875,1.671875,0.161599,1600
1974-04-26,0.000000,1.750000,1.687500,1.687500,0.163109,16000
1974-04-29,0.000000,1.750000,1.687500,1.687500,0.163109,1600
1974-04-30,0.000000,1.750000,1.687500,1.687500,0.163109,9600
1974-05-01,0.000000,1.750000,1.687500,1.687500,0.163109,4800
1974-05-02,1.687500,1.687500,1.687500,1.687500,0.163109,0
1974-05-03,1.687500,1.687500,1.687500,1.687500,0.163109,0
1974-05-06,1.687500,1.687500,1.687500,1.687500,0.163109,0
1974-05-07,0.000000,1.750000,1.687500,1.687500,0.163109,4800
1974-05-08,0.000000,1.750000,1.687500,1.687500,0.163109,1600
1974-05-09,0.000000,1.750000,1.687500,1.687500,0.163109,6400
1974-05-10,0.000000,1.750000,1.687500,1.687500,0.163109,3200
1974-05-13,0.000000,1.750000,1.687500,1.687500,0.163109,25600
1974-05-14,0.000000,1.750000,1.687500,1.687500,0.163109,9600
1974-05-15,0.000000,1.734375,1.671875,1.671875,0.161599,1600
1974-05-16,0.000000,1.734375,1.671875,1.671875,0.161599,3200
1974-05-17,0.000000,1.734375,1.671875,1.671875,0.161599,1600
1974-05-20,0.000000,1.718750,1.656250,1.656250,0.160089,9600
1974-05-21,0.000000,1.703125,1.640625,1.640625,0.158579,9600
1974-05-22,0.000000,1.687500,1.625000,1.625000,0.157068,4800
1974-05-23,0.000000,1.687500,1.625000,1.625000,0.157068,3200
1974-05-24,0.000000,1.656250,1.593750,1.593750,0.154048,9600
1974-05-28,0.000000,1.656250,1.593750,1.593750,0.154048,9600
1974-05-29,0.000000,1.656250,1.593750,1.593750,0.154048,1600
1974-05-30,0.000000,1.640625,1.578125,1.578125,0.152538,14400
1974-05-31,0.000000,1.609375,1.546875,1.546875,0.149517,9600
1974-06-03,0.000000,1.609375,1.546875,1.546875,0.149517,3200
1974-06-04,0.000000,1.609375,1.546875,1.546875,0.149517,6400
1974-06-05,0.000000,1.609375,1.546875,1.546875,0.149517,6400
1974-06-06,0.000000,1.609375,1.546875,1.546875,0.149517,6400
1974-06-07,0.000000,1.593750,1.531250,1.531250,0.148007,3200
1974-06-10,0.000000,1.578125,1.515625,1.515625,0.146496,6400
1974-06-11,0.000000,1.578125,1.515625,1.515625,0.146496,3200
1974-06-12,0.000000,1.593750,1.531250,1.531250,0.148007,3200
1974-06-13,0.000000,1.593750,1.531250,1.531250,0.148007,8000
1974-06-14,0.000000,1.578125,1.515625,1.515625,0.146496,6400
1974-06-17,0.000000,1.578125,1.515625,1.515625,0.146496,12800
1974-06-18,0.000000,1.578125,1.515625,1.515625,0.146496,9600
1974-06-19,0.000000,1.593750,1.531250,1.531250,0.148007,14400
1974-06-20,0.000000,1.593750,1.531250,1.531250,0.148007,6400
1974-06-21,0.000000,1.593750,1.531250,1.531250,0.148007,1600
1974-06-24,0.000000,1.593750,1.531250,1.531250,0.148007,17600
1974-06-25,0.000000,1.609375,1.546875,1.546875,0.149517,3200
1974-06-26,0.000000,1.609375,1.546875,1.546875,0.149517,4800
1974-06-27,0.000000,1.593750,1.531250,1.531250,0.148007,4800
1974-06-28,0.000000,1.578125,1.515625,1.515625,0.146496,27200
1974-07-01,0.000000,1.578125,1.515625,1.515625,0.146496,4800
1974-07-02,0.000000,1.578125,1.515625,1.515625,0.146496,27200
1974-07-03,0.000000,1.578125,1.515625,1.515625,0.146496,8000
1974-07-05,0.000000,1.578125,1.515625,1.515625,0.146496,3200
1974-07-08,1.515625,1.515625,1.515625,1.515625,0.146496,0
1974-07-09,0.000000,1.562500,1.500000,1.500000,0.144986,16000
1974-07-10,0.000000,1.531250,1.468750,1.468750,0.141966,14400
1974-07-11,0.000000,1.515625,1.453125,1.453125,0.140455,4800
1974-07-12,1.453125,1.453125,1.453125,1.453125,0.140455,0
1974-07-15,0.000000,1.515625,1.453125,1.453125,0.140455,20800
1974-07-16,1.453125,1.453125,1.453125,1.453125,0.140455,0
1974-07-17,0.000000,1.515625,1.453125,1.453125,0.140455,4800
1974-07-18,0.000000,1.515625,1.453125,1.453125,0.140455,9600
1974-07-19,1.453125,1.453125,1.453125,1.453125,0.140455,0
1974-07-22,0.000000,1.531250,1.468750,1.468750,0.141966,1600
1974-07-23,0.000000,1.515625,1.453125,1.453125,0.140455,16000
1974-07-24,0.000000,1.515625,1.453125,1.453125,0.140455,3200
1974-07-25,1.453125,1.453125,1.453125,1.453125,0.140455,0
1974-07-26,0.000000,1.500000,1.437500,1.437500,0.138945,3200
1974-07-29,0.000000,1.515625,1.453125,1.453125,0.140455,16000
1974-07-30,0.000000,1.500000,1.437500,1.437500,0.138945,17600
1974-07-31,0.000000,1.500000,1.437500,1.437500,0.138945,17600
1974-08-01,0.000000,1.500000,1.437500,1.437500,0.138945,1600
1974-08-02,0.000000,1.484375,1.421875,1.421875,0.137435,9600
1974-08-05,0.000000,1.500000,1.437500,1.437500,0.138945,8000
1974-08-06,1.437500,1.437500,1.437500,1.437500,0.138945,0
1974-08-07,0.000000,1.500000,1.437500,1.437500,0.138945,1600
1974-08-08,0.000000,1.500000,1.437500,1.437500,0.138945,1600
1974-08-09,0.000000,1.500000,1.437500,1.437500,0.138945,3200
1974-08-12,0.000000,1.500000,1.437500,1.437500,0.138945,8000
1974-08-13,0.000000,1.484375,1.421875,1.421875,0.137435,1600
1974-08-14,1.421875,1.421875,1.421875,1.421875,0.137435,0
1974-08-15,0.000000,1.453125,1.390625,1.390625,0.134414,6400
1974-08-16,0.000000,1.453125,1.390625,1.390625,0.134414,4800
1974-08-19,1.390625,1.390625,1.390625,1.390625,0.134414,0
1974-08-20,0.000000,1.437500,1.375000,1.375000,0.132904,1600
1974-08-21,0.000000,1.437500,1.375000,1.375000,0.132904,35200
1974-08-22,0.000000,1.437500,1.375000,1.375000,0.132904,11200
1974-08-23,0.000000,1.437500,1.375000,1.375000,0.132904,20800
1974-08-26,0.000000,1.421875,1.359375,1.359375,0.131394,1600
1974-08-27,0.000000,1.437500,1.375000,1.375000,0.132904,16000
1974-08-28,1.375000,1.375000,1.375000,1.375000,0.132904,0
1974-08-29,1.375000,1.375000,1.375000,1.375000,0.132904,0
1974-08-30,0.000000,1.437500,1.375000,1.375000,0.132904,3200
1974-09-03,1.375000,1.375000,1.375000,1.375000,0.132904,0
1974-09-04,0.000000,1.421875,1.359375,1.359375,0.131394,1600
1974-09-05,1.359375,1.359375,1.359375,1.359375,0.131394,0
1974-09-06,0.000000,1.421875,1.359375,1.359375,0.131394,1600
1974-09-09,1.359375,1.359375,1.359375,1.359375,0.131394,0
1974-09-10,0.000000,1.421875,1.359375,1.359375,0.131394,3200
1974-09-11,0.000000,1.406250,1.343750,1.343750,0.129883,12800
1974-09-12,0.000000,1.406250,1.343750,1.343750,0.129883,4800
1974-09-13,1.343750,1.343750,1.343750,1.343750,0.129883,0
1974-09-16,0.000000,1.406250,1.343750,1.343750,0.129883,6400
1974-09-17,0.000000,1.406250,1.343750,1.343750,0.129883,1600
1974-09-18,1.343750,1.343750,1.343750,1.343750,0.129883,0
1974-09-19,0.000000,1.406250,1.343750,1.343750,0.129883,9600
1974-09-20,0.000000,1.406250,1.343750,1.343750,0.129883,1600
1974-09-23,0.000000,1.406250,1.343750,1.343750,0.129883,17600
1974-09-24,1.343750,1.343750,1.343750,1.343750,0.129883,0
1974-09-25,0.000000,1.421875,1.359375,1.359375,0.131394,4800
1974-09-26,1.359375,1.359375,1.359375,1.359375,0.131394,0
1974-09-27,0.000000,1.421875,1.359375,1.359375,0.131394,6400
1974-09-30,0.000000,1.421875,1.359375,1.359375,0.131394,3200
1974-10-01,0.000000,1.406250,1.343750,1.343750,0.129883,6400
1974-10-02,0.000000,1.406250,1.343750,1.343750,0.129883,4800
1974-10-03,0.000000,1.406250,1.343750,1.343750,0.129883,11200
1974-10-04,0.000000,1.406250,1.343750,1.343750,0.129883,17600
1974-10-07,1.343750,1.343750,1.343750,1.343750,0.129883,0
1974-10-08,0.000000,1.406250,1.343750,1.343750,0.129883,3200
1974-10-09,0.000000,1.406250,1.343750,1.343750,0.129883,3200
1974-10-10,0.000000,1.406250,1.343750,1.343750,0.129883,1600
1974-10-11,1.343750,1.343750,1.343750,1.343750,0.129883,0
1974-10-14,0.000000,1.421875,1.359375,1.359375,0.131394,3200
1974-10-15,0.000000,1.406250,1.343750,1.343750,0.129883,17600
1974-10-16,0.000000,1.390625,1.328125,1.328125,0.128373,8000
1974-10-17,0.000000,1.390625,1.328125,1.328125,0.128373,8000
1974-10-18,0.000000,1.390625,1.328125,1.328125,0.128373,14400
1974-10-21,0.000000,1.390625,1.328125,1.328125,0.128373,3200
1974-10-22,0.000000,1.406250,1.343750,1.343750,0.129883,14400
1974-10-23,0.000000,1.406250,1.343750,1.343750,0.129883,1600
1974-10-24,0.000000,1.468750,1.406250,1.406250,0.135925,24000
1974-10-25,0.000000,1.406250,1.343750,1.343750,0.129883,32000
1974-10-28,0.000000,1.406250,1.343750,1.343750,0.129883,3200
1974-10-29,0.000000,1.406250,1.343750,1.343750,0.129883,16000
1974-10-30,0.000000,1.406250,1.343750,1.343750,0.129883,6400
1974-10-31,0.000000,1.406250,1.343750,1.343750,0.129883,8000
1974-11-01,1.343750,1.343750,1.343750,1.343750,0.129883,0
1974-11-04,0.000000,1.406250,1.343750,1.343750,0.129883,3200
1974-11-05,0.000000,1.406250,1.343750,1.343750,0.129883,12800
1974-11-06,0.000000,1.406250,1.343750,1.343750,0.129883,9600
1974-11-07,0.000000,1.406250,1.343750,1.343750,0.129883,1600
1974-11-08,0.000000,1.421875,1.359375,1.359375,0.131394,27200
1974-11-11,0.000000,1.437500,1.375000,1.375000,0.132904,3200
1974-11-12,0.000000,1.453125,1.390625,1.390625,0.134414,11200
1974-11-13,0.000000,1.468750,1.406250,1.406250,0.135925,1600
1974-11-14,0.000000,1.468750,1.406250,1.406250,0.135925,6400
1974-11-15,0.000000,1.468750,1.406250,1.406250,0.135925,1600
1974-11-18,0.000000,1.468750,1.406250,1.406250,0.135925,1600
1974-11-19,0.000000,1.453125,1.390625,1.390625,0.134414,4800
1974-11-20,0.000000,1.468750,1.406250,1.406250,0.135925,19200
1974-11-21,0.000000,1.453125,1.390625,1.390625,0.134414,19200
1974-11-22,0.000000,1.468750,1.406250,1.406250,0.135925,3200
1974-11-25,0.000000,1.546875,1.484375,1.484375,0.143476,17600
1974-11-26,0.000000,1.515625,1.453125,1.453125,0.140455,46400
1974-11-27,0.000000,1.500000,1.437500,1.437500,0.138945,33600
1974-11-29,0.000000,1.500000,1.437500,1.437500,0.138945,3200
1974-12-02,0.000000,1.500000,1.437500,1.437500,0.138945,19200
1974-12-03,0.000000,1.453125,1.390625,1.390625,0.134414,14400
1974-12-04,0.000000,1.468750,1.406250,1.406250,0.135925,16000
1974-12-05,0.000000,1.453125,1.390625,1.390625,0.134414,1600
1974-12-06,0.000000,1.453125,1.390625,1.390625,0.134414,8000
1974-12-09,0.000000,1.453125,1.390625,1.390625,0.134414,4800
1974-12-10,0.000000,1.437500,1.375000,1.375000,0.132904,4800
1974-12-11,0.000000,1.437500,1.375000,1.375000,0.132904,3200
1974-12-12,0.000000,1.437500,1.375000,1.375000,0.132904,8000
1974-12-13,1.375000,1.375000,1.375000,1.375000,0.132904,0
1974-12-16,0.000000,1.421875,1.359375,1.359375,0.131394,1600
1974-12-17,0.000000,1.406250,1.343750,1.343750,0.129883,9600
1974-12-18,1.343750,1.343750,1.343750,1.343750,0.129883,0
1974-12-19,0.000000,1.406250,1.343750,1.343750,0.129883,3200
1974-12-20,0.000000,1.421875,1.359375,1.359375,0.131394,11200
1974-12-23,0.000000,1.484375,1.421875,1.421875,0.137435,24000
1974-12-24,0.000000,1.484375,1.421875,1.421875,0.137435,3200
1974-12-26,0.000000,1.500000,1.437500,1.437500,0.138945,3200
1974-12-27,1.437500,1.437500,1.437500,1.437500,0.138945,0
1974-12-30,0.000000,1.500000,1.437500,1.437500,0.138945,1600
1974-12-31,0.000000,1.531250,1.468750,1.468750,0.141966,12800
1975-01-02,0.000000,1.531250,1.468750,1.468750,0.141966,3200
1975-01-03,0.000000,1.515625,1.453125,1.453125,0.140455,3200
1975-01-06,0.000000,1.515625,1.453125,1.453125,0.140455,6400
1975-01-07,0.000000,1.515625,1.453125,1.453125,0.140455,12800
1975-01-08,1.453125,1.453125,1.453125,1.453125,0.140455,0
1975-01-09,0.000000,1.531250,1.468750,1.468750,0.141966,4800
1975-01-10,0.000000,1.531250,1.468750,1.468750,0.141966,17600
1975-01-13,0.000000,1.531250,1.468750,1.468750,0.141966,8000
1975-01-14,0.000000,1.531250,1.468750,1.468750,0.141966,3200
1975-01-15,1.468750,1.468750,1.468750,1.468750,0.141966,0
1975-01-16,0.000000,1.546875,1.484375,1.484375,0.143476,6400
1975-01-17,1.484375,1.484375,1.484375,1.484375,0.143476,0
1975-01-20,0.000000,1.562500,1.500000,1.500000,0.144986,8000
1975-01-21,0.000000,1.562500,1.500000,1.500000,0.144986,3200
1975-01-22,0.000000,1.562500,1.500000,1.500000,0.144986,6400
1975-01-23,0.000000,1.562500,1.500000,1.500000,0.144986,30400
1975-01-24,0.000000,1.593750,1.531250,1.531250,0.148007,14400
1975-01-27,0.000000,1.656250,1.593750,1.593750,0.154048,12800
1975-01-28,0.000000,1.671875,1.609375,1.609375,0.155558,16000
1975-01-29,0.000000,1.671875,1.609375,1.609375,0.155558,3200
1975-01-30,0.000000,1.671875,1.609375,1.609375,0.155558,1600
1975-01-31,0.000000,1.687500,1.625000,1.625000,0.157068,1600
1975-02-03,0.000000,1.718750,1.656250,1.656250,0.160089,6400
1975-02-04,0.000000,1.718750,1.656250,1.656250,0.160089,6400
1975-02-05,0.000000,1.718750,1.656250,1.656250,0.160089,9600
1975-02-06,0.000000,1.718750,1.656250,1.656250,0.160089,28800
1975-02-07,0.000000,1.703125,1.640625,1.640625,0.158579,3200
1975-02-10,0.000000,1.703125,1.640625,1.640625,0.158579,6400
1975-02-11,0.000000,1.703125,1.640625,1.640625,0.158579,6400
1975-02-12,0.000000,1.718750,1.656250,1.656250,0.160089,3200
1975-02-13,1.656250,1.656250,1.656250,1.656250,0.160089,0
1975-02-14,0.000000,1.703125,1.640625,1.640625,0.158579,1600
1975-02-18,0.000000,1.703125,1.640625,1.640625,0.158579,1600
1975-02-19,0.000000,1.703125,1.640625,1.640625,0.158579,3200
1975-02-20,0.000000,1.703125,1.640625,1.640625,0.158579,16000
1975-02-21,0.000000,1.687500,1.625000,1.625000,0.157068,3200
1975-02-24,0.000000,1.703125,1.640625,1.640625,0.158579,4800
1975-02-25,0.000000,1.687500,1.625000,1.625000,0.157068,4800
1975-02-26,0.000000,1.656250,1.593750,1.593750,0.154048,3200
1975-02-27,0.000000,1.640625,1.578125,1.578125,0.152538,4800
1975-02-28,0.000000,1.640625,1.578125,1.578125,0.152538,8000
1975-03-03,0.000000,1.656250,1.593750,1.593750,0.154048,6400
1975-03-04,0.000000,1.671875,1.609375,1.609375,0.155558,6400
1975-03-05,0.000000,1.687500,1.625000,1.625000,0.157068,1600
1975-03-06,0.000000,1.687500,1.625000,1.625000,0.157068,3200
1975-03-07,0.000000,1.687500,1.625000,1.625000,0.157068,6400
1975-03-10,0.000000,1.687500,1.625000,1.625000,0.157068,3200
1975-03-11,0.000000,1.703125,1.640625,1.640625,0.158579,8000
1975-03-12,0.000000,1.703125,1.640625,1.640625,0.158579,1600
1975-03-13,0.000000,1.718750,1.656250,1.656250,0.160089,1600
1975-03-14,0.000000,1.718750,1.656250,1.656250,0.160089,4800
1975-03-17,0.000000,1.718750,1.656250,1.656250,0.160089,6400
1975-03-18,0.000000,1.718750,1.656250,1.656250,0.160089,3200
1975-03-19,0.000000,1.703125,1.640625,1.640625,0.158579,1600
1975-03-20,0.000000,1.703125,1.640625,1.640625,0.158579,6400
1975-03-21,0.000000,1.671875,1.609375,1.609375,0.155558,14400
1975-03-24,0.000000,1.656250,1.593750,1.593750,0.154048,16000
1975-03-25,0.000000,1.625000,1.562500,1.562500,0.151027,4800
1975-03-26,0.000000,1.640625,1.578125,1.578125,0.152538,9600
1975-03-27,1.578125,1.578125,1.578125,1.578125,0.152538,0
1975-03-31,0.000000,1.640625,1.578125,1.578125,0.152538,1600
1975-04-01,0.000000,1.640625,1.578125,1.578125,0.152538,9600
1975-04-02,0.000000,1.640625,1.578125,1.578125,0.152538,17600
1975-04-03,0.000000,1.640625,1.578125,1.578125,0.152538,3200
1975-04-04,0.000000,1.640625,1.578125,1.578125,0.152538,3200
1975-04-07,0.000000,1.640625,1.578125,1.578125,0.152538,3200
1975-04-08,0.000000,1.625000,1.562500,1.562500,0.151027,9600
1975-04-09,0.000000,1.625000,1.562500,1.562500,0.151027,1600
1975-04-10,0.000000,1.625000,1.562500,1.562500,0.151027,3200
1975-04-11,1.562500,1.562500,1.562500,1.562500,0.151027,0
1975-04-14,0.000000,1.640625,1.578125,1.578125,0.152538,1600
1975-04-15,0.000000,1.640625,1.578125,1.578125,0.152538,4800
1975-04-16,0.000000,1.656250,1.593750,1.593750,0.154048,16000
1975-04-17,0.000000,1.671875,1.609375,1.609375,0.155558,6400
1975-04-18,0.000000,1.687500,1.625000,1.625000,0.157068,9600
1975-04-21,0.000000,1.687500,1.625000,1.625000,0.157068,6400
1975-04-22,0.000000,1.671875,1.609375,1.609375,0.155558,1600
1975-04-23,0.000000,1.687500,1.625000,1.625000,0.157068,8000
1975-04-24,0.000000,1.656250,1.593750,1.593750,0.154048,30400
1975-04-25,0.000000,1.625000,1.562500,1.562500,0.151027,9600
1975-04-28,0.000000,1.656250,1.593750,1.593750,0.154048,8000
1975-04-29,0.000000,1.640625,1.578125,1.578125,0.152538,16000
1975-04-30,1.578125,1.578125,1.578125,1.578125,0.152538,0
1975-05-01,0.000000,1.640625,1.578125,1.578125,0.152538,9600
1975-05-02,0.000000,1.640625,1.578125,1.578125,0.152538,3200
1975-05-05,0.000000,1.640625,1.578125,1.578125,0.152538,6400
1975-05-06,0.000000,1.640625,1.578125,1.578125,0.152538,3200
1975-05-07,0.000000,1.640625,1.578125,1.578125,0.152538,1600
1975-05-08,0.000000,1.640625,1.578125,1.578125,0.152538,1600
1975-05-09,0.000000,1.640625,1.578125,1.578125,0.152538,11200
1975-05-12,0.000000,1.640625,1.578125,1.578125,0.152538,3200
1975-05-13,0.000000,1.625000,1.562500,1.562500,0.151027,28800
1975-05-14,0.000000,1.625000,1.562500,1.562500,0.151027,8000
1975-05-15,0.000000,1.625000,1.562500,1.562500,0.151027,1600
1975-05-16,1.562500,1.562500,1.562500,1.562500,0.151027,0
1975-05-19,0.000000,1.609375,1.546875,1.546875,0.149517,11200
1975-05-20,0.000000,1.609375,1.546875,1.546875,0.149517,9600
1975-05-21,0.000000,1.578125,1.515625,1.515625,0.146496,3200
1975-05-22,1.515625,1.515625,1.515625,1.515625,0.146496,0
1975-05-23,0.000000,1.593750,1.531250,1.531250,0.148007,3200
1975-05-27,0.000000,1.593750,1.531250,1.531250,0.148007,1600
1975-05-28,0.000000,1.593750,1.531250,1.531250,0.148007,1600
1975-05-29,0.000000,1.593750,1.531250,1.531250,0.148007,8000
1975-05-30,0.000000,1.593750,1.531250,1.531250,0.148007,3200
1975-06-02,0.000000,1.593750,1.531250,1.531250,0.148007,6400
1975-06-03,0.000000,1.593750,1.531250,1.531250,0.148007,1600
1975-06-04,0.000000,1.578125,1.515625,1.515625,0.146496,3200
1975-06-05,0.000000,1.578125,1.515625,1.515625,0.146496,8000
1975-06-06,0.000000,1.593750,1.531250,1.531250,0.148007,9600
1975-06-09,0.000000,1.609375,1.546875,1.546875,0.149517,6400
1975-06-10,0.000000,1.609375,1.546875,1.546875,0.149517,27200
1975-06-11,0.000000,1.609375,1.546875,1.546875,0.149517,17600
1975-06-12,0.000000,1.609375,1.546875,1.546875,0.149517,1600
1975-06-13,0.000000,1.609375,1.546875,1.546875,0.149517,4800
1975-06-16,0.000000,1.625000,1.562500,1.562500,0.151027,12800
1975-06-17,0.000000,1.625000,1.562500,1.562500,0.151027,4800
1975-06-18,1.562500,1.562500,1.562500,1.562500,0.151027,0
1975-06-19,0.000000,1.687500,1.625000,1.625000,0.157068,28800
1975-06-20,0.000000,1.718750,1.656250,1.656250,0.160089,11200
1975-06-23,0.000000,1.718750,1.656250,1.656250,0.160089,1600
1975-06-24,0.000000,1.718750,1.656250,1.656250,0.160089,6400
1975-06-25,0.000000,1.718750,1.656250,1.656250,0.160089,1600
1975-06-26,0.000000,1.718750,1.656250,1.656250,0.160089,1600
1975-06-27,0.000000,1.687500,1.625000,1.625000,0.157068,32000
1975-06-30,0.000000,1.671875,1.609375,1.609375,0.155558,1600
1975-07-01,0.000000,1.671875,1.609375,1.609375,0.155558,3200
1975-07-02,0.000000,1.671875,1.609375,1.609375,0.155558,8000
1975-07-03,0.000000,1.687500,1.625000,1.625000,0.157068,6400
1975-07-07,0.000000,1.687500,1.625000,1.625000,0.157068,11200
1975-07-08,0.000000,1.671875,1.609375,1.609375,0.155558,4800
1975-07-09,0.000000,1.671875,1.609375,1.609375,0.155558,3200
1975-07-10,0.000000,1.671875,1.609375,1.609375,0.155558,17600
1975-07-11,0.000000,1.671875,1.609375,1.609375,0.155558,6400
1975-07-14,0.000000,1.671875,1.609375,1.609375,0.155558,1600
1975-07-15,0.000000,1.671875,1.609375,1.609375,0.155558,8000
1975-07-16,0.000000,1.671875,1.609375,1.609375,0.155558,6400
1975-07-17,0.000000,1.656250,1.593750,1.593750,0.154048,12800
1975-07-18,1.593750,1.593750,1.593750,1.593750,0.154048,0
1975-07-21,0.000000,1.656250,1.593750,1.593750,0.154048,3200
1975-07-22,0.000000,1.656250,1.593750,1.593750,0.154048,3200
1975-07-23,0.000000,1.656250,1.593750,1.593750,0.154048,3200
1975-07-24,0.000000,1.656250,1.593750,1.593750,0.154048,3200
1975-07-25,0.000000,1.656250,1.593750,1.593750,0.154048,6400
1975-07-28,0.000000,1.656250,1.593750,1.593750,0.154048,4800
1975-07-29,0.000000,1.656250,1.593750,1.593750,0.154048,3200
1975-07-30,0.000000,1.656250,1.593750,1.593750,0.154048,3200
1975-07-31,0.000000,1.656250,1.593750,1.593750,0.154048,4800
1975-08-01,0.000000,1.656250,1.593750,1.593750,0.154048,20800
1975-08-04,1.593750,1.593750,1.593750,1.593750,0.154048,0
1975-08-05,0.000000,1.656250,1.593750,1.593750,0.154048,20800
1975-08-06,0.000000,1.656250,1.593750,1.593750,0.154048,6400
1975-08-07,1.593750,1.593750,1.593750,1.593750,0.154048,0
1975-08-08,1.593750,1.593750,1.593750,1.593750,0.154048,0
1975-08-11,1.593750,1.593750,1.593750,1.593750,0.154048,0
1975-08-12,0.000000,1.640625,1.578125,1.578125,0.152538,4800
1975-08-13,0.000000,1.640625,1.578125,1.578125,0.152538,19200
1975-08-14,1.578125,1.578125,1.578125,1.578125,0.152538,0
1975-08-15,0.000000,1.625000,1.562500,1.562500,0.151027,4800
1975-08-18,0.000000,1.609375,1.546875,1.546875,0.149517,11200
1975-08-19,1.546875,1.546875,1.546875,1.546875,0.149517,0
1975-08-20,0.000000,1.609375,1.546875,1.546875,0.149517,1600
1975-08-21,0.000000,1.593750,1.531250,1.531250,0.148007,3200
1975-08-22,0.000000,1.625000,1.531250,1.531250,0.148007,16000
1975-08-25,0.000000,1.625000,1.531250,1.531250,0.148007,1600
1975-08-26,0.000000,1.625000,1.531250,1.531250,0.148007,6400
1975-08-27,0.000000,1.625000,1.531250,1.531250,0.148007,8000
1975-08-28,0.000000,1.625000,1.531250,1.531250,0.148007,8000
1975-08-29,1.531250,1.531250,1.531250,1.531250,0.148007,0
1975-09-02,0.000000,1.625000,1.531250,1.531250,0.148007,16000
1975-09-03,0.000000,1.593750,1.500000,1.500000,0.144986,3200
1975-09-04,0.000000,1.593750,1.500000,1.500000,0.144986,6400
1975-09-05,0.000000,1.593750,1.500000,1.500000,0.144986,6400
1975-09-08,0.000000,1.625000,1.531250,1.531250,0.148007,8000
1975-09-09,1.531250,1.531250,1.531250,1.531250,0.148007,0
1975-09-10,0.000000,1.625000,1.531250,1.531250,0.148007,3200
1975-09-11,0.000000,1.625000,1.531250,1.531250,0.148007,1600
1975-09-12,0.000000,1.625000,1.531250,1.531250,0.148007,6400
1975-09-15,0.000000,1.625000,1.531250,1.531250,0.148007,4800
1975-09-16,0.000000,1.593750,1.531250,1.531250,0.148007,3200
1975-09-17,0.000000,1.593750,1.531250,1.531250,0.148007,4800
1975-09-18,1.531250,1.531250,1.531250,1.531250,0.148007,0
1975-09-19,0.000000,1.593750,1.531250,1.531250,0.148007,3200
1975-09-22,0.000000,1.593750,1.531250,1.531250,0.148007,4800
1975-09-23,0.000000,1.593750,1.531250,1.531250,0.148007,8000
1975-09-24,0.000000,1.593750,1.531250,1.531250,0.148007,4800
1975-09-25,0.000000,1.609375,1.546875,1.546875,0.149517,8000
1975-09-26,0.000000,1.625000,1.562500,1.562500,0.151027,8000
1975-09-29,0.000000,1.625000,1.562500,1.562500,0.151027,4800
1975-09-30,0.000000,1.609375,1.546875,1.546875,0.149517,1600
1975-10-01,1.546875,1.546875,1.546875,1.546875,0.149517,0
1975-10-02,0.000000,1.609375,1.546875,1.546875,0.149517,3200
1975-10-03,0.000000,1.609375,1.546875,1.546875,0.149517,4800
1975-10-06,0.000000,1.625000,1.562500,1.562500,0.151027,4800
1975-10-07,0.000000,1.625000,1.562500,1.562500,0.151027,6400
1975-10-08,0.000000,1.625000,1.562500,1.562500,0.151027,4800
1975-10-09,0.000000,1.625000,1.562500,1.562500,0.151027,1600
1975-10-10,0.000000,1.625000,1.562500,1.562500,0.151027,4800
1975-10-13,0.000000,1.656250,1.593750,1.593750,0.154048,4800
1975-10-14,0.000000,1.656250,1.593750,1.593750,0.154048,6400
1975-10-15,0.000000,1.656250,1.593750,1.593750,0.154048,4800
1975-10-16,0.000000,1.671875,1.609375,1.609375,0.155558,3200
1975-10-17,0.000000,1.671875,1.609375,1.609375,0.155558,1600
1975-10-20,0.000000,1.671875,1.609375,1.609375,0.155558,12800
1975-10-21,0.000000,1.671875,1.609375,1.609375,0.155558,12800
1975-10-22,0.000000,1.656250,1.593750,1.593750,0.154048,115200
1975-10-23,0.000000,1.656250,1.593750,1.593750,0.154048,8000
1975-10-24,0.000000,1.671875,1.609375,1.609375,0.155558,113600
1975-10-27,0.000000,1.640625,1.578125,1.578125,0.152538,4800
1975-10-28,0.000000,1.640625,1.578125,1.578125,0.152538,3200
1975-10-29,0.000000,1.640625,1.578125,1.578125,0.152538,1600
1975-10-30,0.000000,1.640625,1.578125,1.578125,0.152538,6400
1975-10-31,1.578125,1.578125,1.578125,1.578125,0.152538,0
1975-11-03,0.000000,1.640625,1.578125,1.578125,0.152538,1600
1975-11-04,0.000000,1.656250,1.593750,1.593750,0.154048,9600
1975-11-05,0.000000,1.656250,1.593750,1.593750,0.154048,1600
1975-11-06,0.000000,1.656250,1.593750,1.593750,0.154048,3200
1975-11-07,0.000000,1.640625,1.578125,1.578125,0.152538,11200
1975-11-10,0.000000,1.640625,1.578125,1.578125,0.152538,3200
1975-11-11,0.000000,1.640625,1.578125,1.578125,0.152538,1600
1975-11-12,0.000000,1.640625,1.578125,1.578125,0.152538,1600
1975-11-13,0.000000,1.640625,1.578125,1.578125,0.152538,6400
1975-11-14,0.000000,1.640625,1.578125,1.578125,0.152538,3200
1975-11-17,1.578125,1.578125,1.578125,1.578125,0.152538,0
1975-11-18,0.000000,1.640625,1.578125,1.578125,0.152538,6400
1975-11-19,0.000000,1.656250,1.593750,1.593750,0.154048,4800
1975-11-20,0.000000,1.656250,1.593750,1.593750,0.154048,4800
1975-11-21,0.000000,1.656250,1.593750,1.593750,0.154048,12800
1975-11-24,1.593750,1.593750,1.593750,1.593750,0.154048,0
1975-11-25,0.000000,1.656250,1.593750,1.593750,0.154048,11200
1975-11-26,0.000000,1.656250,1.593750,1.593750,0.154048,1600
1975-11-28,1.593750,1.593750,1.593750,1.593750,0.154048,0
1975-12-01,0.000000,1.656250,1.593750,1.593750,0.154048,8000
1975-12-02,0.000000,1.671875,1.609375,1.609375,0.155558,1600
1975-12-03,0.000000,1.671875,1.609375,1.609375,0.155558,3200
1975-12-04,0.000000,1.671875,1.609375,1.609375,0.155558,3200
1975-12-05,0.000000,1.640625,1.578125,1.578125,0.152538,17600
1975-12-08,0.000000,1.625000,1.562500,1.562500,0.151027,4800
1975-12-09,1.562500,1.562500,1.562500,1.562500,0.151027,0
1975-12-10,1.562500,1.562500,1.562500,1.562500,0.151027,0
1975-12-11,0.000000,1.625000,1.562500,1.562500,0.151027,1600
1975-12-12,0.000000,1.640625,1.578125,1.578125,0.152538,4800
1975-12-15,0.000000,1.640625,1.578125,1.578125,0.152538,1600
1975-12-16,0.000000,1.625000,1.562500,1.562500,0.151027,9600
1975-12-17,0.000000,1.625000,1.562500,1.562500,0.151027,8000
1975-12-18,1.562500,1.562500,1.562500,1.562500,0.151027,0
1975-12-19,0.000000,1.625000,1.562500,1.562500,0.151027,3200
1975-12-22,0.000000,1.640625,1.578125,1.578125,0.152538,4800
1975-12-23,0.000000,1.640625,1.578125,1.578125,0.152538,33600
1975-12-24,0.000000,1.640625,1.578125,1.578125,0.152538,6400
1975-12-26,0.000000,1.640625,1.578125,1.578125,0.152538,1600
1975-12-29,0.000000,1.640625,1.578125,1.578125,0.152538,3200
1975-12-30,0.000000,1.640625,1.578125,1.578125,0.152538,1600
1975-12-31,1.578125,1.578125,1.578125,1.578125,0.152538,0
1976-01-02,0.000000,1.640625,1.578125,1.578125,0.152538,3200
1976-01-05,0.000000,1.640625,1.578125,1.578125,0.152538,1600
1976-01-06,0.000000,1.656250,1.593750,1.593750,0.154048,1600
1976-01-07,0.000000,1.656250,1.593750,1.593750,0.154048,17600
1976-01-08,0.000000,1.656250,1.593750,1.593750,0.154048,8000
1976-01-09,0.000000,1.656250,1.593750,1.593750,0.154048,1600
1976-01-12,0.000000,1.687500,1.625000,1.625000,0.157068,14400
1976-01-13,0.000000,1.687500,1.625000,1.625000,0.157068,4800
1976-01-14,0.000000,1.718750,1.656250,1.656250,0.160089,6400
1976-01-15,0.000000,1.718750,1.656250,1.656250,0.160089,11200
1976-01-16,0.000000,1.687500,1.625000,1.625000,0.157068,8000
1976-01-19,0.000000,1.718750,1.656250,1.656250,0.160089,4800
1976-01-20,0.000000,1.718750,1.656250,1.656250,0.160089,4800
1976-01-21,0.000000,1.718750,1.656250,1.656250,0.160089,6400
1976-01-22,0.000000,1.718750,1.656250,1.656250,0.160089,4800
1976-01-23,0.000000,1.765625,1.703125,1.703125,0.164620,8000
1976-01-26,0.000000,1.750000,1.687500,1.687500,0.163109,12800
1976-01-27,0.000000,1.734375,1.671875,1.671875,0.161599,3200
1976-01-28,0.000000,1.765625,1.703125,1.703125,0.164620,14400
1976-01-29,0.000000,1.765625,1.703125,1.703125,0.164620,30400
1976-01-30,0.000000,1.781250,1.718750,1.718750,0.166130,8000
1976-02-02,0.000000,1.781250,1.718750,1.718750,0.166130,3200
1976-02-03,0.000000,1.781250,1.718750,1.718750,0.166130,20800
1976-02-04,0.000000,1.781250,1.718750,1.718750,0.166130,6400
1976-02-05,0.000000,1.796875,1.734375,1.734375,0.167640,6400
1976-02-06,0.000000,1.796875,1.734375,1.734375,0.167640,6400
1976-02-09,0.000000,1.812500,1.750000,1.750000,0.169151,4800
1976-02-10,0.000000,1.828125,1.765625,1.765625,0.170661,4800
1976-02-11,0.000000,1.875000,1.812500,1.812500,0.175192,20800
1976-02-12,0.000000,1.875000,1.781250,1.781250,0.172171,43200
1976-02-13,0.000000,1.906250,1.812500,1.812500,0.175192,11200
1976-02-17,0.000000,1.906250,1.812500,1.812500,0.175192,8000
1976-02-18,0.000000,1.906250,1.812500,1.812500,0.175192,3200
1976-02-19,0.000000,1.906250,1.812500,1.812500,0.175192,6400
1976-02-20,0.000000,1.906250,1.812500,1.812500,0.175192,8000
1976-02-23,0.000000,1.968750,1.875000,1.875000,0.181233,16000
1976-02-24,0.000000,1.968750,1.875000,1.875000,0.181233,20800
1976-02-25,0.000000,1.968750,1.875000,1.875000,0.181233,4800
1976-02-26,0.000000,1.937500,1.843750,1.843750,0.178212,17600
1976-02-27,0.000000,1.937500,1.843750,1.843750,0.178212,3200
1976-03-01,0.000000,1.906250,1.812500,1.812500,0.175192,6400
1976-03-02,0.000000,1.906250,1.812500,1.812500,0.175192,9600
1976-03-03,0.000000,1.906250,1.812500,1.812500,0.175192,3200
1976-03-04,0.000000,1.906250,1.812500,1.812500,0.175192,1600
1976-03-05,0.000000,1.906250,1.812500,1.812500,0.175192,9600
1976-03-08,0.000000,1.906250,1.812500,1.812500,0.175192,9600
1976-03-09,1.812500,1.812500,1.812500,1.812500,0.175192,0
1976-03-10,0.000000,1.906250,1.812500,1.812500,0.175192,16000
1976-03-11,0.000000,1.906250,1.812500,1.812500,0.175192,4800
1976-03-12,0.000000,1.875000,1.781250,1.781250,0.172171,6400
1976-03-15,0.000000,1.875000,1.781250,1.781250,0.172171,22400
1976-03-16,0.000000,1.906250,1.812500,1.812500,0.175192,6400
1976-03-17,1.812500,1.812500,1.812500,1.812500,0.175192,0
1976-03-18,0.000000,1.906250,1.812500,1.812500,0.175192,20800
1976-03-19,0.000000,1.875000,1.781250,1.781250,0.172171,8000
1976-03-22,0.000000,1.906250,1.812500,1.812500,0.175192,4800
1976-03-23,0.000000,1.906250,1.812500,1.812500,0.175192,6400
1976-03-24,0.000000,1.906250,1.812500,1.812500,0.175192,6400
1976-03-25,0.000000,1.906250,1.812500,1.812500,0.175192,1600
1976-03-26,0.000000,1.906250,1.812500,1.812500,0.175192,9600
1976-03-29,0.000000,1.906250,1.812500,1.812500,0.175192,3200
1976-03-30,0.000000,1.906250,1.812500,1.812500,0.175192,8000
1976-03-31,0.000000,1.906250,1.812500,1.812500,0.175192,25600
1976-04-01,0.000000,1.906250,1.812500,1.812500,0.175192,4800
1976-04-02,0.000000,1.906250,1.812500,1.812500,0.175192,4800
1976-04-05,0.000000,1.906250,1.812500,1.812500,0.175192,6400
1976-04-06,0.000000,1.906250,1.812500,1.812500,0.175192,3200
1976-04-07,1.812500,1.812500,1.812500,1.812500,0.175192,0
1976-04-08,1.812500,1.812500,1.812500,1.812500,0.175192,0
1976-04-09,0.000000,1.937500,1.843750,1.843750,0.178212,4800
1976-04-12,0.000000,1.937500,1.843750,1.843750,0.178212,1600
1976-04-13,1.843750,1.843750,1.843750,1.843750,0.178212,0
1976-04-14,0.000000,1.906250,1.812500,1.812500,0.175192,4800
1976-04-15,0.000000,1.906250,1.812500,1.812500,0.175192,12800
1976-04-19,1.812500,1.812500,1.812500,1.812500,0.175192,0
1976-04-20,0.000000,1.906250,1.812500,1.812500,0.175192,4800
1976-04-21,0.000000,1.906250,1.812500,1.812500,0.175192,8000
1976-04-22,0.000000,1.906250,1.812500,1.812500,0.175192,17600
1976-04-23,0.000000,1.906250,1.812500,1.812500,0.175192,1600
1976-04-26,0.000000,1.906250,1.812500,1.812500,0.175192,11200
1976-04-27,0.000000,1.875000,1.781250,1.781250,0.172171,1600
1976-04-28,0.000000,1.875000,1.781250,1.781250,0.172171,11200
1976-04-29,1.781250,1.781250,1.781250,1.781250,0.172171,0
1976-04-30,0.000000,1.875000,1.781250,1.781250,0.172171,6400
1976-05-03,0.000000,1.875000,1.781250,1.781250,0.172171,3200
1976-05-04,1.781250,1.781250,1.781250,1.781250,0.172171,0
1976-05-05,0.000000,1.843750,1.750000,1.750000,0.169151,8000
1976-05-06,0.000000,1.843750,1.750000,1.750000,0.169151,4800
1976-05-07,0.000000,1.843750,1.750000,1.750000,0.169151,11200
1976-05-10,1.750000,1.750000,1.750000,1.750000,0.169151,0
1976-05-11,0.000000,1.843750,1.750000,1.750000,0.169151,3200
1976-05-12,0.000000,1.843750,1.750000,1.750000,0.169151,4800
1976-05-13,0.000000,1.843750,1.750000,1.750000,0.169151,1600
1976-05-14,0.000000,1.843750,1.750000,1.750000,0.169151,3200
1976-05-17,0.000000,1.843750,1.750000,1.750000,0.169151,17600
1976-05-18,0.000000,1.843750,1.750000,1.750000,0.169151,6400
1976-05-19,0.000000,1.843750,1.750000,1.750000,0.169151,1600
1976-05-20,0.000000,1.843750,1.750000,1.750000,0.169151,32000
1976-05-21,0.000000,1.843750,1.750000,1.750000,0.169151,27200
1976-05-24,0.000000,1.843750,1.750000,1.750000,0.169151,4800
1976-05-25,0.000000,1.843750,1.750000,1.750000,0.169151,9600
1976-05-26,0.000000,1.843750,1.750000,1.750000,0.169151,1600
1976-05-27,0.000000,1.812500,1.718750,1.718750,0.166130,20800
1976-05-28,0.000000,1.843750,1.750000,1.750000,0.169151,8000
1976-06-01,0.000000,1.812500,1.718750,1.718750,0.166130,4800
1976-06-02,0.000000,1.812500,1.718750,1.718750,0.166130,4800
1976-06-03,1.718750,1.718750,1.718750,1.718750,0.166130,0
1976-06-04,0.000000,1.812500,1.718750,1.718750,0.166130,16000
1976-06-07,0.000000,1.812500,1.718750,1.718750,0.166130,8000
1976-06-08,0.000000,1.812500,1.718750,1.718750,0.166130,6400
1976-06-09,0.000000,1.812500,1.718750,1.718750,0.166130,9600
1976-06-10,1.718750,1.718750,1.718750,1.718750,0.166130,0
1976-06-11,0.000000,1.843750,1.750000,1.750000,0.169151,1600
1976-06-14,0.000000,1.843750,1.750000,1.750000,0.169151,6400
1976-06-15,0.000000,1.843750,1.750000,1.750000,0.169151,1600
1976-06-16,0.000000,1.843750,1.750000,1.750000,0.169151,1600
1976-06-17,0.000000,1.843750,1.750000,1.750000,0.169151,1600
1976-06-18,0.000000,1.843750,1.750000,1.750000,0.169151,4800
1976-06-21,1.750000,1.750000,1.750000,1.750000,0.169151,0
1976-06-22,0.000000,1.843750,1.750000,1.750000,0.169151,3200
1976-06-23,0.000000,1.843750,1.750000,1.750000,0.169151,27200
1976-06-24,1.750000,1.750000,1.750000,1.750000,0.169151,0
1976-06-25,0.000000,1.843750,1.750000,1.750000,0.169151,1600
1976-06-28,0.000000,1.843750,1.750000,1.750000,0.169151,9600
1976-06-29,1.750000,1.750000,1.750000,1.750000,0.169151,0
1976-06-30,0.000000,1.843750,1.750000,1.750000,0.169151,9600
1976-07-01,0.000000,1.843750,1.750000,1.750000,0.169151,8000
1976-07-02,0.000000,1.843750,1.750000,1.750000,0.169151,3200
1976-07-06,0.000000,1.843750,1.750000,1.750000,0.169151,3200
1976-07-07,0.000000,1.875000,1.781250,1.781250,0.172171,8000
1976-07-08,0.000000,1.875000,1.781250,1.781250,0.172171,9600
1976-07-09,0.000000,1.875000,1.781250,1.781250,0.172171,9600
1976-07-12,1.781250,1.781250,1.781250,1.781250,0.172171,0
1976-07-13,0.000000,1.875000,1.781250,1.781250,0.172171,19200
1976-07-14,1.781250,1.781250,1.781250,1.781250,0.172171,0
1976-07-15,0.000000,1.875000,1.781250,1.781250,0.172171,4800
1976-07-16,0.000000,1.843750,1.750000,1.750000,0.169151,1600
1976-07-19,0.000000,1.843750,1.750000,1.750000,0.169151,12800
1976-07-20,0.000000,1.843750,1.750000,1.750000,0.169151,1600
1976-07-21,0.000000,1.843750,1.750000,1.750000,0.169151,1600
1976-07-22,0.000000,1.843750,1.750000,1.750000,0.169151,1600
1976-07-23,0.000000,1.875000,1.781250,1.781250,0.172171,3200
1976-07-26,0.000000,1.906250,1.812500,1.812500,0.175192,19200
1976-07-27,0.000000,1.875000,1.781250,1.781250,0.172171,11200
1976-07-28,0.000000,1.906250,1.812500,1.812500,0.175192,9600
1976-07-29,1.812500,1.812500,1.812500,1.812500,0.175192,0
1976-07-30,0.000000,1.906250,1.812500,1.812500,0.175192,3200
1976-08-02,1.812500,1.812500,1.812500,1.812500,0.175192,0
1976-08-03,0.000000,1.906250,1.812500,1.812500,0.175192,1600
1976-08-04,0.000000,1.906250,1.812500,1.812500,0.175192,14400
1976-08-05,0.000000,1.906250,1.812500,1.812500,0.175192,14400
1976-08-06,0.000000,1.937500,1.843750,1.843750,0.178212,1600
1976-08-09,1.843750,1.843750,1.843750,1.843750,0.178212,0
1976-08-10,1.843750,1.843750,1.843750,1.843750,0.178212,0
1976-08-11,1.843750,1.843750,1.843750,1.843750,0.178212,0
1976-08-12,1.843750,1.843750,1.843750,1.843750,0.178212,0
1976-08-13,0.000000,1.937500,1.843750,1.843750,0.178212,3200
1976-08-16,0.000000,1.937500,1.843750,1.843750,0.178212,4800
1976-08-17,0.000000,1.937500,1.843750,1.843750,0.178212,1600
1976-08-18,0.000000,1.937500,1.843750,1.843750,0.178212,22400
1976-08-19,1.843750,1.843750,1.843750,1.843750,0.178212,0
1976-08-20,0.000000,1.937500,1.843750,1.843750,0.178212,3200
1976-08-23,0.000000,1.937500,1.843750,1.843750,0.178212,96000
1976-08-24,0.000000,2.000000,1.906250,1.906250,0.184253,32000
1976-08-25,0.000000,2.031250,1.937500,1.937500,0.187274,8000
1976-08-26,0.000000,2.000000,1.906250,1.906250,0.184253,14400
1976-08-27,0.000000,1.968750,1.875000,1.875000,0.181233,19200
1976-08-30,0.000000,1.968750,1.875000,1.875000,0.181233,4800
1976-08-31,0.000000,1.968750,1.875000,1.875000,0.181233,1600
1976-09-01,0.000000,1.968750,1.875000,1.875000,0.181233,3200
1976-09-02,0.000000,2.000000,1.906250,1.906250,0.184253,3200
1976-09-03,0.000000,2.000000,1.906250,1.906250,0.184253,1600
1976-09-07,0.000000,2.000000,1.906250,1.906250,0.184253,12800
1976-09-08,0.000000,2.000000,1.906250,1.906250,0.184253,14400
1976-09-09,0.000000,2.000000,1.906250,1.906250,0.184253,6400
1976-09-10,0.000000,2.000000,1.906250,1.906250,0.184253,131200
1976-09-13,0.000000,2.000000,1.906250,1.906250,0.184253,8000
1976-09-14,0.000000,2.000000,1.906250,1.906250,0.184253,6400
1976-09-15,0.000000,2.000000,1.906250,1.906250,0.184253,3200
1976-09-16,0.000000,2.000000,1.906250,1.906250,0.184253,1600
1976-09-17,0.000000,2.000000,1.906250,1.906250,0.184253,4800
1976-09-20,0.000000,2.031250,1.937500,1.937500,0.187274,73600
1976-09-21,0.000000,2.062500,1.968750,1.968750,0.190295,11200
1976-09-22,0.000000,2.062500,1.968750,1.968750,0.190295,4800
1976-09-23,0.000000,2.062500,1.968750,1.968750,0.190295,8000
1976-09-24,0.000000,2.062500,1.968750,1.968750,0.190295,1600
1976-09-27,0.000000,2.062500,1.968750,1.968750,0.190295,3200
1976-09-28,0.000000,2.062500,1.968750,1.968750,0.190295,3200
1976-09-29,0.000000,2.062500,1.968750,1.968750,0.190295,8000
1976-09-30,0.000000,2.031250,1.937500,1.937500,0.187274,6400
1976-10-01,0.000000,2.031250,1.937500,1.937500,0.187274,4800
1976-10-04,0.000000,2.031250,1.937500,1.937500,0.187274,40000
1976-10-05,0.000000,2.031250,1.937500,1.937500,0.187274,4800
1976-10-06,0.000000,2.000000,1.906250,1.906250,0.184253,3200
1976-10-07,0.000000,2.000000,1.906250,1.906250,0.184253,1600
1976-10-08,0.000000,2.000000,1.906250,1.906250,0.184253,22400
1976-10-11,0.000000,1.968750,1.875000,1.875000,0.181233,28800
1976-10-12,0.000000,1.968750,1.875000,1.875000,0.181233,1600
1976-10-13,0.000000,1.968750,1.875000,1.875000,0.181233,4800
1976-10-14,0.000000,1.968750,1.875000,1.875000,0.181233,3200
1976-10-15,0.000000,1.968750,1.875000,1.875000,0.181233,9600
1976-10-18,0.000000,1.968750,1.875000,1.875000,0.181233,1600
1976-10-19,0.000000,1.968750,1.875000,1.875000,0.181233,1600
1976-10-20,0.000000,1.968750,1.875000,1.875000,0.181233,9600
1976-10-21,0.000000,2.000000,1.906250,1.906250,0.184253,14400
1976-10-22,0.000000,2.000000,1.906250,1.906250,0.184253,9600
1976-10-25,0.000000,1.968750,1.875000,1.875000,0.181233,4800
1976-10-26,1.875000,1.875000,1.875000,1.875000,0.181233,0
1976-10-27,0.000000,1.968750,1.875000,1.875000,0.181233,1600
1976-10-28,0.000000,2.000000,1.906250,1.906250,0.184253,6400
1976-10-29,1.906250,1.906250,1.906250,1.906250,0.184253,0
1976-11-01,0.000000,2.062500,1.968750,1.968750,0.190295,28800
1976-11-03,0.000000,2.062500,1.968750,1.968750,0.190295,3200
1976-11-04,0.000000,2.093750,2.000000,2.000000,0.193315,14400
1976-11-05,2.000000,2.000000,2.000000,2.000000,0.193315,0
1976-11-08,0.000000,2.093750,2.000000,2.000000,0.193315,3200
1976-11-09,0.000000,2.093750,2.000000,2.000000,0.193315,17600
1976-11-10,0.000000,2.093750,2.000000,2.000000,0.193315,25600
1976-11-11,0.000000,2.062500,1.968750,1.968750,0.190295,3200
1976-11-12,0.000000,2.062500,1.968750,1.968750,0.190295,4800
1976-11-15,0.000000,2.062500,1.968750,1.968750,0.190295,1600
1976-11-16,0.000000,2.062500,1.968750,1.968750,0.190295,4800
1976-11-17,0.000000,2.031250,1.937500,1.937500,0.187274,24000
1976-11-18,0.000000,2.062500,1.968750,1.968750,0.190295,25600
1976-11-19,0.000000,2.093750,2.000000,2.000000,0.193315,6400
1976-11-22,0.000000,2.093750,2.000000,2.000000,0.193315,12800
1976-11-23,0.000000,2.093750,2.000000,2.000000,0.193315,1600
1976-11-24,0.000000,2.093750,2.000000,2.000000,0.193315,1600
1976-11-26,0.000000,2.093750,2.000000,2.000000,0.193315,3200
1976-11-29,0.000000,2.062500,1.968750,1.968750,0.190295,30400
1976-11-30,0.000000,2.062500,1.968750,1.968750,0.190295,6400
1976-12-01,0.000000,2.062500,1.968750,1.968750,0.190295,17600
1976-12-02,1.968750,1.968750,1.968750,1.968750,0.190295,0
1976-12-03,0.000000,2.062500,1.968750,1.968750,0.190295,3200
1976-12-06,0.000000,2.062500,1.968750,1.968750,0.190295,4800
1976-12-07,0.000000,2.062500,1.968750,1.968750,0.190295,3200
1976-12-08,0.000000,2.062500,1.968750,1.968750,0.190295,6400
1976-12-09,0.000000,2.062500,1.968750,1.968750,0.190295,9600
1976-12-10,0.000000,2.093750,2.000000,2.000000,0.193315,6400
1976-12-13,0.000000,2.093750,2.000000,2.000000,0.193315,4800
1976-12-14,2.000000,2.000000,2.000000,2.000000,0.193315,0
1976-12-15,0.000000,2.093750,2.000000,2.000000,0.193315,6400
1976-12-16,0.000000,2.093750,2.000000,2.000000,0.193315,1600
1976-12-17,0.000000,2.093750,2.000000,2.000000,0.193315,4800
1976-12-20,0.000000,2.093750,2.000000,2.000000,0.193315,1600
1976-12-21,0.000000,2.093750,2.000000,2.000000,0.193315,3200
1976-12-22,0.000000,2.093750,2.000000,2.000000,0.193315,3200
1976-12-23,0.000000,2.093750,2.000000,2.000000,0.193315,12800
1976-12-27,0.000000,2.093750,2.000000,2.000000,0.193315,1600
1976-12-28,0.000000,2.093750,2.000000,2.000000,0.193315,11200
1976-12-29,0.000000,2.093750,2.000000,2.000000,0.193315,3200
1976-12-30,0.000000,2.093750,2.000000,2.000000,0.193315,9600
1976-12-31,0.000000,2.125000,2.031250,2.031250,0.196336,16000
1977-01-03,0.000000,2.125000,2.031250,2.031250,0.196336,4800
1977-01-04,0.000000,2.093750,2.000000,2.000000,0.193315,1600
1977-01-05,0.000000,2.093750,2.000000,2.000000,0.193315,3200
1977-01-06,0.000000,2.125000,2.031250,2.031250,0.196336,6400
1977-01-07,0.000000,2.125000,2.031250,2.031250,0.196336,4800
1977-01-10,0.000000,2.125000,2.031250,2.031250,0.196336,19200
1977-01-11,0.000000,2.093750,2.000000,2.000000,0.193315,3200
1977-01-12,0.000000,2.125000,2.031250,2.031250,0.196336,6400
1977-01-13,0.000000,2.125000,2.031250,2.031250,0.196336,6400
1977-01-14,0.000000,2.125000,2.031250,2.031250,0.196336,14400
1977-01-17,0.000000,2.125000,2.031250,2.031250,0.196336,6400
1977-01-18,0.000000,2.125000,2.031250,2.031250,0.196336,6400
1977-01-19,0.000000,2.125000,2.031250,2.031250,0.196336,4800
1977-01-20,0.000000,2.125000,2.031250,2.031250,0.196336,9600
1977-01-21,0.000000,2.125000,2.031250,2.031250,0.196336,8000
1977-01-24,0.000000,2.093750,2.000000,2.000000,0.193315,35200
1977-01-25,0.000000,2.062500,1.968750,1.968750,0.190295,16000
1977-01-26,0.000000,2.031250,1.937500,1.937500,0.187274,9600
1977-01-27,0.000000,2.031250,1.937500,1.937500,0.187274,14400
1977-01-28,0.000000,2.062500,1.968750,1.968750,0.190295,24000
1977-01-31,0.000000,2.062500,1.968750,1.968750,0.190295,152000
1977-02-01,0.000000,2.062500,1.968750,1.968750,0.190295,8000
1977-02-02,0.000000,2.062500,1.968750,1.968750,0.190295,6400
1977-02-03,0.000000,2.000000,1.906250,1.906250,0.184253,17600
1977-02-04,0.000000,2.000000,1.906250,1.906250,0.184253,6400
1977-02-07,0.000000,2.000000,1.906250,1.906250,0.184253,16000
1977-02-08,0.000000,2.000000,1.906250,1.906250,0.184253,4800
1977-02-09,0.000000,2.000000,1.906250,1.906250,0.184253,6400
1977-02-10,0.000000,2.031250,1.937500,1.937500,0.187274,17600
1977-02-11,0.000000,2.000000,1.906250,1.906250,0.184253,4800
1977-02-14,0.000000,2.000000,1.906250,1.906250,0.184253,6400
1977-02-15,0.000000,2.000000,1.906250,1.906250,0.184253,28800
1977-02-16,0.000000,2.000000,1.906250,1.906250,0.184253,8000
1977-02-17,0.000000,2.000000,1.906250,1.906250,0.184253,14400
1977-02-18,0.000000,2.000000,1.906250,1.906250,0.184253,24000
1977-02-22,0.000000,2.000000,1.906250,1.906250,0.184253,8000
1977-02-23,0.000000,2.000000,1.906250,1.906250,0.184253,4800
1977-02-24,0.000000,1.968750,1.875000,1.875000,0.181233,19200
1977-02-25,0.000000,1.968750,1.875000,1.875000,0.181233,16000
1977-02-28,0.000000,1.968750,1.875000,1.875000,0.181233,3200
1977-03-01,0.000000,1.968750,1.875000,1.875000,0.181233,11200
1977-03-02,0.000000,1.968750,1.875000,1.875000,0.181233,9600
1977-03-03,0.000000,2.000000,1.906250,1.906250,0.184253,12800
1977-03-04,0.000000,2.000000,1.906250,1.906250,0.184253,4800
1977-03-07,0.000000,2.000000,1.906250,1.906250,0.184253,8000
1977-03-08,0.000000,1.968750,1.875000,1.875000,0.181233,38400
1977-03-09,0.000000,2.031250,1.937500,1.937500,0.187274,56000
1977-03-10,0.000000,2.031250,1.937500,1.937500,0.187274,3200
1977-03-11,0.000000,2.000000,1.906250,1.906250,0.184253,12800
1977-03-14,0.000000,2.031250,1.937500,1.937500,0.187274,8000
1977-03-15,0.000000,2.000000,1.906250,1.906250,0.184253,8000
1977-03-16,0.000000,2.000000,1.906250,1.906250,0.184253,8000
1977-03-17,0.000000,2.031250,1.937500,1.937500,0.187274,16000
1977-03-18,0.000000,2.031250,1.937500,1.937500,0.187274,11200
1977-03-21,0.000000,2.031250,1.937500,1.937500,0.187274,1600
1977-03-22,0.000000,2.031250,1.937500,1.937500,0.187274,3200
1977-03-23,0.000000,2.031250,1.937500,1.937500,0.187274,6400
1977-03-24,0.000000,2.031250,1.937500,1.937500,0.187274,12800
1977-03-25,0.000000,2.031250,1.937500,1.937500,0.187274,11200
1977-03-28,0.000000,2.031250,1.937500,1.937500,0.187274,3200
1977-03-29,0.000000,2.031250,1.937500,1.937500,0.187274,6400
1977-03-30,0.000000,2.031250,1.937500,1.937500,0.187274,1600
1977-03-31,0.000000,2.031250,1.937500,1.937500,0.187274,8000
1977-04-01,0.000000,2.031250,1.937500,1.937500,0.187274,11200
1977-04-04,0.000000,2.000000,1.906250,1.906250,0.184253,35200
1977-04-05,0.000000,2.000000,1.906250,1.906250,0.184253,4800
1977-04-06,0.000000,2.000000,1.906250,1.906250,0.184253,1600
1977-04-07,0.000000,2.000000,1.906250,1.906250,0.184253,1600
1977-04-11,0.000000,2.000000,1.906250,1.906250,0.184253,8000
1977-04-12,0.000000,2.031250,1.937500,1.937500,0.187274,30400
1977-04-13,0.000000,2.062500,1.968750,1.968750,0.190295,30400
1977-04-14,0.000000,2.062500,1.968750,1.968750,0.190295,9600
1977-04-15,0.000000,2.062500,1.968750,1.968750,0.190295,1600
1977-04-18,0.000000,2.062500,1.968750,1.968750,0.190295,3200
1977-04-19,0.000000,2.062500,1.968750,1.968750,0.190295,3200
1977-04-20,0.000000,1.968750,1.875000,1.875000,0.181233,8000
1977-04-21,0.000000,2.000000,1.906250,1.906250,0.184253,20800
1977-04-22,0.000000,2.000000,1.906250,1.906250,0.184253,14400
1977-04-25,0.000000,2.000000,1.906250,1.906250,0.184253,6400
1977-04-26,0.000000,2.031250,1.937500,1.937500,0.187274,3200
1977-04-27,0.000000,2.031250,1.937500,1.937500,0.187274,3200
1977-04-28,0.000000,2.031250,1.937500,1.937500,0.187274,8000
1977-04-29,0.000000,2.031250,1.937500,1.937500,0.187274,4800
1977-05-02,0.000000,2.031250,1.937500,1.937500,0.187274,16000
1977-05-03,0.000000,2.031250,1.937500,1.937500,0.187274,11200
1977-05-04,0.000000,2.000000,1.906250,1.906250,0.184253,16000
1977-05-05,0.000000,2.000000,1.906250,1.906250,0.184253,4800
1977-05-06,1.906250,1.906250,1.906250,1.906250,0.184253,0
1977-05-09,0.000000,2.031250,1.937500,1.937500,0.187274,11200
1977-05-10,0.000000,2.031250,1.937500,1.937500,0.187274,4800
1977-05-11,0.000000,2.031250,1.937500,1.937500,0.187274,3200
1977-05-12,0.000000,2.031250,1.937500,1.937500,0.187274,4800
1977-05-13,0.000000,2.062500,1.968750,1.968750,0.190295,20800
1977-05-16,0.000000,2.062500,1.968750,1.968750,0.190295,4800
1977-05-17,0.000000,2.031250,1.937500,1.937500,0.187274,16000
1977-05-18,0.000000,2.031250,1.937500,1.937500,0.187274,12800
1977-05-19,0.000000,2.031250,1.937500,1.937500,0.187274,1600
1977-05-20,0.000000,2.031250,1.937500,1.937500,0.187274,19200
1977-05-23,0.000000,2.000000,1.906250,1.906250,0.184253,16000
1977-05-24,0.000000,2.000000,1.906250,1.906250,0.184253,4800
1977-05-25,0.000000,1.968750,1.875000,1.875000,0.181233,27200
1977-05-26,0.000000,1.937500,1.843750,1.843750,0.178212,12800
1977-05-27,0.000000,1.937500,1.843750,1.843750,0.178212,17600
1977-05-31,0.000000,1.968750,1.875000,1.875000,0.181233,4800
1977-06-01,0.000000,1.968750,1.875000,1.875000,0.181233,12800
1977-06-02,0.000000,1.968750,1.875000,1.875000,0.181233,14400
1977-06-03,0.000000,1.968750,1.875000,1.875000,0.181233,6400
1977-06-06,0.000000,1.968750,1.875000,1.875000,0.181233,4800
1977-06-07,0.000000,1.968750,1.875000,1.875000,0.181233,8000
1977-06-08,0.000000,1.968750,1.875000,1.875000,0.181233,4800
1977-06-09,0.000000,1.968750,1.875000,1.875000,0.181233,1600
1977-06-10,0.000000,1.968750,1.875000,1.875000,0.181233,17600
1977-06-13,1.875000,1.875000,1.875000,1.875000,0.181233,0
1977-06-14,0.000000,1.968750,1.875000,1.875000,0.181233,6400
1977-06-15,0.000000,1.968750,1.875000,1.875000,0.181233,6400
1977-06-16,0.000000,1.968750,1.875000,1.875000,0.181233,27200
1977-06-17,0.000000,1.968750,1.875000,1.875000,0.181233,3200
1977-06-20,0.000000,1.968750,1.875000,1.875000,0.181233,27200
1977-06-21,0.000000,2.000000,1.906250,1.906250,0.184253,1600
1977-06-22,0.000000,2.000000,1.906250,1.906250,0.184253,9600
1977-06-23,0.000000,2.031250,1.937500,1.937500,0.187274,4800
1977-06-24,1.937500,1.937500,1.937500,1.937500,0.187274,0
1977-06-27,0.000000,2.031250,1.937500,1.937500,0.187274,25600
1977-06-28,0.000000,2.062500,1.968750,1.968750,0.190295,1600
1977-06-29,0.000000,2.062500,1.968750,1.968750,0.190295,3200
1977-06-30,0.000000,2.062500,1.968750,1.968750,0.190295,3200
1977-07-01,0.000000,2.062500,1.968750,1.968750,0.190295,24000
1977-07-05,0.000000,2.062500,1.968750,1.968750,0.190295,6400
1977-07-06,1.968750,1.968750,1.968750,1.968750,0.190295,0
1977-07-07,0.000000,2.093750,2.000000,2.000000,0.193315,6400
1977-07-08,0.000000,2.093750,2.000000,2.000000,0.193315,1600
1977-07-11,0.000000,2.093750,2.000000,2.000000,0.193315,3200
1977-07-12,0.000000,2.093750,2.000000,2.000000,0.193315,11200
1977-07-13,0.000000,2.062500,1.968750,1.968750,0.190295,4800
1977-07-15,0.000000,2.062500,1.968750,1.968750,0.190295,30400
1977-07-18,0.000000,2.093750,2.000000,2.000000,0.193315,11200
1977-07-19,0.000000,2.125000,2.031250,2.031250,0.196336,3200
1977-07-20,0.000000,2.062500,1.968750,1.968750,0.190295,41600
1977-07-21,0.000000,2.031250,1.937500,1.937500,0.187274,40000
1977-07-22,0.000000,2.031250,1.937500,1.937500,0.187274,24000
1977-07-25,0.000000,2.031250,1.937500,1.937500,0.187274,12800
1977-07-26,0.000000,2.031250,1.937500,1.937500,0.187274,16000
1977-07-27,0.000000,1.968750,1.875000,1.875000,0.181233,65600
1977-07-28,0.000000,1.937500,1.843750,1.843750,0.178212,36800
1977-07-29,0.000000,1.937500,1.843750,1.843750,0.178212,12800
1977-08-01,1.843750,1.843750,1.843750,1.843750,0.178212,0
1977-08-02,0.000000,2.000000,1.906250,1.906250,0.184253,17600
1977-08-03,0.000000,2.000000,1.906250,1.906250,0.184253,9600
1977-08-04,0.000000,2.000000,1.906250,1.906250,0.184253,4800
1977-08-05,0.000000,2.000000,1.906250,1.906250,0.184253,20800
1977-08-08,1.906250,1.906250,1.906250,1.906250,0.184253,0
1977-08-09,0.000000,2.031250,1.937500,1.937500,0.187274,19200
1977-08-10,0.000000,2.031250,1.937500,1.937500,0.187274,1600
1977-08-11,0.000000,2.031250,1.937500,1.937500,0.187274,17600
1977-08-12,0.000000,2.062500,1.968750,1.968750,0.190295,4800
1977-08-15,0.000000,2.062500,1.968750,1.968750,0.190295,62400
1977-08-16,0.000000,2.062500,1.968750,1.968750,0.190295,4800
1977-08-17,0.000000,2.062500,1.968750,1.968750,0.190295,19200
1977-08-18,0.000000,2.062500,1.968750,1.968750,0.190295,6400
1977-08-19,0.000000,2.062500,1.968750,1.968750,0.190295,3200
1977-08-22,0.000000,2.093750,2.000000,2.000000,0.193315,16000
1977-08-23,0.000000,2.093750,2.000000,2.000000,0.193315,6400
1977-08-24,0.000000,2.031250,1.937500,1.937500,0.187274,20800
1977-08-25,0.000000,2.031250,1.937500,1.937500,0.187274,3200
1977-08-26,0.000000,2.031250,1.937500,1.937500,0.187274,9600
1977-08-29,0.000000,2.031250,1.937500,1.937500,0.187274,3200
1977-08-30,0.000000,1.968750,1.875000,1.875000,0.181233,16000
1977-08-31,0.000000,1.968750,1.875000,1.875000,0.181233,3200
1977-09-01,0.000000,1.968750,1.875000,1.875000,0.181233,17600
1977-09-02,0.000000,2.000000,1.906250,1.906250,0.184253,1600
1977-09-06,1.906250,1.906250,1.906250,1.906250,0.184253,0
1977-09-07,0.000000,2.000000,1.906250,1.906250,0.184253,3200
1977-09-08,0.000000,2.000000,1.906250,1.906250,0.184253,3200
1977-09-09,0.000000,1.968750,1.875000,1.875000,0.181233,4800
1977-09-12,0.000000,2.000000,1.906250,1.906250,0.184253,1600
1977-09-13,0.000000,2.000000,1.906250,1.906250,0.184253,25600
1977-09-14,0.000000,2.031250,1.937500,1.937500,0.187274,1600
1977-09-15,0.000000,2.000000,1.906250,1.906250,0.184253,1600
1977-09-16,0.000000,2.000000,1.906250,1.906250,0.184253,8000
1977-09-19,0.000000,2.000000,1.906250,1.906250,0.184253,3200
1977-09-20,0.000000,2.000000,1.906250,1.906250,0.184253,8000
1977-09-21,1.906250,1.906250,1.906250,1.906250,0.184253,0
1977-09-22,0.000000,2.031250,1.937500,1.937500,0.187274,27200
1977-09-23,0.000000,2.031250,1.937500,1.937500,0.187274,14400
1977-09-26,0.000000,2.031250,1.937500,1.937500,0.187274,25600
1977-09-27,1.937500,1.937500,1.937500,1.937500,0.187274,0
1977-09-28,0.000000,2.000000,1.906250,1.906250,0.184253,20800
1977-09-29,0.000000,2.000000,1.906250,1.906250,0.184253,1600
1977-09-30,0.000000,2.000000,1.906250,1.906250,0.184253,14400
1977-10-03,0.000000,2.000000,1.906250,1.906250,0.184253,9600
1977-10-04,0.000000,2.000000,1.906250,1.906250,0.184253,1600
1977-10-05,1.906250,1.906250,1.906250,1.906250,0.184253,0
1977-10-06,0.000000,1.968750,1.875000,1.875000,0.181233,4800
1977-10-07,0.000000,1.968750,1.875000,1.875000,0.181233,3200
1977-10-10,0.000000,1.968750,1.875000,1.875000,0.181233,3200
1977-10-11,0.000000,1.968750,1.875000,1.875000,0.181233,3200
1977-10-12,1.875000,1.875000,1.875000,1.875000,0.181233,0
1977-10-13,1.875000,1.875000,1.875000,1.875000,0.181233,0
1977-10-14,0.000000,1.968750,1.875000,1.875000,0.181233,3200
1977-10-17,0.000000,2.000000,1.906250,1.906250,0.184253,16000
1977-10-18,0.000000,2.000000,1.906250,1.906250,0.184253,4800
1977-10-19,0.000000,2.000000,1.906250,1.906250,0.184253,4800
1977-10-20,0.000000,2.000000,1.906250,1.906250,0.184253,14400
1977-10-21,0.000000,2.000000,1.906250,1.906250,0.184253,11200
1977-10-24,0.000000,2.000000,1.906250,1.906250,0.184253,1600
1977-10-25,0.000000,2.000000,1.906250,1.906250,0.184253,4800
1977-10-26,0.000000,2.000000,1.906250,1.906250,0.184253,11200
1977-10-27,0.000000,2.000000,1.906250,1.906250,0.184253,6400
1977-10-28,0.000000,2.000000,1.906250,1.906250,0.184253,8000
1977-10-31,1.906250,1.906250,1.906250,1.906250,0.184253,0
1977-11-01,0.000000,2.000000,1.906250,1.906250,0.184253,1600
1977-11-02,0.000000,1.968750,1.875000,1.875000,0.181233,24000
1977-11-03,0.000000,1.968750,1.875000,1.875000,0.181233,11200
1977-11-04,0.000000,1.968750,1.875000,1.875000,0.181233,6400
1977-11-07,0.000000,1.968750,1.875000,1.875000,0.181233,8000
1977-11-08,1.875000,1.875000,1.875000,1.875000,0.181233,0
1977-11-09,1.875000,1.875000,1.875000,1.875000,0.181233,0
1977-11-10,0.000000,1.937500,1.843750,1.843750,0.178212,20800
1977-11-11,0.000000,1.937500,1.843750,1.843750,0.178212,11200
1977-11-14,0.000000,1.937500,1.843750,1.843750,0.178212,6400
1977-11-15,0.000000,1.968750,1.875000,1.875000,0.181233,8000
1977-11-16,0.000000,1.968750,1.875000,1.875000,0.181233,1600
1977-11-17,0.000000,2.000000,1.906250,1.906250,0.184253,27200
1977-11-18,1.906250,1.906250,1.906250,1.906250,0.184253,0
1977-11-21,0.000000,2.000000,1.906250,1.906250,0.184253,12800
1977-11-22,0.000000,2.000000,1.906250,1.906250,0.184253,4800
1977-11-23,0.000000,2.000000,1.906250,1.906250,0.184253,1600
1977-11-25,0.000000,2.000000,1.906250,1.906250,0.184253,3200
1977-11-28,1.906250,1.906250,1.906250,1.906250,0.184253,0
1977-11-29,0.000000,2.000000,1.906250,1.906250,0.184253,3200
1977-11-30,0.000000,2.000000,1.906250,1.906250,0.184253,14400
1977-12-01,0.000000,2.000000,1.906250,1.906250,0.184253,3200
1977-12-02,0.000000,2.000000,1.906250,1.906250,0.184253,9600
1977-12-05,0.000000,1.968750,1.875000,1.875000,0.181233,43200
1977-12-06,0.000000,1.968750,1.875000,1.875000,0.181233,3200
1977-12-07,0.000000,2.000000,1.906250,1.906250,0.184253,1600
1977-12-08,0.000000,2.000000,1.906250,1.906250,0.184253,3200
1977-12-09,0.000000,2.000000,1.906250,1.906250,0.184253,3200
1977-12-12,0.000000,2.000000,1.906250,1.906250,0.184253,4800
1977-12-13,0.000000,2.000000,1.906250,1.906250,0.184253,1600
1977-12-14,1.906250,1.906250,1.906250,1.906250,0.184253,0
1977-12-15,0.000000,2.000000,1.906250,1.906250,0.184253,3200
1977-12-16,1.906250,1.906250,1.906250,1.906250,0.184253,0
1977-12-19,0.000000,2.000000,1.906250,1.906250,0.184253,1600
1977-12-20,1.906250,1.906250,1.906250,1.906250,0.184253,0
1977-12-21,0.000000,2.031250,1.937500,1.937500,0.187274,4800
1977-12-22,0.000000,2.031250,1.937500,1.937500,0.187274,11200
1977-12-23,0.000000,2.031250,1.937500,1.937500,0.187274,12800
1977-12-27,1.937500,1.937500,1.937500,1.937500,0.187274,0
1977-12-28,0.000000,2.031250,1.937500,1.937500,0.187274,3200
1977-12-29,0.000000,2.031250,1.937500,1.937500,0.187274,11200
1977-12-30,0.000000,2.062500,1.968750,1.968750,0.190295,14400
1978-01-03,0.000000,2.062500,1.968750,1.968750,0.190295,6400
1978-01-04,0.000000,2.062500,1.968750,1.968750,0.190295,12800
1978-01-05,1.968750,1.968750,1.968750,1.968750,0.190295,0
1978-01-06,0.000000,2.062500,1.968750,1.968750,0.190295,6400
1978-01-09,1.968750,1.968750,1.968750,1.968750,0.190295,0
1978-01-10,0.000000,2.062500,1.968750,1.968750,0.190295,3200
1978-01-11,0.000000,2.062500,1.968750,1.968750,0.190295,9600
1978-01-12,0.000000,2.062500,1.968750,1.968750,0.190295,3200
1978-01-13,0.000000,2.062500,1.968750,1.968750,0.190295,1600
1978-01-16,0.000000,2.062500,1.968750,1.968750,0.190295,1600
1978-01-17,0.000000,2.062500,1.968750,1.968750,0.190295,3200
1978-01-18,0.000000,2.093750,2.000000,2.000000,0.193315,4800
1978-01-19,0.000000,2.156250,2.062500,2.062500,0.199356,9600
1978-01-20,0.000000,2.125000,2.031250,2.031250,0.196336,9600
1978-01-23,0.000000,2.156250,2.062500,2.062500,0.199356,3200
1978-01-24,0.000000,2.156250,2.062500,2.062500,0.199356,3200
1978-01-25,2.062500,2.062500,2.062500,2.062500,0.199356,0
1978-01-26,0.000000,2.125000,2.031250,2.031250,0.196336,4800
1978-01-27,0.000000,2.125000,2.031250,2.031250,0.196336,6400
1978-01-30,0.000000,2.125000,2.031250,2.031250,0.196336,3200
1978-01-31,0.000000,2.093750,2.000000,2.000000,0.193315,17600
1978-02-01,2.000000,2.000000,2.000000,2.000000,0.193315,0
1978-02-02,0.000000,2.093750,2.000000,2.000000,0.193315,8000
1978-02-03,0.000000,2.093750,2.000000,2.000000,0.193315,3200
1978-02-06,0.000000,2.093750,2.000000,2.000000,0.193315,1600
1978-02-07,0.000000,2.093750,2.000000,2.000000,0.193315,1600
1978-02-08,0.000000,2.093750,2.000000,2.000000,0.193315,9600
1978-02-09,0.000000,2.093750,2.000000,2.000000,0.193315,3200
1978-02-10,0.000000,2.093750,2.000000,2.000000,0.193315,16000
1978-02-13,0.000000,2.093750,2.000000,2.000000,0.193315,3200
1978-02-14,2.000000,2.000000,2.000000,2.000000,0.193315,0
1978-02-15,0.000000,2.062500,1.968750,1.968750,0.190295,3200
1978-02-16,0.000000,2.031250,1.937500,1.937500,0.187274,4800
1978-02-17,0.000000,2.031250,1.937500,1.937500,0.187274,6400
1978-02-21,0.000000,2.031250,1.937500,1.937500,0.187274,16000
1978-02-22,0.000000,2.031250,1.937500,1.937500,0.187274,1600
1978-02-23,0.000000,2.031250,1.937500,1.937500,0.187274,6400
1978-02-24,0.000000,2.031250,1.937500,1.937500,0.187274,6400
1978-02-27,0.000000,2.000000,1.906250,1.906250,0.184253,6400
1978-02-28,0.000000,2.000000,1.906250,1.906250,0.184253,1600
1978-03-01,0.000000,2.000000,1.906250,1.906250,0.184253,1600
1978-03-02,0.000000,2.000000,1.906250,1.906250,0.184253,1600
1978-03-03,0.000000,2.000000,1.906250,1.906250,0.184253,3200
1978-03-06,0.000000,2.000000,1.906250,1.906250,0.184253,9600
1978-03-07,0.000000,2.000000,1.906250,1.906250,0.184253,8000
1978-03-08,0.000000,2.000000,1.906250,1.906250,0.184253,9600
1978-03-09,0.000000,2.000000,1.906250,1.906250,0.184253,4800
1978-03-10,0.000000,2.000000,1.906250,1.906250,0.184253,4800
1978-03-13,1.906250,1.906250,1.906250,1.906250,0.184253,0
1978-03-14,1.906250,1.906250,1.906250,1.906250,0.184253,0
1978-03-15,0.000000,2.000000,1.906250,1.906250,0.184253,11200
1978-03-16,1.906250,1.906250,1.906250,1.906250,0.184253,0
1978-03-17,0.000000,2.000000,1.906250,1.906250,0.184253,3200
1978-03-20,0.000000,2.000000,1.906250,1.906250,0.184253,3200
1978-03-21,0.000000,2.000000,1.906250,1.906250,0.184253,1600
1978-03-22,0.000000,2.031250,1.937500,1.937500,0.187274,1600
1978-03-23,0.000000,2.062500,1.968750,1.968750,0.190295,9600
1978-03-27,1.968750,1.968750,1.968750,1.968750,0.190295,0
1978-03-28,0.000000,2.062500,1.968750,1.968750,0.190295,3200
1978-03-29,0.000000,2.062500,1.968750,1.968750,0.190295,4800
1978-03-30,0.000000,2.062500,1.968750,1.968750,0.190295,3200
1978-03-31,0.000000,2.062500,1.968750,1.968750,0.190295,1600
1978-04-03,0.000000,2.062500,1.968750,1.968750,0.190295,1600
1978-04-04,0.000000,2.062500,1.968750,1.968750,0.190295,1600
1978-04-05,0.000000,2.062500,1.968750,1.968750,0.190295,1600
1978-04-06,1.968750,1.968750,1.968750,1.968750,0.190295,0
1978-04-07,0.000000,2.125000,2.031250,2.031250,0.196336,44800
1978-04-10,0.000000,2.125000,2.031250,2.031250,0.196336,1600
1978-04-11,0.000000,2.125000,2.031250,2.031250,0.196336,6400
1978-04-12,0.000000,2.093750,2.000000,2.000000,0.193315,12800
1978-04-13,0.000000,2.093750,2.000000,2.000000,0.193315,3200
1978-04-14,0.000000,2.125000,2.031250,2.031250,0.196336,4800
1978-04-17,0.000000,2.093750,2.000000,2.000000,0.193315,12800
1978-04-18,0.000000,2.093750,2.000000,2.000000,0.193315,1600
1978-04-19,0.000000,2.062500,1.968750,1.968750,0.190295,4800
1978-04-20,1.968750,1.968750,1.968750,1.968750,0.190295,0
1978-04-21,1.968750,1.968750,1.968750,1.968750,0.190295,0
1978-04-24,0.000000,2.062500,1.968750,1.968750,0.190295,3200
1978-04-25,0.000000,2.062500,1.968750,1.968750,0.190295,1600
1978-04-26,0.000000,2.031250,1.937500,1.937500,0.187274,3200
1978-04-27,0.000000,2.062500,1.968750,1.968750,0.190295,16000
1978-04-28,0.000000,2.062500,1.968750,1.968750,0.190295,4800
1978-05-01,0.000000,2.062500,1.968750,1.968750,0.190295,8000
1978-05-02,0.000000,2.062500,1.968750,1.968750,0.190295,1600
1978-05-03,0.000000,2.062500,1.968750,1.968750,0.190295,4800
1978-05-04,0.000000,2.062500,1.968750,1.968750,0.190295,8000
1978-05-05,1.968750,1.968750,1.968750,1.968750,0.190295,0
1978-05-08,1.968750,1.968750,1.968750,1.968750,0.190295,0
1978-05-09,0.000000,2.062500,1.968750,1.968750,0.190295,3200
1978-05-10,1.968750,1.968750,1.968750,1.968750,0.190295,0
1978-05-11,0.000000,2.062500,1.968750,1.968750,0.190295,6400
1978-05-12,0.000000,2.062500,1.968750,1.968750,0.190295,3200
1978-05-15,0.000000,2.062500,1.968750,1.968750,0.190295,16000
1978-05-16,0.000000,2.062500,1.968750,1.968750,0.190295,3200
1978-05-17,1.968750,1.968750,1.968750,1.968750,0.190295,0
1978-05-18,1.968750,1.968750,1.968750,1.968750,0.190295,0
1978-05-19,0.000000,2.031250,1.937500,1.937500,0.187274,6400
1978-05-22,0.000000,2.031250,1.937500,1.937500,0.187274,4800
1978-05-23,0.000000,2.031250,1.937500,1.937500,0.187274,3200
1978-05-24,0.000000,2.031250,1.937500,1.937500,0.187274,3200
1978-05-25,0.000000,2.031250,1.937500,1.937500,0.187274,1600
1978-05-26,0.000000,2.031250,1.937500,1.937500,0.187274,3200
1978-05-30,0.000000,2.000000,1.906250,1.906250,0.184253,3200
1978-05-31,0.000000,2.000000,1.906250,1.906250,0.184253,1600
1978-06-01,0.000000,1.968750,1.875000,1.875000,0.181233,8000
1978-06-02,0.000000,1.968750,1.875000,1.875000,0.181233,17600
1978-06-05,1.875000,1.875000,1.875000,1.875000,0.181233,0
1978-06-06,0.000000,2.000000,1.906250,1.906250,0.184253,9600
1978-06-07,1.906250,1.906250,1.906250,1.906250,0.184253,0
1978-06-08,1.906250,1.906250,1.906250,1.906250,0.184253,0
1978-06-09,0.000000,2.000000,1.906250,1.906250,0.184253,6400
1978-06-12,0.000000,2.000000,1.906250,1.906250,0.184253,8000
1978-06-13,1.906250,1.906250,1.906250,1.906250,0.184253,0
1978-06-14,0.000000,1.968750,1.875000,1.875000,0.181233,4800
1978-06-15,0.000000,1.968750,1.875000,1.875000,0.181233,1600
1978-06-16,0.000000,1.968750,1.875000,1.875000,0.181233,1600
1978-06-19,0.000000,1.968750,1.875000,1.875000,0.181233,11200
1978-06-20,0.000000,1.968750,1.875000,1.875000,0.181233,11200
1978-06-21,0.000000,1.937500,1.843750,1.843750,0.178212,24000
1978-06-22,0.000000,1.937500,1.843750,1.843750,0.178212,11200
1978-06-23,0.000000,1.968750,1.875000,1.875000,0.181233,9600
1978-06-26,0.000000,1.968750,1.875000,1.875000,0.181233,6400
1978-06-27,0.000000,1.968750,1.875000,1.875000,0.181233,1600
1978-06-28,0.000000,1.968750,1.875000,1.875000,0.181233,1600
1978-06-29,0.000000,1.968750,1.875000,1.875000,0.181233,1600
1978-06-30,0.000000,1.968750,1.875000,1.875000,0.181233,3200
1978-07-03,1.875000,1.875000,1.875000,1.875000,0.181233,0
1978-07-05,0.000000,1.968750,1.875000,1.875000,0.181233,4800
1978-07-06,0.000000,1.968750,1.875000,1.875000,0.181233,3200
1978-07-07,0.000000,1.968750,1.875000,1.875000,0.181233,3200
1978-07-10,0.000000,1.937500,1.843750,1.843750,0.178212,6400
1978-07-11,1.843750,1.843750,1.843750,1.843750,0.178212,0
1978-07-12,0.000000,1.937500,1.843750,1.843750,0.178212,3200
1978-07-13,0.000000,1.968750,1.875000,1.875000,0.181233,6400
1978-07-14,0.000000,1.968750,1.875000,1.875000,0.181233,12800
1978-07-17,0.000000,1.968750,1.875000,1.875000,0.181233,4800
1978-07-18,1.875000,1.875000,1.875000,1.875000,0.181233,0
1978-07-19,0.000000,2.000000,1.906250,1.906250,0.184253,19200
1978-07-20,0.000000,2.031250,1.937500,1.937500,0.187274,9600
1978-07-21,0.000000,2.031250,1.937500,1.937500,0.187274,1600
1978-07-24,0.000000,2.000000,1.906250,1.906250,0.184253,16000
1978-07-25,0.000000,2.000000,1.906250,1.906250,0.184253,3200
1978-07-26,0.000000,2.031250,1.937500,1.937500,0.187274,4800
1978-07-27,0.000000,2.031250,1.937500,1.937500,0.187274,4800
1978-07-28,0.000000,2.031250,1.937500,1.937500,0.187274,3200
1978-07-31,0.000000,2.031250,1.937500,1.937500,0.187274,1600
1978-08-01,0.000000,2.031250,1.937500,1.937500,0.187274,1600
1978-08-02,0.000000,2.062500,1.968750,1.968750,0.190295,4800
1978-08-03,0.000000,2.062500,1.968750,1.968750,0.190295,30400
1978-08-04,0.000000,2.125000,2.031250,2.031250,0.196336,16000
1978-08-07,0.000000,2.125000,2.031250,2.031250,0.196336,1600
1978-08-08,2.031250,2.031250,2.031250,2.031250,0.196336,0
1978-08-09,0.000000,2.125000,2.031250,2.031250,0.196336,6400
1978-08-10,2.031250,2.031250,2.031250,2.031250,0.196336,0
1978-08-11,0.000000,2.125000,2.031250,2.031250,0.196336,19200
1978-08-14,0.000000,2.125000,2.031250,2.031250,0.196336,4800
1978-08-15,2.031250,2.031250,2.031250,2.031250,0.196336,0
1978-08-16,0.000000,2.156250,2.062500,2.062500,0.199356,6400
1978-08-17,0.000000,2.156250,2.062500,2.062500,0.199356,3200
1978-08-18,0.000000,2.156250,2.062500,2.062500,0.199356,1600
1978-08-21,0.000000,2.125000,2.031250,2.031250,0.196336,6400
1978-08-22,0.000000,2.125000,2.031250,2.031250,0.196336,17600
1978-08-23,0.000000,2.125000,2.031250,2.031250,0.196336,4800
1978-08-24,0.000000,2.125000,2.031250,2.031250,0.196336,1600
1978-08-25,0.000000,2.093750,2.000000,2.000000,0.193315,14400
1978-08-28,0.000000,2.062500,1.968750,1.968750,0.190295,33600
1978-08-29,0.000000,2.062500,1.968750,1.968750,0.190295,16000
1978-08-30,0.000000,2.062500,1.968750,1.968750,0.190295,1600
1978-08-31,0.000000,2.062500,1.968750,1.968750,0.190295,3200
1978-09-01,0.000000,2.062500,1.968750,1.968750,0.190295,6400
1978-09-05,0.000000,2.062500,1.968750,1.968750,0.190295,1600
1978-09-06,0.000000,2.062500,1.968750,1.968750,0.190295,4800
1978-09-07,0.000000,2.031250,1.937500,1.937500,0.187274,12800
1978-09-08,0.000000,2.031250,1.937500,1.937500,0.187274,4800
1978-09-11,0.000000,2.031250,1.937500,1.937500,0.187274,3200
1978-09-12,0.000000,2.031250,1.937500,1.937500,0.187274,9600
1978-09-13,0.000000,2.031250,1.937500,1.937500,0.187274,1600
1978-09-14,0.000000,2.062500,1.968750,1.968750,0.190295,3200
1978-09-15,1.968750,1.968750,1.968750,1.968750,0.190295,0
1978-09-18,0.000000,2.062500,1.968750,1.968750,0.190295,19200
1978-09-19,0.000000,2.062500,1.968750,1.968750,0.190295,1600
1978-09-20,0.000000,2.062500,1.968750,1.968750,0.190295,1600
1978-09-21,1.968750,1.968750,1.968750,1.968750,0.190295,0
1978-09-22,0.000000,2.062500,1.968750,1.968750,0.190295,9600
1978-09-25,0.000000,2.062500,1.968750,1.968750,0.190295,1600
1978-09-26,0.000000,2.093750,2.000000,2.000000,0.193315,9600
1978-09-27,0.000000,2.093750,2.000000,2.000000,0.193315,8000
1978-09-28,0.000000,2.093750,2.000000,2.000000,0.193315,9600
1978-09-29,0.000000,2.093750,2.000000,2.000000,0.193315,8000
1978-10-02,0.000000,2.125000,2.031250,2.031250,0.196336,3200
1978-10-03,0.000000,2.125000,2.031250,2.031250,0.196336,4800
1978-10-04,0.000000,2.125000,2.031250,2.031250,0.196336,8000
1978-10-05,2.031250,2.031250,2.031250,2.031250,0.196336,0
1978-10-06,0.000000,2.125000,2.031250,2.031250,0.196336,1600
1978-10-09,0.000000,2.156250,2.062500,2.062500,0.199356,1600
1978-10-10,0.000000,2.156250,2.062500,2.062500,0.199356,8000
1978-10-11,0.000000,2.156250,2.062500,2.062500,0.199356,11200
1978-10-12,0.000000,2.156250,2.062500,2.062500,0.199356,24000
1978-10-13,0.000000,2.156250,2.062500,2.062500,0.199356,3200
1978-10-16,0.000000,2.156250,2.062500,2.062500,0.199356,6400
1978-10-17,2.062500,2.062500,2.062500,2.062500,0.199356,0
1978-10-18,0.000000,2.125000,2.031250,2.031250,0.196336,9600
1978-10-19,0.000000,2.125000,2.031250,2.031250,0.196336,3200
1978-10-20,0.000000,2.125000,2.031250,2.031250,0.196336,11200
1978-10-23,0.000000,2.125000,2.031250,2.031250,0.196336,14400
1978-10-24,0.000000,2.125000,2.031250,2.031250,0.196336,6400
1978-10-25,0.000000,2.093750,2.000000,2.000000,0.193315,20800
1978-10-26,0.000000,2.062500,1.968750,1.968750,0.190295,19200
1978-10-27,0.000000,2.031250,1.937500,1.937500,0.187274,20800
1978-10-30,0.000000,2.031250,1.937500,1.937500,0.187274,1600
1978-10-31,1.937500,1.937500,1.937500,1.937500,0.187274,0
1978-11-01,0.000000,2.031250,1.937500,1.937500,0.187274,1600
1978-11-02,0.000000,2.000000,1.906250,1.906250,0.184253,3200
1978-11-03,0.000000,2.000000,1.906250,1.906250,0.184253,24000
1978-11-06,0.000000,2.000000,1.906250,1.906250,0.184253,8000
1978-11-07,0.000000,1.968750,1.875000,1.875000,0.181233,9600
1978-11-08,0.000000,1.968750,1.875000,1.875000,0.181233,1600
1978-11-09,0.000000,1.968750,1.875000,1.875000,0.181233,1600
1978-11-10,0.000000,1.968750,1.875000,1.875000,0.181233,3200
1978-11-13,0.000000,1.968750,1.875000,1.875000,0.181233,1600
1978-11-14,0.000000,1.968750,1.875000,1.875000,0.181233,20800
1978-11-15,0.000000,1.968750,1.875000,1.875000,0.181233,3200
1978-11-16,0.000000,1.968750,1.875000,1.875000,0.181233,4800
1978-11-17,0.000000,1.968750,1.875000,1.875000,0.181233,1600
1978-11-20,0.000000,1.937500,1.843750,1.843750,0.178212,11200
1978-11-21,0.000000,1.937500,1.843750,1.843750,0.178212,6400
1978-11-22,0.000000,1.968750,1.875000,1.875000,0.181233,16000
1978-11-24,0.000000,1.968750,1.875000,1.875000,0.181233,3200
1978-11-27,0.000000,1.968750,1.875000,1.875000,0.181233,6400
1978-11-28,0.000000,1.968750,1.875000,1.875000,0.181233,3200
1978-11-29,0.000000,1.968750,1.875000,1.875000,0.181233,1600
1978-11-30,0.000000,1.968750,1.875000,1.875000,0.181233,1600
1978-12-01,0.000000,1.937500,1.843750,1.843750,0.178212,9600
1978-12-04,0.000000,1.937500,1.843750,1.843750,0.178212,17600
1978-12-05,0.000000,1.937500,1.843750,1.843750,0.178212,4800
1978-12-06,0.000000,1.937500,1.843750,1.843750,0.178212,8000
1978-12-07,0.000000,1.937500,1.843750,1.843750,0.178212,1600
1978-12-08,0.000000,1.937500,1.843750,1.843750,0.178212,12800
1978-12-11,0.000000,1.968750,1.875000,1.875000,0.181233,9600
1978-12-12,0.000000,2.000000,1.906250,1.906250,0.184253,8000
1978-12-13,0.000000,2.000000,1.906250,1.906250,0.184253,3200
1978-12-14,0.000000,2.000000,1.906250,1.906250,0.184253,1600
1978-12-15,1.906250,1.906250,1.906250,1.906250,0.184253,0
1978-12-18,0.000000,1.968750,1.875000,1.875000,0.181233,4800
1978-12-19,1.875000,1.875000,1.875000,1.875000,0.181233,0
1978-12-20,1.875000,1.875000,1.875000,1.875000,0.181233,0
1978-12-21,0.000000,2.000000,1.906250,1.906250,0.184253,3200
1978-12-22,0.000000,2.000000,1.906250,1.906250,0.184253,1600
1978-12-26,1.906250,1.906250,1.906250,1.906250,0.184253,0
1978-12-27,0.000000,2.000000,1.906250,1.906250,0.184253,4800
1978-12-28,0.000000,2.000000,1.906250,1.906250,0.184253,1600
1978-12-29,0.000000,2.000000,1.906250,1.906250,0.184253,4800
1979-01-02,1.906250,1.906250,1.906250,1.906250,0.184253,0
1979-01-03,0.000000,2.000000,1.906250,1.906250,0.184253,6400
1979-01-04,0.000000,2.000000,1.906250,1.906250,0.184253,6400
1979-01-05,0.000000,2.000000,1.906250,1.906250,0.184253,11200
1979-01-08,0.000000,2.000000,1.906250,1.906250,0.184253,1600
1979-01-09,0.000000,2.031250,1.937500,1.937500,0.187274,28800
1979-01-10,0.000000,2.062500,1.968750,1.968750,0.190295,25600
1979-01-11,0.000000,2.062500,1.968750,1.968750,0.190295,4800
1979-01-12,0.000000,2.062500,1.968750,1.968750,0.190295,8000
1979-01-15,0.000000,2.062500,1.968750,1.968750,0.190295,16000
1979-01-16,0.000000,2.031250,1.937500,1.937500,0.187274,12800
1979-01-17,0.000000,2.031250,1.937500,1.937500,0.187274,1600
1979-01-18,0.000000,2.031250,1.937500,1.937500,0.187274,1600
1979-01-19,1.937500,1.937500,1.937500,1.937500,0.187274,0
1979-01-22,0.000000,2.031250,1.937500,1.937500,0.187274,1600
1979-01-23,0.000000,2.031250,1.937500,1.937500,0.187274,8000
1979-01-24,0.000000,2.062500,1.968750,1.968750,0.190295,9600
1979-01-25,0.000000,2.062500,1.968750,1.968750,0.190295,8000
1979-01-26,0.000000,2.062500,1.968750,1.968750,0.190295,8000
1979-01-29,0.000000,2.093750,2.000000,2.000000,0.193315,6400
1979-01-30,0.000000,2.031250,1.937500,1.937500,0.187274,17600
1979-01-31,0.000000,2.062500,1.968750,1.968750,0.190295,20800
1979-02-01,1.968750,1.968750,1.968750,1.968750,0.190295,0
1979-02-02,0.000000,2.093750,2.000000,2.000000,0.193315,8000
1979-02-05,0.000000,2.093750,2.000000,2.000000,0.193315,1600
1979-02-06,0.000000,2.125000,2.031250,2.031250,0.196336,3200
1979-02-07,0.000000,2.125000,2.031250,2.031250,0.196336,16000
1979-02-08,2.031250,2.031250,2.031250,2.031250,0.196336,0
1979-02-09,0.000000,2.093750,2.000000,2.000000,0.193315,11200
1979-02-12,2.000000,2.000000,2.000000,2.000000,0.193315,0
1979-02-13,0.000000,2.093750,2.000000,2.000000,0.193315,4800
1979-02-14,0.000000,2.125000,2.031250,2.031250,0.196336,1600
1979-02-15,0.000000,2.156250,2.062500,2.062500,0.199356,9600
1979-02-16,0.000000,2.156250,2.062500,2.062500,0.199356,20800
1979-02-20,0.000000,2.156250,2.062500,2.062500,0.199356,12800
1979-02-21,0.000000,2.156250,2.062500,2.062500,0.199356,6400
1979-02-22,0.000000,2.156250,2.062500,2.062500,0.199356,3200
1979-02-23,0.000000,2.156250,2.062500,2.062500,0.199356,3200
1979-02-26,0.000000,2.125000,2.031250,2.031250,0.196336,12800
1979-02-27,0.000000,2.125000,2.031250,2.031250,0.196336,3200
1979-02-28,0.000000,2.125000,2.031250,2.031250,0.196336,8000
1979-03-01,0.000000,2.125000,2.031250,2.031250,0.196336,6400
1979-03-02,0.000000,2.187500,2.093750,2.093750,0.202377,22400
1979-03-05,0.000000,2.156250,2.062500,2.062500,0.199356,8000
1979-03-06,0.000000,2.156250,2.062500,2.062500,0.199356,4800
1979-03-07,0.000000,2.156250,2.062500,2.062500,0.199356,3200
1979-03-08,2.062500,2.062500,2.062500,2.062500,0.199356,0
1979-03-09,2.062500,2.062500,2.062500,2.062500,0.199356,0
1979-03-12,0.000000,2.125000,2.031250,2.031250,0.196336,25600
1979-03-13,0.000000,2.156250,2.062500,2.062500,0.199356,1600
1979-03-14,0.000000,2.125000,2.031250,2.031250,0.196336,8000
1979-03-15,0.000000,2.125000,2.031250,2.031250,0.196336,3200
1979-03-16,0.000000,2.125000,2.031250,2.031250,0.196336,8000
1979-03-19,0.000000,2.125000,2.031250,2.031250,0.196336,1600
1979-03-20,0.000000,2.125000,2.031250,2.031250,0.196336,4800
1979-03-21,2.031250,2.031250,2.031250,2.031250,0.196336,0
1979-03-22,0.000000,2.125000,2.031250,2.031250,0.196336,4800
1979-03-23,0.000000,2.125000,2.031250,2.031250,0.196336,19200
1979-03-26,0.000000,2.125000,2.031250,2.031250,0.196336,9600
1979-03-27,0.000000,2.156250,2.062500,2.062500,0.199356,4800
1979-03-28,0.000000,2.156250,2.062500,2.062500,0.199356,1600
1979-03-29,0.000000,2.156250,2.062500,2.062500,0.199356,1600
1979-03-30,0.000000,2.156250,2.062500,2.062500,0.199356,9600
1979-04-02,0.000000,2.156250,2.062500,2.062500,0.199356,3200
1979-04-03,0.000000,2.156250,2.062500,2.062500,0.199356,17600
1979-04-04,0.000000,2.156250,2.062500,2.062500,0.199356,12800
1979-04-05,2.062500,2.062500,2.062500,2.062500,0.199356,0
1979-04-06,0.000000,2.156250,2.062500,2.062500,0.199356,14400
1979-04-09,0.000000,2.156250,2.062500,2.062500,0.199356,12800
1979-04-10,0.000000,2.156250,2.062500,2.062500,0.199356,4800
1979-04-11,0.000000,2.156250,2.062500,2.062500,0.199356,14400
1979-04-12,0.000000,2.156250,2.062500,2.062500,0.199356,4800
1979-04-16,0.000000,2.156250,2.062500,2.062500,0.199356,4800
1979-04-17,0.000000,2.156250,2.062500,2.062500,0.199356,1600
1979-04-18,0.000000,2.125000,2.031250,2.031250,0.196336,4800
1979-04-19,0.000000,2.125000,2.031250,2.031250,0.196336,8000
1979-04-20,0.000000,2.125000,2.031250,2.031250,0.196336,8000
1979-04-23,0.000000,2.093750,2.000000,2.000000,0.193315,22400
1979-04-24,0.000000,2.062500,1.968750,1.968750,0.190295,1600
1979-04-25,0.000000,2.062500,1.968750,1.968750,0.190295,6400
1979-04-26,0.000000,2.062500,1.968750,1.968750,0.190295,1600
1979-04-27,0.000000,2.062500,1.968750,1.968750,0.190295,3200
1979-04-30,0.000000,2.062500,1.968750,1.968750,0.190295,6400
1979-05-01,0.000000,2.062500,1.968750,1.968750,0.190295,4800
1979-05-02,0.000000,2.093750,2.000000,2.000000,0.193315,19200
1979-05-03,0.000000,2.093750,2.000000,2.000000,0.193315,6400
1979-05-04,0.000000,2.093750,2.000000,2.000000,0.193315,9600
1979-05-07,0.000000,2.062500,1.968750,1.968750,0.190295,11200
1979-05-08,0.000000,2.062500,1.968750,1.968750,0.190295,8000
1979-05-09,1.968750,1.968750,1.968750,1.968750,0.190295,0
1979-05-10,0.000000,2.031250,1.937500,1.937500,0.187274,8000
1979-05-11,0.000000,2.031250,1.937500,1.937500,0.187274,3200
1979-05-14,0.000000,2.031250,1.937500,1.937500,0.187274,4800
1979-05-15,0.000000,2.031250,1.937500,1.937500,0.187274,1600
1979-05-16,0.000000,2.062500,1.968750,1.968750,0.190295,4800
1979-05-17,0.000000,2.062500,1.968750,1.968750,0.190295,3200
1979-05-18,0.000000,2.093750,2.000000,2.000000,0.193315,3200
1979-05-21,0.000000,2.093750,2.000000,2.000000,0.193315,9600
1979-05-22,0.000000,2.093750,2.000000,2.000000,0.193315,3200
1979-05-23,0.000000,2.093750,2.000000,2.000000,0.193315,1600
1979-05-24,0.000000,2.093750,2.000000,2.000000,0.193315,1600
1979-05-25,0.000000,2.093750,2.000000,2.000000,0.193315,1600
1979-05-29,0.000000,2.093750,2.000000,2.000000,0.193315,4800
1979-05-30,0.000000,2.093750,2.000000,2.000000,0.193315,16000
1979-05-31,0.000000,2.093750,2.000000,2.000000,0.193315,9600
1979-06-01,0.000000,2.093750,2.000000,2.000000,0.193315,3200
1979-06-04,0.000000,2.093750,2.000000,2.000000,0.193315,3200
1979-06-05,0.000000,2.093750,2.000000,2.000000,0.193315,6400
1979-06-06,0.000000,2.093750,2.000000,2.000000,0.193315,1600
1979-06-07,0.000000,2.093750,2.000000,2.000000,0.193315,16000
1979-06-08,0.000000,2.093750,2.000000,2.000000,0.193315,3200
1979-06-11,0.000000,2.125000,2.031250,2.031250,0.196336,22400
1979-06-12,0.000000,2.125000,2.031250,2.031250,0.196336,1600
1979-06-13,2.031250,2.031250,2.031250,2.031250,0.196336,0
1979-06-14,0.000000,2.125000,2.031250,2.031250,0.196336,1600
1979-06-15,0.000000,2.125000,2.031250,2.031250,0.196336,3200
1979-06-18,0.000000,2.093750,2.000000,2.000000,0.193315,6400
1979-06-19,0.000000,2.093750,2.000000,2.000000,0.193315,14400
1979-06-20,0.000000,2.093750,2.000000,2.000000,0.193315,19200
1979-06-21,0.000000,2.093750,2.000000,2.000000,0.193315,1600
1979-06-22,0.000000,2.093750,2.000000,2.000000,0.193315,4800
1979-06-25,0.000000,2.125000,2.031250,2.031250,0.196336,3200
1979-06-26,0.000000,2.125000,2.031250,2.031250,0.196336,1600
1979-06-27,0.000000,2.125000,2.031250,2.031250,0.196336,1600
1979-06-28,0.000000,2.125000,2.031250,2.031250,0.196336,8000
1979-06-29,0.000000,2.125000,2.031250,2.031250,0.196336,4800
1979-07-02,0.000000,2.125000,2.031250,2.031250,0.196336,8000
1979-07-03,0.000000,2.093750,2.000000,2.000000,0.193315,8000
1979-07-05,0.000000,2.062500,1.968750,1.968750,0.190295,11200
1979-07-06,0.000000,2.062500,1.968750,1.968750,0.190295,1600
1979-07-09,0.000000,2.062500,1.968750,1.968750,0.190295,9600
1979-07-10,0.000000,2.062500,1.968750,1.968750,0.190295,3200
1979-07-11,0.000000,2.093750,2.000000,2.000000,0.193315,8000
1979-07-12,0.000000,2.093750,2.000000,2.000000,0.193315,4800
1979-07-13,0.000000,2.093750,2.000000,2.000000,0.193315,6400
1979-07-16,0.000000,2.093750,2.000000,2.000000,0.193315,3200
1979-07-17,0.000000,2.093750,2.000000,2.000000,0.193315,1600
1979-07-18,0.000000,2.093750,2.000000,2.000000,0.193315,16000
1979-07-19,0.000000,2.187500,2.093750,2.093750,0.202377,11200
1979-07-20,2.093750,2.093750,2.093750,2.093750,0.202377,0
1979-07-23,0.000000,2.187500,2.093750,2.093750,0.202377,3200
1979-07-24,0.000000,2.187500,2.093750,2.093750,0.202377,3200
1979-07-25,0.000000,2.156250,2.062500,2.062500,0.199356,4800
1979-07-26,2.062500,2.062500,2.062500,2.062500,0.199356,0
1979-07-27,0.000000,2.156250,2.062500,2.062500,0.199356,6400
1979-07-30,0.000000,2.156250,2.062500,2.062500,0.199356,1600
1979-07-31,0.000000,2.187500,2.093750,2.093750,0.202377,8000
1979-08-01,0.000000,2.187500,2.093750,2.093750,0.202377,1600
1979-08-02,0.000000,2.187500,2.093750,2.093750,0.202377,1600
1979-08-03,0.000000,2.187500,2.093750,2.093750,0.202377,11200
1979-08-06,0.000000,2.218750,2.125000,2.125000,0.205397,8000
1979-08-07,2.125000,2.125000,2.125000,2.125000,0.205397,0
1979-08-08,0.000000,2.218750,2.125000,2.125000,0.205397,3200
1979-08-09,0.000000,2.218750,2.125000,2.125000,0.205397,4800
1979-08-10,0.000000,2.218750,2.125000,2.125000,0.205397,4800
1979-08-13,0.000000,2.218750,2.125000,2.125000,0.205397,1600
1979-08-14,0.000000,2.218750,2.125000,2.125000,0.205397,16000
1979-08-15,0.000000,2.218750,2.125000,2.125000,0.205397,1600
1979-08-16,0.000000,2.250000,2.156250,2.156250,0.208418,1600
1979-08-17,0.000000,2.250000,2.156250,2.156250,0.208418,3200
1979-08-20,0.000000,2.250000,2.156250,2.156250,0.208418,17600
1979-08-21,0.000000,2.250000,2.156250,2.156250,0.208418,8000
1979-08-22,0.000000,2.218750,2.125000,2.125000,0.205397,27200
1979-08-23,0.000000,2.250000,2.156250,2.156250,0.208418,4800
1979-08-24,2.156250,2.156250,2.156250,2.156250,0.208418,0
1979-08-27,0.000000,2.218750,2.125000,2.125000,0.205397,3200
1979-08-28,0.000000,2.218750,2.125000,2.125000,0.205397,1600
1979-08-29,0.000000,2.218750,2.125000,2.125000,0.205397,1600
1979-08-30,0.000000,2.218750,2.125000,2.125000,0.205397,4800
1979-08-31,0.000000,2.218750,2.125000,2.125000,0.205397,3200
1979-09-04,2.125000,2.125000,2.125000,2.125000,0.205397,0
1979-09-05,0.000000,2.218750,2.125000,2.125000,0.205397,1600
1979-09-06,0.000000,2.218750,2.125000,2.125000,0.205397,8000
1979-09-07,0.000000,2.218750,2.125000,2.125000,0.205397,6400
1979-09-10,0.000000,2.218750,2.125000,2.125000,0.205397,32000
1979-09-11,0.000000,2.187500,2.093750,2.093750,0.202377,8000
1979-09-12,0.000000,2.156250,2.062500,2.062500,0.199356,4800
1979-09-13,0.000000,2.187500,2.093750,2.093750,0.202377,3200
1979-09-14,2.093750,2.093750,2.093750,2.093750,0.202377,0
1979-09-17,0.000000,2.187500,2.093750,2.093750,0.202377,3200
1979-09-18,0.000000,2.156250,2.062500,2.062500,0.199356,1600
1979-09-19,0.000000,2.156250,2.062500,2.062500,0.199356,8000
1979-09-20,0.000000,2.156250,2.062500,2.062500,0.199356,19200
1979-09-21,0.000000,2.125000,2.031250,2.031250,0.196336,16000
1979-09-24,2.031250,2.031250,2.031250,2.031250,0.196336,0
1979-09-25,0.000000,2.093750,2.000000,2.000000,0.193315,11200
1979-09-26,0.000000,2.125000,2.031250,2.031250,0.196336,6400
1979-09-27,0.000000,2.125000,2.031250,2.031250,0.196336,11200
1979-09-28,0.000000,2.125000,2.031250,2.031250,0.196336,4800
1979-10-01,0.000000,2.125000,2.031250,2.031250,0.196336,4800
1979-10-02,0.000000,2.125000,2.031250,2.031250,0.196336,6400
1979-10-03,0.000000,2.125000,2.031250,2.031250,0.196336,30400
1979-10-04,0.000000,2.125000,2.031250,2.031250,0.196336,4800
1979-10-05,0.000000,2.125000,2.031250,2.031250,0.196336,3200
1979-10-08,0.000000,2.125000,2.031250,2.031250,0.196336,8000
1979-10-09,2.031250,2.031250,2.031250,2.031250,0.196336,0
1979-10-10,0.000000,2.093750,2.000000,2.000000,0.193315,16000
1979-10-11,0.000000,2.093750,2.000000,2.000000,0.193315,3200
1979-10-12,0.000000,2.093750,2.000000,2.000000,0.193315,1600
1979-10-15,0.000000,2.062500,1.968750,1.968750,0.190295,8000
1979-10-16,0.000000,2.062500,1.968750,1.968750,0.190295,3200
1979-10-17,0.000000,2.031250,1.937500,1.937500,0.187274,3200
1979-10-18,0.000000,2.062500,1.968750,1.968750,0.190295,1600
1979-10-19,0.000000,2.093750,2.000000,2.000000,0.193315,4800
1979-10-22,0.000000,2.062500,1.968750,1.968750,0.190295,6400
1979-10-23,0.000000,2.062500,1.968750,1.968750,0.190295,14400
1979-10-24,0.000000,2.031250,1.937500,1.937500,0.187274,11200
1979-10-25,0.000000,2.031250,1.937500,1.937500,0.187274,19200
1979-10-26,0.000000,2.000000,1.906250,1.906250,0.184253,1600
1979-10-29,0.000000,2.000000,1.906250,1.906250,0.184253,1600
1979-10-30,1.906250,1.906250,1.906250,1.906250,0.184253,0
1979-10-31,1.906250,1.906250,1.906250,1.906250,0.184253,0
1979-11-01,0.000000,2.000000,1.906250,1.906250,0.184253,8000
1979-11-02,0.000000,2.031250,1.937500,1.937500,0.187274,4800
1979-11-05,0.000000,2.046875,1.953125,1.953125,0.188784,4800
1979-11-06,0.000000,2.031250,1.937500,1.937500,0.187274,12800
1979-11-07,0.000000,2.031250,1.937500,1.937500,0.187274,17600
1979-11-08,0.000000,2.000000,1.906250,1.906250,0.184253,6400
1979-11-09,0.000000,2.000000,1.906250,1.906250,0.184253,1600
1979-11-12,1.906250,1.906250,1.906250,1.906250,0.184253,0
1979-11-13,0.000000,2.000000,1.906250,1.906250,0.184253,1600
1979-11-14,0.000000,2.000000,1.906250,1.906250,0.184253,3200
1979-11-15,0.000000,2.000000,1.906250,1.906250,0.184253,3200
1979-11-16,0.000000,2.000000,1.906250,1.906250,0.184253,6400
1979-11-19,0.000000,2.000000,1.906250,1.906250,0.184253,1600
1979-11-20,0.000000,2.000000,1.906250,1.906250,0.184253,19200
1979-11-21,0.000000,2.000000,1.906250,1.906250,0.184253,24000
1979-11-23,0.000000,2.000000,1.906250,1.906250,0.184253,3200
1979-11-26,0.000000,2.031250,1.937500,1.937500,0.187274,17600
1979-11-27,0.000000,2.031250,1.937500,1.937500,0.187274,8000
1979-11-28,1.937500,1.937500,1.937500,1.937500,0.187274,0
1979-11-29,0.000000,2.000000,1.906250,1.906250,0.184253,1600
1979-11-30,0.000000,2.000000,1.906250,1.906250,0.184253,6400
1979-12-03,0.000000,2.062500,1.968750,1.968750,0.190295,19200
1979-12-04,0.000000,2.031250,1.937500,1.937500,0.187274,1600
1979-12-05,0.000000,2.031250,1.937500,1.937500,0.187274,4800
1979-12-06,0.000000,2.031250,1.937500,1.937500,0.187274,17600
1979-12-07,0.000000,2.031250,1.937500,1.937500,0.187274,3200
1979-12-10,0.000000,2.000000,1.906250,1.906250,0.184253,20800
1979-12-11,0.000000,2.000000,1.906250,1.906250,0.184253,4800
1979-12-12,0.000000,2.031250,1.937500,1.937500,0.187274,6400
1979-12-13,0.000000,2.031250,1.937500,1.937500,0.187274,3200
1979-12-14,0.000000,2.062500,1.968750,1.968750,0.190295,22400
1979-12-17,0.000000,2.062500,1.968750,1.968750,0.190295,19200
1979-12-18,0.000000,2.062500,1.968750,1.968750,0.190295,1600
1979-12-19,1.968750,1.968750,1.968750,1.968750,0.190295,0
1979-12-20,0.000000,2.093750,2.000000,2.000000,0.193315,1600
1979-12-21,0.000000,2.093750,2.000000,2.000000,0.193315,3200
1979-12-24,0.000000,2.093750,2.000000,2.000000,0.193315,8000
1979-12-26,0.000000,2.093750,2.000000,2.000000,0.193315,4800
1979-12-27,0.000000,2.093750,2.000000,2.000000,0.193315,1600
1979-12-28,0.000000,2.062500,1.968750,1.968750,0.190295,30400
1979-12-31,0.000000,2.062500,1.968750,1.968750,0.190295,9600
1980-01-02,0.000000,2.062500,1.968750,1.968750,0.190295,3200
1980-01-03,0.000000,2.062500,1.968750,1.968750,0.190295,6400
1980-01-04,0.000000,2.062500,1.968750,1.968750,0.190295,1600
1980-01-07,0.000000,2.062500,1.968750,1.968750,0.190295,3200
1980-01-08,0.000000,2.062500,1.968750,1.968750,0.190295,4800
1980-01-09,0.000000,2.062500,1.968750,1.968750,0.190295,3200
1980-01-10,0.000000,2.062500,1.968750,1.968750,0.190295,1600
1980-01-11,0.000000,2.062500,1.968750,1.968750,0.190295,12800
1980-01-14,0.000000,2.062500,1.968750,1.968750,0.190295,1600
1980-01-15,0.000000,2.062500,1.968750,1.968750,0.190295,1600
1980-01-16,0.000000,2.062500,1.968750,1.968750,0.190295,3200
1980-01-17,0.000000,2.093750,2.000000,2.000000,0.193315,1600
1980-01-18,0.000000,2.125000,2.031250,2.031250,0.196336,8000
1980-01-21,0.000000,2.093750,2.000000,2.000000,0.193315,12800
1980-01-22,0.000000,2.093750,2.000000,2.000000,0.193315,1600
1980-01-23,0.000000,2.093750,2.000000,2.000000,0.193315,9600
1980-01-24,0.000000,2.156250,2.062500,2.062500,0.199356,6400
1980-01-25,0.000000,2.156250,2.062500,2.062500,0.199356,4800
1980-01-28,0.000000,2.187500,2.093750,2.093750,0.202377,11200
1980-01-29,0.000000,2.187500,2.093750,2.093750,0.202377,6400
1980-01-30,0.000000,2.187500,2.093750,2.093750,0.202377,4800
1980-01-31,0.000000,2.218750,2.125000,2.125000,0.205397,6400
1980-02-01,0.000000,2.187500,2.093750,2.093750,0.202377,1600
1980-02-04,0.000000,2.187500,2.093750,2.093750,0.202377,16000
1980-02-05,2.093750,2.093750,2.093750,2.093750,0.202377,0
1980-02-06,0.000000,2.187500,2.093750,2.093750,0.202377,22400
1980-02-07,0.000000,2.171875,2.078125,2.078125,0.200866,14400
1980-02-08,0.000000,2.156250,2.062500,2.062500,0.199356,3200
1980-02-11,0.000000,2.156250,2.062500,2.062500,0.199356,1600
1980-02-12,0.000000,2.156250,2.062500,2.062500,0.199356,6400
1980-02-13,0.000000,2.156250,2.062500,2.062500,0.199356,11200
1980-02-14,0.000000,2.140625,2.046875,2.046875,0.197846,1600
1980-02-15,0.000000,2.109375,2.015625,2.015625,0.194825,4800
1980-02-19,0.000000,2.062500,1.968750,1.968750,0.190295,30400
1980-02-20,0.000000,2.000000,1.906250,1.906250,0.184253,27200
1980-02-21,0.000000,1.968750,1.875000,1.875000,0.181233,4800
1980-02-22,0.000000,1.937500,1.843750,1.843750,0.178212,9600
1980-02-25,0.000000,1.906250,1.812500,1.812500,0.175192,3200
1980-02-26,0.000000,1.906250,1.812500,1.812500,0.175192,6400
1980-02-27,0.000000,1.937500,1.843750,1.843750,0.178212,6400
1980-02-28,0.000000,1.937500,1.843750,1.843750,0.178212,3200
1980-02-29,0.000000,1.921875,1.828125,1.828125,0.176702,4800
1980-03-03,0.000000,1.906250,1.812500,1.812500,0.175192,3200
1980-03-04,0.000000,1.890625,1.796875,1.796875,0.173681,4800
1980-03-05,0.000000,1.906250,1.812500,1.812500,0.175192,27200
1980-03-06,0.000000,1.937500,1.843750,1.843750,0.178212,22400
1980-03-07,0.000000,1.906250,1.812500,1.812500,0.175192,12800
1980-03-10,0.000000,1.937500,1.843750,1.843750,0.178212,4800
1980-03-11,0.000000,1.937500,1.843750,1.843750,0.178212,12800
1980-03-12,0.000000,1.937500,1.843750,1.843750,0.178212,4800
1980-03-13,1.843750,1.843750,1.843750,1.843750,0.178212,0
1980-03-14,0.000000,1.937500,1.843750,1.843750,0.178212,3200
1980-03-17,0.000000,1.906250,1.812500,1.812500,0.175192,6400
1980-03-18,0.000000,1.906250,1.812500,1.812500,0.175192,3200
1980-03-19,0.000000,1.937500,1.843750,1.843750,0.178212,12800
1980-03-20,0.000000,1.968750,1.875000,1.875000,0.181233,3200
1980-03-21,0.000000,1.937500,1.843750,1.843750,0.178212,4800
1980-03-24,0.000000,1.937500,1.843750,1.843750,0.178212,22400
1980-03-25,0.000000,1.906250,1.812500,1.812500,0.175192,14400
1980-03-26,1.812500,1.812500,1.812500,1.812500,0.175192,0
1980-03-27,0.000000,1.875000,1.781250,1.781250,0.172171,6400
1980-03-28,0.000000,1.843750,1.750000,1.750000,0.169151,16000
1980-03-31,0.000000,1.843750,1.750000,1.750000,0.169151,11200
1980-04-01,0.000000,1.843750,1.750000,1.750000,0.169151,8000
1980-04-02,0.000000,1.843750,1.750000,1.750000,0.169151,3200
1980-04-03,0.000000,1.843750,1.750000,1.750000,0.169151,17600
1980-04-07,0.000000,1.812500,1.718750,1.718750,0.166130,11200
1980-04-08,0.000000,1.812500,1.718750,1.718750,0.166130,8000
1980-04-09,0.000000,1.843750,1.750000,1.750000,0.169151,19200
1980-04-10,0.000000,1.875000,1.781250,1.781250,0.172171,11200
1980-04-11,0.000000,1.906250,1.812500,1.812500,0.175192,3200
1980-04-14,0.000000,1.875000,1.781250,1.781250,0.172171,19200
1980-04-15,0.000000,1.906250,1.812500,1.812500,0.175192,16000
1980-04-16,0.000000,1.906250,1.812500,1.812500,0.175192,8000
1980-04-17,0.000000,1.906250,1.812500,1.812500,0.175192,8000
1980-04-18,0.000000,1.906250,1.812500,1.812500,0.175192,8000
1980-04-21,0.000000,1.937500,1.843750,1.843750,0.178212,9600
1980-04-22,0.000000,1.968750,1.875000,1.875000,0.181233,24000
1980-04-23,0.000000,2.000000,1.906250,1.906250,0.184253,3200
1980-04-24,0.000000,2.000000,1.906250,1.906250,0.184253,8000
1980-04-25,1.906250,1.906250,1.906250,1.906250,0.184253,0
1980-04-28,0.000000,1.968750,1.875000,1.875000,0.181233,3200
1980-04-29,0.000000,2.000000,1.906250,1.906250,0.184253,3200
1980-04-30,0.000000,2.031250,1.937500,1.937500,0.187274,28800
1980-05-01,0.000000,2.031250,1.937500,1.937500,0.187274,11200
1980-05-02,0.000000,2.031250,1.937500,1.937500,0.187274,4800
1980-05-05,0.000000,2.031250,1.937500,1.937500,0.187274,3200
1980-05-06,0.000000,2.031250,1.937500,1.937500,0.187274,3200
1980-05-07,1.937500,1.937500,1.937500,1.937500,0.187274,0
1980-05-08,0.000000,2.062500,1.968750,1.968750,0.190295,3200
1980-05-09,0.000000,2.062500,1.968750,1.968750,0.190295,3200
1980-05-12,0.000000,2.093750,2.000000,2.000000,0.193315,1600
1980-05-13,0.000000,2.093750,2.000000,2.000000,0.193315,1600
1980-05-14,0.000000,2.093750,2.000000,2.000000,0.193315,6400
1980-05-15,0.000000,2.093750,2.000000,2.000000,0.193315,20800
1980-05-16,0.000000,2.156250,2.062500,2.062500,0.199356,14400
1980-05-19,0.000000,2.156250,2.062500,2.062500,0.199356,17600
1980-05-20,0.000000,2.218750,2.125000,2.125000,0.205397,8000
1980-05-21,0.000000,2.187500,2.093750,2.093750,0.202377,17600
1980-05-22,0.000000,2.218750,2.125000,2.125000,0.205397,16000
1980-05-23,0.000000,2.218750,2.125000,2.125000,0.205397,8000
1980-05-27,0.000000,2.218750,2.125000,2.125000,0.205397,11200
1980-05-28,0.000000,2.218750,2.125000,2.125000,0.205397,1600
1980-05-29,2.125000,2.125000,2.125000,2.125000,0.205397,0
1980-05-30,0.000000,2.218750,2.125000,2.125000,0.205397,9600
1980-06-02,0.000000,2.187500,2.093750,2.093750,0.202377,1600
1980-06-03,0.000000,2.187500,2.093750,2.093750,0.202377,4800
1980-06-04,0.000000,2.187500,2.093750,2.093750,0.202377,1600
1980-06-05,0.000000,2.218750,2.125000,2.125000,0.205397,9600
1980-06-06,0.000000,2.218750,2.125000,2.125000,0.205397,4800
1980-06-09,0.000000,2.218750,2.125000,2.125000,0.205397,17600
1980-06-10,2.125000,2.125000,2.125000,2.125000,0.205397,0
1980-06-11,0.000000,2.187500,2.093750,2.093750,0.202377,6400
1980-06-12,0.000000,2.187500,2.093750,2.093750,0.202377,1600
1980-06-13,2.093750,2.093750,2.093750,2.093750,0.202377,0
1980-06-16,2.093750,2.093750,2.093750,2.093750,0.202377,0
1980-06-17,0.000000,2.156250,2.062500,2.062500,0.199356,12800
1980-06-18,0.000000,2.125000,2.031250,2.031250,0.196336,6400
1980-06-19,0.000000,2.125000,2.031250,2.031250,0.196336,12800
1980-06-20,0.000000,2.125000,2.031250,2.031250,0.196336,3200
1980-06-23,0.000000,2.125000,2.031250,2.031250,0.196336,6400
1980-06-24,0.000000,2.125000,2.031250,2.031250,0.196336,4800
1980-06-25,0.000000,2.125000,2.031250,2.031250,0.196336,12800
1980-06-26,2.031250,2.031250,2.031250,2.031250,0.196336,0
1980-06-27,0.000000,2.125000,2.031250,2.031250,0.196336,9600
1980-06-30,0.000000,2.125000,2.031250,2.031250,0.196336,3200
1980-07-01,0.000000,2.187500,2.093750,2.093750,0.202377,22400
1980-07-02,0.000000,2.187500,2.093750,2.093750,0.202377,1600
1980-07-03,2.093750,2.093750,2.093750,2.093750,0.202377,0
1980-07-07,0.000000,2.156250,2.093750,2.093750,0.202377,8000
1980-07-08,0.000000,2.156250,2.093750,2.093750,0.202377,1600
1980-07-09,0.000000,2.156250,2.125000,2.125000,0.205397,9600
1980-07-10,0.000000,2.156250,2.093750,2.093750,0.202377,9600
1980-07-11,2.093750,2.093750,2.093750,2.093750,0.202377,0
1980-07-14,0.000000,2.187500,2.109375,2.109375,0.203887,9600
1980-07-15,0.000000,2.187500,2.109375,2.109375,0.203887,4800
1980-07-16,0.000000,2.187500,2.140625,2.140625,0.206907,1600
1980-07-17,0.000000,2.187500,2.125000,2.125000,0.205397,1600
1980-07-18,0.000000,2.218750,2.156250,2.156250,0.208418,3200
1980-07-21,2.156250,2.156250,2.156250,2.156250,0.208418,0
1980-07-22,0.000000,2.234375,2.187500,2.187500,0.211438,30400
1980-07-23,0.000000,2.250000,2.187500,2.187500,0.211438,3200
1980-07-24,0.000000,2.234375,2.187500,2.187500,0.211438,6400
1980-07-25,0.000000,2.218750,2.156250,2.156250,0.208418,9600
1980-07-28,0.000000,2.187500,2.125000,2.125000,0.205397,14400
1980-07-29,0.000000,2.187500,2.125000,2.125000,0.205397,3200
1980-07-30,0.000000,2.187500,2.125000,2.125000,0.205397,8000
1980-07-31,0.000000,2.156250,2.093750,2.093750,0.202377,1600
1980-08-01,2.093750,2.093750,2.093750,2.093750,0.202377,0
1980-08-04,0.000000,2.125000,2.062500,2.062500,0.199356,8000
1980-08-05,0.000000,2.125000,2.062500,2.062500,0.199356,11200
1980-08-06,0.000000,2.125000,2.062500,2.062500,0.199356,28800
1980-08-07,0.000000,2.125000,2.062500,2.062500,0.199356,30400
1980-08-08,0.000000,2.125000,2.062500,2.062500,0.199356,28800
1980-08-11,0.000000,2.156250,2.062500,2.062500,0.199356,9600
1980-08-12,0.000000,2.187500,2.093750,2.093750,0.202377,9600
1980-08-13,2.093750,2.093750,2.093750,2.093750,0.202377,0
1980-08-14,2.093750,2.093750,2.093750,2.093750,0.202377,0
1980-08-15,0.000000,2.187500,2.125000,2.125000,0.205397,4800
1980-08-18,2.125000,2.125000,2.125000,2.125000,0.205397,0
1980-08-19,0.000000,2.187500,2.125000,2.125000,0.205397,1600
1980-08-20,0.000000,2.187500,2.125000,2.125000,0.205397,8000
1980-08-21,0.000000,2.187500,2.125000,2.125000,0.205397,6400
1980-08-22,0.000000,2.187500,2.125000,2.125000,0.205397,9600
1980-08-25,2.125000,2.125000,2.125000,2.125000,0.205397,0
1980-08-26,0.000000,2.218750,2.125000,2.125000,0.205397,1600
1980-08-27,0.000000,2.187500,2.125000,2.125000,0.205397,6400
1980-08-28,0.000000,2.218750,2.125000,2.125000,0.205397,8000
1980-08-29,2.125000,2.125000,2.125000,2.125000,0.205397,0
1980-09-02,0.000000,2.218750,2.125000,2.125000,0.205397,1600
1980-09-03,2.125000,2.125000,2.125000,2.125000,0.205397,0
1980-09-04,0.000000,2.218750,2.125000,2.125000,0.205397,6400
1980-09-05,2.125000,2.125000,2.125000,2.125000,0.205397,0
1980-09-08,0.000000,2.187500,2.125000,2.125000,0.205397,4800
1980-09-09,0.000000,2.187500,2.140625,2.140625,0.206907,12800
1980-09-10,0.000000,2.187500,2.125000,2.125000,0.205397,6400
1980-09-11,0.000000,2.187500,2.125000,2.125000,0.205397,3200
1980-09-12,0.000000,2.187500,2.140625,2.140625,0.206907,30400
1980-09-15,0.000000,2.187500,2.140625,2.140625,0.206907,4800
1980-09-16,0.000000,2.187500,2.140625,2.140625,0.206907,6400
1980-09-17,0.000000,2.156250,2.125000,2.125000,0.205397,14400
1980-09-18,2.125000,2.125000,2.125000,2.125000,0.205397,0
1980-09-19,2.125000,2.125000,2.125000,2.125000,0.205397,0
1980-09-22,2.125000,2.125000,2.125000,2.125000,0.205397,0
1980-09-23,0.000000,2.156250,2.093750,2.093750,0.202377,11200
1980-09-24,0.000000,2.125000,2.062500,2.062500,0.199356,14400
1980-09-25,0.000000,2.109375,2.031250,2.031250,0.196336,17600
1980-09-26,0.000000,2.109375,2.031250,2.031250,0.196336,1600
1980-09-29,0.000000,2.031250,1.968750,1.968750,0.190295,38400
1980-09-30,0.000000,2.000000,1.937500,1.937500,0.187274,28800
1980-10-01,0.000000,2.000000,1.937500,1.937500,0.187274,20800
1980-10-02,0.000000,2.000000,1.937500,1.937500,0.187274,3200
1980-10-03,0.000000,2.000000,1.937500,1.937500,0.187274,9600
1980-10-06,0.000000,2.000000,1.937500,1.937500,0.187274,1600
1980-10-07,0.000000,2.000000,1.937500,1.937500,0.187274,4800
1980-10-08,0.000000,2.000000,1.937500,1.937500,0.187274,11200
1980-10-09,0.000000,2.000000,1.937500,1.937500,0.187274,9600
1980-10-10,0.000000,2.000000,1.968750,1.968750,0.190295,3200
1980-10-13,1.968750,1.968750,1.968750,1.968750,0.190295,0
1980-10-14,0.000000,2.031250,1.968750,1.968750,0.190295,4800
1980-10-15,1.968750,1.968750,1.968750,1.968750,0.190295,0
1980-10-16,0.000000,2.062500,1.968750,1.968750,0.190295,11200
1980-10-17,0.000000,2.062500,1.968750,1.968750,0.190295,16000
1980-10-20,0.000000,2.062500,1.968750,1.968750,0.190295,3200
1980-10-21,0.000000,2.062500,2.000000,2.000000,0.193315,14400
1980-10-22,0.000000,2.062500,2.000000,2.000000,0.193315,4800
1980-10-23,0.000000,2.031250,1.968750,1.968750,0.190295,14400
1980-10-24,0.000000,2.000000,1.937500,1.937500,0.187274,3200
1980-10-27,0.000000,1.968750,1.906250,1.906250,0.184253,8000
1980-10-28,0.000000,1.968750,1.906250,1.906250,0.184253,4800
1980-10-29,0.000000,1.968750,1.906250,1.906250,0.184253,6400
1980-10-30,0.000000,1.937500,1.875000,1.875000,0.181233,14400
1980-10-31,0.000000,1.937500,1.875000,1.875000,0.181233,8000
1980-11-03,1.875000,1.875000,1.875000,1.875000,0.181233,0
1980-11-05,0.000000,1.937500,1.875000,1.875000,0.181233,11200
1980-11-06,0.000000,1.968750,1.875000,1.875000,0.181233,19200
1980-11-07,0.000000,1.968750,1.875000,1.875000,0.181233,3200
1980-11-10,0.000000,1.968750,1.875000,1.875000,0.181233,1600
1980-11-11,0.000000,1.968750,1.875000,1.875000,0.181233,1600
1980-11-12,0.000000,1.968750,1.906250,1.906250,0.184253,9600
1980-11-13,0.000000,2.000000,1.937500,1.937500,0.187274,4800
1980-11-14,0.000000,2.000000,1.937500,1.937500,0.187274,16000
1980-11-17,0.000000,2.000000,1.937500,1.937500,0.187274,17600
1980-11-18,0.000000,2.000000,1.937500,1.937500,0.187274,9600
1980-11-19,0.000000,2.000000,1.937500,1.937500,0.187274,6400
1980-11-20,0.000000,1.968750,1.906250,1.906250,0.184253,19200
1980-11-21,0.000000,1.906250,1.875000,1.875000,0.181233,14400
1980-11-24,0.000000,1.906250,1.875000,1.875000,0.181233,16000
1980-11-25,0.000000,1.937500,1.875000,1.875000,0.181233,8000
1980-11-26,0.000000,1.906250,1.843750,1.843750,0.178212,33600
1980-11-28,1.843750,1.843750,1.843750,1.843750,0.178212,0
1980-12-01,0.000000,1.906250,1.812500,1.812500,0.175192,20800
1980-12-02,0.000000,1.906250,1.812500,1.812500,0.175192,20800
1980-12-03,0.000000,1.906250,1.843750,1.843750,0.178212,3200
1980-12-04,0.000000,1.906250,1.843750,1.843750,0.178212,14400
1980-12-05,0.000000,1.906250,1.843750,1.843750,0.178212,1600
1980-12-08,0.000000,1.875000,1.812500,1.812500,0.175192,16000
1980-12-09,0.000000,1.890625,1.812500,1.812500,0.175192,4800
1980-12-10,0.000000,1.781250,1.718750,1.718750,0.166130,27200
1980-12-11,0.000000,1.781250,1.718750,1.718750,0.166130,8000
1980-12-12,0.000000,1.781250,1.750000,1.750000,0.169151,6400
1980-12-15,0.000000,1.781250,1.703125,1.703125,0.164620,12800
1980-12-16,0.000000,1.750000,1.687500,1.687500,0.163109,9600
1980-12-17,0.000000,1.750000,1.687500,1.687500,0.163109,27200
1980-12-18,0.000000,1.781250,1.718750,1.718750,0.166130,4800
1980-12-19,0.000000,1.812500,1.750000,1.750000,0.169151,6400
1980-12-22,0.000000,1.843750,1.812500,1.812500,0.175192,30400
1980-12-23,0.000000,1.875000,1.812500,1.812500,0.175192,19200
1980-12-24,0.000000,1.906250,1.843750,1.843750,0.178212,27200
1980-12-26,1.843750,1.843750,1.843750,1.843750,0.178212,0
1980-12-29,0.000000,1.937500,1.843750,1.843750,0.178212,9600
1980-12-30,0.000000,1.937500,1.843750,1.843750,0.178212,1600
1980-12-31,1.843750,1.843750,1.843750,1.843750,0.178212,0
1981-01-02,0.000000,1.937500,1.843750,1.843750,0.178212,1600
1981-01-05,0.000000,1.937500,1.875000,1.875000,0.181233,19200
1981-01-06,0.000000,1.968750,1.937500,1.937500,0.187274,4800
1981-01-07,0.000000,1.968750,1.906250,1.906250,0.184253,8000
1981-01-08,0.000000,1.968750,1.937500,1.937500,0.187274,6400
1981-01-09,0.000000,1.968750,1.937500,1.937500,0.187274,3200
1981-01-12,0.000000,2.000000,1.921875,1.921875,0.185764,3200
1981-01-13,0.000000,2.000000,1.968750,1.968750,0.190295,8000
1981-01-14,0.000000,2.000000,1.937500,1.937500,0.187274,6400
1981-01-15,0.000000,2.000000,1.937500,1.937500,0.187274,1600
1981-01-16,0.000000,2.000000,1.937500,1.937500,0.187274,4800
1981-01-19,0.000000,2.031250,1.968750,1.968750,0.190295,9600
1981-01-20,0.000000,2.062500,1.968750,1.968750,0.190295,1600
1981-01-21,0.000000,2.062500,1.968750,1.968750,0.190295,4800
1981-01-22,0.000000,2.062500,1.968750,1.968750,0.190295,3200
1981-01-23,0.000000,2.031250,1.968750,1.968750,0.190295,1600
1981-01-26,0.000000,2.031250,1.968750,1.968750,0.190295,3200
1981-01-27,0.000000,2.031250,1.968750,1.968750,0.190295,1600
1981-01-28,0.000000,2.031250,2.000000,2.000000,0.193315,3200
1981-01-29,0.000000,2.062500,2.031250,2.031250,0.196336,14400
1981-01-30,0.000000,2.093750,2.031250,2.031250,0.196336,6400
1981-02-02,0.000000,2.093750,2.031250,2.031250,0.196336,6400
1981-02-03,0.000000,2.125000,2.031250,2.031250,0.196336,19200
1981-02-04,0.000000,2.125000,2.046875,2.046875,0.197846,20800
1981-02-05,0.000000,2.125000,2.046875,2.046875,0.197846,16000
1981-02-06,0.000000,2.125000,2.046875,2.046875,0.197846,1600
1981-02-09,2.046875,2.046875,2.046875,2.046875,0.197846,0
1981-02-10,0.000000,2.125000,2.078125,2.078125,0.200866,6400
1981-02-11,0.000000,2.171875,2.093750,2.093750,0.202377,9600
1981-02-12,0.000000,2.171875,2.093750,2.093750,0.202377,1600
1981-02-13,2.093750,2.093750,2.093750,2.093750,0.202377,0
1981-02-17,0.000000,2.187500,2.109375,2.109375,0.203887,14400
1981-02-18,0.000000,2.187500,2.109375,2.109375,0.203887,11200
1981-02-19,0.000000,2.187500,2.125000,2.125000,0.205397,8000
1981-02-20,0.000000,2.203125,2.125000,2.125000,0.205397,14400
1981-02-23,0.000000,2.218750,2.140625,2.140625,0.206907,6400
1981-02-24,0.000000,2.218750,2.140625,2.140625,0.206907,6400
1981-02-25,0.000000,2.218750,2.156250,2.156250,0.208418,6400
1981-02-26,0.000000,2.218750,2.156250,2.156250,0.208418,4800
1981-02-27,0.000000,2.218750,2.156250,2.156250,0.208418,11200
1981-03-02,0.000000,2.218750,2.156250,2.156250,0.208418,17600
1981-03-03,0.000000,2.218750,2.156250,2.156250,0.208418,4800
1981-03-04,0.000000,2.218750,2.156250,2.156250,0.208418,12800
1981-03-05,2.156250,2.156250,2.156250,2.156250,0.208418,0
1981-03-06,0.000000,2.218750,2.156250,2.156250,0.208418,4800
1981-03-09,2.156250,2.156250,2.156250,2.156250,0.208418,0
1981-03-10,0.000000,2.250000,2.187500,2.187500,0.211438,22400
1981-03-11,0.000000,2.250000,2.187500,2.187500,0.211438,8000
1981-03-12,0.000000,2.218750,2.156250,2.156250,0.208418,6400
1981-03-13,2.156250,2.156250,2.156250,2.156250,0.208418,0
1981-03-16,0.000000,2.218750,2.156250,2.156250,0.208418,4800
1981-03-17,0.000000,2.218750,2.156250,2.156250,0.208418,6400
1981-03-18,0.000000,2.187500,2.125000,2.125000,0.205397,11200
1981-03-19,0.000000,2.156250,2.062500,2.062500,0.199356,25600
1981-03-20,0.000000,2.125000,2.031250,2.031250,0.196336,27200
1981-03-23,0.000000,2.093750,2.031250,2.031250,0.196336,3200
1981-03-24,0.000000,2.093750,2.031250,2.031250,0.196336,19200
1981-03-25,0.000000,2.093750,2.031250,2.031250,0.196336,9600
1981-03-26,0.000000,2.093750,2.000000,2.000000,0.193315,12800
1981-03-27,0.000000,2.093750,2.031250,2.031250,0.196336,8000
1981-03-30,0.000000,2.062500,2.031250,2.031250,0.196336,4800
1981-03-31,0.000000,2.062500,1.968750,1.968750,0.190295,9600
1981-04-01,0.000000,2.062500,1.968750,1.968750,0.190295,4800
1981-04-02,0.000000,2.062500,1.968750,1.968750,0.190295,1600
1981-04-03,0.000000,2.062500,1.968750,1.968750,0.190295,4800
1981-04-06,0.000000,2.000000,1.906250,1.906250,0.184253,46400
1981-04-07,0.000000,1.968750,1.906250,1.906250,0.184253,9600
1981-04-08,0.000000,1.968750,1.906250,1.906250,0.184253,6400
1981-04-09,0.000000,2.000000,1.906250,1.906250,0.184253,3200
1981-04-10,0.000000,2.000000,1.937500,1.937500,0.187274,35200
1981-04-13,1.937500,1.937500,1.937500,1.937500,0.187274,0
1981-04-14,0.000000,2.031250,1.937500,1.937500,0.187274,20800
1981-04-15,0.000000,2.031250,1.968750,1.968750,0.190295,1600
1981-04-16,0.000000,2.062500,2.000000,2.000000,0.193315,16000
1981-04-20,0.000000,2.093750,2.015625,2.015625,0.194825,19200
1981-04-21,0.000000,2.109375,2.031250,2.031250,0.196336,19200
1981-04-22,0.000000,2.093750,2.031250,2.031250,0.196336,19200
1981-04-23,0.000000,2.109375,2.031250,2.031250,0.196336,1600
1981-04-24,0.000000,2.093750,2.031250,2.031250,0.196336,1600
1981-04-27,0.000000,2.093750,2.031250,2.031250,0.196336,4800
1981-04-28,0.000000,2.093750,2.031250,2.031250,0.196336,8000
1981-04-29,0.000000,2.093750,2.000000,2.000000,0.193315,8000
1981-04-30,0.000000,2.093750,2.031250,2.031250,0.196336,19200
1981-05-01,0.000000,2.093750,2.031250,2.031250,0.196336,1600
1981-05-04,0.000000,2.093750,2.031250,2.031250,0.196336,3200
1981-05-05,0.000000,2.093750,2.031250,2.031250,0.196336,8000
1981-05-06,2.031250,2.031250,2.031250,2.031250,0.196336,0
1981-05-07,0.000000,2.093750,2.031250,2.031250,0.196336,6400
1981-05-08,0.000000,2.093750,2.031250,2.031250,0.196336,6400
1981-05-11,0.000000,2.062500,2.015625,2.015625,0.194825,11200
1981-05-12,0.000000,2.062500,2.000000,2.000000,0.193315,16000
1981-05-13,0.000000,2.062500,2.000000,2.000000,0.193315,1600
1981-05-14,2.000000,2.000000,2.000000,2.000000,0.193315,0
1981-05-15,0.000000,2.093750,2.015625,2.015625,0.194825,11200
1981-05-18,0.000000,2.093750,2.000000,2.000000,0.193315,3200
1981-05-19,0.000000,2.093750,2.000000,2.000000,0.193315,11200
1981-05-20,0.000000,2.093750,2.000000,2.000000,0.193315,4800
1981-05-21,0.000000,2.062500,2.000000,2.000000,0.193315,6400
1981-05-22,0.000000,2.062500,2.000000,2.000000,0.193315,3200
1981-05-26,0.000000,2.062500,2.000000,2.000000,0.193315,6400
1981-05-27,0.000000,2.062500,2.000000,2.000000,0.193315,35200
1981-05-28,0.000000,2.062500,1.968750,1.968750,0.190295,4800
1981-05-29,0.000000,2.031250,1.968750,1.968750,0.190295,33600
1981-06-01,0.000000,2.031250,1.968750,1.968750,0.190295,11200
1981-06-02,0.000000,2.031250,1.968750,1.968750,0.190295,6400
1981-06-03,0.000000,2.031250,1.968750,1.968750,0.190295,20800
1981-06-04,0.000000,2.062500,2.000000,2.000000,0.193315,16000
1981-06-05,0.000000,2.062500,2.000000,2.000000,0.193315,33600
1981-06-08,0.000000,2.062500,2.000000,2.000000,0.193315,1600
1981-06-09,0.000000,2.062500,2.000000,2.000000,0.193315,3200
1981-06-10,0.000000,2.093750,2.000000,2.000000,0.193315,6400
1981-06-11,0.000000,2.093750,2.000000,2.000000,0.193315,12800
1981-06-12,0.000000,2.093750,2.031250,2.031250,0.196336,6400
1981-06-15,0.000000,2.093750,2.031250,2.031250,0.196336,3200
1981-06-16,0.000000,2.078125,2.031250,2.031250,0.196336,11200
1981-06-17,0.000000,2.062500,2.031250,2.031250,0.196336,4800
1981-06-18,0.000000,2.062500,2.000000,2.000000,0.193315,8000
1981-06-19,0.000000,2.062500,2.000000,2.000000,0.193315,11200
1981-06-22,0.000000,2.062500,2.000000,2.000000,0.193315,9600
1981-06-23,0.000000,2.062500,2.000000,2.000000,0.193315,17600
1981-06-24,0.000000,2.062500,2.000000,2.000000,0.193315,4800
1981-06-25,0.000000,2.062500,2.000000,2.000000,0.193315,8000
1981-06-26,0.000000,2.062500,2.000000,2.000000,0.193315,11200
1981-06-29,0.000000,2.031250,1.968750,1.968750,0.190295,16000
1981-06-30,0.000000,2.031250,1.968750,1.968750,0.190295,9600
1981-07-01,0.000000,2.031250,2.000000,2.000000,0.193315,20800
1981-07-02,0.000000,2.062500,2.000000,2.000000,0.193315,3200
1981-07-06,0.000000,2.093750,2.031250,2.031250,0.196336,20800
1981-07-07,0.000000,2.093750,2.031250,2.031250,0.196336,3200
1981-07-08,0.000000,2.093750,2.031250,2.031250,0.196336,3200
1981-07-09,0.000000,2.093750,2.031250,2.031250,0.196336,9600
1981-07-10,0.000000,2.093750,2.031250,2.031250,0.196336,6400
1981-07-13,0.000000,2.125000,2.031250,2.031250,0.196336,1600
1981-07-14,0.000000,2.125000,2.062500,2.062500,0.199356,19200
1981-07-15,0.000000,2.156250,2.062500,2.062500,0.199356,20800
1981-07-16,0.000000,2.156250,2.093750,2.093750,0.202377,6400
1981-07-17,0.000000,2.218750,2.125000,2.125000,0.205397,6400
1981-07-20,0.000000,2.156250,2.093750,2.093750,0.202377,14400
1981-07-21,0.000000,2.093750,2.000000,2.000000,0.193315,43200
1981-07-22,0.000000,2.093750,2.000000,2.000000,0.193315,12800
1981-07-23,0.000000,2.093750,2.015625,2.015625,0.194825,9600
1981-07-24,0.000000,2.125000,2.031250,2.031250,0.196336,12800
1981-07-27,0.000000,2.093750,2.031250,2.031250,0.196336,8000
1981-07-28,0.000000,2.093750,2.031250,2.031250,0.196336,3200
1981-07-29,0.000000,2.093750,2.031250,2.031250,0.196336,22400
1981-07-30,0.000000,2.125000,2.031250,2.031250,0.196336,3200
1981-07-31,0.000000,2.125000,2.031250,2.031250,0.196336,3200
1981-08-03,0.000000,2.125000,2.031250,2.031250,0.196336,6400
1981-08-04,0.000000,2.125000,2.046875,2.046875,0.197846,4800
1981-08-05,0.000000,2.140625,2.062500,2.062500,0.199356,8000
1981-08-06,0.000000,2.156250,2.078125,2.078125,0.200866,3200
1981-08-07,0.000000,2.171875,2.093750,2.093750,0.202377,11200
1981-08-10,2.093750,2.093750,2.093750,2.093750,0.202377,0
1981-08-11,0.000000,2.250000,2.156250,2.156250,0.208418,40000
1981-08-12,0.000000,2.218750,2.156250,2.156250,0.208418,1600
1981-08-13,0.000000,2.250000,2.171875,2.171875,0.209928,25600
1981-08-14,0.000000,2.250000,2.171875,2.171875,0.209928,19200
1981-08-17,0.000000,2.250000,2.171875,2.171875,0.209928,19200
1981-08-18,0.000000,2.250000,2.171875,2.171875,0.209928,11200
1981-08-19,0.000000,2.250000,2.171875,2.171875,0.209928,20800
1981-08-20,0.000000,2.250000,2.171875,2.171875,0.209928,8000
1981-08-21,0.000000,2.250000,2.171875,2.171875,0.209928,17600
1981-08-24,0.000000,2.218750,2.171875,2.171875,0.209928,33600
1981-08-25,0.000000,2.218750,2.171875,2.171875,0.209928,1600
1981-08-26,2.171875,2.171875,2.171875,2.171875,0.209928,0
1981-08-27,0.000000,2.218750,2.140625,2.140625,0.206907,3200
1981-08-28,0.000000,2.218750,2.140625,2.140625,0.206907,3200
1981-08-31,0.000000,2.218750,2.140625,2.140625,0.206907,3200
1981-09-01,0.000000,2.218750,2.140625,2.140625,0.206907,8000
1981-09-02,0.000000,2.218750,2.140625,2.140625,0.206907,1600
1981-09-03,0.000000,2.156250,2.125000,2.125000,0.205397,4800
1981-09-04,0.000000,2.156250,2.078125,2.078125,0.200866,1600
1981-09-08,0.000000,2.156250,2.078125,2.078125,0.200866,1600
1981-09-09,0.000000,2.156250,2.062500,2.062500,0.199356,1600
1981-09-10,2.062500,2.062500,2.062500,2.062500,0.199356,0
1981-09-11,0.000000,2.156250,2.078125,2.078125,0.200866,3200
1981-09-14,0.000000,2.156250,2.078125,2.078125,0.200866,3200
1981-09-15,0.000000,2.156250,2.078125,2.078125,0.200866,6400
1981-09-16,2.078125,2.078125,2.078125,2.078125,0.200866,0
1981-09-17,0.000000,2.093750,2.031250,2.031250,0.196336,9600
1981-09-18,2.031250,2.031250,2.031250,2.031250,0.196336,0
1981-09-21,0.000000,2.031250,2.000000,2.000000,0.193315,20800
1981-09-22,0.000000,2.062500,2.000000,2.000000,0.193315,16000
1981-09-23,0.000000,2.031250,1.968750,1.968750,0.190295,8000
1981-09-24,1.968750,1.968750,1.968750,1.968750,0.190295,0
1981-09-25,0.000000,1.968750,1.906250,1.906250,0.184253,16000
1981-09-28,0.000000,1.937500,1.875000,1.875000,0.181233,17600
1981-09-29,0.000000,1.968750,1.906250,1.906250,0.184253,19200
1981-09-30,0.000000,2.000000,1.937500,1.937500,0.187274,11200
1981-10-01,0.000000,2.031250,1.937500,1.937500,0.187274,11200
1981-10-02,0.000000,2.062500,2.000000,2.000000,0.193315,8000
1981-10-05,0.000000,2.062500,2.000000,2.000000,0.193315,3200
1981-10-06,0.000000,2.062500,2.000000,2.000000,0.193315,12800
1981-10-07,0.000000,2.062500,2.000000,2.000000,0.193315,8000
1981-10-08,0.000000,2.125000,2.062500,2.062500,0.199356,27200
1981-10-09,0.000000,2.125000,2.062500,2.062500,0.199356,22400
1981-10-12,0.000000,2.125000,2.062500,2.062500,0.199356,9600
1981-10-13,0.000000,2.125000,2.062500,2.062500,0.199356,1600
1981-10-14,0.000000,2.093750,2.031250,2.031250,0.196336,4800
1981-10-15,0.000000,2.062500,2.000000,2.000000,0.193315,12800
1981-10-16,0.000000,2.062500,2.000000,2.000000,0.193315,1600
1981-10-19,0.000000,2.062500,2.000000,2.000000,0.193315,1600
1981-10-20,0.000000,2.062500,2.000000,2.000000,0.193315,1600
1981-10-21,0.000000,2.062500,2.000000,2.000000,0.193315,3200
1981-10-22,0.000000,2.062500,1.984375,1.984375,0.191805,4800
1981-10-23,0.000000,2.062500,1.984375,1.984375,0.191805,8000
1981-10-26,0.000000,2.031250,1.984375,1.984375,0.191805,9600
1981-10-27,0.000000,2.031250,1.968750,1.968750,0.190295,6400
1981-10-28,0.000000,2.031250,1.953125,1.953125,0.188784,1600
1981-10-29,0.000000,2.031250,1.953125,1.953125,0.188784,3200
1981-10-30,0.000000,2.031250,1.953125,1.953125,0.188784,1600
1981-11-02,0.000000,2.031250,1.953125,1.953125,0.188784,11200
1981-11-03,0.000000,2.046875,2.000000,2.000000,0.193315,3200
1981-11-04,0.000000,2.062500,2.000000,2.000000,0.193315,19200
1981-11-05,0.000000,2.062500,1.984375,1.984375,0.191805,4800
1981-11-06,0.000000,2.062500,2.000000,2.000000,0.193315,14400
1981-11-09,0.000000,2.125000,2.062500,2.062500,0.199356,36800
1981-11-10,0.000000,2.156250,2.093750,2.093750,0.202377,20800
1981-11-11,0.000000,2.156250,2.093750,2.093750,0.202377,8000
1981-11-12,0.000000,2.187500,2.125000,2.125000,0.205397,11200
1981-11-13,0.000000,2.187500,2.125000,2.125000,0.205397,4800
1981-11-16,0.000000,2.187500,2.125000,2.125000,0.205397,4800
1981-11-17,0.000000,2.187500,2.125000,2.125000,0.205397,11200
1981-11-18,0.000000,2.187500,2.125000,2.125000,0.205397,3200
1981-11-19,0.000000,2.187500,2.140625,2.140625,0.206907,17600
1981-11-20,0.000000,2.281250,2.218750,2.218750,0.214459,32000
1981-11-23,0.000000,2.312500,2.250000,2.250000,0.217479,8000
1981-11-24,0.000000,2.312500,2.250000,2.250000,0.217479,11200
1981-11-25,0.000000,2.312500,2.250000,2.250000,0.217479,4800
1981-11-27,0.000000,2.312500,2.218750,2.218750,0.214459,12800
1981-11-30,0.000000,2.312500,2.218750,2.218750,0.214459,3200
1981-12-01,0.000000,2.312500,2.250000,2.250000,0.217479,6400
1981-12-02,0.000000,2.312500,2.250000,2.250000,0.217479,3200
1981-12-03,0.000000,2.375000,2.312500,2.312500,0.223520,14400
1981-12-04,0.000000,2.406250,2.328125,2.328125,0.225031,16000
1981-12-07,2.328125,2.328125,2.328125,2.328125,0.225031,0
1981-12-08,0.000000,2.406250,2.343750,2.343750,0.226541,8000
1981-12-09,0.000000,2.375000,2.312500,2.312500,0.223520,4800
1981-12-10,2.312500,2.312500,2.312500,2.312500,0.223520,0
1981-12-11,0.000000,2.375000,2.312500,2.312500,0.223520,12800
1981-12-14,0.000000,2.343750,2.281250,2.281250,0.220500,4800
1981-12-15,0.000000,2.343750,2.281250,2.281250,0.220500,17600
1981-12-16,0.000000,2.343750,2.281250,2.281250,0.220500,11200
1981-12-17,0.000000,2.343750,2.281250,2.281250,0.220500,3200
1981-12-18,0.000000,2.343750,2.281250,2.281250,0.220500,4800
1981-12-21,0.000000,2.343750,2.281250,2.281250,0.220500,3200
1981-12-22,2.281250,2.281250,2.281250,2.281250,0.220500,0
1981-12-23,2.281250,2.281250,2.281250,2.281250,0.220500,0
1981-12-24,2.281250,2.281250,2.281250,2.281250,0.220500,0
1981-12-28,2.281250,2.281250,2.281250,2.281250,0.220500,0
1981-12-29,0.000000,2.312500,2.250000,2.250000,0.217479,4800
1981-12-30,0.000000,2.281250,2.218750,2.218750,0.214459,6400
1981-12-31,0.000000,2.281250,2.218750,2.218750,0.214459,17600
1982-01-04,0.000000,2.312500,2.250000,2.250000,0.217479,17600
1982-01-05,0.000000,2.312500,2.250000,2.250000,0.217479,8000
1982-01-06,0.000000,2.375000,2.312500,2.312500,0.223520,12800
1982-01-07,0.000000,2.375000,2.312500,2.312500,0.223520,1600
1982-01-08,0.000000,2.375000,2.312500,2.312500,0.223520,4800
1982-01-11,0.000000,2.343750,2.250000,2.250000,0.217479,4800
1982-01-12,0.000000,2.312500,2.250000,2.250000,0.217479,4800
1982-01-13,0.000000,2.312500,2.250000,2.250000,0.217479,6400
1982-01-14,0.000000,2.312500,2.250000,2.250000,0.217479,6400
1982-01-15,0.000000,2.312500,2.250000,2.250000,0.217479,3200
1982-01-18,0.000000,2.312500,2.250000,2.250000,0.217479,9600
1982-01-19,2.250000,2.250000,2.250000,2.250000,0.217479,0
1982-01-20,0.000000,2.312500,2.250000,2.250000,0.217479,1600
1982-01-21,0.000000,2.312500,2.250000,2.250000,0.217479,4800
1982-01-22,0.000000,2.312500,2.250000,2.250000,0.217479,11200
1982-01-25,0.000000,2.312500,2.218750,2.218750,0.214459,9600
1982-01-26,2.218750,2.218750,2.218750,2.218750,0.214459,0
1982-01-27,0.000000,2.312500,2.218750,2.218750,0.214459,9600
1982-01-28,0.000000,2.375000,2.312500,2.312500,0.223520,12800
1982-01-29,0.000000,2.406250,2.343750,2.343750,0.226541,12800
1982-02-01,0.000000,2.375000,2.312500,2.312500,0.223520,8000
1982-02-02,0.000000,2.375000,2.328125,2.328125,0.225031,19200
1982-02-03,0.000000,2.406250,2.343750,2.343750,0.226541,4800
1982-02-04,0.000000,2.406250,2.343750,2.343750,0.226541,3200
1982-02-05,0.000000,2.406250,2.328125,2.328125,0.225031,4800
1982-02-08,0.000000,2.343750,2.281250,2.281250,0.220500,1600
1982-02-09,0.000000,2.343750,2.312500,2.312500,0.223520,6400
1982-02-10,0.000000,2.343750,2.281250,2.281250,0.220500,12800
1982-02-11,0.000000,2.343750,2.281250,2.281250,0.220500,8000
1982-02-12,0.000000,2.343750,2.281250,2.281250,0.220500,6400
1982-02-16,0.000000,2.343750,2.281250,2.281250,0.220500,11200
1982-02-17,0.000000,2.343750,2.281250,2.281250,0.220500,16000
1982-02-18,0.000000,2.343750,2.281250,2.281250,0.220500,8000
1982-02-19,0.000000,2.281250,2.218750,2.218750,0.214459,19200
1982-02-22,0.000000,2.281250,2.218750,2.218750,0.214459,30400
1982-02-23,0.000000,2.281250,2.218750,2.218750,0.214459,4800
1982-02-24,0.000000,2.281250,2.218750,2.218750,0.214459,8000
1982-02-25,0.000000,2.312500,2.250000,2.250000,0.217479,3200
1982-02-26,0.000000,2.312500,2.250000,2.250000,0.217479,32000
1982-03-01,0.000000,2.343750,2.281250,2.281250,0.220500,9600
1982-03-02,0.000000,2.343750,2.281250,2.281250,0.220500,11200
1982-03-03,0.000000,2.343750,2.281250,2.281250,0.220500,49600
1982-03-04,0.000000,2.312500,2.250000,2.250000,0.217479,8000
1982-03-05,0.000000,2.312500,2.250000,2.250000,0.217479,8000
1982-03-08,0.000000,2.312500,2.250000,2.250000,0.217479,1600
1982-03-09,0.000000,2.312500,2.218750,2.218750,0.214459,20800
1982-03-10,0.000000,2.312500,2.281250,2.281250,0.220500,11200
1982-03-11,0.000000,2.312500,2.281250,2.281250,0.220500,12800
1982-03-12,0.000000,2.312500,2.281250,2.281250,0.220500,14400
1982-03-15,0.000000,2.312500,2.218750,2.218750,0.214459,6400
1982-03-16,0.000000,2.312500,2.250000,2.250000,0.217479,9600
1982-03-17,0.000000,2.312500,2.250000,2.250000,0.217479,1600
1982-03-18,0.000000,2.312500,2.250000,2.250000,0.217479,3200
1982-03-19,0.000000,2.312500,2.250000,2.250000,0.217479,1600
1982-03-22,0.000000,2.312500,2.250000,2.250000,0.217479,6400
1982-03-23,0.000000,2.312500,2.250000,2.250000,0.217479,1600
1982-03-24,0.000000,2.312500,2.234375,2.234375,0.215969,3200
1982-03-25,0.000000,2.312500,2.234375,2.234375,0.215969,1600
1982-03-26,0.000000,2.312500,2.218750,2.218750,0.214459,14400
1982-03-29,0.000000,2.312500,2.218750,2.218750,0.214459,12800
1982-03-30,0.000000,2.312500,2.218750,2.218750,0.214459,19200
1982-03-31,0.000000,2.281250,2.218750,2.218750,0.214459,51200
1982-04-01,0.000000,2.281250,2.218750,2.218750,0.214459,6400
1982-04-02,0.000000,2.312500,2.218750,2.218750,0.214459,11200
1982-04-05,0.000000,2.281250,2.218750,2.218750,0.214459,6400
1982-04-06,2.218750,2.218750,2.218750,2.218750,0.214459,0
1982-04-07,0.000000,2.250000,2.187500,2.187500,0.211438,11200
1982-04-08,0.000000,2.250000,2.187500,2.187500,0.211438,1600
1982-04-12,0.000000,2.250000,2.187500,2.187500,0.211438,8000
1982-04-13,0.000000,2.250000,2.187500,2.187500,0.211438,1600
1982-04-14,0.000000,2.250000,2.187500,2.187500,0.211438,46400
1982-04-15,0.000000,2.250000,2.187500,2.187500,0.211438,22400
1982-04-16,0.000000,2.281250,2.187500,2.187500,0.211438,14400
1982-04-19,0.000000,2.281250,2.218750,2.218750,0.214459,19200
1982-04-20,2.218750,2.218750,2.218750,2.218750,0.214459,0
1982-04-21,0.000000,2.281250,2.218750,2.218750,0.214459,3200
1982-04-22,0.000000,2.281250,2.218750,2.218750,0.214459,11200
1982-04-23,0.000000,2.281250,2.218750,2.218750,0.214459,9600
1982-04-26,0.000000,2.281250,2.218750,2.218750,0.214459,16000
1982-04-27,0.000000,2.281250,2.218750,2.218750,0.214459,6400
1982-04-28,0.000000,2.281250,2.218750,2.218750,0.214459,8000
1982-04-29,0.000000,2.218750,2.156250,2.156250,0.208418,3200
1982-04-30,0.000000,2.218750,2.156250,2.156250,0.208418,12800
1982-05-03,0.000000,2.218750,2.156250,2.156250,0.208418,12800
1982-05-04,0.000000,2.250000,2.187500,2.187500,0.211438,49600
1982-05-05,0.000000,2.250000,2.187500,2.187500,0.211438,6400
1982-05-06,0.000000,2.281250,2.187500,2.187500,0.211438,9600
1982-05-07,0.000000,2.281250,2.218750,2.218750,0.214459,6400
1982-05-10,0.000000,2.281250,2.218750,2.218750,0.214459,3200
1982-05-11,0.000000,2.281250,2.218750,2.218750,0.214459,19200
1982-05-12,0.000000,2.312500,2.250000,2.250000,0.217479,19200
1982-05-13,0.000000,2.312500,2.250000,2.250000,0.217479,4800
1982-05-14,0.000000,2.312500,2.250000,2.250000,0.217479,1600
1982-05-17,0.000000,2.312500,2.250000,2.250000,0.217479,8000
1982-05-18,2.250000,2.250000,2.250000,2.250000,0.217479,0
1982-05-19,0.000000,2.312500,2.250000,2.250000,0.217479,6400
1982-05-20,0.000000,2.312500,2.250000,2.250000,0.217479,12800
1982-05-21,0.000000,2.312500,2.250000,2.250000,0.217479,3200
1982-05-24,0.000000,2.312500,2.250000,2.250000,0.217479,1600
1982-05-25,0.000000,2.312500,2.250000,2.250000,0.217479,4800
1982-05-26,0.000000,2.281250,2.250000,2.250000,0.217479,11200
1982-05-27,0.000000,2.281250,2.218750,2.218750,0.214459,9600
1982-05-28,0.000000,2.250000,2.218750,2.218750,0.214459,6400
1982-06-01,0.000000,2.250000,2.187500,2.187500,0.211438,1600
1982-06-02,0.000000,2.218750,2.156250,2.156250,0.208418,25600
1982-06-03,0.000000,2.218750,2.140625,2.140625,0.206907,4800
1982-06-04,0.000000,2.218750,2.156250,2.156250,0.208418,4800
1982-06-07,0.000000,2.218750,2.156250,2.156250,0.208418,8000
1982-06-08,0.000000,2.218750,2.156250,2.156250,0.208418,65600
1982-06-09,0.000000,2.187500,2.156250,2.156250,0.208418,3200
1982-06-10,0.000000,2.187500,2.125000,2.125000,0.205397,6400
1982-06-11,0.000000,2.187500,2.125000,2.125000,0.205397,40000
1982-06-14,0.000000,2.187500,2.125000,2.125000,0.205397,8000
1982-06-15,2.125000,2.125000,2.125000,2.125000,0.205397,0
1982-06-16,0.000000,2.187500,2.125000,2.125000,0.205397,16000
1982-06-17,0.000000,2.187500,2.125000,2.125000,0.205397,33600
1982-06-18,2.125000,2.125000,2.125000,2.125000,0.205397,0
1982-06-21,0.000000,2.187500,2.125000,2.125000,0.205397,12800
1982-06-22,0.000000,2.218750,2.156250,2.156250,0.208418,4800
1982-06-23,0.000000,2.218750,2.156250,2.156250,0.208418,6400
1982-06-24,0.000000,2.218750,2.156250,2.156250,0.208418,3200
1982-06-25,0.000000,2.218750,2.140625,2.140625,0.206907,4800
1982-06-28,0.000000,2.218750,2.156250,2.156250,0.208418,4800
1982-06-29,0.000000,2.218750,2.156250,2.156250,0.208418,3200
1982-06-30,0.000000,2.218750,2.156250,2.156250,0.208418,6400
1982-07-01,0.000000,2.218750,2.140625,2.140625,0.206907,14400
1982-07-02,0.000000,2.218750,2.156250,2.156250,0.208418,6400
1982-07-06,0.000000,2.218750,2.171875,2.171875,0.209928,8000
1982-07-07,2.171875,2.171875,2.171875,2.171875,0.209928,0
1982-07-08,0.000000,2.250000,2.187500,2.187500,0.211438,6400
1982-07-09,0.000000,2.250000,2.187500,2.187500,0.211438,22400
1982-07-12,0.000000,2.250000,2.187500,2.187500,0.211438,4800
1982-07-13,0.000000,2.218750,2.187500,2.187500,0.211438,3200
1982-07-14,0.000000,2.250000,2.187500,2.187500,0.211438,1600
1982-07-15,2.187500,2.187500,2.187500,2.187500,0.211438,0
1982-07-16,0.000000,2.250000,2.187500,2.187500,0.211438,4800
1982-07-19,2.187500,2.187500,2.187500,2.187500,0.211438,0
1982-07-20,0.000000,2.250000,2.187500,2.187500,0.211438,3200
1982-07-21,0.000000,2.250000,2.187500,2.187500,0.211438,6400
1982-07-22,0.000000,2.250000,2.187500,2.187500,0.211438,6400
1982-07-23,2.187500,2.187500,2.187500,2.187500,0.211438,0
1982-07-26,0.000000,2.250000,2.187500,2.187500,0.211438,4800
1982-07-27,0.000000,2.250000,2.203125,2.203125,0.212949,11200
1982-07-28,0.000000,2.250000,2.171875,2.171875,0.209928,1600
1982-07-29,0.000000,2.250000,2.171875,2.171875,0.209928,14400
1982-07-30,0.000000,2.250000,2.171875,2.171875,0.209928,3200
1982-08-02,0.000000,2.250000,2.171875,2.171875,0.209928,19200
1982-08-03,0.000000,2.250000,2.171875,2.171875,0.209928,6400
1982-08-04,0.000000,2.250000,2.171875,2.171875,0.209928,1600
1982-08-05,0.000000,2.250000,2.171875,2.171875,0.209928,6400
1982-08-06,0.000000,2.250000,2.156250,2.156250,0.208418,1600
1982-08-09,0.000000,2.250000,2.156250,2.156250,0.208418,6400
1982-08-10,0.000000,2.250000,2.156250,2.156250,0.208418,4800
1982-08-11,0.000000,2.281250,2.187500,2.187500,0.211438,11200
1982-08-12,0.000000,2.250000,2.156250,2.156250,0.208418,40000
1982-08-13,0.000000,2.250000,2.156250,2.156250,0.208418,3200
1982-08-16,0.000000,2.281250,2.187500,2.187500,0.211438,9600
1982-08-17,0.000000,2.281250,2.187500,2.187500,0.211438,14400
1982-08-18,0.000000,2.281250,2.187500,2.187500,0.211438,6400
1982-08-19,0.000000,2.281250,2.187500,2.187500,0.211438,28800
1982-08-20,0.000000,2.281250,2.203125,2.203125,0.212949,9600
1982-08-23,0.000000,2.312500,2.250000,2.250000,0.217479,22400
1982-08-24,0.000000,2.312500,2.250000,2.250000,0.217479,9600
1982-08-25,0.000000,2.343750,2.250000,2.250000,0.217479,14400
1982-08-26,0.000000,2.343750,2.250000,2.250000,0.217479,4800
1982-08-27,0.000000,2.343750,2.250000,2.250000,0.217479,4800
1982-08-30,0.000000,2.343750,2.250000,2.250000,0.217479,1600
1982-08-31,2.250000,2.250000,2.250000,2.250000,0.217479,0
1982-09-01,0.000000,2.343750,2.250000,2.250000,0.217479,6400
1982-09-02,0.000000,2.343750,2.281250,2.281250,0.220500,1600
1982-09-03,0.000000,2.375000,2.281250,2.281250,0.220500,3200
1982-09-07,0.000000,2.375000,2.281250,2.281250,0.220500,1600
1982-09-08,0.000000,2.406250,2.343750,2.343750,0.226541,25600
1982-09-09,0.000000,2.437500,2.375000,2.375000,0.229561,27200
1982-09-10,0.000000,2.468750,2.375000,2.375000,0.229561,12800
1982-09-13,2.375000,2.375000,2.375000,2.375000,0.229561,0
1982-09-14,0.000000,2.468750,2.375000,2.375000,0.229561,4800
1982-09-15,0.000000,2.437500,2.375000,2.375000,0.229561,14400
1982-09-16,0.000000,2.468750,2.375000,2.375000,0.229561,19200
1982-09-17,2.375000,2.375000,2.375000,2.375000,0.229561,0
1982-09-20,0.000000,2.468750,2.375000,2.375000,0.229561,1600
1982-09-21,0.000000,2.468750,2.375000,2.375000,0.229561,4800
1982-09-22,0.000000,2.468750,2.375000,2.375000,0.229561,4800
1982-09-23,0.000000,2.437500,2.375000,2.375000,0.229561,16000
1982-09-24,0.000000,2.437500,2.375000,2.375000,0.229561,1600
1982-09-27,0.000000,2.437500,2.375000,2.375000,0.229561,17600
1982-09-28,2.375000,2.375000,2.375000,2.375000,0.229561,0
1982-09-29,0.000000,2.468750,2.375000,2.375000,0.229561,1600
1982-09-30,0.000000,2.468750,2.375000,2.375000,0.229561,1600
1982-10-01,0.000000,2.468750,2.375000,2.375000,0.229561,4800
1982-10-04,0.000000,2.468750,2.375000,2.375000,0.229561,1600
1982-10-05,0.000000,2.468750,2.390625,2.390625,0.231072,11200
1982-10-06,0.000000,2.468750,2.390625,2.390625,0.231072,1600
1982-10-07,0.000000,2.500000,2.437500,2.437500,0.235603,12800
1982-10-08,0.000000,2.531250,2.468750,2.468750,0.238623,9600
1982-10-11,0.000000,2.531250,2.468750,2.468750,0.238623,17600
1982-10-12,0.000000,2.531250,2.468750,2.468750,0.238623,12800
1982-10-13,0.000000,2.531250,2.468750,2.468750,0.238623,1600
1982-10-14,0.000000,2.531250,2.468750,2.468750,0.238623,14400
1982-10-15,0.000000,2.531250,2.468750,2.468750,0.238623,3200
1982-10-18,0.000000,2.562500,2.468750,2.468750,0.238623,6400
1982-10-19,0.000000,2.562500,2.500000,2.500000,0.241644,8000
1982-10-20,0.000000,2.593750,2.531250,2.531250,0.244664,8000
1982-10-21,0.000000,2.593750,2.531250,2.531250,0.244664,17600
1982-10-22,0.000000,2.593750,2.500000,2.500000,0.241644,14400
1982-10-25,0.000000,2.562500,2.500000,2.500000,0.241644,11200
1982-10-26,0.000000,2.562500,2.500000,2.500000,0.241644,24000
1982-10-27,0.000000,2.562500,2.500000,2.500000,0.241644,3200
1982-10-28,0.000000,2.500000,2.437500,2.437500,0.235603,3200
1982-10-29,0.000000,2.500000,2.406250,2.406250,0.232582,8000
1982-11-01,0.000000,2.468750,2.406250,2.406250,0.232582,9600
1982-11-02,0.000000,2.437500,2.406250,2.406250,0.232582,16000
1982-11-03,0.000000,2.500000,2.406250,2.406250,0.232582,19200
1982-11-04,0.000000,2.500000,2.437500,2.437500,0.235603,6400
1982-11-05,0.000000,2.500000,2.437500,2.437500,0.235603,9600
1982-11-08,0.000000,2.531250,2.437500,2.437500,0.235603,4800
1982-11-09,0.000000,2.562500,2.468750,2.468750,0.238623,6400
1982-11-10,0.000000,2.531250,2.468750,2.468750,0.238623,3200
1982-11-11,0.000000,2.531250,2.500000,2.500000,0.241644,11200
1982-11-12,0.000000,2.562500,2.500000,2.500000,0.241644,3200
1982-11-15,0.000000,2.531250,2.468750,2.468750,0.238623,4800
1982-11-16,0.000000,2.562500,2.468750,2.468750,0.238623,17600
1982-11-17,0.000000,2.562500,2.468750,2.468750,0.238623,8000
1982-11-18,0.000000,2.562500,2.500000,2.500000,0.241644,11200
1982-11-19,0.000000,2.562500,2.500000,2.500000,0.241644,0
1982-11-22,0.000000,2.625000,2.531250,2.531250,0.244664,19200
1982-11-23,0.000000,2.625000,2.531250,2.531250,0.244664,6400
1982-11-24,0.000000,2.562500,2.500000,2.500000,0.241644,24000
1982-11-26,0.000000,2.562500,2.500000,2.500000,0.241644,1600
1982-11-29,0.000000,2.562500,2.500000,2.500000,0.241644,1600
1982-11-30,0.000000,2.562500,2.500000,2.500000,0.241644,3200
1982-12-01,0.000000,2.593750,2.500000,2.500000,0.241644,1600
1982-12-02,2.500000,2.500000,2.500000,2.500000,0.241644,0
1982-12-03,0.000000,2.562500,2.500000,2.500000,0.241644,43200
1982-12-06,0.000000,2.562500,2.500000,2.500000,0.241644,4800
1982-12-07,0.000000,2.593750,2.531250,2.531250,0.244664,4800
1982-12-08,0.000000,2.593750,2.531250,2.531250,0.244664,9600
1982-12-09,0.000000,2.593750,2.531250,2.531250,0.244664,8000
1982-12-10,0.000000,2.593750,2.531250,2.531250,0.244664,16000
1982-12-13,0.000000,2.656250,2.593750,2.593750,0.250705,52800
1982-12-14,0.000000,2.687500,2.593750,2.593750,0.250705,20800
1982-12-15,0.000000,2.687500,2.593750,2.593750,0.250705,4800
1982-12-16,0.000000,2.687500,2.593750,2.593750,0.250705,3200
1982-12-17,0.000000,2.656250,2.593750,2.593750,0.250705,11200
1982-12-20,0.000000,2.656250,2.593750,2.593750,0.250705,4800
1982-12-21,0.000000,2.656250,2.593750,2.593750,0.250705,6400
1982-12-22,0.000000,2.656250,2.593750,2.593750,0.250705,1600
1982-12-23,0.000000,2.656250,2.593750,2.593750,0.250705,3200
1982-12-27,0.000000,2.656250,2.593750,2.593750,0.250705,4800
1982-12-28,0.000000,2.656250,2.593750,2.593750,0.250705,3200
1982-12-29,0.000000,2.656250,2.593750,2.593750,0.250705,6400
1982-12-30,2.593750,2.593750,2.593750,2.593750,0.250705,0
1982-12-31,0.000000,2.656250,2.593750,2.593750,0.250705,3200
1983-01-03,0.000000,2.656250,2.593750,2.593750,0.250705,9600
1983-01-04,0.000000,2.656250,2.593750,2.593750,0.250705,4800
1983-01-05,0.000000,2.687500,2.625000,2.625000,0.253726,16000
1983-01-06,0.000000,2.718750,2.625000,2.625000,0.253726,4800
1983-01-07,0.000000,2.718750,2.656250,2.656250,0.256746,1600
1983-01-10,0.000000,2.718750,2.656250,2.656250,0.256746,6400
1983-01-11,0.000000,2.718750,2.656250,2.656250,0.256746,8000
1983-01-12,0.000000,2.718750,2.656250,2.656250,0.256746,8000
1983-01-13,0.000000,2.718750,2.656250,2.656250,0.256746,4800
1983-01-14,0.000000,2.718750,2.656250,2.656250,0.256746,9600
1983-01-17,0.000000,2.718750,2.656250,2.656250,0.256746,6400
1983-01-18,0.000000,2.718750,2.656250,2.656250,0.256746,3200
1983-01-19,0.000000,2.718750,2.656250,2.656250,0.256746,0
1983-01-20,0.000000,2.750000,2.656250,2.656250,0.256746,6400
1983-01-21,0.000000,2.750000,2.656250,2.656250,0.256746,1600
1983-01-24,0.000000,2.750000,2.656250,2.656250,0.256746,6400
1983-01-25,0.000000,2.718750,2.656250,2.656250,0.256746,1600
1983-01-26,0.000000,2.718750,2.656250,2.656250,0.256746,6400
1983-01-27,0.000000,2.718750,2.656250,2.656250,0.256746,9600
1983-01-28,0.000000,2.750000,2.687500,2.687500,0.259767,24000
1983-01-31,0.000000,2.781250,2.718750,2.718750,0.262788,11200
1983-02-01,0.000000,2.843750,2.781250,2.781250,0.268829,17600
1983-02-02,0.000000,2.875000,2.781250,2.781250,0.268829,12800
1983-02-03,0.000000,2.906250,2.812500,2.812500,0.271849,1600
1983-02-04,0.000000,2.937500,2.812500,2.812500,0.271849,1600
1983-02-07,0.000000,2.937500,2.843750,2.843750,0.274870,17600
1983-02-08,0.000000,2.937500,2.875000,2.875000,0.277890,3200
1983-02-09,0.000000,2.937500,2.875000,2.875000,0.277890,20800
1983-02-10,0.000000,2.937500,2.875000,2.875000,0.277890,8000
1983-02-11,0.000000,2.937500,2.859375,2.859375,0.276380,27200
1983-02-14,0.000000,2.906250,2.859375,2.859375,0.276380,3200
1983-02-15,0.000000,2.906250,2.812500,2.812500,0.271849,35200
1983-02-16,0.000000,2.906250,2.812500,2.812500,0.271849,11200
1983-02-17,0.000000,2.906250,2.812500,2.812500,0.271849,8000
1983-02-18,0.000000,2.906250,2.812500,2.812500,0.271849,9600
1983-02-22,0.000000,2.906250,2.796875,2.796875,0.270339,4800
1983-02-23,0.000000,2.906250,2.812500,2.812500,0.271849,1600
1983-02-24,0.000000,2.906250,2.781250,2.781250,0.268829,9600
1983-02-25,0.000000,2.906250,2.781250,2.781250,0.268829,11200
1983-02-28,0.000000,2.875000,2.781250,2.781250,0.268829,4800
1983-03-01,0.000000,2.843750,2.781250,2.781250,0.268829,12800
1983-03-02,0.000000,2.906250,2.781250,2.781250,0.268829,30400
1983-03-03,0.000000,2.906250,2.812500,2.812500,0.271849,8000
1983-03-04,0.000000,2.906250,2.812500,2.812500,0.271849,4800
1983-03-07,0.000000,2.906250,2.812500,2.812500,0.271849,3200
1983-03-08,0.000000,2.906250,2.812500,2.812500,0.271849,1600
1983-03-09,0.000000,2.937500,2.843750,2.843750,0.274870,19200
1983-03-10,0.000000,2.968750,2.843750,2.843750,0.274870,3200
1983-03-11,0.000000,2.968750,2.843750,2.843750,0.274870,8000
1983-03-14,0.000000,2.968750,2.843750,2.843750,0.274870,3200
1983-03-15,0.000000,2.968750,2.843750,2.843750,0.274870,3200
1983-03-16,0.000000,2.968750,2.843750,2.843750,0.274870,1600
1983-03-17,0.000000,2.968750,2.875000,2.875000,0.277890,12800
1983-03-18,0.000000,2.968750,2.875000,2.875000,0.277890,12800
1983-03-21,0.000000,2.968750,2.843750,2.843750,0.274870,6400
1983-03-22,0.000000,2.968750,2.843750,2.843750,0.274870,4800
1983-03-23,0.000000,2.937500,2.843750,2.843750,0.274870,6400
1983-03-24,0.000000,2.937500,2.875000,2.875000,0.277890,6400
1983-03-25,0.000000,2.968750,2.875000,2.875000,0.277890,12800
1983-03-28,0.000000,2.968750,2.843750,2.843750,0.274870,17600
1983-03-29,0.000000,2.968750,2.843750,2.843750,0.274870,14400
1983-03-30,0.000000,2.968750,2.843750,2.843750,0.274870,19200
1983-03-31,0.000000,2.968750,2.843750,2.843750,0.274870,3200
1983-04-04,0.000000,2.968750,2.875000,2.875000,0.277890,17600
1983-04-05,0.000000,2.937500,2.843750,2.843750,0.274870,17600
1983-04-06,0.000000,2.937500,2.843750,2.843750,0.274870,1600
1983-04-07,0.000000,2.968750,2.843750,2.843750,0.274870,6400
1983-04-08,0.000000,2.968750,2.843750,2.843750,0.274870,11200
1983-04-11,0.000000,2.968750,2.875000,2.875000,0.277890,19200
1983-04-12,0.000000,2.968750,2.875000,2.875000,0.277890,4800
1983-04-13,0.000000,2.968750,2.875000,2.875000,0.277890,8000
1983-04-14,0.000000,2.968750,2.843750,2.843750,0.274870,0
1983-04-15,0.000000,2.968750,2.875000,2.875000,0.277890,8000
1983-04-18,0.000000,2.968750,2.875000,2.875000,0.277890,0
1983-04-19,0.000000,2.968750,2.875000,2.875000,0.277890,1600
1983-04-20,0.000000,3.000000,2.875000,2.875000,0.277890,3200
1983-04-21,0.000000,3.031250,2.937500,2.937500,0.283931,14400
1983-04-22,0.000000,3.062500,2.968750,2.968750,0.286952,11200
1983-04-25,0.000000,3.062500,2.968750,2.968750,0.286952,1600
1983-04-26,0.000000,3.062500,2.968750,2.968750,0.286952,6400
1983-04-27,0.000000,3.062500,2.968750,2.968750,0.286952,8000
1983-04-28,0.000000,3.062500,2.968750,2.968750,0.286952,11200
1983-04-29,0.000000,3.062500,2.968750,2.968750,0.286952,25600
1983-05-02,0.000000,3.062500,2.968750,2.968750,0.286952,9600
1983-05-03,0.000000,3.031250,2.937500,2.937500,0.283931,4800
1983-05-04,0.000000,3.031250,2.937500,2.937500,0.283931,6400
1983-05-05,0.000000,3.062500,2.937500,2.937500,0.283931,8000
1983-05-06,0.000000,3.062500,2.937500,2.937500,0.283931,3200
1983-05-09,0.000000,3.062500,2.937500,2.937500,0.283931,4800
1983-05-10,0.000000,3.062500,2.968750,2.968750,0.286952,8000
1983-05-11,0.000000,3.062500,2.968750,2.968750,0.286952,11200
1983-05-12,0.000000,3.062500,2.968750,2.968750,0.286952,3200
1983-05-13,0.000000,3.062500,2.968750,2.968750,0.286952,6400
1983-05-16,0.000000,3.062500,2.968750,2.968750,0.286952,8000
1983-05-17,0.000000,3.062500,2.968750,2.968750,0.286952,8000
1983-05-18,0.000000,3.062500,2.968750,2.968750,0.286952,6400
1983-05-19,0.000000,3.062500,2.968750,2.968750,0.286952,1600
1983-05-20,0.000000,3.062500,2.968750,2.968750,0.286952,3200
1983-05-23,0.000000,3.062500,2.968750,2.968750,0.286952,8000
1983-05-24,0.000000,3.062500,2.968750,2.968750,0.286952,4800
1983-05-25,0.000000,3.062500,2.968750,2.968750,0.286952,4800
1983-05-26,0.000000,3.062500,2.968750,2.968750,0.286952,1600
1983-05-27,0.000000,3.062500,2.968750,2.968750,0.286952,6400
1983-05-31,0.000000,3.062500,2.968750,2.968750,0.286952,8000
1983-06-01,0.000000,3.062500,2.968750,2.968750,0.286952,4800
1983-06-02,2.968750,2.968750,2.968750,2.968750,0.286952,0
1983-06-03,0.000000,3.093750,3.000000,3.000000,0.289972,0
1983-06-06,0.000000,3.093750,3.000000,3.000000,0.289972,11200
1983-06-07,0.000000,3.093750,3.000000,3.000000,0.289972,4800
1983-06-08,0.000000,3.093750,3.000000,3.000000,0.289972,4800
1983-06-09,0.000000,3.093750,3.000000,3.000000,0.289972,1600
1983-06-10,0.000000,3.093750,3.000000,3.000000,0.289972,4800
1983-06-13,0.000000,3.093750,3.000000,3.000000,0.289972,1600
1983-06-14,0.000000,3.125000,3.031250,3.031250,0.292993,6400
1983-06-15,0.000000,3.125000,3.031250,3.031250,0.292993,49600
1983-06-16,0.000000,3.156250,3.062500,3.062500,0.296013,24000
1983-06-17,0.000000,3.218750,3.125000,3.125000,0.302055,44800
1983-06-20,0.000000,3.187500,3.093750,3.093750,0.299034,1600
1983-06-21,0.000000,3.187500,3.093750,3.093750,0.299034,17600
1983-06-22,0.000000,3.187500,3.093750,3.093750,0.299034,1600
1983-06-23,0.000000,3.187500,3.093750,3.093750,0.299034,3200
1983-06-24,0.000000,3.187500,3.093750,3.093750,0.299034,1600
1983-06-27,0.000000,3.156250,3.093750,3.093750,0.299034,6400
1983-06-28,0.000000,3.156250,3.062500,3.062500,0.296013,6400
1983-06-29,0.000000,3.156250,3.062500,3.062500,0.296013,0
1983-06-30,0.000000,3.156250,3.062500,3.062500,0.296013,9600
1983-07-01,0.000000,3.156250,3.062500,3.062500,0.296013,0
1983-07-05,0.000000,3.156250,3.062500,3.062500,0.296013,4800
1983-07-06,0.000000,3.156250,3.062500,3.062500,0.296013,16000
1983-07-07,0.000000,3.156250,3.062500,3.062500,0.296013,0
1983-07-08,0.000000,3.156250,3.062500,3.062500,0.296013,9600
1983-07-11,0.000000,3.156250,3.062500,3.062500,0.296013,1600
1983-07-12,3.062500,3.062500,3.062500,3.062500,0.296013,0
1983-07-13,3.062500,3.062500,3.062500,3.062500,0.296013,0
1983-07-14,0.000000,3.156250,3.062500,3.062500,0.296013,3200
1983-07-15,0.000000,3.187500,3.062500,3.062500,0.296013,36800
1983-07-18,0.000000,3.187500,3.062500,3.062500,0.296013,1600
1983-07-19,0.000000,3.156250,3.062500,3.062500,0.296013,17600
1983-07-20,0.000000,3.156250,3.062500,3.062500,0.296013,1600
1983-07-21,0.000000,3.156250,3.062500,3.062500,0.296013,6400
1983-07-22,0.000000,3.156250,3.062500,3.062500,0.296013,8000
1983-07-25,0.000000,3.156250,3.062500,3.062500,0.296013,1600
1983-07-26,0.000000,3.156250,3.062500,3.062500,0.296013,4800
1983-07-27,0.000000,3.156250,3.062500,3.062500,0.296013,6400
1983-07-28,3.062500,3.062500,3.062500,3.062500,0.296013,0
1983-07-29,0.000000,3.156250,3.062500,3.062500,0.296013,8000
1983-08-01,0.000000,3.125000,3.062500,3.062500,0.296013,0
1983-08-02,0.000000,3.125000,3.031250,3.031250,0.292993,11200
1983-08-03,0.000000,3.093750,3.031250,3.031250,0.292993,8000
1983-08-04,0.000000,3.093750,3.031250,3.031250,0.292993,4800
1983-08-05,0.000000,3.093750,3.031250,3.031250,0.292993,6400
1983-08-08,0.000000,3.093750,3.031250,3.031250,0.292993,16000
1983-08-09,0.000000,3.093750,3.031250,3.031250,0.292993,12800
1983-08-10,0.000000,3.093750,3.031250,3.031250,0.292993,3200
1983-08-11,0.000000,3.093750,3.031250,3.031250,0.292993,4800
1983-08-12,0.000000,3.093750,3.031250,3.031250,0.292993,3200
1983-08-15,0.000000,3.093750,3.000000,3.000000,0.289972,3200
1983-08-16,0.000000,3.093750,3.000000,3.000000,0.289972,1600
1983-08-17,0.000000,3.093750,3.000000,3.000000,0.289972,8000
1983-08-18,0.000000,3.093750,3.000000,3.000000,0.289972,14400
1983-08-19,0.000000,3.093750,3.000000,3.000000,0.289972,12800
1983-08-22,0.000000,3.093750,3.000000,3.000000,0.289972,0
1983-08-23,0.000000,3.093750,3.000000,3.000000,0.289972,0
1983-08-24,0.000000,3.093750,3.000000,3.000000,0.289972,4800
1983-08-25,0.000000,3.093750,3.000000,3.000000,0.289972,1600
1983-08-26,3.000000,3.000000,3.000000,3.000000,0.289972,0
1983-08-29,0.000000,3.093750,3.000000,3.000000,0.289972,4800
1983-08-30,0.000000,3.062500,3.000000,3.000000,0.289972,0
1983-08-31,0.000000,3.062500,3.000000,3.000000,0.289972,6400
1983-09-01,0.000000,3.062500,3.000000,3.000000,0.289972,8000
1983-09-02,0.000000,3.062500,3.000000,3.000000,0.289972,0
1983-09-06,3.000000,3.000000,3.000000,3.000000,0.289972,0
1983-09-07,0.000000,3.062500,3.000000,3.000000,0.289972,12800
1983-09-08,0.000000,3.062500,3.000000,3.000000,0.289972,4800
1983-09-09,0.000000,3.062500,3.000000,3.000000,0.289972,6400
1983-09-12,0.000000,3.062500,3.000000,3.000000,0.289972,3200
1983-09-13,0.000000,3.031250,2.937500,2.937500,0.283931,28800
1983-09-14,0.000000,3.031250,2.937500,2.937500,0.283931,1600
1983-09-15,0.000000,3.031250,2.937500,2.937500,0.283931,11200
1983-09-16,0.000000,3.031250,2.937500,2.937500,0.283931,0
1983-09-19,2.937500,2.937500,2.937500,2.937500,0.283931,0
1983-09-20,0.000000,3.031250,2.937500,2.937500,0.283931,1600
1983-09-21,0.000000,3.031250,2.937500,2.937500,0.283931,1600
1983-09-22,0.000000,3.031250,2.937500,2.937500,0.283931,0
1983-09-23,0.000000,3.031250,2.937500,2.937500,0.283931,27200
1983-09-26,0.000000,3.031250,2.937500,2.937500,0.283931,3200
1983-09-27,0.000000,3.031250,2.937500,2.937500,0.283931,9600
1983-09-28,0.000000,3.031250,2.937500,2.937500,0.283931,9600
1983-09-29,0.000000,3.031250,2.937500,2.937500,0.283931,9600
1983-09-30,0.000000,3.031250,2.937500,2.937500,0.283931,14400
1983-10-03,0.000000,3.031250,2.937500,2.937500,0.283931,1600
1983-10-04,0.000000,3.031250,2.937500,2.937500,0.283931,4800
1983-10-05,0.000000,3.031250,2.937500,2.937500,0.283931,1600
1983-10-06,0.000000,3.031250,2.937500,2.937500,0.283931,0
1983-10-07,0.000000,3.031250,2.937500,2.937500,0.283931,6400
1983-10-10,2.937500,2.937500,2.937500,2.937500,0.283931,0
1983-10-11,2.937500,2.937500,2.937500,2.937500,0.283931,0
1983-10-12,2.937500,2.937500,2.937500,2.937500,0.283931,0
1983-10-13,0.000000,3.031250,2.937500,2.937500,0.283931,9600
1983-10-14,0.000000,3.031250,2.937500,2.937500,0.283931,9600
1983-10-17,0.000000,3.031250,2.937500,2.937500,0.283931,3200
1983-10-18,0.000000,3.093750,3.000000,3.000000,0.289972,36800
1983-10-19,0.000000,3.125000,3.031250,3.031250,0.292993,4800
1983-10-20,0.000000,3.125000,3.031250,3.031250,0.292993,6400
1983-10-21,0.000000,3.125000,3.062500,3.062500,0.296013,1600
1983-10-24,0.000000,3.156250,3.062500,3.062500,0.296013,1600
1983-10-25,3.062500,3.062500,3.062500,3.062500,0.296013,0
1983-10-26,0.000000,3.156250,3.031250,3.031250,0.292993,1600
1983-10-27,0.000000,3.125000,3.031250,3.031250,0.292993,4800
1983-10-28,0.000000,3.125000,3.031250,3.031250,0.292993,1600
1983-10-31,0.000000,3.093750,3.000000,3.000000,0.289972,3200
1983-11-01,0.000000,3.093750,3.000000,3.000000,0.289972,3200
1983-11-02,0.000000,3.093750,3.000000,3.000000,0.289972,8000
1983-11-03,0.000000,3.093750,3.000000,3.000000,0.289972,1600
1983-11-04,0.000000,3.093750,3.000000,3.000000,0.289972,3200
1983-11-07,0.000000,3.093750,3.000000,3.000000,0.289972,4800
1983-11-08,0.000000,3.093750,3.000000,3.000000,0.289972,17600
1983-11-09,0.000000,3.093750,3.000000,3.000000,0.289972,11200
1983-11-10,0.000000,3.093750,3.000000,3.000000,0.289972,8000
1983-11-11,0.000000,3.093750,3.000000,3.000000,0.289972,4800
1983-11-14,0.000000,3.093750,3.000000,3.000000,0.289972,9600
1983-11-15,0.000000,3.093750,3.000000,3.000000,0.289972,1600
1983-11-16,0.000000,3.093750,3.000000,3.000000,0.289972,9600
1983-11-17,0.000000,3.093750,3.000000,3.000000,0.289972,0
1983-11-18,0.000000,3.093750,3.000000,3.000000,0.289972,8000
1983-11-21,0.000000,3.093750,3.000000,3.000000,0.289972,35200
1983-11-22,0.000000,3.093750,3.000000,3.000000,0.289972,6400
1983-11-23,0.000000,3.093750,3.000000,3.000000,0.289972,4800
1983-11-25,3.000000,3.000000,3.000000,3.000000,0.289972,0
1983-11-28,3.000000,3.000000,3.000000,3.000000,0.289972,0
1983-11-29,0.000000,3.125000,3.031250,3.031250,0.292993,1600
1983-11-30,0.000000,3.156250,3.031250,3.031250,0.292993,1600
1983-12-01,0.000000,3.156250,3.031250,3.031250,0.292993,4800
1983-12-02,0.000000,3.156250,3.031250,3.031250,0.292993,8000
1983-12-05,0.000000,3.156250,3.031250,3.031250,0.292993,6400
1983-12-06,3.031250,3.031250,3.031250,3.031250,0.292993,0
1983-12-07,0.000000,3.156250,3.031250,3.031250,0.292993,3200
1983-12-08,0.000000,3.156250,3.031250,3.031250,0.292993,1600
1983-12-09,0.000000,3.156250,3.031250,3.031250,0.292993,9600
1983-12-12,0.000000,3.156250,3.062500,3.062500,0.296013,16000
1983-12-13,0.000000,3.187500,3.093750,3.093750,0.299034,3200
1983-12-14,0.000000,3.187500,3.093750,3.093750,0.299034,4800
1983-12-15,0.000000,3.187500,3.093750,3.093750,0.299034,3200
1983-12-16,0.000000,3.187500,3.093750,3.093750,0.299034,1600
1983-12-19,0.000000,3.218750,3.093750,3.093750,0.299034,16000
1983-12-20,0.000000,3.250000,3.125000,3.125000,0.302055,32000
1983-12-21,0.000000,3.250000,3.125000,3.125000,0.302055,9600
1983-12-22,0.000000,3.250000,3.125000,3.125000,0.302055,14400
1983-12-23,0.000000,3.281250,3.156250,3.156250,0.305075,1600
1983-12-27,0.000000,3.281250,3.187500,3.187500,0.308096,1600
1983-12-28,0.000000,3.281250,3.187500,3.187500,0.308096,4800
1983-12-29,0.000000,3.312500,3.187500,3.187500,0.308096,6400
1983-12-30,3.187500,3.187500,3.187500,3.187500,0.308096,0
1984-01-03,0.000000,3.375000,3.250000,3.250000,0.314137,8000
1984-01-04,0.000000,3.375000,3.281250,3.281250,0.317157,9600
1984-01-05,0.000000,3.406250,3.281250,3.281250,0.317157,3200
1984-01-06,0.000000,3.406250,3.312500,3.312500,0.320178,17600
1984-01-09,0.000000,3.437500,3.312500,3.312500,0.320178,19200
1984-01-10,0.000000,3.437500,3.312500,3.312500,0.320178,4800
1984-01-11,0.000000,3.500000,3.343750,3.343750,0.323198,11200
1984-01-12,0.000000,3.500000,3.343750,3.343750,0.323198,9600
1984-01-13,3.343750,3.343750,3.343750,3.343750,0.323198,0
1984-01-16,0.000000,3.437500,3.312500,3.312500,0.320178,54400
1984-01-17,0.000000,3.375000,3.312500,3.312500,0.320178,11200
1984-01-18,0.000000,3.312500,3.218750,3.218750,0.311116,20800
1984-01-19,0.000000,3.312500,3.125000,3.125000,0.302055,9600
1984-01-20,0.000000,3.312500,3.156250,3.156250,0.305075,6400
1984-01-23,0.000000,3.281250,3.156250,3.156250,0.305075,8000
1984-01-24,0.000000,3.437500,3.281250,3.281250,0.317157,57600
1984-01-25,0.000000,3.781250,3.625000,3.625000,0.350383,56000
1984-01-26,0.000000,3.687500,3.500000,3.500000,0.338301,28800
1984-01-27,0.000000,3.687500,3.531250,3.531250,0.341322,11200
1984-01-30,0.000000,3.656250,3.468750,3.468750,0.335281,3200
1984-01-31,0.000000,3.687500,3.500000,3.500000,0.338301,59200
1984-02-01,0.000000,3.687500,3.500000,3.500000,0.338301,6400
1984-02-02,0.000000,3.687500,3.500000,3.500000,0.338301,3200
1984-02-03,0.000000,3.687500,3.500000,3.500000,0.338301,4800
1984-02-06,0.000000,3.687500,3.500000,3.500000,0.338301,3200
1984-02-07,0.000000,3.687500,3.500000,3.500000,0.338301,9600
1984-02-08,0.000000,3.687500,3.500000,3.500000,0.338301,22400
1984-02-09,0.000000,3.625000,3.500000,3.500000,0.338301,11200
1984-02-10,0.000000,3.562500,3.437500,3.437500,0.332260,16000
1984-02-13,0.000000,3.562500,3.375000,3.375000,0.326219,28800
1984-02-14,0.000000,3.500000,3.375000,3.375000,0.326219,14400
1984-02-15,0.000000,3.500000,3.343750,3.343750,0.323198,8000
1984-02-16,0.000000,3.500000,3.343750,3.343750,0.323198,1600
1984-02-17,0.000000,3.500000,3.312500,3.312500,0.320178,19200
1984-02-21,0.000000,3.500000,3.343750,3.343750,0.323198,9600
1984-02-22,0.000000,3.500000,3.343750,3.343750,0.323198,4800
1984-02-23,0.000000,3.500000,3.343750,3.343750,0.323198,8000
1984-02-24,0.000000,3.500000,3.343750,3.343750,0.323198,20800
1984-02-27,0.000000,3.500000,3.343750,3.343750,0.323198,11200
1984-02-28,0.000000,3.500000,3.343750,3.343750,0.323198,17600
1984-02-29,0.000000,3.500000,3.343750,3.343750,0.323198,4800
1984-03-01,0.000000,3.500000,3.343750,3.343750,0.323198,4800
1984-03-02,0.000000,3.500000,3.343750,3.343750,0.323198,11200
1984-03-05,0.000000,3.500000,3.343750,3.343750,0.323198,1600
1984-03-06,0.000000,3.500000,3.343750,3.343750,0.323198,1600
1984-03-07,0.000000,3.500000,3.343750,3.343750,0.323198,9600
1984-03-08,0.000000,3.437500,3.312500,3.312500,0.320178,14400
1984-03-09,0.000000,3.500000,3.343750,3.343750,0.323198,16000
1984-03-12,0.000000,3.500000,3.343750,3.343750,0.323198,0
1984-03-13,3.343750,3.343750,3.343750,3.343750,0.323198,0
1984-03-14,0.000000,3.500000,3.343750,3.343750,0.323198,4800
1984-03-15,0.000000,3.500000,3.343750,3.343750,0.323198,27200
1984-03-16,0.000000,3.500000,3.343750,3.343750,0.323198,3200
1984-03-19,0.000000,3.531250,3.343750,3.343750,0.323198,14400
1984-03-20,0.000000,3.500000,3.343750,3.343750,0.323198,12800
1984-03-21,0.000000,3.500000,3.343750,3.343750,0.323198,6400
1984-03-22,0.000000,3.531250,3.343750,3.343750,0.323198,36800
1984-03-23,0.000000,3.531250,3.343750,3.343750,0.323198,0
1984-03-26,0.000000,3.531250,3.343750,3.343750,0.323198,1600
1984-03-27,0.000000,3.531250,3.343750,3.343750,0.323198,12800
1984-03-28,0.000000,3.531250,3.343750,3.343750,0.323198,4800
1984-03-29,0.000000,3.500000,3.343750,3.343750,0.323198,8000
1984-03-30,0.000000,3.500000,3.343750,3.343750,0.323198,3200
1984-04-02,0.000000,3.531250,3.343750,3.343750,0.323198,0
1984-04-03,0.000000,3.531250,3.343750,3.343750,0.323198,1600
1984-04-04,0.000000,3.531250,3.343750,3.343750,0.323198,6400
1984-04-05,0.000000,3.500000,3.343750,3.343750,0.323198,11200
1984-04-06,0.000000,3.500000,3.343750,3.343750,0.323198,1600
1984-04-09,0.000000,3.500000,3.343750,3.343750,0.323198,54400
1984-04-10,0.000000,3.531250,3.343750,3.343750,0.323198,33600
1984-04-11,0.000000,3.531250,3.343750,3.343750,0.323198,3200
1984-04-12,0.000000,3.531250,3.343750,3.343750,0.323198,1600
1984-04-13,0.000000,3.531250,3.343750,3.343750,0.323198,1600
1984-04-16,0.000000,3.531250,3.343750,3.343750,0.323198,24000
1984-04-17,0.000000,3.531250,3.343750,3.343750,0.323198,12800
1984-04-18,0.000000,3.531250,3.343750,3.343750,0.323198,3200
1984-04-19,0.000000,3.531250,3.343750,3.343750,0.323198,6400
1984-04-23,0.000000,3.531250,3.375000,3.375000,0.326219,22400
1984-04-24,0.000000,3.562500,3.375000,3.375000,0.326219,1600
1984-04-25,0.000000,3.562500,3.375000,3.375000,0.326219,1600
1984-04-26,3.375000,3.375000,3.375000,3.375000,0.326219,0
1984-04-27,0.000000,3.562500,3.375000,3.375000,0.326219,4800
1984-04-30,0.000000,3.562500,3.375000,3.375000,0.326219,6400
1984-05-01,0.000000,3.562500,3.375000,3.375000,0.326219,4800
1984-05-02,0.000000,3.562500,3.375000,3.375000,0.326219,14400
1984-05-03,0.000000,3.562500,3.375000,3.375000,0.326219,8000
1984-05-04,0.000000,3.562500,3.375000,3.375000,0.326219,7200
1984-05-07,0.000000,3.562500,3.375000,3.375000,0.326219,13600
1984-05-08,0.000000,3.562500,3.375000,3.375000,0.326219,6400
1984-05-09,0.000000,3.625000,3.437500,3.437500,0.332260,6400
1984-05-10,0.000000,3.625000,3.437500,3.437500,0.332260,1600
1984-05-11,0.000000,3.687500,3.625000,3.625000,0.350383,14400
1984-05-14,0.000000,3.750000,3.625000,3.625000,0.350383,54400
1984-05-15,0.000000,3.750000,3.625000,3.625000,0.350383,14400
1984-05-16,0.000000,3.875000,3.687500,3.687500,0.356425,11200
1984-05-17,0.000000,3.875000,3.687500,3.687500,0.356425,12000
1984-05-18,0.000000,3.875000,3.687500,3.687500,0.356425,5600
1984-05-21,0.000000,3.875000,3.687500,3.687500,0.356425,10400
1984-05-22,0.000000,3.875000,3.687500,3.687500,0.356425,6400
1984-05-23,0.000000,3.875000,3.687500,3.687500,0.356425,11200
1984-05-24,0.000000,3.875000,3.687500,3.687500,0.356425,3200
1984-05-25,0.000000,3.875000,3.687500,3.687500,0.356425,7200
1984-05-29,0.000000,3.875000,3.687500,3.687500,0.356425,5600
1984-05-30,0.000000,3.875000,3.687500,3.687500,0.356425,800
1984-05-31,0.000000,3.937500,3.750000,3.750000,0.362465,25600
1984-06-01,3.750000,3.750000,3.750000,3.750000,0.362465,0
1984-06-04,0.000000,3.937500,3.750000,3.750000,0.362465,4000
1984-06-05,0.000000,3.875000,3.750000,3.750000,0.362465,8800
1984-06-06,0.000000,3.875000,3.750000,3.750000,0.362465,8000
1984-06-07,0.000000,3.875000,3.750000,3.750000,0.362465,4000
1984-06-08,0.000000,3.875000,3.750000,3.750000,0.362465,8000
1984-06-11,0.000000,3.812500,3.750000,3.750000,0.362465,19200
1984-06-12,0.000000,3.750000,3.625000,3.625000,0.350383,12000
1984-06-13,0.000000,3.812500,3.625000,3.625000,0.350383,12000
1984-06-14,0.000000,3.812500,3.625000,3.625000,0.350383,16000
1984-06-15,0.000000,3.812500,3.625000,3.625000,0.350383,8800
1984-06-18,0.000000,3.750000,3.625000,3.625000,0.350383,1600
1984-06-19,0.000000,3.750000,3.625000,3.625000,0.350383,12800
1984-06-20,0.000000,3.750000,3.625000,3.625000,0.350383,7200
1984-06-21,0.000000,3.750000,3.625000,3.625000,0.350383,13600
1984-06-22,0.000000,3.750000,3.625000,3.625000,0.350383,5600
1984-06-25,0.000000,3.750000,3.625000,3.625000,0.350383,12800
1984-06-26,0.000000,3.750000,3.625000,3.625000,0.350383,7200
1984-06-27,3.625000,3.625000,3.625000,3.625000,0.350383,0
1984-06-28,0.000000,3.750000,3.625000,3.625000,0.350383,8000
1984-06-29,0.000000,3.812500,3.625000,3.625000,0.350383,13600
1984-07-02,0.000000,3.812500,3.687500,3.687500,0.356425,4800
1984-07-03,0.000000,3.875000,3.687500,3.687500,0.356425,2400
1984-07-05,0.000000,3.875000,3.687500,3.687500,0.356425,1600
1984-07-06,0.000000,3.875000,3.687500,3.687500,0.356425,800
1984-07-09,0.000000,3.875000,3.750000,3.750000,0.362465,16800
1984-07-10,0.000000,3.937500,3.750000,3.750000,0.362465,5600
1984-07-11,0.000000,3.937500,3.750000,3.750000,0.362465,8000
1984-07-12,0.000000,3.937500,3.750000,3.750000,0.362465,5600
1984-07-13,0.000000,3.875000,3.750000,3.750000,0.362465,9600
1984-07-16,0.000000,3.937500,3.750000,3.750000,0.362465,19200
1984-07-17,0.000000,4.000000,3.812500,3.812500,0.368506,20000
1984-07-18,0.000000,4.000000,3.812500,3.812500,0.368506,62400
1984-07-19,0.000000,4.000000,3.812500,3.812500,0.368506,8800
1984-07-20,0.000000,4.000000,3.812500,3.812500,0.368506,800
1984-07-23,0.000000,4.000000,3.812500,3.812500,0.368506,5600
1984-07-24,0.000000,4.062500,3.937500,3.937500,0.380589,24000
1984-07-25,3.937500,3.937500,3.937500,3.937500,0.380589,0
1984-07-26,0.000000,4.062500,3.875000,3.875000,0.374548,9600
1984-07-27,0.000000,4.062500,3.875000,3.875000,0.374548,5600
1984-07-30,0.000000,4.000000,3.875000,3.875000,0.374548,12000
1984-07-31,0.000000,4.000000,3.812500,3.812500,0.368506,9600
1984-08-01,0.000000,3.937500,3.812500,3.812500,0.368506,27200
1984-08-02,0.000000,3.937500,3.812500,3.812500,0.368506,13600
1984-08-03,0.000000,3.937500,3.812500,3.812500,0.368506,3200
1984-08-06,0.000000,3.937500,3.812500,3.812500,0.368506,12000
1984-08-07,0.000000,3.937500,3.812500,3.812500,0.368506,6400
1984-08-08,0.000000,3.937500,3.812500,3.812500,0.368506,4000
1984-08-09,0.000000,3.937500,3.812500,3.812500,0.368506,11200
1984-08-10,0.000000,3.937500,3.812500,3.812500,0.368506,1600
1984-08-13,0.000000,3.937500,3.812500,3.812500,0.368506,3200
1984-08-14,0.000000,3.937500,3.812500,3.812500,0.368506,3200
1984-08-15,0.000000,3.937500,3.812500,3.812500,0.368506,15200
1984-08-16,0.000000,3.875000,3.750000,3.750000,0.362465,4800
1984-08-17,0.000000,3.937500,3.750000,3.750000,0.362465,10400
1984-08-20,0.000000,4.000000,3.812500,3.812500,0.368506,20800
1984-08-21,0.000000,4.000000,3.812500,3.812500,0.368506,2400
1984-08-22,0.000000,4.000000,3.812500,3.812500,0.368506,6400
1984-08-23,0.000000,4.000000,3.812500,3.812500,0.368506,5600
1984-08-24,0.000000,4.000000,3.812500,3.812500,0.368506,5600
1984-08-27,0.000000,4.000000,3.875000,3.875000,0.374548,4000
1984-08-28,0.000000,4.000000,3.875000,3.875000,0.374548,9600
1984-08-29,0.000000,4.000000,3.875000,3.875000,0.374548,5600
1984-08-30,0.000000,4.062500,3.875000,3.875000,0.374548,5600
1984-08-31,0.000000,4.062500,3.875000,3.875000,0.374548,5600
1984-09-04,0.000000,4.000000,3.875000,3.875000,0.374548,4800
1984-09-05,0.000000,4.000000,3.875000,3.875000,0.374548,28800
1984-09-06,0.000000,4.000000,3.875000,3.875000,0.374548,9600
1984-09-07,0.000000,4.000000,3.875000,3.875000,0.374548,3200
1984-09-10,0.000000,4.000000,3.812500,3.812500,0.368506,4000
1984-09-11,0.000000,3.937500,3.812500,3.812500,0.368506,3200
1984-09-12,0.000000,3.875000,3.812500,3.812500,0.368506,12800
1984-09-13,0.000000,3.875000,3.812500,3.812500,0.368506,6400
1984-09-14,0.000000,3.875000,3.812500,3.812500,0.368506,19200
1984-09-17,0.000000,3.875000,3.750000,3.750000,0.362465,2400
1984-09-18,0.000000,3.875000,3.750000,3.750000,0.362465,5600
1984-09-19,0.000000,3.875000,3.750000,3.750000,0.362465,2400
1984-09-20,0.000000,3.843750,3.687500,3.687500,0.356425,4800
1984-09-21,0.000000,3.750000,3.625000,3.625000,0.350383,9600
1984-09-24,0.000000,3.687500,3.562500,3.562500,0.344342,10400
1984-09-25,0.000000,3.687500,3.562500,3.562500,0.344342,24800
1984-09-26,0.000000,3.687500,3.562500,3.562500,0.344342,1600
1984-09-27,0.000000,3.750000,3.625000,3.625000,0.350383,12800
1984-09-28,0.000000,3.750000,3.625000,3.625000,0.350383,9600
1984-10-01,0.000000,3.750000,3.625000,3.625000,0.350383,6400
1984-10-02,0.000000,3.687500,3.625000,3.625000,0.350383,800
1984-10-03,0.000000,3.687500,3.562500,3.562500,0.344342,4000
1984-10-04,0.000000,3.687500,3.625000,3.625000,0.350383,1600
1984-10-05,0.000000,3.687500,3.562500,3.562500,0.344342,4800
1984-10-08,0.000000,3.687500,3.625000,3.625000,0.350383,12000
1984-10-09,0.000000,3.687500,3.500000,3.500000,0.338301,12800
1984-10-10,0.000000,3.687500,3.500000,3.500000,0.338301,4000
1984-10-11,0.000000,3.687500,3.562500,3.562500,0.344342,4000
1984-10-12,0.000000,3.687500,3.562500,3.562500,0.344342,9600
1984-10-15,0.000000,3.687500,3.562500,3.562500,0.344342,6400
1984-10-16,0.000000,3.687500,3.500000,3.500000,0.338301,22400
1984-10-17,0.000000,3.687500,3.500000,3.500000,0.338301,6400
1984-10-18,0.000000,3.687500,3.500000,3.500000,0.338301,5600
1984-10-19,0.000000,3.687500,3.562500,3.562500,0.344342,3200
1984-10-22,0.000000,3.687500,3.562500,3.562500,0.344342,12800
1984-10-23,0.000000,3.687500,3.562500,3.562500,0.344342,4000
1984-10-24,0.000000,3.687500,3.562500,3.562500,0.344342,6400
1984-10-25,0.000000,3.687500,3.500000,3.500000,0.338301,1600
1984-10-26,0.000000,3.625000,3.500000,3.500000,0.338301,3200
1984-10-29,0.000000,3.625000,3.500000,3.500000,0.338301,800
1984-10-30,0.000000,3.625000,3.437500,3.437500,0.332260,8800
1984-10-31,0.000000,3.625000,3.437500,3.437500,0.332260,3200
1984-11-01,0.000000,3.625000,3.500000,3.500000,0.338301,6400
1984-11-02,0.000000,3.625000,3.500000,3.500000,0.338301,8000
1984-11-05,0.000000,3.625000,3.437500,3.437500,0.332260,21600
1984-11-06,0.000000,3.625000,3.500000,3.500000,0.338301,8800
1984-11-07,0.000000,3.625000,3.500000,3.500000,0.338301,7200
1984-11-08,0.000000,3.625000,3.500000,3.500000,0.338301,3200
1984-11-09,0.000000,3.625000,3.500000,3.500000,0.338301,11200
1984-11-12,0.000000,3.562500,3.437500,3.437500,0.332260,10400
1984-11-13,0.000000,3.562500,3.437500,3.437500,0.332260,6400
1984-11-14,0.000000,3.562500,3.437500,3.437500,0.332260,3200
1984-11-15,0.000000,3.562500,3.437500,3.437500,0.332260,3200
1984-11-16,0.000000,3.562500,3.437500,3.437500,0.332260,13600
1984-11-19,0.000000,3.562500,3.437500,3.437500,0.332260,18400
1984-11-20,0.000000,3.625000,3.437500,3.437500,0.332260,14400
1984-11-21,0.000000,3.625000,3.437500,3.437500,0.332260,16800
1984-11-23,0.000000,3.625000,3.437500,3.437500,0.332260,2400
1984-11-26,0.000000,3.562500,3.437500,3.437500,0.332260,11200
1984-11-27,0.000000,3.562500,3.437500,3.437500,0.332260,6400
1984-11-28,0.000000,3.562500,3.437500,3.437500,0.332260,12000
1984-11-29,0.000000,3.562500,3.437500,3.437500,0.332260,7200
1984-11-30,0.000000,3.562500,3.437500,3.437500,0.332260,6400
1984-12-03,0.000000,3.562500,3.437500,3.437500,0.332260,6400
1984-12-04,0.000000,3.562500,3.500000,3.500000,0.338301,2400
1984-12-05,0.000000,3.562500,3.500000,3.500000,0.338301,7200
1984-12-06,3.500000,3.500000,3.500000,3.500000,0.338301,0
1984-12-07,0.000000,3.562500,3.437500,3.437500,0.332260,23200
1984-12-10,0.000000,3.562500,3.437500,3.437500,0.332260,10400
1984-12-11,0.000000,3.562500,3.500000,3.500000,0.338301,7200
1984-12-12,0.000000,3.562500,3.500000,3.500000,0.338301,14400
1984-12-13,0.000000,3.562500,3.500000,3.500000,0.338301,1600
1984-12-14,0.000000,3.687500,3.625000,3.625000,0.350383,79200
1984-12-17,0.000000,3.750000,3.625000,3.625000,0.350383,16000
1984-12-18,0.000000,3.875000,3.750000,3.750000,0.362465,12800
1984-12-19,0.000000,3.937500,3.812500,3.812500,0.368506,3200
1984-12-20,0.000000,3.937500,3.812500,3.812500,0.368506,8000
1984-12-21,0.000000,3.937500,3.812500,3.812500,0.368506,1600
1984-12-24,3.812500,3.812500,3.812500,3.812500,0.368506,0
1984-12-26,0.000000,3.937500,3.812500,3.812500,0.368506,9600
1984-12-27,0.000000,3.937500,3.812500,3.812500,0.368506,4800
1984-12-28,0.000000,3.937500,3.812500,3.812500,0.368506,800
1984-12-31,0.000000,3.968750,3.875000,3.875000,0.374548,12000
1985-01-02,0.000000,4.062500,3.875000,3.875000,0.374548,800
1985-01-03,0.000000,4.062500,3.875000,3.875000,0.374548,10400
1985-01-04,0.000000,4.000000,3.937500,3.937500,0.380589,6400
1985-01-07,0.000000,4.000000,3.812500,3.812500,0.368506,28800
1985-01-08,0.000000,4.000000,3.875000,3.875000,0.374548,24000
1985-01-09,0.000000,4.062500,3.937500,3.937500,0.380589,16800
1985-01-10,0.000000,4.062500,3.937500,3.937500,0.380589,16000
1985-01-11,0.000000,4.062500,3.937500,3.937500,0.380589,5600
1985-01-14,0.000000,4.062500,3.937500,3.937500,0.380589,13600
1985-01-15,0.000000,4.125000,3.937500,3.937500,0.380589,3200
1985-01-16,0.000000,4.250000,4.062500,4.062500,0.392671,24000
1985-01-17,0.000000,4.250000,4.062500,4.062500,0.392671,5600
1985-01-18,0.000000,4.250000,4.125000,4.125000,0.398712,16800
1985-01-21,0.000000,4.250000,4.125000,4.125000,0.398712,4000
1985-01-22,0.000000,4.250000,4.062500,4.062500,0.392671,25600
1985-01-23,0.000000,4.250000,4.125000,4.125000,0.398712,18400
1985-01-24,0.000000,4.250000,4.125000,4.125000,0.398712,8800
1985-01-25,0.000000,4.250000,4.125000,4.125000,0.398712,6400
1985-01-28,0.000000,4.312500,4.125000,4.125000,0.398712,8000
1985-01-29,0.000000,4.500000,4.375000,4.375000,0.422877,16800
1985-01-30,0.000000,4.500000,4.375000,4.375000,0.422877,40000
1985-01-31,0.000000,4.437500,4.312500,4.312500,0.416835,14400
1985-02-01,0.000000,4.437500,4.250000,4.250000,0.483700,800
1985-02-04,0.000000,4.437500,4.250000,4.250000,0.483700,14400
1985-02-05,0.000000,4.437500,4.250000,4.250000,0.483700,12000
1985-02-06,0.000000,4.437500,4.250000,4.250000,0.483700,4800
1985-02-07,0.000000,4.437500,4.250000,4.250000,0.483700,8000
1985-02-08,0.000000,4.437500,4.250000,4.250000,0.483700,10400
1985-02-11,0.000000,4.437500,4.250000,4.250000,0.483700,8000
1985-02-12,0.000000,4.437500,4.250000,4.250000,0.483700,4000
1985-02-13,0.000000,4.437500,4.250000,4.250000,0.483700,24800
1985-02-14,0.000000,4.500000,4.312500,4.312500,0.490813,26400
1985-02-15,0.000000,4.812500,4.687500,4.687500,0.533492,105600
1985-02-19,0.000000,4.750000,4.500000,4.500000,0.512153,8800
1985-02-20,0.000000,4.687500,4.500000,4.687500,0.533492,13600
1985-02-21,0.000000,4.687500,4.500000,4.500000,0.512153,31200
1985-02-22,4.500000,4.500000,4.500000,4.500000,0.512153,0
1985-02-25,4.500000,4.500000,4.500000,4.500000,0.512153,0
1985-02-26,0.000000,4.687500,4.500000,4.687500,0.533492,4800
1985-02-27,0.000000,4.500000,4.500000,4.500000,0.512153,8800
1985-02-28,0.000000,4.687500,4.500000,4.500000,0.512153,10400
1985-03-01,0.000000,4.687500,4.468750,4.468750,0.508596,31200
1985-03-04,0.000000,4.437500,4.437500,4.437500,0.505039,800
1985-03-05,0.000000,4.625000,4.437500,4.562500,0.519266,10400
1985-03-06,4.562500,4.562500,4.562500,4.562500,0.519266,0
1985-03-07,0.000000,4.625000,4.437500,4.437500,0.505039,28000
1985-03-08,0.000000,4.500000,4.500000,4.500000,0.512153,800
1985-03-11,0.000000,4.500000,4.437500,4.437500,0.505039,7200
1985-03-12,0.000000,4.500000,4.312500,4.375000,0.497926,14400
1985-03-13,4.375000,4.375000,4.375000,4.375000,0.497926,0
1985-03-14,0.000000,4.500000,4.500000,4.500000,0.512153,2400
1985-03-15,0.000000,4.437500,4.312500,4.437500,0.505039,6400
1985-03-18,0.000000,4.343750,4.343750,4.343750,0.494370,1600
1985-03-19,0.000000,4.375000,4.312500,4.312500,0.490813,13600
1985-03-20,0.000000,4.437500,4.437500,4.437500,0.505039,800
1985-03-21,0.000000,4.437500,4.375000,4.375000,0.497926,19200
1985-03-22,0.000000,4.312500,4.312500,4.312500,0.490813,1600
1985-03-25,0.000000,4.437500,4.312500,4.312500,0.490813,44800
1985-03-26,0.000000,4.312500,4.312500,4.312500,0.490813,3200
1985-03-27,0.000000,4.562500,4.312500,4.375000,0.497926,95200
1985-03-28,0.000000,4.468750,4.375000,4.375000,0.497926,2400
1985-03-29,0.000000,4.625000,4.625000,4.625000,0.526379,1600
1985-04-01,0.000000,4.625000,4.500000,4.593750,0.522823,24000
1985-04-02,0.000000,4.656250,4.625000,4.625000,0.526379,6400
1985-04-03,0.000000,4.750000,4.625000,4.718750,0.537049,11200
1985-04-04,0.000000,4.625000,4.625000,4.625000,0.526379,4000
1985-04-08,0.000000,4.812500,4.625000,4.812500,0.547719,7200
1985-04-09,0.000000,4.875000,4.687500,4.687500,0.533492,4000
1985-04-10,0.000000,4.875000,4.687500,4.750000,0.540606,11200
1985-04-11,0.000000,4.875000,4.687500,4.687500,0.533492,10400
1985-04-12,0.000000,4.781250,4.687500,4.781250,0.544162,20000
1985-04-15,0.000000,4.875000,4.875000,4.875000,0.554832,4800
1985-04-16,0.000000,4.875000,4.750000,4.875000,0.554832,15200
1985-04-17,0.000000,4.875000,4.750000,4.828125,0.549497,16800
1985-04-18,0.000000,4.937500,4.750000,4.937500,0.561945,4800
1985-04-19,4.937500,4.937500,4.937500,4.937500,0.561945,0
1985-04-22,0.000000,4.937500,4.750000,4.937500,0.561945,20800
1985-04-23,0.000000,4.937500,4.937500,4.937500,0.561945,3200
1985-04-24,0.000000,4.812500,4.812500,4.812500,0.547719,800
1985-04-25,0.000000,5.000000,4.812500,4.812500,0.633248,8000
1985-04-26,0.000000,5.000000,4.812500,4.875000,0.641473,10400
1985-04-29,0.000000,5.062500,5.000000,5.062500,0.666144,31200
1985-04-30,0.000000,5.125000,4.937500,5.125000,0.674368,16800
1985-05-01,0.000000,5.250000,5.000000,5.000000,0.657920,13600
1985-05-02,0.000000,5.250000,5.000000,5.250000,0.690816,9600
1985-05-03,0.000000,5.250000,5.000000,5.125000,0.674368,22400
1985-05-06,0.000000,5.312500,5.125000,5.312500,0.699040,49600
1985-05-07,0.000000,5.375000,5.125000,5.125000,0.674368,4800
1985-05-08,0.000000,5.500000,5.125000,5.312500,0.699040,52800
1985-05-09,0.000000,5.750000,5.312500,5.593750,0.736048,68800
1985-05-10,0.000000,5.875000,5.562500,5.562500,0.731937,75200
1985-05-13,0.000000,5.562500,5.187500,5.312500,0.699040,51200
1985-05-14,0.000000,5.250000,5.062500,5.187500,0.682592,30400
1985-05-15,0.000000,5.375000,5.187500,5.375000,0.707264,32800
1985-05-16,0.000000,5.437500,5.250000,5.250000,0.690816,19200
1985-05-17,0.000000,5.437500,5.250000,5.281250,0.694929,36000
1985-05-20,0.000000,5.500000,5.312500,5.500000,0.723713,33600
1985-05-21,0.000000,5.625000,5.437500,5.500000,0.723713,119200
1985-05-22,0.000000,5.562500,5.500000,5.562500,0.731937,12000
1985-05-23,0.000000,5.625000,5.500000,5.625000,0.740160,47200
1985-05-24,0.000000,5.625000,5.500000,5.625000,0.740160,20800
1985-05-28,0.000000,5.625000,5.500000,5.625000,0.740160,15200
1985-05-29,0.000000,5.687500,5.500000,5.562500,0.731937,16000
1985-05-30,0.000000,5.687500,5.500000,5.500000,0.723713,5600
1985-05-31,0.000000,5.687500,5.500000,5.687500,0.748385,8800
1985-06-03,0.000000,5.687500,5.562500,5.562500,0.731937,21600
1985-06-04,0.000000,5.687500,5.625000,5.625000,0.740160,13600
1985-06-05,0.000000,5.812500,5.625000,5.625000,0.740160,23200
1985-06-06,0.000000,5.828125,5.625000,5.828125,0.766889,16000
1985-06-07,0.000000,5.718750,5.625000,5.718750,0.752497,12000
1985-06-10,0.000000,5.750000,5.625000,5.625000,0.740160,50400
1985-06-11,0.000000,5.750000,5.750000,5.750000,0.756608,2400
1985-06-12,0.000000,5.812500,5.625000,5.750000,0.756608,38400
1985-06-13,0.000000,5.812500,5.625000,5.625000,0.740160,11200
1985-06-14,0.000000,5.718750,5.625000,5.718750,0.752497,4800
1985-06-17,0.000000,5.750000,5.625000,5.718750,0.752497,14400
1985-06-18,0.000000,5.812500,5.625000,5.812500,0.764833,9600
1985-06-19,0.000000,5.750000,5.625000,5.625000,0.740160,21600
1985-06-20,0.000000,5.718750,5.625000,5.625000,0.740160,8000
1985-06-21,0.000000,5.750000,5.687500,5.750000,0.756608,8800
1985-06-24,0.000000,5.812500,5.625000,5.750000,0.756608,4000
1985-06-25,0.000000,5.812500,5.625000,5.625000,0.740160,19200
1985-06-26,0.000000,5.812500,5.625000,5.812500,0.764833,19200
1985-06-27,0.000000,5.812500,5.718750,5.812500,0.764833,4000
1985-06-28,0.000000,5.812500,5.625000,5.718750,0.752497,60800
1985-07-01,0.000000,5.718750,5.625000,5.625000,0.740160,16800
1985-07-02,0.000000,5.718750,5.625000,5.625000,0.740160,16800
1985-07-03,0.000000,5.875000,5.687500,5.875000,0.773057,19200
1985-07-05,0.000000,5.875000,5.625000,5.812500,0.764833,7200
1985-07-08,0.000000,5.812500,5.625000,5.812500,0.764833,6400
1985-07-09,0.000000,5.812500,5.625000,5.656250,0.744273,21600
1985-07-10,0.000000,5.718750,5.625000,5.625000,0.740160,3200
1985-07-11,0.000000,5.812500,5.656250,5.812500,0.764833,11200
1985-07-12,0.000000,5.812500,5.625000,5.625000,0.740160,46400
1985-07-15,0.000000,5.812500,5.625000,5.625000,0.740160,12000
1985-07-16,0.000000,5.781250,5.625000,5.625000,0.740160,25600
1985-07-17,0.000000,5.812500,5.625000,5.812500,0.764833,8000
1985-07-18,0.000000,5.750000,5.750000,5.750000,0.756608,4800
1985-07-19,0.000000,5.781250,5.625000,5.625000,0.740160,12800
1985-07-22,0.000000,5.750000,5.625000,5.625000,0.740160,4000
1985-07-23,0.000000,5.812500,5.750000,5.812500,0.764833,15200
1985-07-24,0.000000,5.875000,5.625000,5.875000,0.773057,60000
1985-07-25,0.000000,5.937500,5.750000,5.906250,0.777169,20000
1985-07-26,0.000000,5.937500,5.750000,5.875000,0.868654,16800
1985-07-29,0.000000,5.875000,5.750000,5.828125,0.861724,61600
1985-07-30,0.000000,5.937500,5.750000,5.750000,0.850173,13600
1985-07-31,0.000000,5.906250,5.750000,5.828125,0.861724,7200
1985-08-01,0.000000,5.937500,5.750000,5.937500,0.877896,10400
1985-08-02,0.000000,5.906250,5.750000,5.750000,0.850173,14400
1985-08-05,0.000000,5.875000,5.750000,5.750000,0.850173,13600
1985-08-06,0.000000,5.843750,5.750000,5.750000,0.850173,8000
1985-08-07,0.000000,5.875000,5.750000,5.750000,0.850173,30400
1985-08-08,0.000000,5.812500,5.750000,5.812500,0.859413,21600
1985-08-09,0.000000,5.812500,5.750000,5.750000,0.850173,4800
1985-08-12,0.000000,5.875000,5.750000,5.750000,0.850173,4800
1985-08-13,0.000000,5.843750,5.812500,5.812500,0.859413,16800
1985-08-14,0.000000,5.875000,5.812500,5.843750,0.864034,7200
1985-08-15,0.000000,5.937500,5.812500,5.937500,0.877896,18400
1985-08-16,0.000000,5.875000,5.875000,5.875000,0.868654,2400
1985-08-19,0.000000,5.875000,5.812500,5.812500,0.859413,4000
1985-08-20,0.000000,5.937500,5.812500,5.875000,0.868654,40000
1985-08-21,0.000000,5.937500,5.812500,5.812500,0.859413,4800
1985-08-22,0.000000,5.937500,5.937500,5.937500,0.877896,2400
1985-08-23,0.000000,5.984375,5.937500,5.984375,0.884827,14400
1985-08-26,0.000000,6.000000,5.875000,6.000000,0.887137,8000
1985-08-27,0.000000,6.031250,5.875000,6.031250,0.891757,6400
1985-08-28,0.000000,6.000000,5.875000,5.875000,0.868654,6400
1985-08-29,0.000000,5.968750,5.875000,5.875000,0.868654,12000
1985-08-30,0.000000,6.000000,6.000000,6.000000,0.887137,2400
1985-09-03,0.000000,6.000000,5.875000,5.875000,0.868654,7200
1985-09-04,0.000000,6.062500,5.875000,5.875000,0.868654,6400
1985-09-05,0.000000,6.000000,5.812500,5.812500,0.859413,16800
1985-09-06,0.000000,5.937500,5.812500,5.812500,0.859413,4000
1985-09-09,0.000000,5.937500,5.812500,5.937500,0.877896,9600
1985-09-10,0.000000,5.937500,5.843750,5.937500,0.877896,12800
1985-09-11,0.000000,5.937500,5.812500,5.875000,0.868654,61600
1985-09-12,0.000000,5.937500,5.812500,5.937500,0.877896,99200
1985-09-13,0.000000,5.937500,5.812500,5.812500,0.859413,37600
1985-09-16,0.000000,5.937500,5.812500,5.812500,0.859413,15200
1985-09-17,0.000000,5.937500,5.781250,5.937500,0.877896,72000
1985-09-18,0.000000,5.937500,5.843750,5.875000,0.868654,18400
1985-09-19,0.000000,5.937500,5.843750,5.937500,0.877896,42400
1985-09-20,0.000000,5.875000,5.750000,5.750000,0.850173,16800
1985-09-23,0.000000,5.937500,5.750000,5.906250,0.873275,33600
1985-09-24,0.000000,5.875000,5.750000,5.875000,0.868654,13600
1985-09-25,0.000000,5.875000,5.812500,5.812500,0.859413,16000
1985-09-26,0.000000,5.937500,5.875000,5.906250,0.873275,8800
1985-09-30,0.000000,5.937500,5.812500,5.843750,0.864034,11200
1985-10-01,0.000000,5.843750,5.812500,5.843750,0.864034,4000
1985-10-02,0.000000,5.937500,5.937500,5.937500,0.877896,800
1985-10-03,0.000000,5.812500,5.812500,5.812500,0.859413,1600
1985-10-04,0.000000,5.937500,5.812500,5.937500,0.877896,4000
1985-10-07,0.000000,5.875000,5.875000,5.875000,0.868654,4000
1985-10-08,0.000000,5.843750,5.843750,5.843750,0.864034,3200
1985-10-09,0.000000,5.843750,5.843750,5.843750,0.864034,8000
1985-10-10,0.000000,5.906250,5.843750,5.906250,0.873275,8800
1985-10-11,0.000000,6.062500,5.843750,6.062500,0.896377,2400
1985-10-14,0.000000,5.843750,5.843750,5.843750,0.864034,2400
1985-10-15,0.000000,5.859375,5.843750,5.859375,0.866344,2400
1985-10-16,5.859375,5.859375,5.859375,5.859375,0.866344,0
1985-10-17,0.000000,6.000000,5.875000,5.937500,0.877896,11200
1985-10-18,5.937500,5.937500,5.937500,5.937500,0.877896,0
1985-10-21,0.000000,6.000000,5.875000,6.000000,0.887137,41600
1985-10-22,0.000000,5.937500,5.875000,5.875000,0.868654,4800
1985-10-23,0.000000,5.875000,5.875000,5.875000,0.868654,3200
1985-10-24,0.000000,6.093750,5.875000,5.875000,0.868654,4800
1985-10-25,0.000000,5.875000,5.875000,5.875000,0.868654,800
1985-10-28,0.000000,5.875000,5.875000,5.875000,0.868654,1600
1985-10-29,0.000000,6.093750,5.875000,5.968750,0.882516,7200
1985-10-30,0.000000,5.968750,5.875000,5.875000,0.868654,2400
1985-10-31,0.000000,6.093750,6.093750,6.093750,0.900998,800
1985-11-01,6.093750,6.093750,6.093750,6.093750,1.008580,0
1985-11-04,0.000000,5.875000,5.875000,5.875000,0.972375,7200
1985-11-05,0.000000,5.968750,5.875000,5.875000,0.972375,19200
1985-11-06,0.000000,5.937500,5.937500,5.937500,0.982719,4000
1985-11-07,0.000000,6.062500,6.000000,6.000000,0.993063,4800
1985-11-08,0.000000,6.000000,5.937500,6.000000,0.993063,14400
1985-11-11,0.000000,6.062500,5.937500,5.937500,0.982719,14400
1985-11-12,0.000000,6.062500,5.937500,5.937500,0.982719,7200
1985-11-13,0.000000,5.937500,5.937500,5.937500,0.982719,3200
1985-11-14,0.000000,6.015625,5.937500,6.000000,0.993063,32000
1985-11-15,0.000000,6.125000,6.000000,6.000000,0.993063,4800
1985-11-18,0.000000,6.000000,6.000000,6.000000,0.993063,3200
1985-11-19,0.000000,6.125000,6.000000,6.125000,1.013752,12000
1985-11-20,0.000000,6.000000,6.000000,6.000000,0.993063,4000
1985-11-21,0.000000,6.156250,6.000000,6.156250,1.018924,8800
1985-11-22,0.000000,6.156250,6.000000,6.000000,0.993063,9600
1985-11-25,0.000000,6.156250,6.000000,6.000000,0.993063,5600
1985-11-26,0.000000,6.125000,5.968750,5.968750,0.987891,5600
1985-11-27,0.000000,6.125000,5.968750,5.968750,0.987891,11200
1985-11-29,0.000000,5.968750,5.968750,5.968750,0.987891,1600
1985-12-02,0.000000,6.125000,5.968750,5.968750,0.987891,32000
1985-12-03,0.000000,6.125000,5.968750,5.968750,0.987891,5600
1985-12-04,0.000000,5.968750,5.968750,5.968750,0.987891,4800
1985-12-05,0.000000,6.125000,5.968750,5.968750,0.987891,10400
1985-12-06,0.000000,6.062500,5.968750,5.968750,0.987891,32000
1985-12-09,0.000000,6.031250,5.968750,5.968750,0.987891,8800
1985-12-10,0.000000,6.015625,5.968750,6.000000,0.993063,18400
1985-12-11,0.000000,6.000000,5.968750,5.968750,0.987891,8800
1985-12-12,0.000000,6.125000,5.968750,6.125000,1.013752,4800
1985-12-13,0.000000,5.968750,5.968750,5.968750,0.987891,1600
1985-12-16,0.000000,6.062500,5.968750,6.062500,1.003408,6400
1985-12-17,0.000000,6.062500,5.968750,6.062500,1.003408,37600
1985-12-18,0.000000,5.968750,5.937500,5.937500,0.982719,16000
1985-12-19,0.000000,5.937500,5.875000,5.875000,0.972375,7200
1985-12-20,0.000000,5.875000,5.812500,5.812500,0.962030,9600
1985-12-23,0.000000,5.937500,5.812500,5.875000,0.972375,27200
1985-12-24,0.000000,5.937500,5.750000,5.750000,0.951685,17600
1985-12-26,0.000000,5.750000,5.750000,5.750000,0.951685,7200
1985-12-27,0.000000,5.750000,5.625000,5.625000,0.930997,3200
1985-12-30,0.000000,5.656250,5.500000,5.500000,0.910308,9600
1985-12-31,0.000000,5.656250,5.593750,5.656250,0.936169,8800
1986-01-02,0.000000,5.656250,5.500000,5.500000,0.910308,4000
1986-01-03,0.000000,5.625000,5.500000,5.625000,0.930997,5600
1986-01-06,0.000000,5.656250,5.500000,5.656250,0.936169,6400
1986-01-07,0.000000,5.625000,5.468750,5.500000,0.910308,612000
1986-01-08,0.000000,5.625000,5.500000,5.531250,0.915480,12800
1986-01-09,0.000000,5.593750,5.531250,5.562500,0.920653,12000
1986-01-10,0.000000,5.687500,5.531250,5.687500,0.941341,72000
1986-01-13,0.000000,5.687500,5.562500,5.656250,0.936169,16800
1986-01-14,0.000000,5.750000,5.687500,5.750000,0.951685,45600
1986-01-15,0.000000,5.781250,5.656250,5.781250,0.956858,19200
1986-01-16,0.000000,5.812500,5.687500,5.687500,0.941341,4800
1986-01-17,0.000000,5.812500,5.750000,5.781250,0.956858,12800
1986-01-20,0.000000,5.750000,5.750000,5.750000,0.951685,3200
1986-01-21,0.000000,5.750000,5.750000,5.750000,0.951685,11200
1986-01-22,0.000000,5.812500,5.781250,5.781250,0.956858,12800
1986-01-23,0.000000,5.750000,5.687500,5.687500,0.941341,8800
1986-01-24,0.000000,5.812500,5.750000,5.812500,0.962030,8800
1986-01-27,0.000000,5.875000,5.687500,5.875000,0.972375,16800
1986-01-28,0.000000,5.875000,5.750000,5.875000,0.972375,14400
1986-01-29,0.000000,5.875000,5.750000,5.750000,0.951685,8000
1986-01-30,0.000000,5.875000,5.812500,5.875000,0.972375,10400
1986-01-31,0.000000,5.937500,5.812500,5.937500,0.982719,15200
1986-02-03,0.000000,6.000000,5.875000,5.875000,1.102334,20000
1986-02-04,0.000000,6.000000,5.875000,6.000000,1.125788,5600
1986-02-05,0.000000,5.875000,5.875000,5.875000,1.102334,5600
1986-02-06,0.000000,6.000000,5.875000,6.000000,1.125788,3200
1986-02-07,0.000000,6.062500,5.937500,6.062500,1.137515,11200
1986-02-10,0.000000,6.062500,5.937500,5.937500,1.114060,27200
1986-02-11,0.000000,6.062500,6.000000,6.062500,1.137515,11200
1986-02-12,0.000000,6.125000,6.000000,6.062500,1.137515,17600
1986-02-13,0.000000,6.187500,6.000000,6.062500,1.137515,10400
1986-02-14,0.000000,6.187500,6.062500,6.187500,1.160969,19200
1986-02-18,0.000000,6.187500,6.062500,6.062500,1.137515,2400
1986-02-19,0.000000,6.187500,6.062500,6.187500,1.160969,8800
1986-02-20,0.000000,6.187500,6.062500,6.156250,1.155105,15200
1986-02-21,0.000000,6.062500,6.062500,6.062500,1.137515,4800
1986-02-24,0.000000,6.187500,6.062500,6.062500,1.137515,6400
1986-02-25,0.000000,6.062500,6.062500,6.062500,1.137515,1600
1986-02-26,0.000000,6.187500,6.062500,6.125000,1.149242,14400
1986-02-27,0.000000,6.062500,6.062500,6.062500,1.137515,10400
1986-02-28,0.000000,6.125000,6.109375,6.125000,1.149242,11200
1986-03-03,0.000000,6.125000,6.062500,6.062500,1.137515,11200
1986-03-04,0.000000,6.125000,6.062500,6.062500,1.137515,12000
1986-03-05,0.000000,6.125000,6.062500,6.062500,1.137515,1600
1986-03-06,0.000000,6.125000,5.937500,6.062500,1.137515,11200
1986-03-07,0.000000,6.125000,6.000000,6.000000,1.125788,3200
1986-03-10,0.000000,6.062500,5.875000,6.000000,1.125788,44000
1986-03-11,0.000000,6.125000,6.062500,6.125000,1.149242,5600
1986-03-12,0.000000,6.125000,5.937500,6.125000,1.149242,25600
1986-03-13,0.000000,6.062500,5.937500,5.937500,1.114060,5600
1986-03-14,0.000000,6.062500,5.937500,5.937500,1.114060,13600
1986-03-17,0.000000,6.062500,5.937500,5.937500,1.114060,13600
1986-03-18,0.000000,6.062500,5.937500,6.062500,1.137515,12000
1986-03-19,0.000000,6.062500,5.937500,6.000000,1.125788,8800
1986-03-20,0.000000,6.062500,5.937500,5.937500,1.114060,36000
1986-03-21,0.000000,6.062500,5.937500,5.937500,1.114060,24800
1986-03-24,0.000000,6.062500,5.937500,6.062500,1.137515,12000
1986-03-25,0.000000,6.062500,5.875000,6.000000,1.125788,23200
1986-03-26,0.000000,6.062500,5.937500,6.000000,1.125788,56800
1986-03-27,0.000000,6.062500,6.031250,6.062500,1.137515,20000
1986-03-31,0.000000,6.062500,6.000000,6.000000,1.125788,12800
1986-04-01,0.000000,6.062500,6.000000,6.031250,1.131651,20000
1986-04-02,0.000000,6.187500,6.000000,6.187500,1.160969,23200
1986-04-03,0.000000,6.187500,6.062500,6.062500,1.137515,3200
1986-04-04,0.000000,6.187500,6.000000,6.000000,1.125788,7200
1986-04-07,0.000000,6.187500,6.000000,6.187500,1.160969,6400
1986-04-08,0.000000,6.187500,6.078125,6.187500,1.160969,3200
1986-04-09,0.000000,6.187500,6.125000,6.125000,1.149242,8800
1986-04-10,0.000000,6.187500,6.062500,6.187500,1.160969,14400
1986-04-11,0.000000,6.062500,6.062500,6.062500,1.137515,800
1986-04-14,0.000000,6.125000,6.062500,6.125000,1.149242,5600
1986-04-15,0.000000,6.125000,6.062500,6.062500,1.137515,4800
1986-04-16,0.000000,6.187500,6.187500,6.187500,1.160969,4800
1986-04-17,0.000000,6.062500,6.062500,6.062500,1.137515,4000
1986-04-18,0.000000,6.062500,6.062500,6.062500,1.137515,1600
1986-04-21,0.000000,6.187500,6.062500,6.062500,1.137515,11200
1986-04-22,0.000000,6.187500,6.062500,6.187500,1.160969,5600
1986-04-23,0.000000,6.187500,6.062500,6.187500,1.160969,4000
1986-04-24,0.000000,6.125000,6.062500,6.125000,1.149242,11200
1986-04-25,0.000000,6.093750,6.062500,6.062500,1.284291,2400
1986-04-28,0.000000,6.187500,6.062500,6.062500,1.284291,28800
1986-04-29,0.000000,6.187500,6.062500,6.125000,1.297531,12000
1986-04-30,0.000000,6.187500,6.125000,6.187500,1.310772,27200
1986-05-01,0.000000,6.250000,6.125000,6.187500,1.310772,17600
1986-05-02,0.000000,6.250000,6.125000,6.125000,1.297531,8000
1986-05-05,0.000000,6.187500,6.187500,6.187500,1.310772,2400
1986-05-06,0.000000,6.187500,6.187500,6.187500,1.310772,800
1986-05-07,0.000000,6.312500,6.187500,6.187500,1.310772,3200
1986-05-08,0.000000,6.312500,6.312500,6.312500,1.337251,4000
1986-05-09,0.000000,6.187500,6.187500,6.187500,1.310772,3200
1986-05-12,0.000000,6.312500,6.187500,6.312500,1.337251,14400
1986-05-13,0.000000,6.125000,6.125000,6.125000,1.297531,3200
1986-05-14,0.000000,6.250000,6.125000,6.125000,1.297531,4800
1986-05-15,0.000000,6.125000,6.125000,6.125000,1.297531,1600
1986-05-16,0.000000,6.250000,6.125000,6.187500,1.310772,10400
1986-05-19,0.000000,6.250000,6.125000,6.187500,1.310772,8800
1986-05-20,0.000000,6.250000,6.125000,6.250000,1.324011,3200
1986-05-21,0.000000,6.250000,6.125000,6.250000,1.324011,2400
1986-05-22,0.000000,6.250000,6.125000,6.187500,1.310772,17600
1986-05-23,0.000000,6.250000,6.187500,6.250000,1.324011,12000
1986-05-27,0.000000,6.375000,6.250000,6.375000,1.350491,8000
1986-05-28,0.000000,6.375000,6.250000,6.250000,1.324011,11200
1986-05-29,0.000000,6.437500,6.312500,6.375000,1.350491,21600
1986-05-30,0.000000,6.500000,6.375000,6.375000,1.350491,24800
1986-06-02,0.000000,6.562500,6.375000,6.375000,1.350491,13600
1986-06-03,0.000000,6.562500,6.375000,6.562500,1.390212,4800
1986-06-04,0.000000,6.562500,6.437500,6.437500,1.363731,10400
1986-06-05,0.000000,6.437500,6.437500,6.437500,1.363731,12800
1986-06-06,0.000000,6.625000,6.625000,6.625000,1.403452,800
1986-06-09,0.000000,6.625000,6.437500,6.593750,1.396832,19200
1986-06-10,0.000000,6.750000,6.625000,6.687500,1.416691,19200
1986-06-11,0.000000,6.687500,6.625000,6.625000,1.403452,28800
1986-06-12,0.000000,6.812500,6.750000,6.812500,1.443172,11200
1986-06-13,6.812500,6.812500,6.812500,6.812500,1.443172,0
1986-06-16,0.000000,6.812500,6.625000,6.625000,1.403452,3200
1986-06-17,0.000000,6.750000,6.625000,6.750000,1.429932,3200
1986-06-18,0.000000,6.812500,6.625000,6.687500,1.416691,8000
1986-06-19,0.000000,6.687500,6.687500,6.687500,1.416691,800
1986-06-20,0.000000,6.812500,6.687500,6.812500,1.443172,12000
1986-06-23,0.000000,6.718750,6.687500,6.687500,1.416691,5600
1986-06-24,0.000000,6.812500,6.812500,6.812500,1.443172,4800
1986-06-25,0.000000,6.812500,6.687500,6.687500,1.416691,7200
1986-06-26,0.000000,6.875000,6.687500,6.875000,1.456413,4000
1986-06-27,0.000000,6.875000,6.687500,6.875000,1.456413,14400
1986-06-30,0.000000,7.000000,6.875000,7.000000,1.482893,25600
1986-07-01,0.000000,7.000000,6.875000,6.875000,1.456413,10400
1986-07-02,0.000000,6.937500,6.937500,6.937500,1.469653,800
1986-07-03,0.000000,7.062500,7.062500,7.062500,1.496132,1600
1986-07-07,0.000000,7.062500,6.937500,6.937500,1.469653,2400
1986-07-08,0.000000,7.062500,6.937500,6.937500,1.469653,22400
1986-07-09,0.000000,7.062500,7.000000,7.000000,1.482893,7200
1986-07-10,0.000000,7.062500,7.000000,7.062500,1.496132,4800
1986-07-11,0.000000,6.937500,6.937500,6.937500,1.469653,3200
1986-07-14,0.000000,7.250000,7.062500,7.250000,1.535853,68800
1986-07-15,0.000000,7.250000,7.125000,7.250000,1.535853,4000
1986-07-16,0.000000,7.250000,7.125000,7.250000,1.535853,7200
1986-07-17,0.000000,7.125000,7.125000,7.125000,1.509372,800
1986-07-18,0.000000,7.250000,7.125000,7.250000,1.535853,4800
1986-07-21,0.000000,7.250000,7.125000,7.250000,1.535853,5600
1986-07-22,0.000000,7.250000,7.125000,7.250000,1.535853,7200
1986-07-23,0.000000,7.250000,7.250000,7.250000,1.535853,6400
1986-07-24,0.000000,7.312500,7.250000,7.312500,1.549093,4800
1986-07-25,0.000000,7.375000,7.187500,7.187500,1.522612,8000
1986-07-28,0.000000,7.375000,7.250000,7.375000,1.562333,5600
1986-07-29,0.000000,7.437500,7.250000,7.312500,1.549093,9600
1986-07-30,0.000000,7.500000,7.312500,7.312500,1.549093,1600
1986-07-31,0.000000,7.375000,7.312500,7.375000,1.562333,6400
1986-08-01,0.000000,7.500000,7.375000,7.437500,1.575574,7200
1986-08-04,0.000000,7.500000,7.437500,7.437500,1.575574,20800
1986-08-05,0.000000,7.437500,7.437500,7.437500,1.575574,4000
1986-08-06,0.000000,7.500000,7.375000,7.375000,1.562333,6400
1986-08-07,0.000000,7.500000,7.500000,7.500000,1.588813,800
1986-08-08,0.000000,7.500000,7.500000,7.500000,1.588813,800
1986-08-11,0.000000,7.562500,7.375000,7.562500,1.602054,8800
1986-08-12,0.000000,7.562500,7.375000,7.562500,1.602054,7200
1986-08-13,0.000000,7.562500,7.375000,7.437500,1.575574,52800
1986-08-14,0.000000,7.562500,7.375000,7.562500,1.602054,11200
1986-08-15,0.000000,7.562500,7.562500,7.562500,1.602054,6400
1986-08-18,0.000000,7.500000,7.437500,7.500000,1.588813,12800
1986-08-19,0.000000,7.437500,7.437500,7.437500,1.575574,1600
1986-08-20,0.000000,7.500000,7.375000,7.500000,1.588813,29600
1986-08-21,0.000000,7.500000,7.312500,7.312500,1.549093,11200
1986-08-22,0.000000,7.437500,7.250000,7.250000,1.535853,10400
1986-08-25,0.000000,7.375000,7.312500,7.375000,1.562333,18400
1986-08-26,0.000000,7.437500,7.250000,7.250000,1.535853,17600
1986-08-27,0.000000,7.437500,7.250000,7.250000,1.535853,20000
1986-08-28,0.000000,7.437500,7.250000,7.250000,1.535853,12800
1986-08-29,0.000000,7.437500,7.250000,7.250000,1.535853,8800
1986-09-02,0.000000,7.437500,7.312500,7.437500,1.575574,20000
1986-09-03,0.000000,7.437500,7.250000,7.437500,1.575574,24000
1986-09-04,0.000000,7.437500,7.250000,7.250000,1.535853,40800
1986-09-05,0.000000,7.437500,7.250000,7.437500,1.575574,13600
1986-09-08,0.000000,7.437500,7.250000,7.250000,1.535853,6400
1986-09-09,0.000000,7.437500,7.437500,7.437500,1.575574,6400
1986-09-10,0.000000,7.437500,7.250000,7.250000,1.535853,11200
1986-09-11,0.000000,7.437500,7.218750,7.218750,1.529233,57600
1986-09-12,0.000000,7.437500,7.187500,7.187500,1.522612,47200
1986-09-15,0.000000,7.250000,7.000000,7.125000,1.509372,84800
1986-09-16,0.000000,7.125000,6.875000,6.875000,1.456413,29600
1986-09-17,0.000000,7.031250,6.937500,7.031250,1.489512,25600
1986-09-18,0.000000,7.031250,6.875000,6.906250,1.463033,31200
1986-09-19,0.000000,7.031250,6.906250,6.906250,1.463033,11200
1986-09-22,0.000000,7.031250,6.984375,7.031250,1.489512,19200
1986-09-23,0.000000,7.031250,6.875000,6.875000,1.456413,39200
1986-09-24,0.000000,7.031250,6.875000,6.906250,1.463033,41600
1986-09-25,0.000000,7.031250,6.875000,6.875000,1.456413,28800
1986-09-26,0.000000,7.031250,6.875000,6.906250,1.463033,73600
1986-09-29,0.000000,7.000000,6.875000,7.000000,1.482893,4800
1986-09-30,0.000000,7.000000,6.968750,7.000000,1.482893,2400
1986-10-01,0.000000,7.000000,6.875000,7.000000,1.482893,11200
1986-10-02,0.000000,7.000000,6.937500,7.000000,1.482893,10400
1986-10-03,0.000000,7.031250,6.875000,7.000000,1.482893,6400
1986-10-06,0.000000,7.000000,7.000000,7.000000,1.482893,1600
1986-10-07,0.000000,7.031250,6.906250,7.031250,1.489512,9600
1986-10-08,0.000000,7.031250,6.906250,7.000000,1.482893,16800
1986-10-09,0.000000,7.031250,6.906250,6.906250,1.463033,3200
1986-10-10,0.000000,7.031250,6.906250,6.906250,1.463033,7200
1986-10-13,0.000000,7.031250,7.000000,7.031250,1.489512,2400
1986-10-14,0.000000,7.000000,7.000000,7.000000,1.482893,1600
1986-10-15,0.000000,7.031250,7.000000,7.031250,1.489512,10400
1986-10-16,0.000000,7.031250,6.906250,7.031250,1.489512,14400
1986-10-17,0.000000,7.031250,6.875000,6.875000,1.456413,48000
1986-10-20,0.000000,7.000000,6.875000,6.875000,1.456413,8800
1986-10-21,0.000000,7.031250,6.875000,7.031250,1.489512,12000
1986-10-22,0.000000,7.031250,7.000000,7.031250,1.489512,6400
1986-10-23,0.000000,7.031250,6.875000,6.875000,1.456413,11200
1986-10-24,0.000000,7.031250,6.875000,7.031250,1.489512,6400
1986-10-27,0.000000,7.031250,6.875000,6.937500,1.469653,14400
1986-10-28,0.000000,7.031250,6.906250,6.906250,1.627220,19200
1986-10-29,0.000000,7.000000,6.906250,6.906250,1.627220,6400
1986-10-30,0.000000,7.062500,6.906250,7.000000,1.649309,9600
1986-10-31,0.000000,6.968750,6.875000,6.875000,1.619858,12000
1986-11-03,0.000000,7.062500,6.875000,7.062500,1.664034,5600
1986-11-04,0.000000,7.062500,6.875000,6.875000,1.619858,20800
1986-11-05,0.000000,6.968750,6.875000,6.875000,1.619858,2400
1986-11-06,0.000000,6.968750,6.937500,6.937500,1.634584,2400
1986-11-07,0.000000,6.968750,6.875000,6.875000,1.619858,4000
1986-11-10,0.000000,7.000000,6.875000,7.000000,1.649309,15200
1986-11-11,0.000000,7.000000,6.875000,6.875000,1.619858,6400
1986-11-12,0.000000,7.000000,6.875000,6.875000,1.619858,5600
1986-11-13,0.000000,7.000000,6.968750,6.968750,1.641946,2400
1986-11-14,0.000000,7.000000,6.875000,6.875000,1.619858,15200
1986-11-17,0.000000,7.000000,6.875000,7.000000,1.649309,69600
1986-11-18,0.000000,7.000000,6.875000,7.000000,1.649309,12800
1986-11-19,0.000000,6.937500,6.875000,6.875000,1.619858,15200
1986-11-20,0.000000,7.000000,6.875000,6.875000,1.619858,23200
1986-11-21,0.000000,7.000000,6.921875,6.921875,1.630902,8800
1986-11-24,0.000000,7.000000,6.875000,7.000000,1.649309,12000
1986-11-25,0.000000,7.000000,6.875000,6.875000,1.619858,18400
1986-11-26,0.000000,6.937500,6.812500,6.812500,1.605131,15200
1986-11-28,0.000000,6.937500,6.812500,6.937500,1.634584,15200
1986-12-01,0.000000,6.906250,6.812500,6.812500,1.605131,6400
1986-12-02,0.000000,6.937500,6.812500,6.937500,1.634584,12000
1986-12-03,0.000000,6.937500,6.812500,6.875000,1.619858,8800
1986-12-04,0.000000,6.937500,6.875000,6.937500,1.634584,18400
1986-12-05,0.000000,6.937500,6.875000,6.937500,1.634584,15200
1986-12-08,0.000000,6.937500,6.875000,6.875000,1.619858,8000
1986-12-09,0.000000,6.937500,6.875000,6.875000,1.619858,10400
1986-12-10,0.000000,6.937500,6.812500,6.812500,1.605131,10400
1986-12-11,0.000000,6.937500,6.812500,6.812500,1.605131,12000
1986-12-12,0.000000,6.875000,6.812500,6.875000,1.619858,13600
1986-12-15,0.000000,6.937500,6.750000,6.750000,1.590406,19200
1986-12-16,0.000000,6.937500,6.750000,6.750000,1.590406,8000
1986-12-17,0.000000,6.937500,6.750000,6.843750,1.612494,4000
1986-12-18,0.000000,6.937500,6.750000,6.937500,1.634584,8800
1986-12-19,0.000000,6.937500,6.750000,6.750000,1.590406,20000
1986-12-22,0.000000,6.875000,6.687500,6.750000,1.590406,24800
1986-12-23,0.000000,6.875000,6.750000,6.750000,1.590406,59200
1986-12-24,0.000000,6.781250,6.687500,6.687500,1.575679,3200
1986-12-26,0.000000,6.781250,6.687500,6.687500,1.575679,4000
1986-12-29,0.000000,6.843750,6.687500,6.687500,1.575679,24800
1986-12-30,0.000000,6.812500,6.562500,6.687500,1.575679,21600
1986-12-31,0.000000,6.687500,6.500000,6.656250,1.568316,14400
1987-01-02,0.000000,6.687500,6.500000,6.500000,1.531502,7200
1987-01-05,0.000000,6.687500,6.500000,6.578125,1.549909,8000
1987-01-06,0.000000,6.750000,6.625000,6.750000,1.590406,14400
1987-01-07,0.000000,6.812500,6.750000,6.750000,1.590406,3200
1987-01-08,0.000000,7.000000,6.750000,6.875000,1.619858,48800
1987-01-09,0.000000,7.000000,6.875000,6.875000,1.619858,5600
1987-01-12,0.000000,7.125000,6.875000,7.125000,1.678761,30400
1987-01-13,0.000000,7.125000,6.937500,6.968750,1.641946,20000
1987-01-14,0.000000,7.062500,6.937500,6.937500,1.634584,7200
1987-01-15,0.000000,7.062500,6.937500,7.000000,1.649309,13600
1987-01-16,0.000000,7.062500,6.812500,6.937500,1.634584,492000
1987-01-19,0.000000,7.000000,7.000000,7.000000,1.649309,1600
1987-01-20,0.000000,7.062500,6.875000,6.875000,1.619858,15200
1987-01-21,0.000000,7.062500,6.875000,7.000000,1.649309,5600
1987-01-22,0.000000,7.000000,6.875000,6.875000,1.619858,4800
1987-01-23,0.000000,7.062500,7.000000,7.000000,1.649309,14400
1987-01-26,0.000000,7.062500,6.812500,6.875000,1.619858,86400
1987-01-27,0.000000,7.062500,6.875000,7.062500,1.664034,40800
1987-01-28,0.000000,7.062500,6.875000,6.875000,1.619858,8800
1987-01-29,0.000000,7.062500,6.875000,6.875000,1.619858,11200
1987-01-30,0.000000,7.062500,6.875000,7.062500,1.664034,4800
1987-02-02,0.000000,7.000000,6.875000,6.875000,1.641296,20800
1987-02-03,0.000000,7.000000,6.875000,6.875000,1.641296,8800
1987-02-04,0.000000,7.000000,6.875000,6.875000,1.641296,13600
1987-02-05,0.000000,7.000000,6.812500,6.875000,1.641296,172000
1987-02-06,0.000000,7.000000,6.812500,7.000000,1.671138,24000
1987-02-09,0.000000,7.000000,6.937500,7.000000,1.671138,16800
1987-02-10,0.000000,7.000000,6.812500,7.000000,1.671138,20000
1987-02-11,0.000000,7.000000,6.812500,6.812500,1.626375,33600
1987-02-12,0.000000,7.000000,6.812500,7.000000,1.671138,20000
1987-02-13,0.000000,7.000000,6.875000,7.000000,1.671138,8800
1987-02-17,0.000000,7.062500,6.875000,7.062500,1.686058,28000
1987-02-18,0.000000,7.062500,6.875000,7.062500,1.686058,4800
1987-02-19,0.000000,7.062500,6.875000,7.062500,1.686058,18400
1987-02-20,0.000000,7.062500,6.875000,6.875000,1.641296,4800
1987-02-23,0.000000,7.062500,6.875000,7.000000,1.671138,18400
1987-02-24,0.000000,7.062500,6.937500,7.062500,1.686058,51200
1987-02-25,0.000000,7.062500,6.937500,6.937500,1.656217,20000
1987-02-26,0.000000,7.062500,6.937500,6.937500,1.656217,12800
1987-02-27,0.000000,7.062500,6.937500,7.062500,1.686058,6400
1987-03-02,0.000000,7.062500,6.937500,7.062500,1.686058,21600
1987-03-03,0.000000,7.062500,6.937500,7.062500,1.686058,72000
1987-03-04,0.000000,7.093750,7.000000,7.000000,1.671138,35200
1987-03-05,0.000000,7.125000,7.000000,7.125000,1.700979,12000
1987-03-06,0.000000,7.093750,7.000000,7.000000,1.671138,12000
1987-03-09,0.000000,7.125000,7.000000,7.000000,1.671138,66400
1987-03-10,0.000000,7.125000,7.000000,7.125000,1.700979,16800
1987-03-11,0.000000,7.093750,7.062500,7.062500,1.686058,5600
1987-03-12,0.000000,7.125000,7.000000,7.125000,1.700979,19200
1987-03-13,0.000000,7.125000,7.000000,7.000000,1.671138,7200
1987-03-16,0.000000,7.125000,7.000000,7.125000,1.700979,18400
1987-03-17,0.000000,7.125000,7.000000,7.000000,1.671138,8800
1987-03-18,0.000000,7.125000,7.000000,7.000000,1.671138,36800
1987-03-19,0.000000,7.125000,7.093750,7.125000,1.700979,4000
1987-03-20,0.000000,7.125000,7.093750,7.093750,1.693519,2400
1987-03-23,0.000000,7.125000,7.000000,7.125000,1.700979,42400
1987-03-24,0.000000,7.125000,7.000000,7.125000,1.700979,10400
1987-03-25,0.000000,7.125000,7.000000,7.093750,1.693519,20800
1987-03-26,0.000000,7.187500,7.062500,7.187500,1.715900,16000
1987-03-27,0.000000,7.156250,7.156250,7.156250,1.708439,1600
1987-03-30,0.000000,7.109375,7.062500,7.109375,1.697249,9600
1987-03-31,0.000000,7.187500,7.062500,7.187500,1.715900,14400
1987-04-01,0.000000,7.187500,7.062500,7.062500,1.686058,13600
1987-04-02,0.000000,7.156250,7.062500,7.062500,1.686058,6400
1987-04-03,0.000000,7.187500,7.062500,7.187500,1.715900,16000
1987-04-06,0.000000,7.375000,7.125000,7.343750,1.753203,62400
1987-04-07,0.000000,7.375000,7.312500,7.375000,1.760663,11200
1987-04-08,0.000000,7.312500,7.312500,7.312500,1.745741,6400
1987-04-09,0.000000,7.312500,7.312500,7.312500,1.745741,6400
1987-04-10,0.000000,7.375000,7.187500,7.187500,1.715900,21600
1987-04-13,0.000000,7.250000,7.125000,7.250000,1.730821,12000
1987-04-14,0.000000,7.125000,7.125000,7.125000,1.700979,4000
1987-04-15,0.000000,7.062500,7.031250,7.031250,1.678598,12800
1987-04-16,0.000000,7.031250,7.031250,7.031250,1.678598,800
1987-04-20,0.000000,7.156250,7.031250,7.031250,1.678598,10400
1987-04-21,0.000000,7.125000,7.125000,7.125000,1.700979,2400
1987-04-22,0.000000,7.125000,7.000000,7.000000,1.671138,4800
1987-04-23,0.000000,7.000000,7.000000,7.000000,1.671138,1600
1987-04-24,0.000000,7.125000,7.000000,7.000000,1.671138,5600
1987-04-27,0.000000,7.000000,6.937500,6.937500,1.678335,15200
1987-04-28,0.000000,7.125000,6.937500,7.125000,1.723694,13600
1987-04-29,0.000000,7.125000,7.000000,7.000000,1.693455,4000
1987-04-30,0.000000,7.125000,7.000000,7.000000,1.693455,6400
1987-05-01,0.000000,7.125000,7.000000,7.125000,1.723694,3200
1987-05-04,0.000000,7.062500,7.000000,7.000000,1.693455,20000
1987-05-05,0.000000,7.125000,7.000000,7.000000,1.693455,7200
1987-05-06,0.000000,7.000000,7.000000,7.000000,1.693455,800
1987-05-07,0.000000,7.125000,7.000000,7.000000,1.693455,15200
1987-05-08,0.000000,7.062500,7.062500,7.062500,1.708574,4800
1987-05-11,0.000000,7.031250,6.968750,7.031250,1.701014,18400
1987-05-12,0.000000,7.000000,6.812500,6.968750,1.685894,38400
1987-05-13,0.000000,6.937500,6.812500,6.812500,1.648095,8800
1987-05-14,0.000000,6.937500,6.781250,6.875000,1.663215,16000
1987-05-15,0.000000,6.875000,6.687500,6.687500,1.617854,8000
1987-05-18,0.000000,6.812500,6.625000,6.750000,1.632974,16800
1987-05-19,0.000000,6.750000,6.750000,6.750000,1.632974,2400
1987-05-20,0.000000,6.750000,6.562500,6.687500,1.617854,15200
1987-05-21,0.000000,6.687500,6.562500,6.562500,1.587614,14400
1987-05-22,0.000000,6.625000,6.531250,6.625000,1.602734,2400
1987-05-26,0.000000,6.625000,6.625000,6.625000,1.602734,12000
1987-05-27,0.000000,6.687500,6.562500,6.562500,1.587614,16800
1987-05-28,0.000000,6.656250,6.531250,6.531250,1.580054,12000
1987-05-29,0.000000,6.656250,6.531250,6.531250,1.580054,9600
1987-06-01,0.000000,6.625000,6.531250,6.531250,1.580054,5600
1987-06-02,0.000000,6.656250,6.531250,6.531250,1.580054,11200
1987-06-03,0.000000,6.656250,6.531250,6.531250,1.580054,4000
1987-06-04,6.531250,6.531250,6.531250,6.531250,1.580054,0
1987-06-05,0.000000,6.656250,6.500000,6.656250,1.610294,15200
1987-06-08,0.000000,6.656250,6.531250,6.656250,1.610294,5600
1987-06-09,0.000000,6.656250,6.562500,6.562500,1.587614,19200
1987-06-10,0.000000,6.625000,6.468750,6.531250,1.580054,18400
1987-06-11,0.000000,6.562500,6.437500,6.500000,1.572493,7200
1987-06-12,6.500000,6.500000,6.500000,6.500000,1.572493,0
1987-06-15,0.000000,6.562500,6.437500,6.437500,1.557373,6400
1987-06-16,0.000000,6.562500,6.437500,6.437500,1.557373,4800
1987-06-17,0.000000,6.562500,6.437500,6.562500,1.587614,4000
1987-06-18,0.000000,6.562500,6.500000,6.562500,1.587614,15200
1987-06-19,0.000000,6.562500,6.437500,6.562500,1.587614,8800
1987-06-22,0.000000,6.562500,6.562500,6.562500,1.587614,1600
1987-06-23,0.000000,6.437500,6.437500,6.437500,1.557373,8000
1987-06-24,0.000000,6.562500,6.437500,6.437500,1.557373,19200
1987-06-25,0.000000,6.500000,6.375000,6.437500,1.557373,31200
1987-06-26,0.000000,6.500000,6.375000,6.375000,1.542253,11200
1987-06-29,0.000000,6.500000,6.500000,6.500000,1.572493,1600
1987-06-30,0.000000,6.500000,6.375000,6.375000,1.542253,9600
1987-07-01,0.000000,6.500000,6.375000,6.500000,1.572493,7200
1987-07-02,0.000000,6.500000,6.500000,6.500000,1.572493,1600
1987-07-06,0.000000,6.375000,6.375000,6.375000,1.542253,1600
1987-07-07,0.000000,6.500000,6.500000,6.500000,1.572493,9600
1987-07-08,0.000000,6.500000,6.375000,6.500000,1.572493,7200
1987-07-09,0.000000,6.500000,6.375000,6.500000,1.572493,2400
1987-07-10,0.000000,6.500000,6.375000,6.375000,1.542253,22400
1987-07-13,0.000000,6.437500,6.375000,6.437500,1.557373,13600
1987-07-14,0.000000,6.500000,6.375000,6.375000,1.542253,14400
1987-07-15,0.000000,6.500000,6.375000,6.437500,1.557373,24000
1987-07-16,0.000000,6.500000,6.500000,6.500000,1.572493,4800
1987-07-17,0.000000,6.437500,6.375000,6.375000,1.542253,67200
1987-07-20,0.000000,6.500000,6.312500,6.312500,1.527133,32800
1987-07-21,0.000000,6.500000,6.375000,6.437500,1.557373,76000
1987-07-22,0.000000,6.562500,6.375000,6.562500,1.587614,35200
1987-07-23,0.000000,6.843750,6.562500,6.750000,1.632974,32800
1987-07-24,0.000000,6.937500,6.812500,6.937500,1.678335,16800
1987-07-27,0.000000,7.000000,7.000000,7.000000,1.716277,5600
1987-07-28,0.000000,7.000000,6.812500,6.812500,1.670305,2400
1987-07-29,0.000000,7.000000,6.812500,6.875000,1.685629,16800
1987-07-30,0.000000,7.062500,7.000000,7.062500,1.731600,6400
1987-07-31,0.000000,7.187500,7.062500,7.062500,1.731600,22400
1987-08-03,0.000000,7.187500,7.062500,7.125000,1.746924,16800
1987-08-04,0.000000,7.187500,7.062500,7.125000,1.746924,20000
1987-08-05,0.000000,7.250000,7.250000,7.250000,1.777573,11200
1987-08-06,0.000000,7.250000,7.125000,7.187500,1.762248,8000
1987-08-07,0.000000,7.312500,7.187500,7.312500,1.792896,2400
1987-08-10,0.000000,7.187500,7.125000,7.187500,1.762248,23200
1987-08-11,0.000000,7.187500,7.062500,7.187500,1.762248,4800
1987-08-12,0.000000,7.187500,7.062500,7.187500,1.762248,7200
1987-08-13,0.000000,7.187500,7.062500,7.062500,1.731600,8800
1987-08-14,0.000000,7.187500,7.062500,7.062500,1.731600,4800
1987-08-17,0.000000,7.187500,7.062500,7.062500,1.731600,9600
1987-08-18,0.000000,7.187500,7.062500,7.062500,1.731600,4800
1987-08-19,0.000000,7.187500,7.062500,7.187500,1.762248,23200
1987-08-20,0.000000,7.187500,7.062500,7.187500,1.762248,8800
1987-08-21,0.000000,7.125000,7.062500,7.062500,1.731600,18400
1987-08-24,0.000000,7.187500,7.062500,7.062500,1.731600,12800
1987-08-25,0.000000,7.187500,7.062500,7.187500,1.762248,7200
1987-08-26,0.000000,7.187500,7.062500,7.062500,1.731600,12800
1987-08-27,0.000000,7.187500,7.125000,7.187500,1.762248,16800
1987-08-28,0.000000,7.062500,7.062500,7.062500,1.731600,4000
1987-08-31,0.000000,7.187500,7.062500,7.062500,1.731600,4800
1987-09-01,0.000000,7.187500,7.125000,7.125000,1.746924,13600
1987-09-02,0.000000,7.187500,7.062500,7.187500,1.762248,6400
1987-09-03,0.000000,7.187500,7.062500,7.187500,1.762248,6400
1987-09-04,0.000000,7.187500,7.062500,7.062500,1.731600,4000
1987-09-08,0.000000,7.187500,7.062500,7.187500,1.762248,8000
1987-09-09,0.000000,7.187500,7.000000,7.187500,1.762248,6400
1987-09-10,7.187500,7.187500,7.187500,7.187500,1.762248,0
1987-09-11,0.000000,7.187500,7.062500,7.062500,1.731600,3200
1987-09-14,0.000000,7.187500,7.062500,7.187500,1.762248,10400
1987-09-15,0.000000,7.062500,7.062500,7.062500,1.731600,3200
1987-09-16,0.000000,7.187500,7.062500,7.187500,1.762248,9600
1987-09-17,0.000000,7.187500,7.062500,7.093750,1.739263,6400
1987-09-18,0.000000,7.187500,7.187500,7.187500,1.762248,800
1987-09-21,0.000000,7.062500,7.062500,7.062500,1.731600,2400
1987-09-22,0.000000,7.187500,7.062500,7.062500,1.731600,3200
1987-09-23,0.000000,7.187500,7.062500,7.187500,1.762248,5600
1987-09-24,0.000000,7.187500,7.062500,7.062500,1.731600,2400
1987-09-25,0.000000,7.187500,7.187500,7.187500,1.762248,1600
1987-09-28,0.000000,7.187500,7.062500,7.062500,1.731600,11200
1987-09-29,7.062500,7.062500,7.062500,7.062500,1.731600,0
1987-09-30,0.000000,7.187500,7.062500,7.187500,1.762248,15200
1987-10-01,0.000000,7.156250,7.062500,7.156250,1.754587,13600
1987-10-02,0.000000,7.000000,7.000000,7.000000,1.716277,3200
1987-10-05,0.000000,7.125000,7.000000,7.062500,1.731600,15200
1987-10-06,0.000000,7.156250,7.000000,7.000000,1.716277,9600
1987-10-07,0.000000,7.062500,6.968750,6.968750,1.708614,8000
1987-10-08,0.000000,7.062500,7.062500,7.062500,1.731600,800
1987-10-09,0.000000,6.937500,6.937500,6.937500,1.700953,4800
1987-10-12,0.000000,7.093750,6.906250,7.031250,1.723939,21600
1987-10-13,7.031250,7.031250,7.031250,7.031250,1.723939,0
1987-10-14,0.000000,7.000000,6.875000,6.875000,1.685629,12000
1987-10-15,0.000000,6.937500,6.781250,6.781250,1.662643,12000
1987-10-16,0.000000,6.812500,6.687500,6.687500,1.639657,35200
1987-10-19,0.000000,6.750000,6.125000,6.125000,1.501742,20000
1987-10-20,0.000000,6.125000,5.750000,5.843750,1.432784,26400
1987-10-21,0.000000,5.937500,5.750000,5.937500,1.455770,33600
1987-10-22,0.000000,5.937500,5.687500,5.812500,1.425123,33600
1987-10-23,0.000000,5.937500,5.750000,5.937500,1.455770,36800
1987-10-26,0.000000,5.875000,5.687500,5.875000,1.440447,22400
1987-10-27,0.000000,5.875000,5.750000,5.875000,1.452001,15200
1987-10-28,0.000000,5.937500,5.750000,5.875000,1.452001,32800
1987-10-29,0.000000,6.031250,5.968750,6.031250,1.490619,15200
1987-10-30,0.000000,6.312500,6.093750,6.312500,1.560129,36800
1987-11-02,0.000000,6.875000,6.250000,6.875000,1.699150,14800
1987-11-03,0.000000,6.875000,6.625000,6.750000,1.668256,14400
1987-11-04,0.000000,6.812500,6.437500,6.656250,1.645086,22800
1987-11-05,0.000000,6.875000,6.500000,6.750000,1.668256,15600
1987-11-06,0.000000,7.125000,6.812500,7.125000,1.760936,10000
1987-11-09,0.000000,7.125000,6.812500,6.875000,1.699150,12800
1987-11-10,0.000000,6.937500,6.750000,6.875000,1.699150,43600
1987-11-11,0.000000,7.125000,6.812500,7.125000,1.760936,43200
1987-11-12,0.000000,7.250000,7.000000,7.250000,1.791831,18000
1987-11-13,0.000000,7.375000,7.125000,7.250000,1.791831,22000
1987-11-16,0.000000,7.375000,7.187500,7.375000,1.822725,11600
1987-11-17,0.000000,7.687500,7.000000,7.250000,1.791831,39600
1987-11-18,0.000000,7.312500,7.156250,7.312500,1.807277,12400
1987-11-19,0.000000,7.375000,7.125000,7.250000,1.791831,4400
1987-11-20,0.000000,7.375000,7.125000,7.250000,1.791831,4800
1987-11-23,0.000000,7.375000,7.125000,7.375000,1.822725,5200
1987-11-24,0.000000,7.500000,7.125000,7.375000,1.822725,13200
1987-11-25,0.000000,7.625000,7.375000,7.625000,1.884511,2800
1987-11-27,0.000000,7.625000,7.375000,7.437500,1.838172,5200
1987-11-30,0.000000,7.625000,7.250000,7.562500,1.869065,6400
1987-12-01,0.000000,7.625000,7.375000,7.375000,1.822725,14400
1987-12-02,0.000000,7.625000,7.375000,7.375000,1.822725,5600
1987-12-03,0.000000,7.562500,7.562500,7.562500,1.869065,400
1987-12-04,0.000000,7.500000,7.312500,7.312500,1.807277,11200
1987-12-07,0.000000,7.437500,7.312500,7.437500,1.838172,4400
1987-12-08,0.000000,7.500000,7.312500,7.500000,1.853618,12800
1987-12-09,0.000000,7.500000,7.312500,7.375000,1.822725,14000
1987-12-10,0.000000,7.500000,7.375000,7.500000,1.853618,1600
1987-12-11,0.000000,7.500000,7.312500,7.312500,1.807277,8000
1987-12-14,0.000000,7.437500,7.250000,7.250000,1.791831,6000
1987-12-15,0.000000,7.500000,7.250000,7.437500,1.838172,11600
1987-12-16,0.000000,7.625000,7.312500,7.625000,1.884511,24400
1987-12-17,0.000000,7.625000,7.500000,7.625000,1.884511,3600
1987-12-18,0.000000,7.625000,7.500000,7.500000,1.853618,6000
1987-12-21,0.000000,7.687500,7.500000,7.687500,1.899959,4800
1987-12-22,0.000000,7.687500,7.562500,7.687500,1.899959,12000
1987-12-23,0.000000,8.000000,7.625000,7.812500,1.930852,28400
1987-12-24,0.000000,7.937500,7.687500,7.875000,1.946299,9200
1987-12-28,0.000000,7.750000,7.500000,7.500000,1.853618,14400
1987-12-29,0.000000,7.875000,7.812500,7.875000,1.946299,1200
1987-12-30,0.000000,7.875000,7.625000,7.625000,1.884511,8800
1987-12-31,0.000000,7.875000,7.500000,7.500000,1.853618,7200
1988-01-04,0.000000,7.750000,7.500000,7.500000,1.853618,8800
1988-01-05,0.000000,7.750000,7.562500,7.750000,1.915405,16000
1988-01-06,0.000000,7.750000,7.500000,7.750000,1.915405,4800
1988-01-07,0.000000,7.875000,7.625000,7.625000,1.884511,4400
1988-01-08,0.000000,7.875000,7.437500,7.437500,1.838172,13200
1988-01-11,0.000000,7.625000,7.312500,7.375000,1.822725,9600
1988-01-12,0.000000,7.625000,7.375000,7.375000,1.822725,7600
1988-01-13,0.000000,7.750000,7.562500,7.750000,1.915405,8400
1988-01-14,0.000000,7.750000,7.562500,7.750000,1.915405,12800
1988-01-15,0.000000,7.750000,7.500000,7.500000,1.853618,7600
1988-01-18,0.000000,8.000000,7.500000,8.000000,1.977193,27600
1988-01-19,0.000000,8.062500,7.812500,7.812500,1.930852,27600
1988-01-20,0.000000,7.812500,7.812500,7.812500,1.930852,22000
1988-01-21,0.000000,7.875000,7.625000,7.875000,1.946299,3600
1988-01-22,0.000000,7.875000,7.625000,7.875000,1.946299,4800
1988-01-25,0.000000,7.937500,7.625000,7.875000,1.946299,24800
1988-01-26,0.000000,8.000000,7.625000,7.875000,1.946299,7200
1988-01-27,0.000000,7.875000,7.625000,7.687500,1.899959,6000
1988-01-28,0.000000,7.812500,7.625000,7.625000,1.884511,8800
1988-01-29,0.000000,7.812500,7.625000,7.812500,1.930852,16000
1988-02-01,0.000000,7.812500,7.562500,7.562500,1.893299,12800
1988-02-02,0.000000,7.750000,7.562500,7.750000,1.940240,4000
1988-02-03,0.000000,7.750000,7.562500,7.625000,1.908946,56000
1988-02-04,7.625000,7.625000,7.625000,7.625000,1.908946,0
1988-02-05,0.000000,7.875000,7.562500,7.875000,1.971535,6400
1988-02-08,0.000000,7.875000,7.625000,7.625000,1.908946,8400
1988-02-09,0.000000,7.875000,7.625000,7.875000,1.971535,6000
1988-02-10,0.000000,7.812500,7.812500,7.812500,1.955888,400
1988-02-11,0.000000,7.812500,7.531250,7.750000,1.940240,14000
1988-02-12,0.000000,7.750000,7.500000,7.750000,1.940240,2400
1988-02-16,0.000000,7.750000,7.562500,7.562500,1.893299,5200
1988-02-17,0.000000,7.875000,7.562500,7.625000,1.908946,35200
1988-02-18,0.000000,7.750000,7.562500,7.562500,1.893299,7200
1988-02-19,0.000000,7.687500,7.625000,7.625000,1.908946,2400
1988-02-22,0.000000,7.625000,7.562500,7.562500,1.893299,1600
1988-02-23,0.000000,7.750000,7.750000,7.750000,1.940240,800
1988-02-24,0.000000,7.687500,7.562500,7.687500,1.924594,5600
1988-02-25,0.000000,7.687500,7.562500,7.687500,1.924594,4000
1988-02-26,0.000000,7.687500,7.562500,7.562500,1.893299,2400
1988-02-29,0.000000,7.687500,7.375000,7.375000,1.846358,23200
1988-03-01,0.000000,7.625000,7.312500,7.625000,1.908946,11200
1988-03-02,0.000000,7.625000,7.500000,7.562500,1.893299,6000
1988-03-03,0.000000,7.625000,7.625000,7.625000,1.908946,400
1988-03-04,0.000000,7.625000,7.437500,7.437500,1.862005,5600
1988-03-07,0.000000,7.625000,7.375000,7.625000,1.908946,2400
1988-03-08,0.000000,7.687500,7.625000,7.687500,1.924594,2400
1988-03-09,0.000000,7.687500,7.687500,7.687500,1.924594,3600
1988-03-10,0.000000,7.687500,7.437500,7.687500,1.924594,6400
1988-03-11,0.000000,7.687500,7.437500,7.687500,1.924594,13200
1988-03-14,0.000000,7.687500,7.437500,7.437500,1.862005,4800
1988-03-15,0.000000,7.687500,7.437500,7.687500,1.924594,8400
1988-03-16,0.000000,7.687500,7.437500,7.687500,1.924594,5200
1988-03-17,0.000000,7.687500,7.437500,7.500000,1.877651,22000
1988-03-18,0.000000,7.687500,7.437500,7.437500,1.862005,7600
1988-03-21,0.000000,7.687500,7.500000,7.500000,1.877651,6000
1988-03-22,0.000000,7.687500,7.500000,7.500000,1.877651,8000
1988-03-23,0.000000,7.687500,7.500000,7.687500,1.924594,5200
1988-03-24,0.000000,7.687500,7.500000,7.687500,1.924594,9600
1988-03-25,0.000000,7.687500,7.437500,7.437500,1.862005,2400
1988-03-28,0.000000,7.687500,7.687500,7.687500,1.924594,800
1988-03-29,0.000000,7.625000,7.437500,7.625000,1.908946,14400
1988-03-30,0.000000,7.625000,7.500000,7.500000,1.877651,7600
1988-03-31,0.000000,7.687500,7.500000,7.687500,1.924594,9200
1988-04-04,0.000000,7.625000,7.500000,7.500000,1.877651,7200
1988-04-05,0.000000,7.625000,7.500000,7.625000,1.908946,5200
1988-04-06,0.000000,7.625000,7.375000,7.500000,1.877651,11600
1988-04-07,0.000000,7.562500,7.375000,7.562500,1.893299,29600
1988-04-08,0.000000,7.562500,7.375000,7.375000,1.846358,6000
1988-04-11,0.000000,7.500000,7.375000,7.375000,1.846358,12800
1988-04-12,0.000000,7.500000,7.375000,7.500000,1.877651,7200
1988-04-13,0.000000,7.500000,7.375000,7.500000,1.877651,10800
1988-04-14,0.000000,7.500000,7.375000,7.375000,1.846358,15200
1988-04-15,0.000000,7.500000,7.250000,7.312500,1.830710,12800
1988-04-18,0.000000,7.437500,7.250000,7.437500,1.862005,5600
1988-04-19,0.000000,7.500000,7.312500,7.500000,1.877651,3600
1988-04-20,0.000000,7.500000,7.312500,7.437500,1.862005,37200
1988-04-21,0.000000,7.437500,7.312500,7.437500,1.862005,4000
1988-04-22,0.000000,7.437500,7.312500,7.312500,1.830710,1600
1988-04-25,0.000000,7.437500,7.312500,7.312500,1.830710,44400
1988-04-26,0.000000,7.375000,7.187500,7.375000,1.871957,8800
1988-04-27,0.000000,7.375000,7.375000,7.375000,1.871957,800
1988-04-28,0.000000,7.375000,7.187500,7.312500,1.856092,26400
1988-04-29,0.000000,7.375000,7.187500,7.375000,1.871957,6400
1988-05-02,0.000000,7.375000,7.187500,7.187500,1.824365,12000
1988-05-03,0.000000,7.281250,7.187500,7.187500,1.824365,2800
1988-05-04,0.000000,7.250000,7.062500,7.062500,1.792637,6400
1988-05-05,0.000000,7.250000,7.062500,7.250000,1.840230,24800
1988-05-06,0.000000,7.250000,7.062500,7.062500,1.792637,4000
1988-05-09,0.000000,7.250000,7.062500,7.062500,1.792637,6000
1988-05-10,0.000000,7.187500,7.062500,7.062500,1.792637,8800
1988-05-11,0.000000,7.187500,7.031250,7.187500,1.824365,12400
1988-05-12,0.000000,7.000000,7.000000,7.000000,1.776773,8400
1988-05-13,0.000000,7.187500,6.812500,6.812500,1.729182,11600
1988-05-16,0.000000,6.812500,6.812500,6.812500,1.729182,1600
1988-05-17,0.000000,7.062500,6.812500,7.062500,1.792637,7600
1988-05-18,0.000000,7.062500,6.687500,7.000000,1.776773,18800
1988-05-19,0.000000,7.000000,6.812500,6.812500,1.729182,6400
1988-05-20,0.000000,7.000000,6.687500,6.687500,1.697452,12000
1988-05-23,0.000000,6.937500,6.687500,6.750000,1.713317,15600
1988-05-24,0.000000,6.875000,6.625000,6.875000,1.745045,5200
1988-05-25,0.000000,6.875000,6.875000,6.875000,1.745045,400
1988-05-26,0.000000,6.875000,6.875000,6.875000,1.745045,3200
1988-05-27,0.000000,6.875000,6.625000,6.875000,1.745045,2000
1988-05-31,0.000000,6.875000,6.625000,6.625000,1.681588,2000
1988-06-01,0.000000,6.875000,6.625000,6.875000,1.745045,8800
1988-06-02,0.000000,6.875000,6.625000,6.875000,1.745045,9600
1988-06-03,0.000000,6.875000,6.625000,6.750000,1.713317,18000
1988-06-06,0.000000,6.875000,6.750000,6.875000,1.745045,12400
1988-06-07,0.000000,6.937500,6.750000,6.937500,1.760909,34400
1988-06-08,0.000000,7.125000,6.812500,6.812500,1.729182,8800
1988-06-09,0.000000,7.187500,6.875000,7.187500,1.824365,19200
1988-06-10,0.000000,7.187500,7.000000,7.062500,1.792637,8800
1988-06-13,0.000000,7.312500,7.062500,7.062500,1.792637,13600
1988-06-14,0.000000,7.062500,7.062500,7.062500,1.792637,400
1988-06-15,0.000000,7.312500,7.062500,7.312500,1.856092,2800
1988-06-16,0.000000,7.375000,7.062500,7.375000,1.871957,9600
1988-06-17,0.000000,7.062500,7.062500,7.062500,1.792637,7600
1988-06-20,0.000000,7.312500,7.062500,7.312500,1.856092,5200
1988-06-21,0.000000,7.312500,7.062500,7.312500,1.856092,8400
1988-06-22,0.000000,7.187500,7.062500,7.187500,1.824365,6400
1988-06-23,0.000000,7.187500,7.062500,7.125000,1.808500,26400
1988-06-24,0.000000,7.312500,7.062500,7.312500,1.856092,2800
1988-06-27,0.000000,7.312500,7.312500,7.312500,1.856092,800
1988-06-28,0.000000,7.312500,7.062500,7.312500,1.856092,2800
1988-06-29,7.312500,7.312500,7.312500,7.312500,1.856092,0
1988-06-30,0.000000,7.437500,7.062500,7.375000,1.871957,32400
1988-07-01,0.000000,7.375000,7.125000,7.125000,1.808500,12800
1988-07-05,0.000000,7.312500,7.125000,7.125000,1.808500,9600
1988-07-06,0.000000,7.250000,7.062500,7.250000,1.840230,6800
1988-07-07,0.000000,7.250000,7.062500,7.250000,1.840230,2400
1988-07-08,0.000000,7.250000,7.062500,7.250000,1.840230,1200
1988-07-11,0.000000,7.250000,7.062500,7.250000,1.840230,13600
1988-07-12,0.000000,7.250000,7.062500,7.250000,1.840230,22400
1988-07-13,0.000000,7.250000,7.062500,7.187500,1.824365,8000
1988-07-14,0.000000,7.187500,6.812500,7.000000,1.776773,8000
1988-07-15,0.000000,7.125000,6.812500,7.125000,1.808500,10000
1988-07-18,0.000000,7.125000,7.125000,7.125000,1.808500,2400
1988-07-19,0.000000,7.125000,6.875000,7.125000,1.808500,9200
1988-07-20,0.000000,7.062500,6.812500,7.062500,1.792637,34400
1988-07-21,0.000000,7.062500,7.000000,7.062500,1.792637,4400
1988-07-22,0.000000,7.062500,6.812500,7.062500,1.792637,1600
1988-07-25,0.000000,7.000000,6.812500,6.812500,1.729182,1200
1988-07-26,0.000000,6.937500,6.687500,6.937500,1.787142,1200
1988-07-27,0.000000,6.937500,6.687500,6.781250,1.746892,14400
1988-07-28,0.000000,6.937500,6.687500,6.750000,1.738841,10400
1988-07-29,0.000000,6.937500,6.937500,6.937500,1.787142,3600
1988-08-01,0.000000,6.937500,6.687500,6.687500,1.722741,5600
1988-08-02,0.000000,6.937500,6.687500,6.687500,1.722741,16000
1988-08-03,0.000000,6.937500,6.687500,6.937500,1.787142,38000
1988-08-04,0.000000,6.937500,6.687500,6.687500,1.722741,11200
1988-08-05,0.000000,6.937500,6.750000,6.937500,1.787142,4800
1988-08-08,0.000000,6.937500,6.687500,6.687500,1.722741,10000
1988-08-09,0.000000,6.937500,6.687500,6.875000,1.771042,9200
1988-08-10,0.000000,6.937500,6.687500,6.687500,1.722741,4400
1988-08-11,0.000000,6.937500,6.687500,6.937500,1.787142,3600
1988-08-12,0.000000,6.937500,6.687500,6.937500,1.787142,12800
1988-08-15,0.000000,6.937500,6.687500,6.750000,1.738841,9200
1988-08-16,0.000000,6.937500,6.687500,6.781250,1.746892,18800
1988-08-17,0.000000,6.875000,6.562500,6.750000,1.738841,4400
1988-08-18,0.000000,6.812500,6.562500,6.812500,1.754942,5600
1988-08-19,0.000000,6.812500,6.562500,6.812500,1.754942,3200
1988-08-22,0.000000,6.812500,6.562500,6.750000,1.738841,18800
1988-08-23,0.000000,6.750000,6.500000,6.750000,1.738841,6400
1988-08-24,0.000000,6.750000,6.500000,6.750000,1.738841,11200
1988-08-25,0.000000,6.750000,6.500000,6.750000,1.738841,4000
1988-08-26,0.000000,6.750000,6.562500,6.562500,1.690540,6000
1988-08-29,0.000000,6.812500,6.625000,6.812500,1.754942,7200
1988-08-30,0.000000,6.625000,6.562500,6.593750,1.698589,3600
1988-08-31,0.000000,6.750000,6.562500,6.750000,1.738841,4400
1988-09-01,0.000000,6.750000,6.562500,6.750000,1.738841,10000
1988-09-02,0.000000,6.750000,6.562500,6.750000,1.738841,13600
1988-09-06,0.000000,6.750000,6.562500,6.750000,1.738841,3200
1988-09-07,0.000000,6.812500,6.625000,6.625000,1.706640,4000
1988-09-08,0.000000,6.750000,6.625000,6.750000,1.738841,8800
1988-09-09,0.000000,6.750000,6.500000,6.562500,1.690540,22800
1988-09-12,0.000000,6.812500,6.562500,6.562500,1.690540,4800
1988-09-13,0.000000,6.562500,6.562500,6.562500,1.690540,2800
1988-09-14,0.000000,6.812500,6.562500,6.812500,1.754942,5200
1988-09-15,0.000000,6.875000,6.625000,6.625000,1.706640,5600
1988-09-16,0.000000,6.875000,6.750000,6.750000,1.738841,4400
1988-09-19,0.000000,6.875000,6.625000,6.875000,1.771042,4400
1988-09-20,0.000000,6.875000,6.875000,6.875000,1.771042,800
1988-09-21,0.000000,6.687500,6.687500,6.687500,1.722741,1200
1988-09-22,0.000000,6.687500,6.687500,6.687500,1.722741,6400
1988-09-23,0.000000,6.875000,6.625000,6.875000,1.771042,20400
1988-09-26,0.000000,6.875000,6.562500,6.562500,1.690540,2000
1988-09-27,0.000000,6.875000,6.562500,6.562500,1.690540,2000
1988-09-28,0.000000,6.875000,6.687500,6.750000,1.738841,14000
1988-09-29,0.000000,6.875000,6.562500,6.687500,1.722741,9600
1988-09-30,0.000000,6.875000,6.562500,6.812500,1.754942,11600
1988-10-03,0.000000,6.812500,6.500000,6.812500,1.754942,4000
1988-10-04,0.000000,6.812500,6.750000,6.812500,1.754942,2400
1988-10-05,0.000000,6.812500,6.500000,6.812500,1.754942,4800
1988-10-06,0.000000,6.812500,6.500000,6.500000,1.674439,7200
1988-10-07,0.000000,6.812500,6.500000,6.812500,1.754942,6000
1988-10-10,0.000000,6.750000,6.500000,6.687500,1.722741,5200
1988-10-11,0.000000,6.687500,6.500000,6.687500,1.722741,8800
1988-10-12,0.000000,6.687500,6.500000,6.687500,1.722741,18400
1988-10-13,0.000000,6.687500,6.687500,6.687500,1.722741,4800
1988-10-14,0.000000,6.687500,6.375000,6.375000,1.642238,22000
1988-10-17,0.000000,6.625000,6.375000,6.625000,1.706640,20000
1988-10-18,0.000000,6.625000,6.312500,6.312500,1.626138,12000
1988-10-19,0.000000,6.562500,6.312500,6.312500,1.626138,9600
1988-10-20,0.000000,6.625000,6.375000,6.562500,1.690540,20000
1988-10-21,0.000000,6.750000,6.375000,6.750000,1.738841,25200
1988-10-24,0.000000,6.750000,6.437500,6.437500,1.658339,15600
1988-10-25,0.000000,6.750000,6.437500,6.437500,1.658339,2400
1988-10-26,0.000000,6.437500,6.437500,6.437500,1.684505,1200
1988-10-27,0.000000,6.687500,6.375000,6.562500,1.717215,7600
1988-10-28,0.000000,6.750000,6.437500,6.500000,1.700861,26400
1988-10-31,0.000000,6.687500,6.437500,6.437500,1.684505,4000
1988-11-01,0.000000,6.687500,6.437500,6.437500,1.684505,2400
1988-11-02,0.000000,6.687500,6.437500,6.687500,1.749924,4000
1988-11-03,0.000000,6.687500,6.437500,6.687500,1.749924,5600
1988-11-04,0.000000,6.687500,6.437500,6.437500,1.684505,6000
1988-11-07,0.000000,6.687500,6.437500,6.687500,1.749924,15600
1988-11-08,0.000000,6.437500,6.437500,6.437500,1.684505,3600
1988-11-09,0.000000,6.687500,6.437500,6.687500,1.749924,8400
1988-11-10,0.000000,6.687500,6.437500,6.437500,1.684505,10000
1988-11-11,0.000000,6.625000,6.437500,6.437500,1.684505,4400
1988-11-14,0.000000,6.625000,6.437500,6.531250,1.709038,25200
1988-11-15,0.000000,6.625000,6.437500,6.437500,1.684505,4800
1988-11-16,0.000000,6.562500,6.437500,6.437500,1.684505,8000
1988-11-17,0.000000,6.562500,6.312500,6.312500,1.651797,10800
1988-11-18,0.000000,6.562500,6.312500,6.562500,1.717215,6000
1988-11-21,0.000000,6.562500,6.312500,6.468750,1.692684,66400
1988-11-22,0.000000,6.562500,6.312500,6.312500,1.651797,10400
1988-11-23,0.000000,6.562500,6.312500,6.562500,1.717215,3600
1988-11-25,0.000000,6.500000,6.312500,6.500000,1.700861,3200
1988-11-28,0.000000,6.500000,6.187500,6.500000,1.700861,9600
1988-11-29,0.000000,6.375000,6.125000,6.375000,1.668151,23200
1988-11-30,0.000000,6.437500,6.125000,6.187500,1.619088,12000
1988-12-01,0.000000,6.375000,6.125000,6.125000,1.602734,15600
1988-12-02,0.000000,6.375000,6.125000,6.125000,1.602734,23200
1988-12-05,0.000000,6.375000,6.125000,6.375000,1.668151,5600
1988-12-06,0.000000,6.375000,6.125000,6.125000,1.602734,13200
1988-12-07,0.000000,6.312500,6.125000,6.312500,1.651797,5200
1988-12-08,0.000000,6.312500,6.125000,6.125000,1.602734,23200
1988-12-09,0.000000,6.250000,6.125000,6.250000,1.635443,8800
1988-12-12,0.000000,6.250000,6.062500,6.250000,1.635443,19600
1988-12-13,0.000000,6.250000,6.062500,6.062500,1.586380,7200
1988-12-14,0.000000,6.250000,6.062500,6.250000,1.635443,10000
1988-12-15,0.000000,6.375000,6.062500,6.312500,1.651797,12400
1988-12-16,0.000000,6.250000,6.000000,6.125000,1.602734,10400
1988-12-19,0.000000,6.312500,6.000000,6.062500,1.586380,22000
1988-12-20,0.000000,6.312500,6.062500,6.312500,1.651797,15600
1988-12-21,0.000000,6.312500,6.062500,6.312500,1.651797,19200
1988-12-22,0.000000,6.312500,6.062500,6.062500,1.586380,11200
1988-12-23,0.000000,6.312500,6.062500,6.093750,1.594557,8000
1988-12-27,0.000000,6.312500,6.062500,6.062500,1.586380,10800
1988-12-28,0.000000,6.312500,6.062500,6.250000,1.635443,26800
1988-12-29,0.000000,6.312500,6.156250,6.312500,1.651797,10000
1988-12-30,0.000000,6.375000,6.062500,6.375000,1.668151,26000
1989-01-03,0.000000,6.375000,6.125000,6.125000,1.602734,18400
1989-01-04,0.000000,6.375000,6.187500,6.250000,1.635443,21600
1989-01-05,0.000000,6.375000,6.125000,6.125000,1.602734,9600
1989-01-06,0.000000,6.375000,6.250000,6.312500,1.651797,15200
1989-01-09,0.000000,6.562500,6.281250,6.375000,1.668151,13200
1989-01-10,0.000000,6.625000,6.375000,6.625000,1.733570,12000
1989-01-11,0.000000,6.625000,6.375000,6.625000,1.733570,3600
1989-01-12,0.000000,6.625000,6.375000,6.375000,1.668151,6000
1989-01-13,0.000000,6.625000,6.375000,6.375000,1.668151,21200
1989-01-16,0.000000,6.625000,6.375000,6.500000,1.700861,15200
1989-01-17,0.000000,6.500000,6.375000,6.375000,1.668151,8000
1989-01-18,0.000000,6.562500,6.375000,6.375000,1.668151,11600
1989-01-19,0.000000,6.562500,6.375000,6.562500,1.717215,11600
1989-01-20,0.000000,6.562500,6.375000,6.562500,1.717215,14400
1989-01-23,0.000000,6.562500,6.375000,6.375000,1.668151,10000
1989-01-24,0.000000,6.562500,6.250000,6.500000,1.700861,15600
1989-01-25,0.000000,6.437500,6.250000,6.250000,1.635443,6000
1989-01-26,0.000000,6.437500,6.250000,6.437500,1.684505,6800
1989-01-27,0.000000,6.437500,6.250000,6.250000,1.662560,23600
1989-01-30,0.000000,6.375000,6.125000,6.250000,1.662560,20400
1989-01-31,0.000000,6.375000,6.125000,6.375000,1.695811,16800
1989-02-01,0.000000,6.312500,6.062500,6.125000,1.629309,37600
1989-02-02,0.000000,6.312500,6.062500,6.250000,1.662560,13200
1989-02-03,0.000000,6.312500,6.062500,6.312500,1.679186,28400
1989-02-06,0.000000,6.312500,6.062500,6.312500,1.679186,6800
1989-02-07,0.000000,6.312500,6.062500,6.187500,1.645934,31600
1989-02-08,0.000000,6.312500,6.062500,6.312500,1.679186,35600
1989-02-09,0.000000,6.312500,6.062500,6.312500,1.679186,12400
1989-02-10,0.000000,6.312500,6.062500,6.218750,1.654247,20400
1989-02-13,0.000000,6.312500,6.125000,6.125000,1.629309,14800
1989-02-14,0.000000,6.312500,6.062500,6.312500,1.679186,28800
1989-02-15,0.000000,6.312500,6.062500,6.062500,1.612684,64400
1989-02-16,0.000000,6.312500,6.000000,6.218750,1.654247,11200
1989-02-17,0.000000,6.312500,6.000000,6.000000,1.596058,29200
1989-02-21,0.000000,6.312500,6.000000,6.000000,1.596058,8000
1989-02-22,0.000000,6.250000,5.937500,5.937500,1.579433,33200
1989-02-23,0.000000,6.250000,5.937500,6.062500,1.612684,12400
1989-02-24,0.000000,6.250000,5.937500,6.187500,1.645934,19200
1989-02-27,0.000000,6.187500,6.000000,6.000000,1.596058,8800
1989-02-28,0.000000,6.187500,6.000000,6.062500,1.612684,13200
1989-03-01,0.000000,6.187500,6.062500,6.125000,1.629309,28800
1989-03-02,0.000000,6.312500,6.125000,6.250000,1.662560,37200
1989-03-03,0.000000,6.312500,6.187500,6.312500,1.679186,31200
1989-03-06,0.000000,6.312500,6.187500,6.250000,1.662560,25200
1989-03-07,0.000000,6.375000,6.187500,6.250000,1.662560,4800
1989-03-08,0.000000,6.312500,6.187500,6.187500,1.645934,18400
1989-03-09,0.000000,6.312500,6.187500,6.281250,1.670873,9200
1989-03-10,0.000000,6.312500,6.187500,6.250000,1.662560,17200
1989-03-13,0.000000,6.312500,6.187500,6.187500,1.645934,11200
1989-03-14,0.000000,6.312500,6.000000,6.062500,1.612684,35200
1989-03-15,0.000000,6.250000,6.000000,6.125000,1.629309,9600
1989-03-16,0.000000,6.250000,6.125000,6.125000,1.629309,9600
1989-03-17,0.000000,6.250000,6.062500,6.250000,1.662560,6400
1989-03-20,0.000000,6.250000,6.125000,6.218750,1.654247,9200
1989-03-21,0.000000,6.250000,6.125000,6.125000,1.629309,15600
1989-03-22,0.000000,6.250000,6.125000,6.125000,1.629309,10000
1989-03-23,0.000000,6.250000,6.125000,6.125000,1.629309,14800
1989-03-27,0.000000,6.250000,6.062500,6.125000,1.629309,20000
1989-03-28,0.000000,6.187500,6.000000,6.000000,1.596058,20400
1989-03-29,0.000000,6.187500,6.000000,6.000000,1.596058,7600
1989-03-30,0.000000,6.125000,6.000000,6.000000,1.596058,9600
1989-03-31,0.000000,6.250000,6.000000,6.031250,1.604372,13200
1989-04-03,0.000000,6.125000,5.937500,5.937500,1.579433,10400
1989-04-04,0.000000,6.125000,5.937500,6.062500,1.612684,7200
1989-04-05,0.000000,6.062500,5.937500,6.062500,1.612684,20400
1989-04-06,0.000000,6.125000,5.875000,5.937500,1.579433,19200
1989-04-07,0.000000,6.062500,5.937500,5.937500,1.579433,8800
1989-04-10,0.000000,6.187500,5.937500,5.937500,1.579433,20800
1989-04-11,0.000000,6.125000,5.937500,5.937500,1.579433,9600
1989-04-12,0.000000,6.187500,5.875000,5.875000,1.562808,8400
1989-04-13,0.000000,6.187500,5.875000,6.187500,1.645934,5200
1989-04-14,0.000000,6.187500,5.875000,6.187500,1.645934,10400
1989-04-17,0.000000,6.187500,5.937500,5.937500,1.579433,5600
1989-04-18,0.000000,6.187500,5.937500,6.187500,1.645934,22800
1989-04-19,0.000000,6.187500,5.937500,5.937500,1.579433,15200
1989-04-20,0.000000,6.187500,6.062500,6.187500,1.645934,3600
1989-04-21,0.000000,6.187500,5.937500,5.937500,1.579433,5600
1989-04-24,0.000000,6.187500,5.937500,5.937500,1.579433,11600
1989-04-25,0.000000,6.125000,5.937500,6.062500,1.641716,10800
1989-04-26,0.000000,6.250000,5.937500,5.937500,1.607866,7600
1989-04-27,0.000000,6.250000,5.937500,6.187500,1.675566,12400
1989-04-28,0.000000,6.250000,5.937500,6.187500,1.675566,64000
1989-05-01,0.000000,6.250000,6.000000,6.062500,1.641716,10400
1989-05-02,0.000000,6.250000,6.000000,6.125000,1.658641,14400
1989-05-03,0.000000,6.250000,6.000000,6.000000,1.624792,5200
1989-05-04,0.000000,6.250000,6.000000,6.218750,1.684028,9200
1989-05-05,0.000000,6.250000,6.000000,6.000000,1.624792,12800
1989-05-08,0.000000,6.250000,6.000000,6.000000,1.624792,4800
1989-05-09,0.000000,6.187500,6.000000,6.187500,1.675566,24000
1989-05-10,0.000000,6.187500,5.937500,6.000000,1.624792,5600
1989-05-11,0.000000,6.187500,6.093750,6.187500,1.675566,11200
1989-05-12,0.000000,6.187500,6.000000,6.187500,1.675566,17200
1989-05-15,0.000000,6.187500,6.000000,6.125000,1.658641,13200
1989-05-16,0.000000,6.187500,6.000000,6.187500,1.675566,29600
1989-05-17,0.000000,6.187500,6.000000,6.000000,1.624792,7600
1989-05-18,0.000000,6.187500,6.000000,6.000000,1.624792,8400
1989-05-19,0.000000,6.187500,6.000000,6.187500,1.675566,9600
1989-05-22,0.000000,6.187500,6.000000,6.187500,1.675566,10800
1989-05-23,0.000000,6.187500,6.000000,6.062500,1.641716,27200
1989-05-24,0.000000,6.125000,6.000000,6.125000,1.658641,31600
1989-05-25,0.000000,6.187500,6.000000,6.093750,1.650179,17200
1989-05-26,0.000000,6.187500,6.000000,6.125000,1.658641,24000
1989-05-30,0.000000,6.187500,6.062500,6.093750,1.650179,16000
1989-05-31,0.000000,6.187500,6.062500,6.187500,1.675566,27600
1989-06-01,0.000000,6.187500,5.937500,6.125000,1.658641,15200
1989-06-02,0.000000,6.187500,6.000000,6.000000,1.624792,25200
1989-06-05,0.000000,6.125000,6.000000,6.000000,1.624792,6400
1989-06-06,0.000000,6.125000,5.937500,5.937500,1.607866,14400
1989-06-07,0.000000,6.125000,5.937500,6.125000,1.658641,10000
1989-06-08,0.000000,6.375000,6.062500,6.125000,1.658641,26000
1989-06-09,0.000000,6.375000,6.125000,6.375000,1.726340,58800
1989-06-12,0.000000,6.375000,6.125000,6.250000,1.692491,20400
1989-06-13,0.000000,6.375000,6.125000,6.250000,1.692491,24800
1989-06-14,0.000000,6.375000,6.250000,6.375000,1.726340,6000
1989-06-15,0.000000,6.250000,6.125000,6.125000,1.658641,16000
1989-06-16,0.000000,6.375000,6.125000,6.125000,1.658641,6800
1989-06-19,0.000000,6.375000,6.125000,6.125000,1.658641,14800
1989-06-20,0.000000,6.375000,6.125000,6.125000,1.658641,10000
1989-06-21,0.000000,6.375000,6.125000,6.187500,1.675566,23200
1989-06-22,0.000000,6.375000,6.125000,6.125000,1.658641,22400
1989-06-23,0.000000,6.312500,6.125000,6.312500,1.709416,4400
1989-06-26,0.000000,6.250000,6.000000,6.125000,1.658641,36800
1989-06-27,0.000000,6.250000,6.000000,6.187500,1.675566,11600
1989-06-28,0.000000,6.125000,5.937500,6.062500,1.641716,35200
1989-06-29,0.000000,6.125000,5.906250,6.000000,1.624792,42400
1989-06-30,0.000000,6.000000,5.875000,6.000000,1.624792,8800
1989-07-03,0.000000,6.125000,5.875000,6.062500,1.641716,3200
1989-07-05,0.000000,6.062500,5.968750,6.062500,1.641716,31200
1989-07-06,0.000000,6.125000,6.000000,6.125000,1.658641,36800
1989-07-07,0.000000,6.125000,6.000000,6.062500,1.641716,14000
1989-07-10,0.000000,6.187500,6.062500,6.187500,1.675566,18000
1989-07-11,0.000000,6.250000,6.125000,6.125000,1.658641,7200
1989-07-12,0.000000,6.250000,6.156250,6.187500,1.675566,11200
1989-07-13,0.000000,6.250000,6.187500,6.250000,1.692491,23200
1989-07-14,0.000000,6.250000,6.187500,6.250000,1.692491,9600
1989-07-17,0.000000,6.250000,6.187500,6.250000,1.692491,3600
1989-07-18,0.000000,6.250000,6.187500,6.250000,1.692491,12000
1989-07-19,0.000000,6.187500,6.000000,6.187500,1.675566,22800
1989-07-20,0.000000,6.187500,6.125000,6.187500,1.675566,14800
1989-07-21,0.000000,6.250000,6.125000,6.250000,1.692491,6400
1989-07-24,0.000000,6.250000,6.125000,6.250000,1.692491,53200
1989-07-25,0.000000,6.250000,6.125000,6.250000,1.692491,10000
1989-07-26,0.000000,6.250000,6.062500,6.156250,1.695589,38000
1989-07-27,0.000000,6.312500,6.125000,6.125000,1.686983,28400
1989-07-28,0.000000,6.312500,6.125000,6.312500,1.738625,59200
1989-07-31,0.000000,6.500000,6.250000,6.500000,1.790268,34400
1989-08-01,0.000000,6.687500,6.500000,6.687500,1.841909,12800
1989-08-02,0.000000,6.687500,6.500000,6.562500,1.807481,3600
1989-08-03,0.000000,6.750000,6.500000,6.750000,1.859123,34000
1989-08-04,0.000000,6.750000,6.625000,6.750000,1.859123,4800
1989-08-07,0.000000,6.750000,6.625000,6.625000,1.824696,6400
1989-08-08,0.000000,6.750000,6.625000,6.750000,1.859123,8000
1989-08-09,0.000000,6.750000,6.625000,6.625000,1.824696,14800
1989-08-10,0.000000,6.750000,6.750000,6.750000,1.859123,2000
1989-08-11,0.000000,6.812500,6.625000,6.812500,1.876337,12400
1989-08-14,0.000000,6.875000,6.687500,6.875000,1.893550,19600
1989-08-15,0.000000,6.875000,6.750000,6.875000,1.893550,25200
1989-08-16,0.000000,7.062500,6.875000,6.875000,1.893550,18000
1989-08-17,0.000000,7.000000,6.812500,6.812500,1.876337,10800
1989-08-18,0.000000,7.000000,6.812500,6.812500,1.876337,13600
1989-08-21,0.000000,6.875000,6.812500,6.875000,1.893550,6400
1989-08-22,0.000000,6.812500,6.750000,6.750000,1.859123,8800
1989-08-23,0.000000,6.812500,6.718750,6.812500,1.876337,9200
1989-08-24,0.000000,6.812500,6.750000,6.750000,1.859123,23600
1989-08-25,0.000000,6.812500,6.750000,6.750000,1.859123,35600
1989-08-28,0.000000,6.812500,6.750000,6.812500,1.876337,2800
1989-08-29,0.000000,6.812500,6.750000,6.750000,1.859123,10800
1989-08-30,0.000000,6.812500,6.750000,6.812500,1.876337,10800
1989-08-31,0.000000,6.812500,6.750000,6.781250,1.867730,21200
1989-09-01,0.000000,6.875000,6.812500,6.812500,1.876337,25600
1989-09-05,0.000000,6.875000,6.750000,6.750000,1.859123,15200
1989-09-06,0.000000,6.812500,6.750000,6.812500,1.876337,3200
1989-09-07,0.000000,6.812500,6.750000,6.750000,1.859123,31200
1989-09-08,0.000000,6.812500,6.625000,6.625000,1.824696,20000
1989-09-11,0.000000,6.687500,6.625000,6.687500,1.841909,3200
1989-09-12,0.000000,6.625000,6.562500,6.625000,1.824696,23200
1989-09-13,0.000000,6.812500,6.687500,6.687500,1.841909,22000
1989-09-14,0.000000,6.750000,6.625000,6.750000,1.859123,4000
1989-09-15,0.000000,6.625000,6.625000,6.625000,1.824696,4800
1989-09-18,0.000000,6.687500,6.500000,6.500000,1.790268,18000
1989-09-19,0.000000,6.500000,6.375000,6.500000,1.790268,18400
1989-09-20,0.000000,6.500000,6.375000,6.437500,1.773053,19600
1989-09-21,0.000000,6.437500,6.375000,6.437500,1.773053,29600
1989-09-22,0.000000,6.437500,6.406250,6.437500,1.773053,13600
1989-09-25,0.000000,6.437500,6.375000,6.437500,1.773053,6400
1989-09-26,0.000000,6.500000,6.375000,6.500000,1.790268,15200
1989-09-27,0.000000,6.500000,6.375000,6.437500,1.773053,11600
1989-09-28,0.000000,6.562500,6.437500,6.562500,1.807481,16800
1989-09-29,0.000000,6.562500,6.437500,6.562500,1.807481,4400
1989-10-02,0.000000,6.562500,6.437500,6.562500,1.807481,10400
1989-10-03,0.000000,6.562500,6.562500,6.562500,1.807481,2000
1989-10-04,0.000000,6.500000,6.437500,6.500000,1.790268,21600
1989-10-05,0.000000,6.500000,6.437500,6.437500,1.773053,9600
1989-10-06,0.000000,6.500000,6.437500,6.437500,1.773053,15600
1989-10-09,0.000000,6.437500,6.375000,6.375000,1.755838,6000
1989-10-10,0.000000,6.500000,6.375000,6.375000,1.755838,7600
1989-10-11,0.000000,6.500000,6.375000,6.437500,1.773053,29600
1989-10-12,0.000000,6.437500,6.375000,6.375000,1.755838,5600
1989-10-13,0.000000,6.437500,6.375000,6.375000,1.755838,20400
1989-10-16,0.000000,6.375000,6.187500,6.375000,1.755838,28400
1989-10-17,0.000000,6.500000,6.250000,6.250000,1.721410,20800
1989-10-18,0.000000,6.250000,6.125000,6.125000,1.686983,53200
1989-10-19,0.000000,6.625000,6.125000,6.375000,1.755838,31600
1989-10-20,0.000000,6.375000,6.312500,6.312500,1.738625,17200
1989-10-23,0.000000,6.625000,6.437500,6.500000,1.790268,67600
1989-10-24,0.000000,6.562500,6.437500,6.562500,1.807481,6800
1989-10-25,0.000000,6.750000,6.562500,6.750000,1.859123,13200
1989-10-26,0.000000,6.875000,6.625000,6.625000,1.853528,46000
1989-10-27,0.000000,6.812500,6.625000,6.625000,1.853528,10000
1989-10-30,0.000000,6.750000,6.562500,6.656250,1.862271,23200
1989-10-31,0.000000,6.687500,6.625000,6.625000,1.853528,12000
1989-11-01,0.000000,6.687500,6.625000,6.656250,1.862271,4000
1989-11-02,0.000000,6.750000,6.625000,6.625000,1.853528,31600
1989-11-03,0.000000,6.750000,6.625000,6.750000,1.888500,1600
1989-11-06,0.000000,6.750000,6.625000,6.625000,1.853528,6000
1989-11-07,0.000000,6.625000,6.625000,6.625000,1.853528,4400
1989-11-08,0.000000,6.687500,6.625000,6.687500,1.871013,10000
1989-11-09,0.000000,6.687500,6.625000,6.625000,1.853528,16000
1989-11-10,0.000000,6.687500,6.687500,6.687500,1.871013,2400
1989-11-13,0.000000,6.750000,6.625000,6.687500,1.871013,36000
1989-11-14,0.000000,6.937500,6.687500,6.937500,1.940958,16000
1989-11-15,0.000000,6.937500,6.687500,6.687500,1.871013,2400
1989-11-16,0.000000,6.937500,6.687500,6.687500,1.871013,11200
1989-11-17,0.000000,6.812500,6.687500,6.687500,1.871013,11200
1989-11-20,0.000000,6.812500,6.687500,6.750000,1.888500,8400
1989-11-21,0.000000,6.812500,6.750000,6.812500,1.905985,12400
1989-11-22,0.000000,6.812500,6.750000,6.750000,1.888500,11200
1989-11-24,0.000000,6.875000,6.750000,6.750000,1.888500,5200
1989-11-27,0.000000,6.937500,6.937500,6.937500,1.940958,2000
1989-11-28,0.000000,6.812500,6.750000,6.812500,1.905985,2400
1989-11-29,0.000000,7.000000,6.812500,7.000000,1.958444,10000
1989-11-30,0.000000,7.000000,6.812500,6.812500,1.905985,22400
1989-12-01,0.000000,7.000000,6.750000,6.750000,1.888500,29600
1989-12-04,0.000000,6.937500,6.750000,6.937500,1.940958,13600
1989-12-05,0.000000,6.937500,6.750000,6.937500,1.940958,9600
1989-12-06,0.000000,6.937500,6.750000,6.906250,1.932215,8800
1989-12-07,0.000000,6.937500,6.750000,6.750000,1.888500,4800
1989-12-08,0.000000,6.937500,6.750000,6.937500,1.940958,7200
1989-12-11,0.000000,6.937500,6.750000,6.937500,1.940958,1600
1989-12-12,0.000000,6.937500,6.750000,6.875000,1.923471,26800
1989-12-13,0.000000,7.187500,6.875000,7.000000,1.958444,40000
1989-12-14,0.000000,7.000000,6.937500,7.000000,1.958444,8800
1989-12-15,0.000000,7.125000,7.000000,7.125000,1.993416,33200
1989-12-18,0.000000,7.125000,7.000000,7.125000,1.993416,5200
1989-12-19,0.000000,7.125000,7.000000,7.125000,1.993416,6800
1989-12-20,0.000000,7.125000,7.000000,7.062500,1.975930,7200
1989-12-21,0.000000,7.125000,7.000000,7.125000,1.993416,2800
1989-12-22,0.000000,7.125000,7.000000,7.125000,1.993416,1600
1989-12-26,0.000000,7.125000,7.000000,7.062500,1.975930,11200
1989-12-27,0.000000,7.125000,7.125000,7.125000,1.993416,2400
1989-12-28,0.000000,7.125000,7.000000,7.125000,1.993416,4400
1989-12-29,0.000000,7.125000,7.000000,7.000000,1.958444,4400
1990-01-02,0.000000,7.125000,7.000000,7.062500,1.975930,16400
1990-01-03,0.000000,7.125000,6.875000,7.062500,1.975930,19600
1990-01-04,0.000000,7.000000,6.812500,7.000000,1.958444,16000
1990-01-05,0.000000,7.000000,6.812500,6.812500,1.905985,6000
1990-01-08,0.000000,7.000000,6.812500,6.812500,1.905985,9200
1990-01-09,0.000000,7.000000,6.812500,7.000000,1.958444,5600
1990-01-10,0.000000,7.000000,6.812500,6.812500,1.905985,3600
1990-01-11,0.000000,7.000000,6.812500,6.812500,1.905985,2800
1990-01-12,0.000000,7.000000,6.812500,6.906250,1.932215,15600
1990-01-15,0.000000,6.937500,6.812500,6.812500,1.905985,4000
1990-01-16,0.000000,6.937500,6.812500,6.843750,1.914729,17200
1990-01-17,0.000000,6.937500,6.812500,6.812500,1.905985,7200
1990-01-18,0.000000,6.937500,6.812500,6.875000,1.923471,23200
1990-01-19,0.000000,6.937500,6.812500,6.812500,1.905985,3600
1990-01-22,0.000000,6.937500,6.812500,6.875000,1.923471,29200
1990-01-23,0.000000,7.000000,6.812500,7.000000,1.958444,11600
1990-01-24,0.000000,6.750000,6.750000,6.750000,1.888500,800
1990-01-25,0.000000,6.937500,6.750000,6.906250,1.932215,15200
1990-01-26,6.906250,6.906250,6.906250,6.906250,1.932215,0
1990-01-29,0.000000,6.750000,6.750000,6.750000,1.918713,800
1990-01-30,0.000000,7.000000,6.750000,7.000000,1.989777,14400
1990-01-31,0.000000,6.937500,6.812500,6.812500,1.936478,5200
1990-02-01,0.000000,7.000000,6.812500,7.000000,1.989777,19600
1990-02-02,0.000000,6.875000,6.875000,6.875000,1.954244,5600
1990-02-05,0.000000,7.125000,6.875000,6.875000,1.954244,4400
1990-02-06,0.000000,6.875000,6.875000,6.875000,1.954244,4000
1990-02-07,0.000000,7.125000,6.875000,6.937500,1.972011,8800
1990-02-08,0.000000,7.125000,6.937500,7.125000,2.025308,3600
1990-02-09,0.000000,7.125000,6.875000,6.875000,1.954244,16000
1990-02-12,0.000000,7.000000,6.875000,6.875000,1.954244,42000
1990-02-13,0.000000,7.062500,6.750000,6.812500,1.936478,32000
1990-02-14,0.000000,7.000000,6.750000,7.000000,1.989777,28400
1990-02-15,0.000000,7.000000,6.812500,7.000000,1.989777,8800
1990-02-16,0.000000,7.062500,6.968750,7.062500,2.007541,24400
1990-02-20,0.000000,7.062500,6.875000,6.875000,1.954244,8800
1990-02-21,0.000000,7.125000,6.875000,6.875000,1.954244,9600
1990-02-22,0.000000,7.125000,6.875000,7.000000,1.989777,12400
1990-02-23,0.000000,7.125000,6.937500,7.125000,2.025308,14000
1990-02-26,0.000000,7.125000,6.937500,6.937500,1.972011,9200
1990-02-27,0.000000,7.125000,6.937500,7.000000,1.989777,22000
1990-02-28,0.000000,7.125000,7.000000,7.125000,2.025308,39200
1990-03-01,0.000000,7.000000,6.875000,7.000000,1.989777,5200
1990-03-02,0.000000,7.062500,6.875000,6.937500,1.972011,25600
1990-03-05,0.000000,7.062500,6.812500,6.812500,1.936478,5200
1990-03-06,0.000000,7.062500,6.687500,7.000000,1.989777,16400
1990-03-07,0.000000,6.937500,6.687500,6.687500,1.900947,7600
1990-03-08,0.000000,6.687500,6.625000,6.625000,1.883182,7200
1990-03-09,0.000000,6.875000,6.593750,6.750000,1.918713,14800
1990-03-12,0.000000,6.781250,6.625000,6.625000,1.883182,33200
1990-03-13,0.000000,6.812500,6.625000,6.625000,1.883182,8000
1990-03-14,0.000000,6.812500,6.625000,6.625000,1.883182,2800
1990-03-15,0.000000,6.812500,6.812500,6.812500,1.936478,400
1990-03-16,0.000000,6.812500,6.625000,6.812500,1.936478,2800
1990-03-19,0.000000,6.625000,6.625000,6.625000,1.883182,800
1990-03-20,0.000000,6.812500,6.625000,6.625000,1.883182,2800
1990-03-21,0.000000,6.812500,6.625000,6.812500,1.936478,7600
1990-03-22,0.000000,6.750000,6.625000,6.625000,1.883182,42000
1990-03-23,0.000000,6.718750,6.625000,6.687500,1.900947,16000
1990-03-26,6.687500,6.937500,6.687500,6.750000,1.918713,7600
1990-03-27,6.750000,6.750000,6.687500,6.718750,1.909831,25600
1990-03-28,6.687500,6.687500,6.687500,6.687500,1.900947,2000
1990-03-29,6.812500,6.812500,6.625000,6.812500,1.936478,23200
1990-03-30,6.812500,6.812500,6.625000,6.625000,1.883182,26800
1990-04-02,6.562500,6.687500,6.562500,6.687500,1.900947,6800
1990-04-03,6.687500,6.687500,6.562500,6.656250,1.892065,15600
1990-04-04,6.687500,6.812500,6.625000,6.812500,1.936478,27600
1990-04-05,6.625000,6.875000,6.625000,6.625000,1.883182,14800
1990-04-06,6.562500,6.812500,6.562500,6.750000,1.918713,4000
1990-04-09,6.812500,6.812500,6.562500,6.562500,1.865415,10000
1990-04-10,6.812500,6.812500,6.562500,6.562500,1.865415,5200
1990-04-11,6.562500,6.812500,6.562500,6.562500,1.865415,12000
1990-04-12,6.812500,6.812500,6.562500,6.812500,1.936478,6000
1990-04-16,6.750000,6.812500,6.562500,6.812500,1.936478,18800
1990-04-17,6.562500,6.687500,6.437500,6.687500,1.900947,21600
1990-04-18,6.750000,6.750000,6.437500,6.750000,1.918713,7600
1990-04-19,6.375000,6.750000,6.375000,6.375000,1.812118,5600
1990-04-20,6.750000,6.750000,6.375000,6.375000,1.812118,8800
1990-04-23,6.750000,6.750000,6.375000,6.750000,1.918713,9600
1990-04-24,6.750000,6.750000,6.375000,6.406250,1.821001,26800
1990-04-25,6.375000,6.687500,6.250000,6.500000,1.879557,17200
1990-04-26,6.312500,6.343750,6.250000,6.312500,1.825338,34800
1990-04-27,6.343750,6.500000,6.250000,6.250000,1.807265,5600
1990-04-30,6.250000,6.437500,6.187500,6.437500,1.861483,6000
1990-05-01,6.437500,6.437500,6.187500,6.187500,1.789193,18400
1990-05-02,6.437500,6.437500,6.187500,6.437500,1.861483,10800
1990-05-03,6.437500,6.500000,6.187500,6.312500,1.825338,20800
1990-05-04,6.312500,6.562500,6.312500,6.562500,1.897629,6400
1990-05-07,6.437500,6.562500,6.375000,6.375000,1.843411,34800
1990-05-08,6.500000,6.562500,6.375000,6.375000,1.843411,26000
1990-05-09,6.562500,6.562500,6.375000,6.375000,1.843411,66000
1990-05-10,6.500000,6.500000,6.437500,6.437500,1.861483,5600
1990-05-11,6.437500,6.562500,6.437500,6.437500,1.861483,10400
1990-05-14,6.562500,6.562500,6.437500,6.500000,1.879557,19600
1990-05-15,6.500000,6.500000,6.437500,6.437500,1.861483,3600
1990-05-16,6.437500,6.562500,6.375000,6.562500,1.897629,36800
1990-05-17,6.375000,6.562500,6.375000,6.375000,1.843411,6400
1990-05-18,6.375000,6.500000,6.375000,6.437500,1.861483,8400
1990-05-21,6.500000,6.562500,6.312500,6.562500,1.897629,18800
1990-05-22,6.562500,6.562500,6.375000,6.375000,1.843411,15200
1990-05-23,6.375000,6.562500,6.375000,6.562500,1.897629,5600
1990-05-24,6.312500,6.562500,6.312500,6.312500,1.825338,10400
1990-05-25,6.562500,6.562500,6.312500,6.375000,1.843411,6800
1990-05-29,6.312500,6.500000,6.250000,6.375000,1.843411,4000
1990-05-30,6.250000,6.500000,6.250000,6.281250,1.816302,26000
1990-05-31,6.250000,6.500000,6.250000,6.500000,1.879557,4800
1990-06-01,6.500000,6.500000,6.500000,6.500000,1.879557,3600
1990-06-04,6.375000,6.500000,6.375000,6.437500,1.861483,10400
1990-06-05,6.468750,6.468750,6.437500,6.437500,1.861483,1600
1990-06-06,6.562500,6.562500,6.437500,6.437500,1.861483,7200
1990-06-07,6.437500,6.437500,6.375000,6.375000,1.843411,18800
1990-06-08,6.500000,6.562500,6.250000,6.562500,1.897629,30400
1990-06-11,6.562500,6.562500,6.250000,6.250000,1.807265,6800
1990-06-12,6.250000,6.500000,6.250000,6.312500,1.825338,11600
1990-06-13,6.312500,6.500000,6.312500,6.312500,1.825338,10000
1990-06-14,6.500000,6.500000,6.312500,6.312500,1.825338,6800
1990-06-15,6.312500,6.500000,6.312500,6.500000,1.879557,3600
1990-06-18,6.312500,6.500000,6.312500,6.312500,1.825338,6400
1990-06-19,6.250000,6.500000,6.250000,6.312500,1.825338,14800
1990-06-20,6.250000,6.437500,6.250000,6.437500,1.861483,10400
1990-06-21,6.250000,6.250000,6.187500,6.187500,1.789193,4400
1990-06-22,6.187500,6.437500,6.187500,6.250000,1.807265,7200
1990-06-25,6.187500,6.437500,6.187500,6.187500,1.789193,11200
1990-06-26,6.437500,6.437500,6.187500,6.281250,1.816302,20000
1990-06-27,6.250000,6.437500,6.250000,6.375000,1.843411,23600
1990-06-28,6.375000,6.375000,6.187500,6.281250,1.816302,10800
1990-06-29,6.375000,6.375000,6.187500,6.312500,1.825338,20000
1990-07-02,6.250000,6.312500,6.187500,6.312500,1.825338,10400
1990-07-03,6.312500,6.312500,6.187500,6.187500,1.789193,5200
1990-07-05,6.187500,6.437500,6.187500,6.312500,1.825338,41200
1990-07-06,6.437500,6.437500,6.375000,6.375000,1.843411,28800
1990-07-09,6.437500,6.500000,6.375000,6.500000,1.879557,14400
1990-07-10,6.500000,6.593750,6.375000,6.593750,1.906664,12400
1990-07-11,6.375000,6.625000,6.375000,6.375000,1.843411,14400
1990-07-12,6.375000,6.625000,6.375000,6.375000,1.843411,7600
1990-07-13,6.375000,6.500000,6.312500,6.312500,1.825338,11200
1990-07-16,6.312500,6.500000,6.312500,6.500000,1.879557,14400
1990-07-17,6.312500,6.500000,6.312500,6.312500,1.825338,16000
1990-07-18,6.500000,6.500000,6.375000,6.375000,1.843411,10800
1990-07-19,6.500000,6.500000,6.312500,6.375000,1.843411,17200
1990-07-20,6.375000,6.500000,6.250000,6.406250,1.852447,26000
1990-07-23,6.375000,6.500000,6.187500,6.437500,1.861483,20400
1990-07-24,6.187500,6.437500,6.125000,6.375000,1.843411,46000
1990-07-25,6.375000,6.375000,6.125000,6.250000,1.807265,5600
1990-07-26,6.250000,6.375000,6.125000,6.343750,1.866859,20800
1990-07-27,6.125000,6.125000,6.125000,6.125000,1.802483,1600
1990-07-30,6.250000,6.250000,6.125000,6.125000,1.802483,7200
1990-07-31,6.375000,6.375000,6.125000,6.312500,1.857661,40400
1990-08-01,6.312500,6.312500,6.062500,6.093750,1.793288,38800
1990-08-02,6.250000,6.250000,5.937500,6.062500,1.784091,77600
1990-08-03,6.062500,6.062500,5.687500,5.937500,1.747305,51600
1990-08-06,5.937500,5.937500,5.562500,5.562500,1.636948,20400
1990-08-07,5.781250,5.875000,5.625000,5.812500,1.710519,48800
1990-08-08,5.812500,5.812500,5.562500,5.812500,1.710519,26000
1990-08-09,5.812500,5.937500,5.625000,5.937500,1.747305,14000
1990-08-10,5.656250,5.937500,5.625000,5.937500,1.747305,4800
1990-08-13,5.750000,6.000000,5.750000,6.000000,1.765698,14400
1990-08-14,6.000000,6.000000,5.750000,5.750000,1.692127,14400
1990-08-15,5.750000,6.187500,5.750000,6.000000,1.765698,25200
1990-08-16,6.250000,6.437500,6.062500,6.250000,1.839268,31600
1990-08-17,6.125000,6.125000,6.125000,6.125000,1.802483,4400
1990-08-20,6.125000,6.125000,6.125000,6.125000,1.802483,1200
1990-08-21,6.375000,6.375000,6.125000,6.187500,1.820876,10800
1990-08-22,6.187500,6.375000,6.187500,6.375000,1.876054,6400
1990-08-23,6.125000,6.406250,6.125000,6.406250,1.885250,2000
1990-08-24,6.437500,6.437500,6.125000,6.437500,1.894447,4400
1990-08-27,6.250000,6.500000,6.250000,6.250000,1.839268,9200
1990-08-28,6.562500,6.625000,6.250000,6.375000,1.876054,21600
1990-08-29,6.437500,6.750000,6.437500,6.437500,1.894447,16000
1990-08-30,6.437500,6.437500,6.375000,6.375000,1.876054,13600
1990-08-31,6.375000,6.375000,6.312500,6.375000,1.876054,9600
1990-09-04,6.312500,6.625000,6.312500,6.375000,1.876054,28400
1990-09-05,6.562500,6.687500,6.312500,6.687500,1.968018,12400
1990-09-06,6.687500,6.687500,6.500000,6.562500,1.931232,20800
1990-09-07,6.687500,6.687500,6.500000,6.500000,1.912840,4000
1990-09-10,6.437500,6.625000,6.437500,6.437500,1.894447,11200
1990-09-11,6.437500,6.562500,6.437500,6.562500,1.931232,2800
1990-09-12,6.437500,6.687500,6.437500,6.500000,1.912840,4800
1990-09-13,6.500000,6.687500,6.500000,6.500000,1.912840,5200
1990-09-14,6.500000,6.625000,6.500000,6.625000,1.949625,8800
1990-09-17,6.500000,6.687500,6.500000,6.500000,1.912840,22000
1990-09-18,6.500000,6.687500,6.500000,6.500000,1.912840,25600
1990-09-19,6.500000,6.500000,6.500000,6.500000,1.912840,4800
1990-09-20,6.500000,6.687500,6.500000,6.562500,1.931232,23200
1990-09-21,6.500000,6.625000,6.375000,6.562500,1.931232,27200
1990-09-24,6.437500,6.437500,6.437500,6.437500,1.894447,400
1990-09-25,6.468750,6.468750,6.437500,6.437500,1.894447,3600
1990-09-26,6.500000,6.500000,6.500000,6.500000,1.912840,2400
1990-09-27,6.687500,6.718750,6.500000,6.625000,1.949625,28400
1990-09-28,6.562500,7.062500,6.562500,6.750000,1.986410,33600
1990-10-01,6.750000,6.812500,6.750000,6.812500,2.004802,2400
1990-10-02,6.812500,6.812500,6.687500,6.750000,1.986410,18800
1990-10-03,6.687500,6.937500,6.687500,6.687500,1.968018,4000
1990-10-04,6.625000,6.875000,6.625000,6.875000,2.023196,4400
1990-10-05,6.875000,6.875000,6.875000,6.875000,2.023196,0
1990-10-08,6.625000,6.875000,6.625000,6.875000,2.023196,10000
1990-10-09,6.625000,6.625000,6.437500,6.437500,1.894447,4000
1990-10-10,6.625000,6.625000,6.187500,6.437500,1.894447,14000
1990-10-11,6.375000,6.375000,6.000000,6.000000,1.765698,37200
1990-10-12,6.062500,6.312500,6.062500,6.312500,1.857661,1600
1990-10-15,6.125000,6.312500,6.125000,6.312500,1.857661,40400
1990-10-16,6.187500,6.250000,6.187500,6.250000,1.839268,4800
1990-10-17,6.312500,6.375000,6.312500,6.375000,1.876054,4400
1990-10-18,6.500000,6.500000,6.187500,6.187500,1.820876,2800
1990-10-19,6.562500,6.562500,6.312500,6.312500,1.857661,4400
1990-10-22,6.312500,6.562500,6.312500,6.312500,1.857661,9200
1990-10-23,6.250000,6.562500,6.250000,6.312500,1.857661,4400
1990-10-24,6.312500,6.625000,6.312500,6.312500,1.857661,13200
1990-10-25,6.625000,6.625000,6.500000,6.625000,1.949625,4000
1990-10-26,6.437500,6.531250,6.437500,6.437500,1.926063,6400
1990-10-29,6.562500,6.562500,6.375000,6.375000,1.907364,2800
1990-10-30,6.375000,6.375000,6.375000,6.375000,1.907364,800
1990-10-31,6.375000,6.375000,6.375000,6.375000,1.907364,13200
1990-11-01,6.375000,6.500000,5.812500,5.875000,1.757767,33200
1990-11-02,6.125000,6.187500,5.937500,5.937500,1.776466,9600
1990-11-05,6.000000,6.187500,6.000000,6.125000,1.832565,7200
1990-11-06,6.000000,6.187500,6.000000,6.093750,1.823215,9600
1990-11-07,5.937500,6.187500,5.937500,6.187500,1.851265,1600
1990-11-08,5.937500,6.062500,5.937500,5.968750,1.785816,10800
1990-11-09,6.062500,6.062500,5.937500,6.000000,1.795166,38000
1990-11-12,6.125000,6.125000,6.125000,6.125000,1.832565,8000
1990-11-13,5.937500,6.187500,5.937500,6.000000,1.795166,19600
1990-11-14,6.187500,6.187500,6.000000,6.000000,1.795166,9600
1990-11-15,6.187500,6.187500,5.937500,6.125000,1.832565,35600
1990-11-16,6.000000,6.187500,6.000000,6.187500,1.851265,8000
1990-11-19,6.187500,6.250000,6.062500,6.156250,1.841915,14000
1990-11-20,6.062500,6.250000,6.062500,6.187500,1.851265,22400
1990-11-21,6.187500,6.250000,6.187500,6.187500,1.851265,8000
1990-11-23,6.187500,6.187500,6.187500,6.187500,1.851265,0
1990-11-26,6.250000,6.250000,6.187500,6.187500,1.851265,6000
1990-11-27,6.187500,6.250000,6.187500,6.250000,1.869964,3600
1990-11-28,6.187500,6.312500,6.187500,6.312500,1.888665,10400
1990-11-29,6.437500,6.625000,6.312500,6.500000,1.944763,40800
1990-11-30,6.625000,6.625000,6.500000,6.625000,1.982163,4800
1990-12-03,6.562500,6.625000,6.562500,6.562500,1.963462,11200
1990-12-04,6.625000,6.625000,6.562500,6.562500,1.963462,13600
1990-12-05,6.500000,6.500000,6.500000,6.500000,1.944763,14400
1990-12-06,6.625000,6.625000,6.500000,6.562500,1.963462,6400
1990-12-07,6.625000,6.625000,6.437500,6.437500,1.926063,14000
1990-12-10,6.625000,6.625000,6.375000,6.375000,1.907364,3600
1990-12-11,6.625000,6.625000,6.312500,6.375000,1.907364,2800
1990-12-12,6.500000,6.500000,6.312500,6.312500,1.888665,3600
1990-12-13,6.375000,6.437500,6.312500,6.312500,1.888665,18000
1990-12-14,6.312500,6.312500,6.312500,6.312500,1.888665,1600
1990-12-17,6.312500,6.312500,6.312500,6.312500,1.888665,3600
1990-12-18,6.312500,6.437500,6.312500,6.406250,1.916714,33600
1990-12-19,6.312500,6.562500,6.312500,6.500000,1.944763,12000
1990-12-20,6.500000,6.500000,6.437500,6.437500,1.926063,2400
1990-12-21,6.437500,6.500000,6.437500,6.437500,1.926063,13600
1990-12-24,6.562500,6.562500,6.437500,6.437500,1.926063,800
1990-12-26,6.437500,6.437500,6.437500,6.437500,1.926063,1600
1990-12-27,6.562500,6.562500,6.437500,6.437500,1.926063,1600
1990-12-28,6.437500,6.625000,6.437500,6.500000,1.944763,11200
1990-12-31,6.500000,6.687500,6.500000,6.687500,2.000862,17200
1991-01-02,6.562500,6.562500,6.562500,6.562500,1.963462,10800
1991-01-03,6.562500,6.625000,6.500000,6.625000,1.982163,8800
1991-01-04,6.500000,6.625000,6.500000,6.500000,1.944763,9200
1991-01-07,6.625000,6.625000,6.437500,6.437500,1.926063,15600
1991-01-08,6.562500,6.562500,6.375000,6.375000,1.907364,12000
1991-01-09,6.375000,6.500000,6.375000,6.375000,1.907364,2000
1991-01-10,6.375000,6.500000,6.375000,6.468750,1.935413,16000
1991-01-11,6.500000,6.500000,6.375000,6.375000,1.907364,2000
1991-01-14,6.375000,6.375000,6.250000,6.250000,1.869964,11200
1991-01-15,6.250000,6.437500,6.250000,6.250000,1.869964,10800
1991-01-16,6.187500,6.375000,6.125000,6.250000,1.869964,13600
1991-01-17,6.312500,6.500000,6.312500,6.437500,1.926063,12000
1991-01-18,6.218750,6.312500,6.187500,6.250000,1.869964,16800
1991-01-21,6.125000,6.250000,5.875000,5.875000,1.757767,31200
1991-01-22,5.875000,6.062500,5.750000,5.812500,1.739066,16400
1991-01-23,6.062500,6.062500,5.562500,5.812500,1.739066,38800
1991-01-24,5.875000,5.937500,5.687500,5.750000,1.720367,47600
1991-01-25,5.750000,6.062500,5.750000,6.000000,1.795166,17200
1991-01-28,6.062500,6.187500,5.812500,6.187500,1.886639,12400
1991-01-29,6.187500,6.187500,6.000000,6.000000,1.829468,11200
1991-01-30,6.062500,6.187500,6.062500,6.187500,1.886639,19600
1991-01-31,6.187500,6.187500,6.125000,6.156250,1.877111,8800
1991-02-01,6.187500,6.500000,6.125000,6.500000,1.981924,20000
1991-02-04,6.562500,6.562500,6.250000,6.562500,2.000981,3200
1991-02-05,6.562500,6.625000,6.375000,6.625000,2.020038,18000
1991-02-06,6.687500,6.750000,6.437500,6.562500,2.000981,37200
1991-02-07,6.500000,6.750000,6.500000,6.687500,2.039095,22800
1991-02-08,6.437500,6.531250,6.437500,6.531250,1.991453,5600
1991-02-11,6.437500,6.750000,6.250000,6.250000,1.905697,38000
1991-02-12,6.625000,6.625000,6.250000,6.250000,1.905697,9200
1991-02-13,6.250000,6.625000,6.250000,6.625000,2.020038,26000
1991-02-14,6.625000,6.625000,6.250000,6.562500,2.000981,9600
1991-02-15,6.343750,6.625000,6.250000,6.375000,1.943811,30000
1991-02-19,6.250000,6.500000,6.062500,6.312500,1.924754,22800
1991-02-20,6.312500,6.312500,5.937500,6.000000,1.829468,42400
1991-02-21,5.937500,6.125000,5.750000,5.875000,1.791355,82400
1991-02-22,5.812500,6.125000,5.812500,5.875000,1.791355,18400
1991-02-25,6.250000,6.250000,5.875000,5.875000,1.791355,1200
1991-02-26,5.937500,6.250000,5.937500,6.250000,1.905697,22800
1991-02-27,5.937500,6.312500,5.937500,6.000000,1.829468,38000
1991-02-28,6.375000,6.375000,6.062500,6.375000,1.943811,10000
1991-03-01,6.375000,6.375000,6.187500,6.375000,1.943811,20000
1991-03-04,6.312500,6.437500,6.250000,6.375000,1.943811,3600
1991-03-05,6.375000,6.375000,6.125000,6.125000,1.867582,51200
1991-03-06,6.125000,6.312500,6.125000,6.250000,1.905697,39600
1991-03-07,6.187500,6.437500,6.187500,6.187500,1.886639,18800
1991-03-08,6.437500,6.500000,6.187500,6.375000,1.943811,19600
1991-03-11,6.437500,6.437500,6.250000,6.437500,1.962867,3200
1991-03-12,6.437500,6.437500,6.250000,6.437500,1.962867,12000
1991-03-13,6.437500,6.437500,6.250000,6.437500,1.962867,30400
1991-03-14,6.437500,6.437500,6.187500,6.437500,1.962867,6800
1991-03-15,6.187500,6.437500,6.187500,6.437500,1.962867,20400
1991-03-18,6.437500,6.437500,6.125000,6.250000,1.905697,13200
1991-03-19,6.062500,6.375000,6.062500,6.312500,1.924754,11200
1991-03-20,6.125000,6.375000,6.125000,6.375000,1.943811,23600
1991-03-21,6.375000,6.375000,6.125000,6.343750,1.934283,9600
1991-03-22,6.187500,6.437500,6.187500,6.375000,1.943811,8400
1991-03-25,6.437500,6.500000,6.375000,6.375000,1.943811,20800
1991-03-26,6.312500,6.500000,6.312500,6.437500,1.962867,4800
1991-03-27,6.437500,6.750000,6.312500,6.750000,2.058151,54800
1991-03-28,6.750000,7.250000,6.500000,7.250000,2.210608,86000
1991-04-01,7.250000,7.250000,6.937500,6.937500,2.115323,20800
1991-04-02,6.937500,7.250000,6.937500,7.000000,2.134378,17600
1991-04-03,7.000000,7.250000,7.000000,7.000000,2.134378,25200
1991-04-04,7.250000,7.250000,7.000000,7.250000,2.210608,26000
1991-04-05,6.937500,7.250000,6.937500,6.937500,2.115323,14000
1991-04-08,6.937500,7.250000,6.937500,7.125000,2.172493,14000
1991-04-09,7.250000,7.250000,6.937500,6.937500,2.115323,12800
1991-04-10,7.125000,7.250000,6.875000,7.062500,2.153436,9200
1991-04-11,7.250000,7.250000,7.125000,7.125000,2.172493,3600
1991-04-12,7.125000,7.125000,7.125000,7.125000,2.172493,0
1991-04-15,7.250000,7.375000,6.937500,6.937500,2.115323,8800
1991-04-16,7.375000,7.375000,7.000000,7.250000,2.210608,13600
1991-04-17,7.000000,7.375000,7.000000,7.000000,2.134378,6000
1991-04-18,7.312500,7.375000,6.937500,7.125000,2.172493,13200
1991-04-19,7.343750,7.343750,6.937500,6.937500,2.115323,3200
1991-04-22,7.375000,7.375000,6.937500,6.937500,2.115323,2400
1991-04-23,6.937500,7.375000,6.937500,6.937500,2.115323,8000
1991-04-24,6.937500,7.375000,6.937500,7.375000,2.248721,2400
1991-04-25,7.375000,7.375000,6.937500,7.125000,2.206146,6400
1991-04-26,7.250000,7.250000,6.937500,7.187500,2.225499,7600
1991-04-29,6.937500,7.187500,6.937500,7.000000,2.167442,6800
1991-04-30,6.875000,7.187500,6.875000,7.187500,2.225499,2800
1991-05-01,7.031250,7.250000,6.875000,7.250000,2.244852,14800
1991-05-02,6.875000,7.312500,6.875000,6.937500,2.148090,16800
1991-05-03,7.312500,7.312500,6.937500,7.250000,2.244852,7600
1991-05-06,7.312500,7.312500,6.937500,6.937500,2.148090,3600
1991-05-07,7.312500,7.312500,6.937500,7.125000,2.206146,22400
1991-05-08,7.000000,7.250000,7.000000,7.250000,2.244852,6000
1991-05-09,7.062500,7.312500,7.062500,7.187500,2.225499,15600
1991-05-10,7.312500,7.312500,7.062500,7.187500,2.225499,8000
1991-05-13,7.250000,7.375000,7.062500,7.375000,2.283555,11600
1991-05-14,7.375000,7.375000,7.062500,7.125000,2.206146,22800
1991-05-15,7.312500,7.312500,7.187500,7.312500,2.264204,25600
1991-05-16,7.062500,7.375000,7.062500,7.250000,2.244852,21200
1991-05-17,7.062500,7.375000,7.000000,7.062500,2.186794,16400
1991-05-20,7.312500,7.312500,7.062500,7.187500,2.225499,9200
1991-05-21,7.375000,7.812500,7.187500,7.375000,2.283555,62400
1991-05-22,7.375000,7.500000,7.187500,7.187500,2.225499,39600
1991-05-23,7.250000,7.250000,7.250000,7.250000,2.244852,4800
1991-05-24,7.625000,7.625000,7.250000,7.500000,2.322260,9200
1991-05-28,7.250000,7.500000,7.250000,7.500000,2.322260,10400
1991-05-29,7.500000,7.500000,7.250000,7.500000,2.322260,16000
1991-05-30,7.500000,7.500000,7.250000,7.500000,2.322260,19600
1991-05-31,7.500000,7.500000,7.187500,7.500000,2.322260,10000
1991-06-03,7.125000,7.500000,7.125000,7.250000,2.244852,8800
1991-06-04,7.125000,7.500000,7.125000,7.250000,2.244852,3600
1991-06-05,7.500000,7.500000,7.125000,7.125000,2.206146,2400
1991-06-06,7.125000,7.500000,7.125000,7.125000,2.206146,13600
1991-06-07,7.375000,7.375000,7.125000,7.312500,2.264204,5600
1991-06-10,7.250000,7.500000,7.062500,7.125000,2.206146,26000
1991-06-11,6.937500,7.187500,6.875000,7.000000,2.167442,14400
1991-06-12,6.812500,7.250000,6.812500,7.250000,2.244852,5200
1991-06-13,7.187500,7.187500,6.750000,6.750000,2.090033,2400
1991-06-14,7.187500,7.187500,6.937500,7.187500,2.225499,2800
1991-06-17,7.125000,7.125000,6.750000,7.125000,2.206146,3600
1991-06-18,7.125000,7.125000,6.812500,6.812500,2.109386,6400
1991-06-19,6.812500,7.062500,6.750000,7.062500,2.186794,7600
1991-06-20,7.000000,7.000000,6.750000,7.000000,2.167442,8800
1991-06-21,7.000000,7.000000,6.625000,7.000000,2.167442,6400
1991-06-24,6.625000,7.000000,6.625000,7.000000,2.167442,15200
1991-06-25,6.562500,7.000000,6.562500,6.875000,2.128739,7600
1991-06-26,6.750000,6.750000,6.500000,6.750000,2.090033,32400
1991-06-27,6.562500,6.750000,6.500000,6.500000,2.012625,17600
1991-06-28,6.750000,6.750000,6.375000,6.750000,2.090033,3600
1991-07-01,6.750000,6.750000,6.375000,6.437500,1.993273,4000
1991-07-02,6.375000,6.687500,6.250000,6.250000,1.935217,34000
1991-07-03,6.500000,6.500000,6.125000,6.250000,1.935217,5600
1991-07-05,6.312500,6.500000,6.312500,6.500000,2.012625,2800
1991-07-08,6.500000,6.500000,6.125000,6.125000,1.896512,2000
1991-07-09,6.500000,6.625000,6.250000,6.625000,2.051330,22800
1991-07-10,6.625000,6.687500,6.312500,6.687500,2.070682,3200
1991-07-11,6.687500,6.687500,6.312500,6.625000,2.051330,4400
1991-07-12,6.687500,6.718750,6.500000,6.718750,2.080358,5200
1991-07-15,6.500000,6.687500,6.500000,6.687500,2.070682,9200
1991-07-16,6.500000,6.750000,6.500000,6.750000,2.090033,10400
1991-07-17,6.562500,6.750000,6.562500,6.687500,2.070682,8800
1991-07-18,6.562500,6.750000,6.500000,6.500000,2.012625,6000
1991-07-19,6.500000,6.687500,6.375000,6.375000,1.973921,12000
1991-07-22,6.625000,6.625000,6.375000,6.562500,2.031977,16800
1991-07-23,6.375000,6.687500,6.375000,6.687500,2.070682,7200
1991-07-24,6.687500,6.687500,6.375000,6.437500,1.993273,33200
1991-07-25,6.437500,6.875000,6.437500,6.500000,2.012625,14400
1991-07-26,6.437500,6.875000,6.437500,6.687500,2.107151,7600
1991-07-29,6.875000,6.875000,6.812500,6.875000,2.166231,7600
1991-07-30,6.812500,6.812500,6.625000,6.625000,2.087459,12400
1991-07-31,6.812500,7.062500,6.750000,7.062500,2.225309,44400
1991-08-01,6.875000,7.312500,6.875000,7.125000,2.245002,39600
1991-08-02,7.312500,7.312500,6.937500,7.062500,2.225309,13200
1991-08-05,7.250000,7.250000,7.000000,7.000000,2.205617,22800
1991-08-06,6.937500,7.375000,6.937500,6.937500,2.185924,5600
1991-08-07,6.937500,7.375000,6.937500,7.375000,2.323773,6400
1991-08-08,7.375000,7.375000,6.937500,7.375000,2.323773,6800
1991-08-09,6.937500,7.375000,6.937500,7.250000,2.284389,5600
1991-08-12,7.375000,7.375000,7.000000,7.000000,2.205617,5200
1991-08-13,7.375000,7.375000,7.000000,7.062500,2.225309,11600
1991-08-14,7.375000,7.375000,7.000000,7.000000,2.205617,1600
1991-08-15,7.375000,7.375000,7.062500,7.062500,2.225309,18000
1991-08-16,7.062500,7.375000,7.062500,7.375000,2.323773,18400
1991-08-19,7.062500,7.312500,7.062500,7.250000,2.284389,35200
1991-08-20,7.062500,7.312500,7.062500,7.156250,2.254848,16000
1991-08-21,7.312500,7.312500,7.062500,7.062500,2.225309,13200
1991-08-22,7.187500,7.375000,7.062500,7.062500,2.225309,16800
1991-08-23,7.062500,7.312500,7.062500,7.062500,2.225309,14000
1991-08-26,7.000000,7.250000,7.000000,7.000000,2.205617,24800
1991-08-27,6.937500,7.000000,6.812500,6.875000,2.166231,15200
1991-08-28,6.750000,6.812500,6.625000,6.625000,2.087459,18000
1991-08-29,6.625000,7.000000,6.625000,6.812500,2.146538,13200
1991-08-30,6.625000,7.000000,6.500000,6.500000,2.048073,13200
1991-09-03,6.750000,6.750000,6.437500,6.437500,2.028380,40000
1991-09-04,6.468750,6.750000,6.437500,6.500000,2.048073,40000
1991-09-05,6.562500,6.562500,6.375000,6.562500,2.067765,9200
1991-09-06,6.500000,6.562500,6.375000,6.437500,2.028380,24000
1991-09-09,6.375000,6.562500,6.375000,6.500000,2.048073,9200
1991-09-10,6.562500,6.562500,6.500000,6.531250,2.057920,8000
1991-09-11,6.562500,6.875000,6.437500,6.625000,2.087459,90000
1991-09-12,6.625000,7.000000,6.625000,6.625000,2.087459,29200
1991-09-13,6.562500,6.875000,6.312500,6.437500,2.028380,72000
1991-09-16,6.625000,6.625000,6.375000,6.375000,2.008686,26000
1991-09-17,6.375000,6.562500,6.250000,6.437500,2.028380,48000
1991-09-18,6.437500,6.687500,6.375000,6.500000,2.048073,32800
1991-09-19,6.437500,6.750000,6.312500,6.687500,2.107151,14000
1991-09-20,6.687500,6.750000,6.375000,6.750000,2.126844,14800
1991-09-23,6.375000,6.750000,6.312500,6.312500,1.988994,17200
1991-09-24,6.312500,6.750000,6.312500,6.437500,2.028380,18000
1991-09-25,6.750000,6.750000,6.562500,6.750000,2.126844,4400
1991-09-26,6.750000,7.000000,6.500000,7.000000,2.205617,12400
1991-09-27,7.000000,7.000000,6.687500,6.687500,2.107151,10400
1991-09-30,7.000000,7.000000,6.687500,7.000000,2.205617,9200
1991-10-01,7.000000,7.000000,6.750000,6.750000,2.126844,14000
1991-10-02,6.750000,7.062500,6.750000,6.937500,2.185924,6000
1991-10-03,7.062500,7.062500,6.687500,6.937500,2.185924,11200
1991-10-04,6.625000,7.000000,6.625000,6.812500,2.146538,24400
1991-10-07,6.625000,7.000000,6.625000,6.750000,2.126844,12400
1991-10-08,6.625000,6.875000,6.562500,6.625000,2.087459,19600
1991-10-09,6.562500,6.937500,6.562500,6.750000,2.126844,4400
1991-10-10,7.000000,7.000000,6.625000,7.000000,2.205617,8800
1991-10-11,7.000000,7.062500,6.937500,7.000000,2.205617,28800
1991-10-14,6.750000,7.125000,6.750000,7.125000,2.245002,2800
1991-10-15,6.750000,7.125000,6.750000,7.125000,2.245002,2400
1991-10-16,7.125000,7.125000,6.750000,7.125000,2.245002,4400
1991-10-17,7.125000,7.125000,6.687500,6.812500,2.146538,21600
1991-10-18,6.687500,7.000000,6.687500,7.000000,2.205617,7600
1991-10-21,6.625000,7.000000,6.625000,6.625000,2.087459,54800
1991-10-22,6.750000,6.750000,6.500000,6.500000,2.048073,4800
1991-10-23,6.750000,6.937500,6.625000,6.937500,2.185924,15600
1991-10-24,6.937500,6.937500,6.625000,6.718750,2.116999,6000
1991-10-25,6.937500,6.937500,6.625000,6.750000,2.126844,11600
1991-10-28,6.812500,6.812500,6.562500,6.718750,2.152880,8800
1991-10-29,6.875000,6.875000,6.562500,6.687500,2.142865,4800
1991-10-30,6.875000,6.875000,6.562500,6.562500,2.102813,4400
1991-10-31,7.000000,7.125000,6.750000,7.125000,2.283053,13600
1991-11-01,6.750000,7.125000,6.687500,6.750000,2.162893,21200
1991-11-04,7.000000,7.000000,6.687500,6.687500,2.142865,8000
1991-11-05,6.687500,7.062500,6.687500,7.062500,2.263026,8000
1991-11-06,7.062500,7.062500,6.687500,6.687500,2.142865,2400
1991-11-07,6.687500,7.062500,6.687500,6.937500,2.222973,15600
1991-11-08,6.812500,7.062500,6.812500,6.875000,2.202946,10800
1991-11-11,7.062500,7.125000,6.687500,7.125000,2.283053,2400
1991-11-12,7.125000,7.125000,6.750000,6.750000,2.162893,5600
1991-11-13,6.812500,6.812500,6.812500,6.812500,2.182920,1600
1991-11-14,6.812500,7.125000,6.812500,6.812500,2.182920,6400
1991-11-15,6.750000,7.125000,6.750000,6.750000,2.162893,14000
1991-11-18,6.750000,6.875000,6.687500,6.687500,2.142865,16000
1991-11-19,6.937500,6.937500,6.687500,6.687500,2.142865,13600
1991-11-20,6.687500,7.000000,6.687500,7.000000,2.242999,24000
1991-11-21,6.687500,6.875000,6.687500,6.843750,2.192934,9200
1991-11-22,6.687500,6.687500,6.687500,6.687500,2.142865,3200
1991-11-25,6.687500,7.062500,6.687500,7.062500,2.263026,6400
1991-11-26,7.062500,7.062500,6.687500,7.062500,2.263026,3200
1991-11-27,6.687500,7.000000,6.687500,7.000000,2.242999,14000
1991-11-29,6.687500,7.125000,6.687500,6.937500,2.222973,5600
1991-12-02,6.750000,6.750000,6.750000,6.750000,2.162893,1200
1991-12-03,7.125000,7.125000,6.750000,7.000000,2.242999,10400
1991-12-04,6.750000,7.125000,6.750000,7.000000,2.242999,16800
1991-12-05,6.812500,7.187500,6.812500,6.937500,2.222973,34000
1991-12-06,6.937500,7.187500,6.937500,7.062500,2.263026,11600
1991-12-09,6.937500,7.125000,6.937500,6.937500,2.222973,31600
1991-12-10,7.000000,7.187500,6.875000,6.875000,2.202946,19600
1991-12-11,6.937500,7.187500,6.937500,7.187500,2.303080,2400
1991-12-12,6.750000,7.000000,6.750000,6.750000,2.162893,20800
1991-12-13,6.812500,7.125000,6.750000,6.750000,2.162893,5600
1991-12-16,6.750000,7.062500,6.687500,6.687500,2.142865,4000
1991-12-17,6.687500,7.062500,6.687500,6.750000,2.162893,8000
1991-12-18,6.625000,7.000000,6.625000,7.000000,2.242999,3600
1991-12-19,6.625000,6.968750,6.625000,6.968750,2.232987,800
1991-12-20,6.750000,6.937500,6.687500,6.750000,2.162893,12800
1991-12-23,6.500000,6.937500,6.500000,6.937500,2.222973,5200
1991-12-24,6.937500,6.937500,6.937500,6.937500,2.222973,0
1991-12-26,6.500000,6.937500,6.500000,6.625000,2.122840,10800
1991-12-27,6.937500,6.937500,6.562500,6.937500,2.222973,9200
1991-12-30,6.625000,7.000000,6.625000,6.750000,2.162893,25600
1991-12-31,6.625000,7.000000,6.562500,7.000000,2.242999,18400
1992-01-02,7.000000,7.000000,6.562500,6.750000,2.162893,56400
1992-01-03,6.750000,7.218750,6.750000,7.062500,2.263026,60800
1992-01-06,6.875000,7.062500,6.875000,7.062500,2.263026,10000
1992-01-07,6.750000,7.062500,6.750000,7.062500,2.263026,14400
1992-01-08,7.062500,7.062500,6.875000,6.875000,2.202946,16800
1992-01-09,7.187500,7.187500,6.875000,7.000000,2.242999,36800
1992-01-10,6.750000,7.187500,6.750000,7.187500,2.303080,7600
1992-01-13,6.750000,7.187500,6.750000,6.875000,2.202946,5600
1992-01-14,6.750000,7.187500,6.750000,6.937500,2.222973,20800
1992-01-15,6.750000,7.125000,6.750000,6.750000,2.162893,6400
1992-01-16,6.750000,7.125000,6.750000,6.750000,2.162893,9200
1992-01-17,6.750000,7.125000,6.750000,6.750000,2.162893,6400
1992-01-20,6.750000,7.125000,6.750000,7.125000,2.283053,2400
1992-01-21,7.125000,7.125000,6.750000,6.750000,2.162893,2000
1992-01-22,6.750000,7.187500,6.750000,6.875000,2.202946,22000
1992-01-23,7.250000,7.250000,6.937500,7.187500,2.303080,13200
1992-01-24,7.187500,7.187500,6.937500,7.187500,2.303080,20400
1992-01-27,7.187500,7.250000,7.000000,7.187500,2.303080,32000
1992-01-28,7.000000,7.312500,6.937500,7.312500,2.381654,26800
1992-01-29,6.937500,7.312500,6.937500,7.062500,2.300230,22800
1992-01-30,7.312500,7.312500,6.812500,6.812500,2.218807,4400
1992-01-31,6.812500,6.812500,6.812500,6.812500,2.218807,2800
1992-02-03,7.312500,7.312500,6.812500,7.062500,2.300230,30000
1992-02-04,6.875000,7.250000,6.812500,7.000000,2.279873,31200
1992-02-05,7.000000,7.250000,6.812500,7.250000,2.361300,6400
1992-02-06,6.812500,7.312500,6.812500,7.312500,2.381654,13200
1992-02-07,6.812500,7.312500,6.812500,7.125000,2.320586,11200
1992-02-10,7.312500,7.312500,6.812500,7.312500,2.381654,9600
1992-02-11,7.187500,7.312500,6.937500,7.125000,2.320586,19600
1992-02-12,6.875000,7.312500,6.875000,7.312500,2.381654,16800
1992-02-13,6.875000,7.125000,6.812500,7.125000,2.320586,17200
1992-02-14,7.125000,7.125000,6.875000,7.062500,2.300230,57600
1992-02-18,6.812500,7.062500,6.812500,7.062500,2.300230,24000
1992-02-19,7.062500,7.312500,7.000000,7.125000,2.320586,27200
1992-02-20,6.937500,7.312500,6.937500,6.937500,2.259518,12800
1992-02-21,7.312500,7.312500,6.937500,7.250000,2.361300,2400
1992-02-24,7.375000,7.375000,6.937500,7.250000,2.361300,16000
1992-02-25,7.000000,7.375000,7.000000,7.375000,2.402010,14400
1992-02-26,7.250000,7.437500,7.062500,7.437500,2.422366,26400
1992-02-27,7.187500,7.437500,7.187500,7.437500,2.422366,25600
1992-02-28,7.187500,7.437500,7.187500,7.437500,2.422366,41200
1992-03-02,7.187500,7.750000,7.187500,7.375000,2.402010,52000
1992-03-03,7.687500,7.750000,7.437500,7.500000,2.442723,36400
1992-03-04,7.531250,7.687500,7.375000,7.375000,2.402010,11200
1992-03-05,7.375000,7.625000,7.375000,7.375000,2.402010,29600
1992-03-06,7.375000,7.625000,7.375000,7.375000,2.402010,14000
1992-03-09,7.625000,7.625000,7.312500,7.312500,2.381654,14400
1992-03-10,7.562500,7.562500,7.312500,7.500000,2.442723,10000
1992-03-11,7.500000,7.500000,7.250000,7.375000,2.402010,22000
1992-03-12,7.437500,7.437500,7.250000,7.250000,2.361300,4400
1992-03-13,7.250000,7.375000,7.250000,7.375000,2.402010,22000
1992-03-16,7.375000,7.375000,7.187500,7.187500,2.340942,12000
1992-03-17,7.375000,7.375000,7.125000,7.375000,2.402010,3200
1992-03-18,7.437500,7.437500,7.187500,7.187500,2.340942,6000
1992-03-19,7.187500,7.437500,7.187500,7.375000,2.402010,11200
1992-03-20,7.437500,7.437500,7.187500,7.375000,2.402010,6800
1992-03-23,7.250000,7.437500,7.187500,7.187500,2.340942,2400
1992-03-24,7.187500,7.437500,7.187500,7.312500,2.381654,7200
1992-03-25,7.312500,7.375000,7.187500,7.187500,2.340942,2000
1992-03-26,7.187500,7.437500,7.187500,7.437500,2.422366,2400
1992-03-27,7.437500,7.437500,7.187500,7.187500,2.340942,1600
1992-03-30,7.312500,7.375000,7.187500,7.250000,2.361300,14000
1992-03-31,7.187500,7.437500,7.187500,7.187500,2.340942,8400
1992-04-01,7.187500,7.250000,7.125000,7.250000,2.361300,34800
1992-04-02,7.187500,7.375000,7.187500,7.250000,2.361300,18400
1992-04-03,7.125000,7.312500,7.125000,7.125000,2.320586,6400
1992-04-06,7.312500,7.312500,7.000000,7.000000,2.279873,25200
1992-04-07,7.000000,7.250000,7.000000,7.187500,2.340942,11600
1992-04-08,7.187500,7.187500,7.000000,7.187500,2.340942,3600
1992-04-09,7.187500,7.250000,7.000000,7.250000,2.361300,21600
1992-04-10,7.250000,7.250000,7.000000,7.031250,2.290052,14800
1992-04-13,7.031250,7.031250,7.031250,7.031250,2.290052,0
1992-04-14,7.000000,7.250000,7.000000,7.125000,2.320586,6000
1992-04-15,7.250000,7.250000,7.250000,7.250000,2.361300,5200
1992-04-16,7.187500,7.312500,7.062500,7.062500,2.300230,16800
1992-04-20,7.062500,7.250000,7.000000,7.250000,2.361300,14000
1992-04-21,7.000000,7.250000,7.000000,7.250000,2.361300,13600
1992-04-22,7.250000,7.250000,7.125000,7.125000,2.320586,4400
1992-04-23,7.000000,7.250000,7.000000,7.187500,2.340942,2000
1992-04-24,7.250000,7.250000,7.000000,7.218750,2.351121,2800
1992-04-27,7.250000,7.250000,7.000000,7.000000,2.317189,2800
1992-04-28,7.062500,7.312500,7.062500,7.125000,2.358568,6000
1992-04-29,7.187500,7.375000,7.062500,7.375000,2.441324,30000
1992-04-30,7.125000,7.375000,7.125000,7.375000,2.441324,10000
1992-05-01,7.312500,7.562500,7.250000,7.562500,2.503393,23200
1992-05-04,7.500000,7.562500,7.312500,7.312500,2.420638,33600
1992-05-05,7.312500,7.562500,7.312500,7.312500,2.420638,4000
1992-05-06,7.531250,7.531250,7.312500,7.343750,2.430981,2800
1992-05-07,7.500000,7.500000,7.312500,7.312500,2.420638,5600
1992-05-08,7.562500,7.562500,7.250000,7.437500,2.462015,4400
1992-05-11,7.375000,7.500000,7.250000,7.500000,2.482704,4400
1992-05-12,7.500000,7.500000,7.437500,7.500000,2.482704,9600
1992-05-13,7.406250,7.500000,7.312500,7.500000,2.482704,4000
1992-05-14,7.375000,7.562500,7.312500,7.562500,2.503393,31600
1992-05-15,7.562500,7.875000,7.500000,7.500000,2.482704,31600
1992-05-18,7.500000,7.875000,7.500000,7.500000,2.482704,2000
1992-05-19,7.687500,8.187500,7.562500,8.125000,2.689596,46000
1992-05-20,7.812500,8.312500,7.812500,7.812500,2.586151,16000
1992-05-21,8.312500,8.312500,7.812500,7.812500,2.586151,1200
1992-05-22,8.312500,8.312500,8.312500,8.312500,2.751663,2400
1992-05-26,8.312500,8.312500,7.812500,8.125000,2.689596,10400
1992-05-27,7.812500,8.312500,7.812500,7.812500,2.586151,3200
1992-05-28,8.312500,8.312500,8.000000,8.000000,2.648218,9200
1992-05-29,7.812500,8.312500,7.812500,7.812500,2.586151,30800
1992-06-01,7.812500,8.312500,7.812500,7.812500,2.586151,9200
1992-06-02,8.312500,8.312500,7.812500,8.250000,2.730974,5200
1992-06-03,7.875000,8.187500,7.812500,8.000000,2.648218,24800
1992-06-04,7.812500,8.250000,7.812500,7.906250,2.617184,20800
1992-06-05,7.812500,7.875000,7.500000,7.750000,2.565461,30800
1992-06-08,7.875000,7.875000,7.375000,7.500000,2.482704,12800
1992-06-09,7.750000,7.750000,7.312500,7.750000,2.565461,3200
1992-06-10,7.750000,7.750000,7.562500,7.593750,2.513737,6000
1992-06-11,7.312500,7.687500,7.312500,7.500000,2.482704,8400
1992-06-12,7.687500,7.687500,7.687500,7.687500,2.544771,1600
1992-06-15,7.312500,7.750000,7.312500,7.625000,2.524083,3200
1992-06-16,7.312500,7.750000,7.312500,7.750000,2.565461,10400
1992-06-17,7.750000,7.750000,7.312500,7.500000,2.482704,11200
1992-06-18,7.500000,7.500000,7.500000,7.500000,2.482704,0
1992-06-19,7.750000,7.750000,7.312500,7.375000,2.441324,8400
1992-06-22,7.375000,7.500000,7.375000,7.375000,2.441324,4000
1992-06-23,7.593750,7.750000,7.312500,7.750000,2.565461,11600
1992-06-24,7.750000,7.750000,7.312500,7.406250,2.451671,16000
1992-06-25,7.500000,7.750000,7.375000,7.500000,2.482704,5600
1992-06-26,7.312500,7.625000,7.312500,7.437500,2.462015,6800
1992-06-29,7.312500,7.625000,7.312500,7.312500,2.420638,9200
1992-06-30,7.375000,7.687500,7.375000,7.500000,2.482704,19200
1992-07-01,7.375000,7.625000,7.375000,7.375000,2.441324,5600
1992-07-02,7.625000,7.625000,7.375000,7.375000,2.441324,1600
1992-07-06,7.375000,7.437500,7.375000,7.437500,2.462015,4000
1992-07-07,7.375000,7.625000,7.375000,7.625000,2.524083,21200
1992-07-08,7.625000,7.625000,7.468750,7.500000,2.482704,23600
1992-07-09,7.687500,7.687500,7.437500,7.437500,2.462015,1200
1992-07-10,7.937500,7.937500,7.500000,7.500000,2.482704,11200
1992-07-13,7.500000,7.750000,7.500000,7.500000,2.482704,8000
1992-07-14,8.000000,8.000000,7.625000,7.625000,2.524083,8000
1992-07-15,8.062500,8.062500,7.656250,7.750000,2.565461,12000
1992-07-16,7.625000,8.187500,7.625000,7.937500,2.627529,51200
1992-07-17,7.812500,8.187500,7.812500,8.000000,2.648218,5600
1992-07-20,7.750000,8.125000,7.750000,7.750000,2.565461,8400
1992-07-21,8.187500,8.187500,7.750000,8.000000,2.648218,9600
1992-07-22,7.750000,8.187500,7.750000,7.812500,2.586151,4000
1992-07-23,7.750000,8.125000,7.750000,8.125000,2.689596,45200
1992-07-24,8.187500,8.187500,7.750000,7.750000,2.565461,4000
1992-07-27,8.187500,8.187500,8.187500,8.187500,2.751558,2800
1992-07-28,7.750000,8.000000,7.687500,8.000000,2.688546,20800
1992-07-29,7.687500,8.125000,7.687500,7.718750,2.594027,9200
1992-07-30,7.687500,8.062500,7.687500,8.062500,2.709550,14800
1992-07-31,8.093750,8.187500,8.000000,8.187500,2.751558,43600
1992-08-03,8.375000,8.375000,7.937500,7.937500,2.667541,4800
1992-08-04,8.375000,8.375000,8.000000,8.000000,2.688546,20800
1992-08-05,8.062500,8.375000,8.000000,8.093750,2.720053,19200
1992-08-06,7.937500,8.250000,7.937500,8.250000,2.772563,10800
1992-08-07,7.937500,7.937500,7.937500,7.937500,2.667541,4000
1992-08-10,7.937500,8.375000,7.937500,8.125000,2.730554,25200
1992-08-11,8.250000,8.562500,8.187500,8.250000,2.772563,25200
1992-08-12,8.250000,8.375000,8.250000,8.375000,2.814572,26400
1992-08-13,8.562500,8.562500,8.312500,8.312500,2.793567,12000
1992-08-14,8.312500,8.500000,8.250000,8.500000,2.856579,29200
1992-08-17,8.500000,8.500000,8.187500,8.500000,2.856579,12800
1992-08-18,8.187500,8.437500,8.187500,8.437500,2.835577,16800
1992-08-19,8.187500,8.500000,8.187500,8.312500,2.793567,20000
1992-08-20,8.562500,8.562500,8.312500,8.437500,2.835577,12000
1992-08-21,8.437500,8.562500,8.312500,8.375000,2.814572,15200
1992-08-24,8.125000,8.343750,8.125000,8.125000,2.730554,5200
1992-08-25,8.250000,8.500000,8.062500,8.062500,2.709550,15600
1992-08-26,8.062500,8.437500,8.062500,8.062500,2.709550,6400
1992-08-27,8.062500,8.500000,8.062500,8.062500,2.709550,2800
1992-08-28,8.500000,8.500000,8.062500,8.062500,2.709550,3600
1992-08-31,8.062500,8.500000,7.875000,7.875000,2.646537,19200
1992-09-01,8.062500,8.062500,8.062500,8.062500,2.709550,1200
1992-09-02,7.875000,8.125000,7.875000,7.875000,2.646537,14000
1992-09-03,8.000000,8.000000,8.000000,8.000000,2.688546,5600
1992-09-04,7.812500,8.000000,7.812500,7.812500,2.625535,32800
1992-09-08,8.000000,8.000000,7.812500,7.937500,2.667541,19200
1992-09-09,7.812500,7.937500,7.812500,7.812500,2.625535,2400
1992-09-10,8.000000,8.000000,7.812500,8.000000,2.688546,10800
1992-09-11,7.812500,7.812500,7.812500,7.812500,2.625535,3200
1992-09-14,8.250000,8.250000,7.812500,8.250000,2.772563,7200
1992-09-15,7.812500,8.031250,7.812500,7.937500,2.667541,4800
1992-09-16,7.812500,8.000000,7.750000,8.000000,2.688546,19600
1992-09-17,7.937500,7.937500,7.562500,7.812500,2.625535,10400
1992-09-18,7.562500,7.937500,7.562500,7.750000,2.604530,16000
1992-09-21,7.937500,7.937500,7.562500,7.562500,2.541515,23600
1992-09-22,7.937500,7.937500,7.562500,7.875000,2.646537,20400
1992-09-23,7.875000,7.875000,7.875000,7.875000,2.646537,1600
1992-09-24,7.812500,7.812500,7.562500,7.562500,2.541515,4800
1992-09-25,7.562500,7.812500,7.562500,7.812500,2.625535,2000
1992-09-28,7.687500,7.812500,7.562500,7.812500,2.625535,6800
1992-09-29,7.562500,7.875000,7.562500,7.562500,2.541515,4800
1992-09-30,7.875000,7.937500,7.562500,7.750000,2.604530,15200
1992-10-01,7.562500,7.843750,7.562500,7.750000,2.604530,13200
1992-10-02,7.875000,7.875000,7.562500,7.687500,2.583524,9600
1992-10-05,7.750000,7.750000,7.312500,7.625000,2.562521,29600
1992-10-06,7.312500,7.687500,7.312500,7.500000,2.520513,20000
1992-10-07,7.687500,7.750000,7.500000,7.750000,2.604530,5600
1992-10-08,7.375000,7.562500,7.375000,7.562500,2.541515,1600
1992-10-09,7.750000,7.750000,7.750000,7.750000,2.604530,1600
1992-10-12,7.750000,7.750000,7.750000,7.750000,2.604530,800
1992-10-13,7.812500,7.812500,7.500000,7.812500,2.625535,6400
1992-10-14,7.812500,7.812500,7.812500,7.812500,2.625535,5200
1992-10-15,7.500000,7.875000,7.437500,7.875000,2.646537,7600
1992-10-16,7.875000,7.875000,7.875000,7.875000,2.646537,1200
1992-10-19,7.656250,8.000000,7.562500,8.000000,2.688546,14000
1992-10-20,7.750000,7.937500,7.625000,7.937500,2.667541,7200
1992-10-21,8.000000,8.062500,7.625000,7.750000,2.604530,10800
1992-10-22,8.125000,8.125000,7.687500,7.937500,2.667541,2800
1992-10-23,8.125000,8.125000,7.687500,7.875000,2.646537,5600
1992-10-26,7.687500,8.125000,7.687500,7.875000,2.686191,7200
1992-10-27,7.687500,7.687500,7.687500,7.687500,2.622233,4800
1992-10-28,7.687500,7.687500,7.687500,7.687500,2.622233,800
1992-10-29,7.812500,8.125000,7.687500,7.875000,2.686191,8000
1992-10-30,7.687500,8.000000,7.687500,7.750000,2.643553,10000
1992-11-02,7.687500,7.937500,7.500000,7.562500,2.579597,71200
1992-11-03,7.562500,7.937500,7.562500,7.937500,2.707509,9200
1992-11-04,7.937500,8.000000,7.562500,8.000000,2.728828,14400
1992-11-05,7.625000,8.250000,7.625000,8.250000,2.814104,28800
1992-11-06,7.937500,8.250000,7.937500,7.937500,2.707509,3200
1992-11-09,8.375000,8.500000,7.937500,8.500000,2.899381,59600
1992-11-10,8.250000,8.250000,8.250000,8.250000,2.814104,4800
1992-11-11,8.250000,8.562500,8.125000,8.125000,2.771466,6800
1992-11-12,8.562500,8.562500,8.125000,8.562500,2.920700,1200
1992-11-13,8.500000,8.500000,8.062500,8.281250,2.824765,8400
1992-11-16,8.062500,8.500000,8.062500,8.312500,2.835423,28400
1992-11-17,8.125000,8.125000,8.125000,8.125000,2.771466,400
1992-11-18,8.500000,8.500000,8.250000,8.500000,2.899381,28800
1992-11-19,8.312500,8.750000,8.312500,8.562500,2.920700,55600
1992-11-20,8.750000,8.750000,8.375000,8.406250,2.867401,66800
1992-11-23,8.687500,8.687500,8.187500,8.562500,2.920700,6400
1992-11-24,8.250000,8.687500,8.250000,8.687500,2.963338,2000
1992-11-25,8.687500,8.687500,8.375000,8.375000,2.856743,2800
1992-11-27,8.187500,8.312500,8.187500,8.312500,2.835423,4800
1992-11-30,8.687500,8.687500,8.187500,8.312500,2.835423,17600
1992-12-01,8.687500,8.687500,8.250000,8.250000,2.814104,12400
1992-12-02,8.250000,8.250000,8.250000,8.250000,2.814104,1200
1992-12-03,8.687500,8.687500,8.437500,8.562500,2.920700,5600
1992-12-04,8.625000,8.625000,8.250000,8.531250,2.910040,7200
1992-12-07,8.250000,8.687500,8.250000,8.312500,2.835423,46800
1992-12-08,8.312500,8.312500,8.250000,8.312500,2.835423,9600
1992-12-09,8.312500,8.687500,8.312500,8.437500,2.878061,9600
1992-12-10,8.375000,8.437500,8.375000,8.437500,2.878061,3600
1992-12-11,8.312500,8.437500,8.312500,8.312500,2.835423,8000
1992-12-14,8.750000,8.750000,8.312500,8.437500,2.878061,9200
1992-12-15,8.312500,8.312500,8.312500,8.312500,2.835423,9200
1992-12-16,8.250000,8.250000,8.250000,8.250000,2.814104,1600
1992-12-17,8.687500,8.687500,8.250000,8.250000,2.814104,11600
1992-12-18,8.250000,8.562500,7.875000,7.875000,2.686191,68800
1992-12-21,8.000000,8.000000,7.750000,7.750000,2.643553,30400
1992-12-22,8.000000,8.062500,7.625000,8.062500,2.750148,31200
1992-12-23,8.062500,8.062500,7.687500,7.687500,2.622233,19200
1992-12-24,8.062500,8.062500,7.906250,7.906250,2.696850,6800
1992-12-28,7.687500,8.062500,7.687500,8.062500,2.750148,2400
1992-12-29,7.687500,8.062500,7.687500,8.062500,2.750148,16400
1992-12-30,8.062500,8.250000,7.687500,8.000000,2.728828,37200
1992-12-31,7.875000,8.250000,7.875000,8.250000,2.814104,4800
1993-01-04,8.312500,8.375000,8.125000,8.281250,2.824765,20800
1993-01-05,8.437500,8.437500,8.125000,8.250000,2.814104,4400
1993-01-06,8.437500,8.625000,8.125000,8.625000,2.942019,21600
1993-01-07,8.187500,8.750000,8.187500,8.625000,2.942019,44400
1993-01-08,8.500000,8.750000,8.437500,8.562500,2.920700,28800
1993-01-11,8.500000,9.062500,8.500000,9.062500,3.091251,26800
1993-01-12,9.062500,9.062500,8.562500,8.625000,2.942019,12800
1993-01-13,9.000000,9.062500,8.562500,9.062500,3.091251,2000
1993-01-14,8.750000,9.062500,8.562500,8.937500,3.048612,8800
1993-01-15,8.562500,9.062500,8.562500,9.062500,3.091251,7200
1993-01-18,8.875000,9.062500,8.562500,8.687500,2.963338,28800
1993-01-19,8.687500,9.062500,8.687500,9.062500,3.091251,12400
1993-01-20,9.000000,9.062500,9.000000,9.062500,3.091251,3600
1993-01-21,9.000000,9.000000,8.687500,8.687500,2.963338,4400
1993-01-22,8.687500,8.875000,8.562500,8.875000,3.027293,26800
1993-01-25,8.750000,9.187500,8.437500,9.187500,3.133890,63600
1993-01-26,9.250000,9.250000,8.750000,8.812500,3.005977,19600
1993-01-27,8.812500,9.250000,8.812500,8.812500,3.005977,15600
1993-01-28,8.750000,9.125000,8.750000,8.750000,2.984656,4800
1993-01-29,8.750000,9.125000,8.750000,8.875000,3.027293,19200
1993-02-01,8.750000,8.937500,8.750000,8.937500,3.090398,1200
1993-02-02,9.000000,9.187500,8.750000,8.750000,3.025566,5200
1993-02-03,9.187500,9.187500,8.750000,8.812500,3.047175,9600
1993-02-04,9.187500,9.187500,8.875000,9.000000,3.112011,20000
1993-02-05,8.750000,9.125000,8.750000,8.937500,3.090398,23200
1993-02-08,8.687500,9.187500,8.687500,9.187500,3.176843,10000
1993-02-09,9.187500,9.187500,8.750000,8.750000,3.025566,14400
1993-02-10,8.750000,9.125000,8.750000,9.125000,3.155231,1600
1993-02-11,9.125000,9.125000,8.750000,8.750000,3.025566,12400
1993-02-12,9.187500,9.187500,8.750000,8.750000,3.025566,1200
1993-02-16,9.187500,9.187500,9.187500,9.187500,3.176843,2000
1993-02-17,9.187500,9.187500,8.750000,8.750000,3.025566,10800
1993-02-18,9.187500,9.187500,8.812500,9.125000,3.155231,15200
1993-02-19,9.125000,9.187500,8.812500,9.187500,3.176843,5600
1993-02-22,9.062500,9.187500,9.000000,9.000000,3.112011,16800
1993-02-23,9.187500,9.187500,8.812500,9.062500,3.133621,28000
1993-02-24,9.125000,9.125000,8.812500,8.812500,3.047175,3200
1993-02-25,9.187500,9.187500,8.812500,8.812500,3.047175,8000
1993-02-26,9.187500,9.187500,8.812500,8.812500,3.047175,8000
1993-03-01,9.187500,9.250000,9.000000,9.000000,3.112011,27600
1993-03-02,8.812500,9.312500,8.812500,9.062500,3.133621,32400
1993-03-03,8.812500,8.812500,8.812500,8.812500,3.047175,800
1993-03-04,8.812500,9.312500,8.812500,8.937500,3.090398,6400
1993-03-05,9.312500,9.312500,9.000000,9.125000,3.155231,2400
1993-03-08,8.937500,9.250000,8.937500,9.250000,3.198456,5600
1993-03-09,8.937500,9.250000,8.937500,9.125000,3.155231,9600
1993-03-10,8.937500,9.250000,8.937500,9.031250,3.122817,21200
1993-03-11,9.187500,9.187500,8.937500,9.125000,3.155231,12000
1993-03-12,9.250000,9.250000,8.937500,9.062500,3.133621,7600
1993-03-15,9.250000,9.250000,8.812500,8.937500,3.090398,3600
1993-03-16,8.812500,8.937500,8.812500,8.937500,3.090398,10400
1993-03-17,9.250000,9.250000,9.250000,9.250000,3.198456,400
1993-03-18,8.812500,9.250000,8.812500,8.812500,3.047175,13200
1993-03-19,8.812500,9.312500,8.812500,9.125000,3.155231,8400
1993-03-22,9.062500,9.062500,8.875000,8.875000,3.068787,3200
1993-03-23,8.875000,9.125000,8.687500,8.812500,3.047175,38800
1993-03-24,9.125000,9.125000,8.875000,8.875000,3.068787,12400
1993-03-25,9.000000,9.062500,8.687500,8.687500,3.003956,5200
1993-03-26,8.687500,9.062500,8.687500,9.062500,3.133621,9600
1993-03-29,8.687500,9.062500,8.687500,9.062500,3.133621,3200
1993-03-30,8.875000,8.875000,8.875000,8.875000,3.068787,1600
1993-03-31,8.687500,8.875000,8.687500,8.750000,3.025566,5200
1993-04-01,8.687500,9.000000,8.687500,8.687500,3.003956,13600
1993-04-02,8.687500,9.000000,8.687500,8.687500,3.003956,30400
1993-04-05,8.687500,8.937500,8.687500,8.937500,3.090398,800
1993-04-06,8.687500,8.781250,8.687500,8.750000,3.025566,6000
1993-04-07,8.937500,8.937500,8.687500,8.687500,3.003956,41200
1993-04-08,8.687500,8.937500,8.687500,8.812500,3.047175,11200
1993-04-12,8.937500,8.937500,8.687500,8.687500,3.003956,6000
1993-04-13,8.937500,8.937500,8.687500,8.906250,3.079594,3200
1993-04-14,8.937500,9.000000,8.687500,8.687500,3.003956,8000
1993-04-15,8.687500,9.062500,8.687500,9.062500,3.133621,5600
1993-04-16,9.062500,9.062500,8.687500,9.062500,3.133621,4400
1993-04-19,9.062500,9.062500,8.687500,8.750000,3.025566,21200
1993-04-20,9.062500,9.125000,8.687500,8.687500,3.003956,8400
1993-04-21,8.687500,8.687500,8.687500,8.687500,3.003956,3600
1993-04-22,8.687500,8.906250,8.687500,8.687500,3.003956,12800
1993-04-23,8.687500,9.062500,8.687500,8.687500,3.003956,1600
1993-04-26,8.625000,9.062500,8.625000,8.875000,3.111770,10800
1993-04-27,8.625000,8.750000,8.625000,8.656250,3.035071,5200
1993-04-28,8.625000,9.000000,8.625000,8.875000,3.111770,16000
1993-04-29,8.687500,8.812500,8.312500,8.312500,2.914546,76000
1993-04-30,8.312500,8.687500,8.187500,8.562500,3.002202,12800
1993-05-03,8.062500,8.562500,8.062500,8.312500,2.914546,14000
1993-05-04,8.562500,8.562500,8.500000,8.500000,2.980287,4000
1993-05-05,8.562500,9.062500,8.125000,9.062500,3.177513,64400
1993-05-06,8.750000,9.062500,8.687500,8.750000,3.067943,20000
1993-05-07,8.625000,8.750000,8.625000,8.687500,3.046031,10800
1993-05-10,9.187500,9.187500,8.687500,9.187500,3.221339,5600
1993-05-11,8.687500,9.187500,8.687500,8.687500,3.046031,9600
1993-05-12,8.687500,9.000000,8.687500,8.718750,3.056986,9600
1993-05-13,8.687500,9.187500,8.687500,8.718750,3.056986,1600
1993-05-14,8.687500,9.187500,8.687500,8.687500,3.046031,16800
1993-05-17,8.687500,9.187500,8.687500,8.937500,3.133683,22800
1993-05-18,8.687500,9.187500,8.687500,9.000000,3.155598,44800
1993-05-19,8.750000,9.000000,8.750000,9.000000,3.155598,20800
1993-05-20,8.750000,8.812500,8.750000,8.812500,3.089856,27600
1993-05-21,9.000000,9.000000,8.437500,8.500000,2.980287,36000
1993-05-24,8.437500,8.875000,8.437500,8.437500,2.958373,3200
1993-05-25,8.750000,8.750000,8.437500,8.687500,3.046031,7600
1993-05-26,8.437500,8.875000,8.437500,8.875000,3.111770,28000
1993-05-27,8.437500,8.750000,8.437500,8.750000,3.067943,5600
1993-05-28,8.437500,8.875000,8.437500,8.875000,3.111770,10400
1993-06-01,8.875000,8.875000,8.437500,8.437500,2.958373,38400
1993-06-02,8.437500,8.750000,8.437500,8.437500,2.958373,46400
1993-06-03,8.750000,8.937500,8.437500,8.687500,3.046031,26800
1993-06-04,8.437500,9.000000,8.437500,9.000000,3.155598,10000
1993-06-07,8.437500,8.437500,8.437500,8.437500,2.958373,800
1993-06-08,8.500000,9.000000,8.437500,8.500000,2.980287,2800
1993-06-09,8.437500,9.000000,8.437500,8.500000,2.980287,45600
1993-06-10,8.750000,9.000000,8.437500,8.687500,3.046031,12000
1993-06-11,8.687500,8.875000,8.687500,8.812500,3.089856,4800
1993-06-14,8.437500,8.437500,8.437500,8.437500,2.958373,2000
1993-06-15,8.437500,9.000000,8.437500,9.000000,3.155598,17200
1993-06-16,8.875000,8.875000,8.718750,8.718750,3.056986,1200
1993-06-17,8.718750,8.718750,8.718750,8.718750,3.056986,0
1993-06-18,9.062500,9.062500,8.437500,8.437500,2.958373,800
1993-06-21,8.875000,9.062500,8.437500,9.062500,3.177513,16000
1993-06-22,8.437500,9.062500,8.437500,8.750000,3.067943,7600
1993-06-23,9.062500,9.062500,8.437500,8.437500,2.958373,4000
1993-06-24,8.437500,9.062500,8.437500,8.750000,3.067943,20000
1993-06-25,8.875000,8.875000,8.437500,8.437500,2.958373,12000
1993-06-28,8.437500,8.437500,8.437500,8.437500,2.958373,0
1993-06-29,8.750000,8.937500,8.375000,8.937500,3.133683,16800
1993-06-30,8.937500,8.937500,8.937500,8.937500,3.133683,400
1993-07-01,8.937500,8.937500,8.375000,8.375000,2.936460,9200
1993-07-02,8.375000,9.000000,8.375000,8.375000,2.936460,10000
1993-07-06,8.750000,8.750000,8.625000,8.625000,3.024115,2000
1993-07-07,8.500000,9.000000,8.500000,8.812500,3.089856,30400
1993-07-08,9.000000,9.000000,8.562500,9.000000,3.155598,16000
1993-07-09,8.562500,9.125000,8.562500,9.062500,3.177513,26000
1993-07-12,8.625000,8.625000,8.625000,8.625000,3.024115,800
1993-07-13,9.125000,9.125000,8.750000,9.062500,3.177513,59600
1993-07-14,9.156250,9.375000,8.750000,9.312500,3.265169,76800
1993-07-15,9.500000,9.500000,9.000000,9.375000,3.287081,35600
1993-07-16,9.500000,9.500000,9.000000,9.125000,3.199425,1600
1993-07-19,9.000000,9.500000,9.000000,9.000000,3.155598,6400
1993-07-20,9.125000,9.500000,9.125000,9.500000,3.330907,10800
1993-07-21,9.500000,9.500000,9.000000,9.000000,3.155598,16400
1993-07-22,9.000000,9.468750,9.000000,9.062500,3.177513,12000
1993-07-23,9.562500,9.562500,9.000000,9.000000,3.155598,6000
1993-07-26,9.000000,9.562500,9.000000,9.281250,3.298188,13200
1993-07-27,9.000000,9.000000,9.000000,9.000000,3.198243,2800
1993-07-28,9.000000,9.562500,9.000000,9.000000,3.198243,2800
1993-07-29,9.125000,9.750000,9.125000,9.125000,3.242660,39200
1993-07-30,9.125000,9.125000,9.125000,9.125000,3.242660,0
1993-08-02,9.750000,9.750000,9.125000,9.125000,3.242660,1600
1993-08-03,9.125000,9.250000,9.125000,9.125000,3.242660,3200
1993-08-04,9.125000,9.750000,9.125000,9.750000,3.464762,1200
1993-08-05,9.125000,9.500000,9.125000,9.500000,3.375920,12800
1993-08-06,9.750000,9.750000,9.125000,9.125000,3.242660,7200
1993-08-09,9.125000,9.718750,9.125000,9.718750,3.453657,12800
1993-08-10,9.750000,9.750000,9.125000,9.375000,3.331501,6400
1993-08-11,9.593750,9.750000,9.500000,9.625000,3.420340,12400
1993-08-12,9.500000,9.500000,9.500000,9.500000,3.375920,1200
1993-08-13,9.625000,9.625000,9.500000,9.500000,3.375920,11200
1993-08-16,9.500000,9.750000,9.500000,9.750000,3.464762,29600
1993-08-17,9.812500,9.812500,9.250000,9.250000,3.287082,9200
1993-08-18,9.500000,9.812500,9.500000,9.812500,3.486971,2800
1993-08-19,9.625000,10.000000,9.625000,9.937500,3.531391,9600
1993-08-20,9.625000,10.125000,9.625000,9.625000,3.420340,10400
1993-08-23,9.875000,9.875000,9.625000,9.687500,3.442552,1600
1993-08-24,9.625000,9.750000,9.625000,9.750000,3.464762,5200
1993-08-25,9.625000,9.875000,9.625000,9.625000,3.420340,9600
1993-08-26,9.625000,9.625000,9.625000,9.625000,3.420340,4800
1993-08-27,9.625000,9.625000,9.625000,9.625000,3.420340,800
1993-08-30,10.125000,10.125000,9.812500,9.812500,3.486971,6800
1993-08-31,9.625000,10.125000,9.625000,10.125000,3.598023,7600
1993-09-01,10.125000,10.125000,9.312500,9.750000,3.464762,27600
1993-09-02,9.312500,9.875000,9.312500,9.625000,3.420340,6000
1993-09-03,9.875000,9.875000,9.875000,9.875000,3.509181,400
1993-09-07,9.875000,9.875000,9.875000,9.875000,3.509181,400
1993-09-08,9.250000,9.812500,9.250000,9.687500,3.442552,12000
1993-09-09,9.812500,9.812500,9.250000,9.250000,3.287082,1200
1993-09-10,9.250000,9.812500,9.250000,9.250000,3.287082,8000
1993-09-13,9.250000,9.250000,9.250000,9.250000,3.287082,400
1993-09-14,9.812500,9.812500,9.812500,9.812500,3.486971,400
1993-09-15,9.250000,9.312500,9.250000,9.312500,3.309292,2400
1993-09-16,9.812500,9.812500,9.437500,9.625000,3.420340,1600
1993-09-17,9.437500,9.812500,9.437500,9.812500,3.486971,4800
1993-09-20,9.812500,9.812500,9.812500,9.812500,3.486971,1200
1993-09-21,9.812500,9.812500,9.437500,9.812500,3.486971,6800
1993-09-22,9.437500,9.812500,9.437500,9.562500,3.398131,7200
1993-09-23,9.437500,9.812500,9.437500,9.437500,3.353712,14400
1993-09-24,9.812500,9.812500,9.500000,9.812500,3.486971,13200
1993-09-27,9.937500,9.937500,9.937500,9.937500,3.531391,1200
1993-09-28,9.437500,9.437500,9.437500,9.437500,3.353712,800
1993-09-29,9.687500,9.687500,9.437500,9.656250,3.431446,2800
1993-09-30,9.437500,9.437500,9.437500,9.437500,3.353712,400
1993-10-01,9.937500,9.937500,9.437500,9.937500,3.531391,21600
1993-10-04,9.437500,9.562500,9.437500,9.437500,3.353712,4800
1993-10-05,9.687500,9.687500,9.687500,9.687500,3.442552,9200
1993-10-06,9.937500,9.937500,9.437500,9.437500,3.353712,2800
1993-10-07,9.937500,9.937500,9.437500,9.437500,3.353712,2000
1993-10-08,9.687500,9.937500,9.437500,9.937500,3.531391,10400
1993-10-11,9.937500,9.937500,9.937500,9.937500,3.531391,1600
1993-10-12,9.937500,9.937500,9.937500,9.937500,3.531391,400
1993-10-13,9.437500,9.937500,9.437500,9.437500,3.353712,10800
1993-10-14,9.437500,9.937500,9.437500,9.937500,3.531391,10400
1993-10-15,9.937500,9.937500,9.437500,9.812500,3.486971,21600
1993-10-18,9.437500,9.687500,9.375000,9.500000,3.375920,10800
1993-10-19,9.375000,9.437500,9.375000,9.437500,3.353712,4400
1993-10-20,9.625000,9.875000,9.375000,9.875000,3.509181,13600
1993-10-21,9.812500,9.875000,9.812500,9.875000,3.509181,4800
1993-10-22,9.375000,9.437500,9.375000,9.437500,3.353712,10000
1993-10-25,9.875000,9.937500,9.656250,9.937500,3.531391,33200
1993-10-26,9.375000,9.750000,9.375000,9.437500,3.394703,24400
1993-10-27,9.437500,9.437500,9.437500,9.437500,3.394703,0
1993-10-28,9.375000,9.687500,9.375000,9.687500,3.484632,2400
1993-10-29,9.937500,10.000000,9.375000,10.000000,3.597038,6000
1993-11-01,9.750000,10.000000,9.375000,9.750000,3.507113,4800
1993-11-02,9.375000,10.000000,9.375000,10.000000,3.597038,3200
1993-11-03,9.375000,9.375000,9.375000,9.375000,3.372224,800
1993-11-04,9.750000,10.000000,9.375000,9.500000,3.417185,10000
1993-11-05,9.937500,9.937500,9.937500,9.937500,3.574555,4800
1993-11-08,9.375000,9.937500,9.375000,9.437500,3.394703,1600
1993-11-09,9.500000,9.500000,9.375000,9.437500,3.394703,1600
1993-11-10,9.437500,9.437500,9.437500,9.437500,3.394703,0
1993-11-11,9.687500,10.000000,9.375000,10.000000,3.597038,6000
1993-11-12,9.375000,9.500000,9.375000,9.500000,3.417185,4000
1993-11-15,9.375000,9.875000,9.375000,9.875000,3.552075,35200
1993-11-16,10.000000,10.000000,10.000000,10.000000,3.597038,2000
1993-11-17,9.375000,9.375000,9.375000,9.375000,3.372224,2400
1993-11-18,9.375000,10.000000,9.375000,10.000000,3.597038,2000
1993-11-19,10.000000,10.000000,9.375000,9.750000,3.507113,28000
1993-11-22,9.375000,10.000000,9.375000,9.375000,3.372224,6400
1993-11-23,10.000000,10.000000,10.000000,10.000000,3.597038,2800
1993-11-24,10.000000,10.000000,10.000000,10.000000,3.597038,0
1993-11-26,9.500000,9.500000,9.500000,9.500000,3.417185,3200
1993-11-29,9.375000,10.000000,9.375000,10.000000,3.597038,3200
1993-11-30,9.375000,9.750000,9.375000,9.750000,3.507113,18800
1993-12-01,9.437500,10.000000,9.437500,9.687500,3.484632,3200
1993-12-02,10.000000,10.000000,9.375000,9.375000,3.372224,1600
1993-12-03,9.375000,9.375000,9.375000,9.375000,3.372224,2000
1993-12-06,9.375000,9.687500,9.375000,9.687500,3.484632,6800
1993-12-07,10.000000,10.000000,9.562500,9.562500,3.439666,6000
1993-12-08,9.562500,10.187500,9.562500,9.843750,3.540833,19600
1993-12-09,9.687500,10.187500,9.687500,9.687500,3.484632,3600
1993-12-10,9.687500,9.687500,9.687500,9.687500,3.484632,2000
1993-12-13,9.687500,10.250000,9.687500,9.750000,3.507113,22800
1993-12-14,9.750000,9.750000,9.750000,9.750000,3.507113,0
1993-12-15,9.781250,10.312500,9.781250,9.812500,3.529594,26800
1993-12-16,9.812500,9.812500,9.812500,9.812500,3.529594,10000
1993-12-17,10.312500,10.312500,9.812500,10.312500,3.709444,3600
1993-12-20,9.812500,10.312500,9.812500,10.312500,3.709444,1600
1993-12-21,9.937500,10.187500,9.812500,10.187500,3.664481,3200
1993-12-22,9.812500,9.875000,9.812500,9.812500,3.529594,7200
1993-12-23,9.812500,10.312500,9.812500,10.062500,3.619520,5600
1993-12-27,9.812500,9.812500,9.812500,9.812500,3.529594,1200
1993-12-28,9.812500,10.312500,9.812500,9.843750,3.540833,21600
1993-12-29,10.250000,10.250000,9.875000,9.875000,3.552075,1200
1993-12-30,9.687500,10.250000,9.687500,10.000000,3.597038,6000
1993-12-31,10.000000,10.000000,10.000000,10.000000,3.597038,0
1994-01-03,9.687500,9.687500,9.687500,9.687500,3.484632,5200
1994-01-04,9.687500,10.250000,9.687500,9.843750,3.540833,19200
1994-01-05,9.562500,10.125000,9.562500,9.750000,3.507113,7200
1994-01-06,10.125000,10.125000,9.562500,9.562500,3.439666,10400
1994-01-07,9.562500,10.125000,9.562500,9.562500,3.439666,4000
1994-01-10,9.562500,10.125000,9.437500,9.437500,3.394703,14800
1994-01-11,9.656250,9.750000,9.437500,9.437500,3.394703,9200
1994-01-12,9.437500,9.437500,9.437500,9.437500,3.394703,10400
1994-01-13,9.437500,10.000000,9.437500,9.437500,3.394703,5600
1994-01-14,9.437500,9.937500,9.437500,9.437500,3.394703,26000
1994-01-17,9.437500,9.937500,9.437500,9.750000,3.507113,5600
1994-01-18,9.812500,9.812500,9.437500,9.437500,3.394703,14800
1994-01-19,9.437500,9.437500,9.437500,9.437500,3.394703,400
1994-01-20,9.937500,9.937500,9.437500,9.437500,3.394703,4400
1994-01-21,9.500000,9.687500,9.500000,9.687500,3.484632,7200
1994-01-24,9.500000,9.500000,9.500000,9.500000,3.417185,5600
1994-01-25,9.437500,9.875000,9.437500,9.875000,3.552075,1200
1994-01-26,9.562500,9.875000,9.437500,9.437500,3.394703,6400
1994-01-27,9.437500,9.750000,9.437500,9.468750,3.405944,3600
1994-01-28,9.812500,9.875000,9.437500,9.468750,3.405944,6000
1994-01-31,9.875000,9.875000,9.437500,9.437500,3.439659,2800
1994-02-01,9.437500,9.437500,9.437500,9.437500,3.439659,800
1994-02-02,9.375000,9.875000,9.375000,9.875000,3.599113,8400
1994-02-03,9.375000,9.875000,9.375000,9.875000,3.599113,10400
1994-02-04,9.312500,9.437500,9.312500,9.375000,3.416879,13600
1994-02-07,9.750000,9.750000,9.187500,9.187500,3.348540,800
1994-02-08,9.750000,9.750000,9.468750,9.468750,3.451049,1200
1994-02-09,9.750000,9.750000,9.187500,9.187500,3.348540,2400
1994-02-10,9.187500,9.187500,9.187500,9.187500,3.348540,4400
1994-02-11,9.218750,9.218750,9.187500,9.187500,3.348540,9200
1994-02-14,9.187500,9.187500,9.187500,9.187500,3.348540,4800
1994-02-15,9.187500,9.687500,9.187500,9.187500,3.348540,14800
1994-02-16,9.687500,9.687500,9.218750,9.687500,3.530777,2000
1994-02-17,9.187500,9.406250,8.875000,9.187500,3.348540,16800
1994-02-18,9.437500,9.437500,8.875000,8.875000,3.234647,4800
1994-02-22,8.812500,9.375000,8.562500,8.562500,3.120750,34000
1994-02-23,8.562500,9.062500,8.562500,8.562500,3.120750,6000
1994-02-24,9.062500,9.062500,8.562500,8.562500,3.120750,800
1994-02-25,9.062500,9.062500,8.562500,8.562500,3.120750,3600
1994-02-28,9.062500,9.062500,8.562500,8.562500,3.120750,29200
1994-03-01,8.562500,9.062500,8.562500,9.062500,3.302983,7200
1994-03-02,8.843750,8.843750,8.625000,8.625000,3.143529,20400
1994-03-03,8.750000,9.000000,8.625000,8.781250,3.200476,19200
1994-03-04,9.062500,9.062500,8.562500,8.812500,3.211866,10800
1994-03-07,9.062500,9.062500,8.593750,8.593750,3.132140,16800
1994-03-08,8.562500,9.062500,8.562500,9.062500,3.302983,2000
1994-03-09,8.562500,9.062500,8.562500,8.562500,3.120750,2800
1994-03-10,8.562500,9.375000,8.562500,8.812500,3.211866,14000
1994-03-11,8.812500,8.812500,8.562500,8.562500,3.120750,2400
1994-03-14,8.812500,8.812500,8.812500,8.812500,3.211866,1600
1994-03-15,8.812500,9.375000,8.812500,9.062500,3.302983,10000
1994-03-16,9.375000,9.375000,8.812500,8.812500,3.211866,10000
1994-03-17,8.750000,9.125000,8.750000,8.875000,3.234647,5200
1994-03-18,8.750000,9.312500,8.750000,9.312500,3.394099,8000
1994-03-21,8.812500,8.812500,8.750000,8.812500,3.211866,5200
1994-03-22,8.750000,9.250000,8.750000,9.250000,3.371320,4400
1994-03-23,9.125000,9.125000,8.750000,8.750000,3.189087,3600
1994-03-24,8.750000,9.125000,8.750000,9.125000,3.325762,8000
1994-03-25,9.125000,9.125000,8.750000,8.750000,3.189087,6800
1994-03-28,9.000000,9.125000,8.750000,9.125000,3.325762,7200
1994-03-29,8.625000,8.812500,8.625000,8.625000,3.143529,4800
1994-03-30,8.625000,8.750000,8.625000,8.656250,3.154918,22000
1994-03-31,8.625000,9.125000,8.625000,8.625000,3.143529,24800
1994-04-04,8.500000,9.062500,8.500000,8.937500,3.257424,26400
1994-04-05,8.562500,8.750000,8.500000,8.750000,3.189087,5600
1994-04-06,8.500000,8.781250,8.500000,8.781250,3.200476,5600
1994-04-07,8.750000,8.750000,8.500000,8.625000,3.143529,15200
1994-04-08,8.687500,8.687500,8.531250,8.531250,3.109359,15600
1994-04-11,8.531250,8.562500,8.500000,8.500000,3.097970,8400
1994-04-12,8.562500,8.593750,8.531250,8.531250,3.109359,8400
1994-04-13,8.562500,8.562500,8.500000,8.500000,3.097970,1200
1994-04-14,8.500000,8.562500,8.500000,8.531250,3.109359,6000
1994-04-15,8.500000,8.562500,8.500000,8.500000,3.097970,4400
1994-04-18,8.562500,8.562500,8.468750,8.468750,3.086580,2400
1994-04-19,8.500000,8.500000,8.437500,8.500000,3.097970,8400
1994-04-20,8.500000,8.500000,8.468750,8.468750,3.086580,3200
1994-04-21,8.500000,8.500000,8.500000,8.500000,3.097970,800
1994-04-22,8.468750,8.593750,8.468750,8.593750,3.132140,11600
1994-04-25,8.468750,8.468750,8.468750,8.468750,3.131676,0
1994-04-26,8.500000,8.593750,8.468750,8.593750,3.177902,11600
1994-04-28,8.625000,8.625000,8.562500,8.625000,3.189457,6800
1994-04-29,8.562500,8.718750,8.562500,8.718750,3.420427,8400
1994-05-02,8.687500,8.812500,8.687500,8.750000,3.432688,3200
1994-05-03,8.718750,8.812500,8.718750,8.812500,3.457206,4000
1994-05-04,8.781250,8.875000,8.750000,8.750000,3.432688,9200
1994-05-05,8.781250,8.875000,8.781250,8.843750,3.469467,4400
1994-05-06,8.875000,8.875000,8.875000,8.875000,3.481727,400
1994-05-09,8.875000,8.875000,8.875000,8.875000,3.481727,800
1994-05-10,9.000000,9.000000,8.812500,8.875000,3.481727,42400
1994-05-11,8.875000,8.875000,8.843750,8.875000,3.481727,2000
1994-05-12,8.875000,8.875000,8.781250,8.781250,3.444947,2800
1994-05-13,8.781250,8.812500,8.750000,8.812500,3.457206,11600
1994-05-16,8.812500,8.812500,8.718750,8.750000,3.432688,11200
1994-05-17,8.812500,8.812500,8.812500,8.812500,3.457206,400
1994-05-18,8.781250,8.781250,8.750000,8.750000,3.432688,2800
1994-05-19,8.781250,8.875000,8.781250,8.875000,3.481727,6400
1994-05-20,8.906250,8.906250,8.843750,8.906250,3.493984,9200
1994-05-23,8.937500,8.968750,8.937500,8.968750,3.518504,6800
1994-05-24,8.906250,8.968750,8.906250,8.937500,3.506244,7600
1994-05-25,8.906250,8.937500,8.875000,8.937500,3.506244,6000
1994-05-26,8.875000,8.937500,8.875000,8.937500,3.506244,2000
1994-05-27,8.875000,8.937500,8.875000,8.937500,3.506244,3600
1994-05-31,8.875000,8.937500,8.875000,8.875000,3.481727,9600
1994-06-01,8.812500,8.843750,8.812500,8.843750,3.469467,8400
1994-06-02,8.906250,8.906250,8.906250,8.906250,3.493984,1200
1994-06-03,8.875000,8.906250,8.843750,8.843750,3.469467,7600
1994-06-06,8.906250,8.968750,8.906250,8.968750,3.518504,2400
1994-06-07,8.968750,8.968750,8.968750,8.968750,3.518504,0
1994-06-08,8.937500,9.000000,8.937500,9.000000,3.530763,7200
1994-06-09,9.000000,9.000000,9.000000,9.000000,3.530763,1200
1994-06-10,9.000000,9.062500,9.000000,9.062500,3.555283,4400
1994-06-13,9.062500,9.062500,9.000000,9.000000,3.530763,8800
1994-06-14,9.093750,9.187500,9.093750,9.187500,3.604321,14400
1994-06-15,9.125000,9.125000,9.125000,9.125000,3.579802,2800
1994-06-16,9.187500,9.187500,9.156250,9.187500,3.604321,2800
1994-06-17,9.125000,9.125000,9.062500,9.062500,3.555283,2800
1994-06-20,9.093750,9.093750,8.937500,8.937500,3.506244,11600
1994-06-21,8.937500,8.937500,8.937500,8.937500,3.506244,2000
1994-06-22,9.000000,9.000000,9.000000,9.000000,3.530763,1200
1994-06-23,9.000000,9.000000,8.937500,9.000000,3.530763,4000
1994-06-24,9.000000,9.062500,9.000000,9.000000,3.530763,6800
1994-06-27,8.937500,9.000000,8.937500,9.000000,3.530763,2800
1994-06-28,8.968750,8.968750,8.906250,8.906250,3.493984,6400
1994-06-29,8.875000,8.906250,8.843750,8.906250,3.493984,7600
1994-06-30,8.937500,8.968750,8.937500,8.968750,3.518504,3200
1994-07-01,8.937500,9.000000,8.937500,9.000000,3.530763,6400
1994-07-05,9.000000,9.000000,8.937500,9.000000,3.530763,5200
1994-07-06,8.937500,8.937500,8.937500,8.937500,3.506244,4400
1994-07-07,8.906250,9.000000,8.906250,8.953125,3.512375,20800
1994-07-08,8.875000,8.906250,8.843750,8.843750,3.469467,7200
1994-07-11,8.812500,8.812500,8.812500,8.812500,3.457206,4800
1994-07-12,8.781250,8.812500,8.781250,8.781250,3.444947,6800
1994-07-13,8.781250,8.812500,8.781250,8.812500,3.457206,1200
1994-07-14,8.843750,8.875000,8.843750,8.843750,3.469467,8000
1994-07-15,8.843750,8.906250,8.843750,8.906250,3.493984,2000
1994-07-18,8.906250,8.937500,8.906250,8.937500,3.506244,800
1994-07-19,8.906250,8.968750,8.906250,8.937500,3.506244,6000
1994-07-20,8.906250,8.906250,8.875000,8.875000,3.481727,3200
1994-07-21,8.875000,8.906250,8.812500,8.875000,3.481727,12800
1994-07-22,8.906250,8.906250,8.875000,8.875000,3.481727,2800
1994-07-25,8.843750,8.906250,8.843750,8.875000,3.481727,8000
1994-07-26,8.750000,8.750000,8.718750,8.718750,3.468795,4800
1994-07-27,8.718750,8.718750,8.687500,8.687500,3.456364,4000
1994-07-28,8.750000,8.781250,8.750000,8.781250,3.493660,800
1994-07-29,8.812500,8.812500,8.812500,8.812500,3.506094,1200
1994-08-01,8.812500,8.812500,8.812500,8.812500,3.506094,2400
1994-08-02,8.781250,8.843750,8.750000,8.750000,3.481228,6000
1994-08-03,8.718750,8.718750,8.718750,8.718750,3.468795,2400
1994-08-04,8.781250,8.812500,8.750000,8.750000,3.481228,37200
1994-08-05,8.718750,8.781250,8.687500,8.687500,3.456364,12000
1994-08-08,8.718750,8.750000,8.656250,8.750000,3.481228,5600
1994-08-09,8.750000,8.750000,8.687500,8.687500,3.456364,2000
1994-08-10,8.656250,8.718750,8.656250,8.718750,3.468795,2400
1994-08-11,8.687500,8.687500,8.656250,8.687500,3.456364,2400
1994-08-12,8.750000,8.750000,8.625000,8.625000,3.431496,11200
1994-08-15,8.625000,8.687500,8.625000,8.687500,3.456364,3600
1994-08-16,8.625000,8.718750,8.625000,8.687500,3.456364,2800
1994-08-17,8.687500,8.750000,8.687500,8.718750,3.468795,2400
1994-08-18,8.687500,8.750000,8.687500,8.750000,3.481228,7200
1994-08-19,8.812500,8.843750,8.812500,8.843750,3.518528,5200
1994-08-22,8.843750,8.843750,8.750000,8.750000,3.481228,19600
1994-08-23,8.718750,8.781250,8.718750,8.781250,3.493660,18400
1994-08-24,8.750000,8.812500,8.750000,8.781250,3.493660,11200
1994-08-25,8.750000,8.875000,8.750000,8.875000,3.530961,6000
1994-08-26,8.843750,8.843750,8.843750,8.843750,3.518528,1600
1994-08-29,8.843750,8.843750,8.843750,8.843750,3.518528,3200
1994-08-30,8.812500,8.812500,8.781250,8.781250,3.493660,6400
1994-08-31,8.750000,8.750000,8.718750,8.750000,3.481228,28000
1994-09-01,8.718750,8.812500,8.718750,8.750000,3.481228,40000
1994-09-02,8.718750,8.718750,8.687500,8.687500,3.456364,2800
1994-09-06,8.718750,8.718750,8.687500,8.687500,3.456364,3600
1994-09-07,8.687500,8.718750,8.687500,8.718750,3.468795,12000
1994-09-08,8.718750,8.718750,8.656250,8.656250,3.443929,1600
1994-09-09,8.656250,8.656250,8.656250,8.656250,3.443929,1600
1994-09-12,8.656250,8.718750,8.656250,8.718750,3.468795,3600
1994-09-13,8.718750,8.718750,8.625000,8.625000,3.431496,4000
1994-09-14,8.625000,8.625000,8.625000,8.625000,3.431496,1600
1994-09-15,8.656250,8.656250,8.437500,8.500000,3.381766,40800
1994-09-16,8.562500,8.562500,8.531250,8.562500,3.406630,7600
1994-09-19,8.625000,8.625000,8.500000,8.500000,3.381766,17200
1994-09-20,8.531250,8.531250,8.437500,8.468750,3.369330,10000
1994-09-21,8.437500,8.437500,8.343750,8.343750,3.319600,8800
1994-09-22,8.375000,8.375000,8.343750,8.343750,3.319600,2800
1994-09-23,8.281250,8.281250,8.250000,8.250000,3.282302,426400
1994-09-26,8.250000,8.250000,8.218750,8.218750,3.269867,90800
1994-09-27,8.218750,8.250000,8.218750,8.250000,3.282302,45600
1994-09-28,8.250000,8.250000,8.218750,8.218750,3.269867,22400
1994-09-29,8.218750,8.250000,8.218750,8.218750,3.269867,27600
1994-09-30,8.218750,8.281250,8.218750,8.281250,3.294734,61600
1994-10-03,8.281250,8.281250,8.250000,8.281250,3.294734,4400
1994-10-04,8.250000,8.250000,8.218750,8.218750,3.269867,14800
1994-10-05,8.218750,8.250000,8.218750,8.218750,3.269867,31600
1994-10-06,8.218750,8.218750,8.218750,8.218750,3.269867,8800
1994-10-07,8.218750,8.250000,8.218750,8.250000,3.282302,50400
1994-10-10,8.250000,8.250000,8.218750,8.218750,3.269867,17600
1994-10-11,8.187500,8.218750,8.156250,8.218750,3.269867,26000
1994-10-12,8.187500,8.250000,8.187500,8.250000,3.282302,14000
1994-10-13,8.281250,8.281250,8.218750,8.218750,3.269867,21600
1994-10-14,8.187500,8.250000,8.187500,8.187500,3.257436,19200
1994-10-17,8.156250,8.218750,8.156250,8.187500,3.257436,12400
1994-10-18,8.187500,8.187500,8.187500,8.187500,3.257436,3200
1994-10-19,8.156250,8.187500,8.125000,8.156250,3.245001,14000
1994-10-20,8.156250,8.156250,8.093750,8.125000,3.232568,20400
1994-10-21,8.093750,8.125000,8.031250,8.062500,3.207703,14800
1994-10-24,8.031250,8.031250,7.937500,7.937500,3.157973,19600
1994-10-25,7.937500,8.000000,7.906250,7.968750,3.170406,18000
1994-10-26,7.812500,7.843750,7.812500,7.812500,3.157271,4400
1994-10-27,7.781250,7.781250,7.656250,7.687500,3.106754,20400
1994-10-28,7.656250,7.812500,7.656250,7.812500,3.157271,56400
1994-10-31,7.781250,7.843750,7.781250,7.843750,3.169900,8000
1994-11-01,7.843750,7.843750,7.781250,7.781250,3.144641,1206800
1994-11-02,7.781250,7.812500,7.781250,7.781250,3.144641,109600
1994-11-03,7.812500,7.812500,7.750000,7.812500,3.157271,14400
1994-11-04,7.781250,7.781250,7.562500,7.625000,3.081497,28000
1994-11-07,7.625000,7.625000,7.468750,7.468750,3.018350,18800
1994-11-08,7.468750,7.593750,7.468750,7.531250,3.043609,22800
1994-11-09,7.531250,7.562500,7.500000,7.531250,3.043609,10400
1994-11-10,7.562500,7.656250,7.531250,7.625000,3.081497,23600
1994-11-11,7.656250,7.656250,7.562500,7.562500,3.056238,6000
1994-11-14,7.625000,7.625000,7.531250,7.593750,3.068867,11200
1994-11-15,7.468750,7.500000,7.437500,7.500000,3.030977,75200
1994-11-16,7.531250,7.593750,7.531250,7.531250,3.043609,23200
1994-11-17,7.593750,7.625000,7.562500,7.625000,3.081497,10800
1994-11-18,7.625000,7.718750,7.625000,7.718750,3.119383,10800
1994-11-21,7.687500,7.750000,7.687500,7.718750,3.119383,8400
1994-11-22,7.687500,7.718750,7.656250,7.656250,3.094126,40800
1994-11-23,7.656250,7.718750,7.656250,7.718750,3.119383,6800
1994-11-25,7.687500,7.687500,7.687500,7.687500,3.106754,400
1994-11-28,7.718750,7.718750,7.687500,7.718750,3.119383,6000
1994-11-29,7.750000,7.750000,7.687500,7.718750,3.119383,14000
1994-11-30,7.687500,7.750000,7.625000,7.750000,3.132012,14400
1994-12-01,7.687500,7.750000,7.687500,7.687500,3.106754,2400
1994-12-02,7.625000,7.687500,7.625000,7.656250,3.094126,5600
1994-12-05,7.656250,7.687500,7.593750,7.593750,3.068867,8000
1994-12-06,7.656250,7.656250,7.562500,7.593750,3.068867,8800
1994-12-07,7.593750,7.593750,7.468750,7.468750,3.018350,14400
1994-12-08,7.468750,7.500000,7.375000,7.375000,2.980463,22000
1994-12-09,7.406250,7.437500,7.343750,7.437500,3.005722,12800
1994-12-12,7.468750,7.468750,7.406250,7.468750,3.018350,6800
1994-12-13,7.437500,7.468750,7.375000,7.406250,2.993093,26000
1994-12-14,7.406250,7.406250,7.343750,7.406250,2.993093,7600
1994-12-15,7.343750,7.531250,7.343750,7.531250,3.043609,34000
1994-12-16,7.593750,7.687500,7.562500,7.625000,3.081497,41600
1994-12-19,7.562500,7.625000,7.562500,7.562500,3.056238,13200
1994-12-20,7.531250,7.531250,7.500000,7.531250,3.043609,24000
1994-12-21,7.531250,7.625000,7.531250,7.593750,3.068867,15200
1994-12-22,7.593750,7.750000,7.593750,7.750000,3.132012,22000
1994-12-23,7.781250,7.843750,7.781250,7.843750,3.169900,24400
1994-12-27,7.843750,7.937500,7.843750,7.906250,3.195157,15200
1994-12-28,7.875000,7.875000,7.843750,7.875000,3.182529,6000
1994-12-29,7.843750,7.875000,7.843750,7.843750,3.169900,8800
1994-12-30,7.843750,8.000000,7.843750,8.000000,3.233045,38800
1995-01-03,7.968750,7.968750,7.937500,7.937500,3.207788,4800
1995-01-04,7.937500,7.968750,7.906250,7.906250,3.195157,18000
1995-01-05,7.937500,7.937500,7.875000,7.906250,3.195157,6000
1995-01-06,7.937500,7.968750,7.906250,7.937500,3.207788,20800
1995-01-09,7.937500,7.937500,7.875000,7.875000,3.182529,12800
1995-01-10,7.906250,7.937500,7.843750,7.906250,3.195157,47200
1995-01-11,7.937500,7.937500,7.906250,7.937500,3.207788,10800
1995-01-12,7.906250,7.906250,7.843750,7.843750,3.169900,7200
1995-01-13,7.812500,7.906250,7.812500,7.906250,3.195157,10800
1995-01-16,7.875000,7.906250,7.875000,7.906250,3.195157,4800
1995-01-17,7.875000,7.906250,7.812500,7.875000,3.182529,28400
1995-01-18,7.843750,7.906250,7.781250,7.906250,3.195157,37200
1995-01-19,7.875000,7.906250,7.843750,7.843750,3.169900,15600
1995-01-20,7.812500,7.843750,7.812500,7.812500,3.157271,4400
1995-01-23,7.781250,7.843750,7.781250,7.843750,3.169900,6400
1995-01-24,7.843750,7.875000,7.718750,7.718750,3.119383,35200
1995-01-25,7.718750,7.718750,7.593750,7.593750,3.068867,10800
1995-01-26,7.593750,7.718750,7.593750,7.718750,3.119383,38000
1995-01-27,7.687500,7.875000,7.687500,7.843750,3.169900,21600
1995-01-30,7.875000,7.906250,7.843750,7.875000,3.182529,9600
1995-01-31,7.718750,7.750000,7.718750,7.718750,3.170718,6800
1995-02-01,7.687500,7.687500,7.625000,7.625000,3.132209,6800
1995-02-02,7.562500,7.562500,7.531250,7.531250,3.093698,17600
1995-02-03,7.562500,7.593750,7.562500,7.562500,3.106534,15200
1995-02-06,7.562500,7.593750,7.500000,7.531250,3.093698,62000
1995-02-07,7.562500,7.562500,7.468750,7.500000,3.080858,18400
1995-02-08,7.531250,7.625000,7.531250,7.625000,3.132209,31600
1995-02-09,7.593750,7.687500,7.593750,7.625000,3.132209,31200
1995-02-10,7.593750,7.656250,7.562500,7.562500,3.106534,25200
1995-02-13,7.593750,7.593750,7.531250,7.593750,3.119371,12000
1995-02-14,7.593750,7.718750,7.562500,7.718750,3.170718,13200
1995-02-15,7.687500,7.843750,7.687500,7.843750,3.222067,16400
1995-02-16,7.906250,8.000000,7.875000,7.968750,3.273415,26000
1995-02-17,8.000000,8.062500,8.000000,8.000000,3.286251,24800
1995-02-21,8.031250,8.062500,8.000000,8.031250,3.299086,19600
1995-02-22,8.031250,8.062500,8.000000,8.000000,3.286251,4400
1995-02-23,8.031250,8.031250,8.000000,8.031250,3.299086,4800
1995-02-24,8.062500,8.093750,8.031250,8.031250,3.299086,39600
1995-02-27,7.968750,7.968750,7.937500,7.968750,3.273415,8400
1995-02-28,7.937500,8.000000,7.937500,8.000000,3.286251,7600
1995-03-01,7.968750,8.000000,7.937500,7.937500,3.260578,10000
1995-03-02,7.968750,8.000000,7.937500,7.937500,3.260578,28400
1995-03-03,7.968750,8.000000,7.937500,7.968750,3.273415,12000
1995-03-06,8.031250,8.031250,7.937500,7.937500,3.260578,94400
1995-03-07,7.937500,7.937500,7.875000,7.937500,3.260578,14400
1995-03-08,7.937500,7.937500,7.875000,7.906250,3.247739,10800
1995-03-09,7.906250,7.968750,7.906250,7.937500,3.260578,33200
1995-03-10,7.968750,7.968750,7.906250,7.968750,3.273415,8800
1995-03-13,7.937500,7.968750,7.906250,7.906250,3.247739,4800
1995-03-14,7.968750,8.000000,7.875000,7.875000,3.234904,16000
1995-03-15,7.875000,7.937500,7.875000,7.906250,3.247739,11600
1995-03-16,7.875000,7.875000,7.718750,7.812500,3.209230,26000
1995-03-17,7.750000,7.750000,7.687500,7.687500,3.157881,19200
1995-03-20,7.687500,7.687500,7.625000,7.656250,3.145046,18000
1995-03-21,7.656250,7.656250,7.562500,7.562500,3.106534,9200
1995-03-22,7.500000,7.531250,7.500000,7.500000,3.080858,18000
1995-03-23,7.500000,7.500000,7.468750,7.468750,3.068022,12400
1995-03-24,7.500000,7.500000,7.468750,7.468750,3.068022,45600
1995-03-27,7.468750,7.500000,7.468750,7.500000,3.080858,11200
1995-03-28,7.500000,7.500000,7.406250,7.468750,3.068022,42000
1995-03-29,7.500000,7.500000,7.437500,7.437500,3.055187,17200
1995-03-30,7.437500,7.437500,7.406250,7.437500,3.055187,9200
1995-03-31,7.437500,7.468750,7.406250,7.468750,3.068022,21200
1995-04-03,7.468750,7.468750,7.437500,7.468750,3.068022,15600
1995-04-04,7.468750,7.562500,7.468750,7.562500,3.106534,17600
1995-04-05,7.562500,7.625000,7.500000,7.593750,3.119371,33200
1995-04-06,7.562500,7.718750,7.562500,7.718750,3.170718,24800
1995-04-07,7.718750,7.812500,7.718750,7.781250,3.196391,11600
1995-04-10,7.781250,7.843750,7.781250,7.812500,3.209230,14400
1995-04-11,7.812500,7.812500,7.781250,7.781250,3.196391,15200
1995-04-12,7.843750,7.875000,7.812500,7.812500,3.209230,28400
1995-04-13,7.843750,7.875000,7.843750,7.875000,3.234904,7600
1995-04-17,7.875000,7.875000,7.812500,7.875000,3.234904,17200
1995-04-18,7.843750,7.875000,7.781250,7.781250,3.196391,14400
1995-04-19,7.781250,7.875000,7.781250,7.859375,3.228486,11600
1995-04-20,7.906250,8.000000,7.875000,8.000000,3.286251,20400
1995-04-21,7.937500,8.031250,7.937500,8.031250,3.299086,15200
1995-04-24,8.031250,8.062500,8.031250,8.031250,3.299086,8400
1995-04-25,7.906250,7.906250,7.843750,7.875000,3.287087,32800
1995-04-26,7.875000,7.906250,7.843750,7.906250,3.300132,11200
1995-04-27,7.906250,7.968750,7.906250,7.937500,3.313175,12000
1995-04-28,7.937500,7.968750,7.937500,7.968750,3.326220,5200
1995-05-01,7.968750,8.000000,7.906250,8.000000,3.339265,25600
1995-05-02,8.000000,8.156250,8.000000,8.156250,3.404483,42400
1995-05-03,8.125000,8.125000,8.031250,8.031250,3.352306,17200
1995-05-04,8.031250,8.031250,8.031250,8.031250,3.352306,1200
1995-05-05,8.000000,8.031250,7.937500,7.937500,3.313175,12800
1995-05-08,7.937500,7.968750,7.906250,7.937500,3.313175,8800
1995-05-09,8.000000,8.031250,8.000000,8.000000,3.339265,16000
1995-05-10,8.031250,8.062500,7.968750,7.968750,3.326220,20800
1995-05-11,7.968750,8.031250,7.968750,8.000000,3.339265,12000
1995-05-12,8.031250,8.031250,7.968750,7.968750,3.326220,11600
1995-05-15,8.000000,8.000000,7.968750,8.000000,3.339265,4000
1995-05-16,8.000000,8.062500,7.968750,8.062500,3.365350,19200
1995-05-17,8.062500,8.093750,8.031250,8.062500,3.365350,16000
1995-05-18,8.093750,8.125000,8.062500,8.093750,3.378395,10800
1995-05-19,8.125000,8.156250,8.093750,8.156250,3.404483,18800
1995-05-22,8.156250,8.156250,8.031250,8.031250,3.352306,18800
1995-05-23,8.000000,8.000000,7.843750,7.843750,3.274043,39200
1995-05-24,7.843750,7.968750,7.843750,7.968750,3.326220,15200
1995-05-25,7.968750,8.000000,7.906250,7.968750,3.326220,16000
1995-05-26,8.000000,8.000000,7.937500,7.937500,3.313175,10000
1995-05-30,7.968750,8.000000,7.968750,8.000000,3.339265,6000
1995-05-31,7.968750,8.031250,7.968750,8.000000,3.339265,18000
1995-06-01,8.031250,8.093750,8.000000,8.093750,3.378395,8000
1995-06-02,8.062500,8.125000,8.062500,8.062500,3.365350,16400
1995-06-05,8.125000,8.125000,8.093750,8.093750,3.378395,14400
1995-06-06,8.125000,8.125000,8.093750,8.093750,3.378395,10400
1995-06-07,8.062500,8.125000,8.062500,8.062500,3.365350,20000
1995-06-08,8.093750,8.125000,8.062500,8.093750,3.378395,11200
1995-06-09,8.093750,8.156250,8.093750,8.093750,3.378395,14400
1995-06-12,8.156250,8.156250,8.156250,8.156250,3.404483,4000
1995-06-13,8.125000,8.156250,8.062500,8.062500,3.365350,13200
1995-06-14,8.062500,8.062500,8.031250,8.031250,3.352306,5200
1995-06-15,8.031250,8.062500,8.000000,8.062500,3.365350,9600
1995-06-16,8.093750,8.093750,8.000000,8.031250,3.352306,10000
1995-06-19,8.031250,8.031250,7.968750,7.968750,3.326220,13200
1995-06-20,8.000000,8.000000,7.906250,7.906250,3.300132,15200
1995-06-21,7.875000,7.875000,7.843750,7.875000,3.287087,9200
1995-06-22,7.875000,7.937500,7.843750,7.906250,3.300132,11600
1995-06-23,7.937500,8.000000,7.937500,7.968750,3.326220,8000
1995-06-26,7.937500,8.000000,7.937500,8.000000,3.339265,6400
1995-06-27,7.968750,7.968750,7.937500,7.968750,3.326220,2800
1995-06-28,7.937500,7.937500,7.937500,7.937500,3.313175,1600
1995-06-29,7.906250,7.906250,7.875000,7.875000,3.287087,5200
1995-06-30,7.906250,7.968750,7.875000,7.875000,3.287087,9600
1995-07-03,7.875000,7.875000,7.812500,7.843750,3.274043,4800
1995-07-05,7.843750,7.875000,7.843750,7.843750,3.274043,3600
1995-07-06,7.875000,7.875000,7.812500,7.843750,3.274043,10800
1995-07-07,7.906250,7.937500,7.906250,7.937500,3.313175,6800
1995-07-10,7.937500,7.968750,7.906250,7.968750,3.326220,11600
1995-07-11,7.937500,7.937500,7.812500,7.812500,3.260998,21600
1995-07-12,7.781250,7.875000,7.781250,7.843750,3.274043,12400
1995-07-13,7.843750,7.875000,7.843750,7.843750,3.274043,11600
1995-07-14,7.906250,7.906250,7.875000,7.875000,3.287087,5600
1995-07-17,7.875000,7.968750,7.875000,7.968750,3.326220,4800
1995-07-18,7.906250,7.906250,7.812500,7.843750,3.274043,16800
1995-07-19,7.875000,7.875000,7.812500,7.812500,3.260998,6000
1995-07-20,7.843750,7.843750,7.750000,7.750000,3.234911,24400
1995-07-21,7.718750,7.718750,7.687500,7.687500,3.208823,6400
1995-07-24,7.687500,7.687500,7.562500,7.625000,3.182736,19600
1995-07-25,7.625000,7.625000,7.593750,7.625000,3.182736,30000
1995-07-26,7.625000,7.625000,7.562500,7.593750,3.169692,28800
1995-07-27,7.562500,7.593750,7.531250,7.531250,3.143605,20400
1995-07-28,7.468750,7.500000,7.406250,7.468750,3.171201,42000
1995-07-31,7.531250,7.593750,7.531250,7.562500,3.211008,64400
1995-08-01,7.562500,7.562500,7.437500,7.437500,3.157933,23600
1995-08-02,7.500000,7.500000,7.468750,7.468750,3.171201,25200
1995-08-03,7.500000,7.500000,7.468750,7.500000,3.184469,12000
1995-08-04,7.500000,7.500000,7.468750,7.500000,3.184469,24400
1995-08-07,7.625000,7.625000,7.562500,7.562500,3.211008,42800
1995-08-08,7.562500,7.593750,7.531250,7.562500,3.211008,26400
1995-08-09,7.562500,7.625000,7.531250,7.625000,3.237547,27600
1995-08-10,7.625000,7.656250,7.593750,7.625000,3.237547,12800
1995-08-11,7.625000,7.625000,7.531250,7.531250,3.197739,19200
1995-08-14,7.562500,7.625000,7.531250,7.531250,3.197739,11600
1995-08-15,7.531250,7.593750,7.500000,7.531250,3.197739,23600
1995-08-16,7.562500,7.625000,7.500000,7.500000,3.184469,30400
1995-08-17,7.500000,7.531250,7.437500,7.468750,3.171201,47600
1995-08-18,7.500000,7.500000,7.468750,7.500000,3.184469,11200
1995-08-21,7.531250,7.593750,7.437500,7.562500,3.211008,24400
1995-08-22,7.562500,7.593750,7.531250,7.562500,3.211008,13600
1995-08-23,7.500000,7.562500,7.500000,7.531250,3.197739,8400
1995-08-24,7.500000,7.593750,7.500000,7.593750,3.224277,10800
1995-08-25,7.562500,7.593750,7.531250,7.593750,3.224277,9600
1995-08-28,7.562500,7.562500,7.531250,7.562500,3.211008,6400
1995-08-29,7.625000,7.750000,7.625000,7.750000,3.290619,15200
1995-08-30,7.687500,7.718750,7.656250,7.687500,3.264083,11200
1995-08-31,7.718750,7.750000,7.687500,7.750000,3.290619,6400
1995-09-01,7.718750,7.781250,7.718750,7.750000,3.290619,11600
1995-09-05,7.687500,7.750000,7.656250,7.687500,3.264083,26000
1995-09-06,7.687500,7.812500,7.687500,7.812500,3.317158,16000
1995-09-07,7.781250,7.781250,7.687500,7.718750,3.277350,22400
1995-09-08,7.687500,7.750000,7.687500,7.750000,3.290619,8000
1995-09-11,7.718750,7.843750,7.718750,7.812500,3.317158,28800
1995-09-12,7.843750,7.875000,7.843750,7.843750,3.330426,9600
1995-09-13,7.812500,7.937500,7.812500,7.937500,3.370231,17200
1995-09-14,7.875000,7.968750,7.875000,7.937500,3.370231,16800
1995-09-15,7.937500,7.968750,7.875000,7.875000,3.343693,20000
1995-09-18,7.843750,7.875000,7.812500,7.812500,3.317158,26400
1995-09-19,7.812500,7.812500,7.781250,7.812500,3.317158,8400
1995-09-20,7.781250,7.812500,7.687500,7.750000,3.290619,83200
1995-09-21,7.687500,7.781250,7.687500,7.781250,3.303887,10400
1995-09-22,7.781250,7.812500,7.687500,7.781250,3.303887,34400
1995-09-25,7.812500,7.843750,7.750000,7.812500,3.317158,21600
1995-09-26,7.843750,7.968750,7.812500,7.968750,3.383499,28800
1995-09-27,7.968750,8.031250,7.968750,8.031250,3.410037,18000
1995-09-28,8.000000,8.156250,8.000000,8.156250,3.463111,30400
1995-09-29,8.156250,8.218750,8.156250,8.218750,3.489648,17600
1995-10-02,8.187500,8.218750,8.187500,8.218750,3.489648,36000
1995-10-03,8.187500,8.218750,8.187500,8.218750,3.489648,18800
1995-10-04,8.218750,8.250000,8.125000,8.125000,3.449843,70400
1995-10-05,8.125000,8.187500,8.093750,8.187500,3.476380,12000
1995-10-06,8.218750,8.312500,8.187500,8.312500,3.529454,25600
1995-10-09,8.375000,8.375000,8.250000,8.250000,3.502917,30800
1995-10-10,8.312500,8.312500,8.250000,8.281250,3.516186,16400
1995-10-11,8.281250,8.343750,8.250000,8.281250,3.516186,18400
1995-10-12,8.250000,8.281250,8.187500,8.250000,3.502917,40400
1995-10-13,8.281250,8.343750,8.281250,8.343750,3.542723,25200
1995-10-16,8.312500,8.375000,8.281250,8.281250,3.516186,25200
1995-10-17,8.281250,8.281250,8.218750,8.218750,3.489648,34800
1995-10-18,8.187500,8.250000,8.187500,8.187500,3.476380,85200
1995-10-19,8.187500,8.343750,8.187500,8.343750,3.542723,18800
1995-10-20,8.375000,8.500000,8.375000,8.437500,3.582529,29200
1995-10-23,8.531250,8.625000,8.531250,8.625000,3.662139,30800
1995-10-24,8.562500,8.625000,8.562500,8.625000,3.662139,30400
1995-10-25,8.593750,8.593750,8.531250,8.531250,3.622335,23200
1995-10-26,8.562500,8.593750,8.531250,8.562500,3.635604,6400
1995-10-27,8.531250,8.593750,8.500000,8.531250,3.622335,12400
1995-10-30,8.375000,8.406250,8.375000,8.406250,3.623411,7600
1995-10-31,8.437500,8.500000,8.312500,8.312500,3.583003,26400
1995-11-01,8.343750,8.343750,8.187500,8.250000,3.556062,22400
1995-11-02,8.250000,8.250000,8.187500,8.187500,3.529124,8400
1995-11-03,8.250000,8.312500,8.250000,8.312500,3.583003,16000
1995-11-06,8.250000,8.312500,8.187500,8.218750,3.542591,13600
1995-11-07,8.187500,8.218750,8.156250,8.218750,3.542591,12000
1995-11-08,8.218750,8.218750,8.218750,8.218750,3.542591,8800
1995-11-09,8.218750,8.218750,8.218750,8.218750,3.542591,4800
1995-11-10,8.250000,8.250000,8.250000,8.250000,3.556062,11600
1995-11-13,8.218750,8.281250,8.218750,8.281250,3.569531,6800
1995-11-14,8.281250,8.312500,8.250000,8.312500,3.583003,11200
1995-11-15,8.312500,8.468750,8.312500,8.468750,3.650352,20000
1995-11-16,8.468750,8.500000,8.406250,8.437500,3.636882,45200
1995-11-17,8.437500,8.437500,8.375000,8.375000,3.609941,6000
1995-11-20,8.375000,8.375000,8.312500,8.375000,3.609941,13200
1995-11-21,8.437500,8.437500,8.375000,8.406250,3.623411,18000
1995-11-22,8.406250,8.468750,8.406250,8.406250,3.623411,16400
1995-11-24,8.406250,8.468750,8.406250,8.468750,3.650352,11200
1995-11-27,8.468750,8.468750,8.375000,8.375000,3.609941,18800
1995-11-28,8.375000,8.406250,8.343750,8.343750,3.596473,16000
1995-11-29,8.312500,8.343750,8.250000,8.281250,3.569531,40400
1995-11-30,8.281250,8.312500,8.281250,8.312500,3.583003,20800
1995-12-01,8.312500,8.343750,8.281250,8.343750,3.596473,16800
1995-12-04,8.312500,8.437500,8.312500,8.375000,3.609941,21600
1995-12-05,8.406250,8.468750,8.406250,8.468750,3.650352,19200
1995-12-06,8.500000,8.531250,8.468750,8.500000,3.663821,13200
1995-12-07,8.531250,8.593750,8.437500,8.468750,3.650352,20800
1995-12-08,8.437500,8.468750,8.406250,8.468750,3.650352,20000
1995-12-11,8.437500,8.500000,8.406250,8.500000,3.663821,12400
1995-12-12,8.500000,8.500000,8.406250,8.406250,3.623411,11600
1995-12-13,8.468750,8.562500,8.437500,8.500000,3.663821,23200
1995-12-14,8.531250,8.625000,8.531250,8.593750,3.704232,62400
1995-12-15,8.625000,8.625000,8.531250,8.531250,3.677291,15600
1995-12-18,8.531250,8.656250,8.531250,8.593750,3.704232,12800
1995-12-19,8.656250,8.718750,8.625000,8.718750,3.758112,8000
1995-12-20,8.687500,8.750000,8.687500,8.718750,3.758112,8800
1995-12-21,8.750000,8.812500,8.718750,8.718750,3.758112,19600
1995-12-22,8.750000,8.812500,8.750000,8.812500,3.798523,10400
1995-12-26,8.781250,8.781250,8.656250,8.687500,3.744644,33600
1995-12-27,8.718750,8.750000,8.593750,8.625000,3.717700,31200
1995-12-28,8.656250,8.656250,8.531250,8.531250,3.677291,13600
1995-12-29,8.500000,8.500000,8.156250,8.187500,3.529124,53200
1996-01-02,8.156250,8.250000,8.125000,8.218750,3.542591,44400
1996-01-03,8.187500,8.312500,8.187500,8.312500,3.583003,25200
1996-01-04,8.312500,8.343750,8.281250,8.343750,3.596473,25200
1996-01-05,8.343750,8.406250,8.343750,8.406250,3.623411,12400
1996-01-08,8.375000,8.437500,8.375000,8.437500,3.636882,12400
1996-01-09,8.468750,8.500000,8.406250,8.468750,3.650352,19200
1996-01-10,8.437500,8.500000,8.437500,8.437500,3.636882,8000
1996-01-11,8.468750,8.468750,8.406250,8.437500,3.636882,11200
1996-01-12,8.437500,8.531250,8.406250,8.531250,3.677291,28000
1996-01-15,8.562500,8.625000,8.468750,8.531250,3.677291,20000
1996-01-16,8.531250,8.656250,8.531250,8.593750,3.704232,20000
1996-01-17,8.625000,8.781250,8.625000,8.781250,3.785054,12000
1996-01-18,8.781250,8.875000,8.750000,8.781250,3.785054,32000
1996-01-19,8.843750,8.875000,8.750000,8.781250,3.785054,18400
1996-01-22,8.812500,8.843750,8.781250,8.843750,3.811992,14400
1996-01-23,8.812500,8.843750,8.781250,8.812500,3.798523,18400
1996-01-24,8.843750,8.843750,8.687500,8.687500,3.744644,23600
1996-01-25,8.718750,8.750000,8.687500,8.718750,3.758112,6000
1996-01-26,8.750000,8.750000,8.718750,8.750000,3.771581,11600
1996-01-29,8.718750,8.875000,8.718750,8.875000,3.825462,10000
1996-01-30,8.843750,8.968750,8.843750,8.968750,3.865872,14000
1996-01-31,8.937500,9.093750,8.875000,9.031250,3.892810,36400
1996-02-01,8.812500,8.843750,8.750000,8.781250,3.840330,30400
1996-02-02,8.750000,8.781250,8.750000,8.781250,3.840330,11200
1996-02-05,8.781250,8.843750,8.781250,8.812500,3.854000,14800
1996-02-06,8.843750,8.875000,8.843750,8.875000,3.881332,14800
1996-02-07,8.875000,8.875000,8.812500,8.843750,3.867664,12000
1996-02-08,8.875000,8.875000,8.750000,8.750000,3.826663,23200
1996-02-09,8.750000,8.781250,8.750000,8.750000,3.826663,4400
1996-02-12,8.687500,8.750000,8.687500,8.750000,3.826663,8400
1996-02-13,8.781250,8.875000,8.781250,8.843750,3.867664,20000
1996-02-14,8.875000,8.968750,8.875000,8.968750,3.922334,12000
1996-02-15,9.000000,9.031250,9.000000,9.000000,3.935998,17200
1996-02-16,9.000000,9.125000,9.000000,9.125000,3.990664,36400
1996-02-20,9.187500,9.218750,9.156250,9.187500,4.017998,24800
1996-02-21,9.218750,9.312500,9.218750,9.281250,4.058998,17600
1996-02-22,9.281250,9.312500,9.250000,9.250000,4.045330,35600
1996-02-23,9.218750,9.218750,9.156250,9.187500,4.017998,14000
1996-02-26,9.218750,9.218750,9.187500,9.218750,4.031664,7200
1996-02-27,9.218750,9.218750,8.968750,8.968750,3.922334,22000
1996-02-28,9.000000,9.000000,8.906250,8.906250,3.894996,4000
1996-02-29,8.937500,8.937500,8.718750,8.718750,3.812997,22800
1996-03-01,8.718750,8.781250,8.718750,8.750000,3.826663,11600
1996-03-04,8.750000,8.781250,8.687500,8.750000,3.826663,19600
1996-03-05,8.718750,8.781250,8.656250,8.781250,3.840330,16800
1996-03-06,8.812500,8.812500,8.687500,8.687500,3.799331,8800
1996-03-07,8.718750,8.718750,8.687500,8.687500,3.799331,4400
1996-03-08,8.718750,8.718750,8.593750,8.625000,3.771998,25200
1996-03-11,8.593750,8.593750,8.500000,8.531250,3.730999,18400
1996-03-12,8.562500,8.593750,8.531250,8.593750,3.758332,8800
1996-03-13,8.593750,8.656250,8.593750,8.625000,3.771998,13200
1996-03-14,8.593750,8.617188,8.562500,8.562500,3.744663,46800
1996-03-15,8.531250,8.531250,8.500000,8.500000,3.717331,8400
1996-03-18,8.468750,8.468750,8.406250,8.437500,3.689998,16800
1996-03-19,8.437500,8.437500,8.375000,8.406250,3.676331,19200
1996-03-20,8.437500,8.468750,8.375000,8.375000,3.662664,13600
1996-03-21,8.343750,8.437500,8.343750,8.437500,3.689998,18800
1996-03-22,8.406250,8.468750,8.406250,8.468750,3.703664,6000
1996-03-25,8.531250,8.531250,8.468750,8.468750,3.703664,7200
1996-03-26,8.531250,8.562500,8.500000,8.562500,3.744663,10400
1996-03-27,8.593750,8.625000,8.531250,8.593750,3.758332,18800
1996-03-28,8.625000,8.656250,8.593750,8.656250,3.785664,6400
1996-03-29,8.656250,8.750000,8.656250,8.750000,3.826663,26400
1996-04-01,8.781250,8.875000,8.718750,8.718750,3.812997,25200
1996-04-02,8.687500,8.718750,8.687500,8.687500,3.799331,3200
1996-04-03,8.687500,8.750000,8.687500,8.750000,3.826663,10400
1996-04-04,8.718750,8.750000,8.656250,8.718750,3.812997,15200
1996-04-08,8.656250,8.687500,8.593750,8.593750,3.758332,17600
1996-04-09,8.625000,8.750000,8.625000,8.750000,3.826663,8400
1996-04-10,8.750000,8.750000,8.625000,8.625000,3.771998,8000
1996-04-11,8.625000,8.750000,8.625000,8.750000,3.826663,13200
1996-04-12,8.750000,8.750000,8.656250,8.656250,3.785664,7200
1996-04-15,8.656250,8.656250,8.625000,8.625000,3.771998,2000
1996-04-16,8.593750,8.656250,8.593750,8.593750,3.758332,10000
1996-04-17,8.562500,8.593750,8.531250,8.531250,3.730999,7200
1996-04-18,8.500000,8.500000,8.468750,8.500000,3.717331,3600
1996-04-19,8.562500,8.562500,8.531250,8.562500,3.744663,3200
1996-04-22,8.593750,8.656250,8.531250,8.656250,3.785664,12800
1996-04-23,8.625000,8.687500,8.625000,8.687500,3.799331,5600
1996-04-24,8.687500,8.687500,8.656250,8.687500,3.799331,6400
1996-04-25,8.718750,8.718750,8.656250,8.656250,3.785664,4000
1996-04-26,8.687500,8.812500,8.687500,8.781250,3.840330,18400
1996-04-29,8.656250,8.656250,8.562500,8.656250,3.842549,10800
1996-04-30,8.656250,8.718750,8.625000,8.718750,3.870294,11200
1996-05-01,8.687500,8.750000,8.687500,8.718750,3.870294,3200
1996-05-02,8.687500,8.750000,8.687500,8.750000,3.884165,3200
1996-05-03,8.718750,8.750000,8.687500,8.718750,3.870294,7200
1996-05-06,8.781250,8.781250,8.750000,8.750000,3.884165,7200
1996-05-07,8.781250,8.781250,8.718750,8.750000,3.884165,4800
1996-05-08,8.718750,8.718750,8.656250,8.687500,3.856423,5600
1996-05-09,8.687500,8.718750,8.656250,8.718750,3.870294,8000
1996-05-10,8.718750,8.750000,8.687500,8.718750,3.870294,4400
1996-05-13,8.718750,8.718750,8.656250,8.687500,3.856423,5200
1996-05-14,8.687500,8.718750,8.656250,8.718750,3.870294,12000
1996-05-15,8.656250,8.687500,8.625000,8.625000,3.828680,13600
1996-05-16,8.656250,8.687500,8.656250,8.656250,3.842549,12400
1996-05-17,8.625000,8.625000,8.500000,8.562500,3.800935,20400
1996-05-20,8.593750,8.687500,8.562500,8.687500,3.856423,16000
1996-05-21,8.718750,8.750000,8.718750,8.750000,3.884165,8000
1996-05-22,8.812500,8.843750,8.812500,8.843750,3.925784,4000
1996-05-23,8.843750,8.843750,8.812500,8.843750,3.925784,9200
1996-05-24,8.843750,8.906250,8.812500,8.843750,3.925784,48400
1996-05-28,8.812500,8.828125,8.562500,8.562500,3.800935,44400
1996-05-29,8.562500,8.625000,8.562500,8.593750,3.814806,11600
1996-05-30,8.562500,8.593750,8.562500,8.562500,3.800935,26400
1996-05-31,8.562500,8.625000,8.562500,8.625000,3.828680,4800
1996-06-03,8.656250,8.656250,8.562500,8.562500,3.800935,18800
1996-06-04,8.625000,8.625000,8.593750,8.593750,3.814806,4800
1996-06-05,8.562500,8.562500,8.531250,8.531250,3.787062,6400
1996-06-06,8.531250,8.625000,8.531250,8.593750,3.814806,35600
1996-06-07,8.625000,8.687500,8.625000,8.687500,3.856423,4400
1996-06-10,8.656250,8.656250,8.531250,8.531250,3.787062,14800
1996-06-11,8.562500,8.562500,8.375000,8.437500,3.745447,33200
1996-06-12,8.437500,8.468750,8.437500,8.468750,3.759317,4400
1996-06-13,8.437500,8.468750,8.437500,8.437500,3.745447,8000
1996-06-14,8.500000,8.531250,8.468750,8.500000,3.773191,8400
1996-06-17,8.500000,8.562500,8.500000,8.562500,3.800935,10400
1996-06-18,8.562500,8.562500,8.531250,8.531250,3.787062,2400
1996-06-19,8.562500,8.593750,8.562500,8.593750,3.814806,5200
1996-06-20,8.562500,8.656250,8.562500,8.625000,3.828680,32400
1996-06-21,8.687500,8.750000,8.656250,8.687500,3.856423,14000
1996-06-24,8.718750,8.750000,8.718750,8.750000,3.884165,14800
1996-06-25,8.718750,8.750000,8.656250,8.687500,3.856423,13600
1996-06-26,8.687500,8.687500,8.656250,8.687500,3.856423,8800
1996-06-27,8.656250,8.687500,8.656250,8.687500,3.856423,14000
1996-06-28,8.687500,8.750000,8.687500,8.750000,3.884165,26800
1996-07-01,8.718750,8.750000,8.718750,8.750000,3.884165,3600
1996-07-02,8.750000,8.750000,8.718750,8.750000,3.884165,4400
1996-07-03,8.718750,8.750000,8.687500,8.687500,3.856423,7200
1996-07-05,8.718750,8.750000,8.718750,8.750000,3.884165,7600
1996-07-08,8.781250,8.781250,8.718750,8.750000,3.884165,9600
1996-07-09,8.781250,8.781250,8.750000,8.781250,3.898038,2000
1996-07-10,8.750000,8.750000,8.687500,8.687500,3.856423,6400
1996-07-11,8.718750,8.750000,8.687500,8.687500,3.856423,9600
1996-07-12,8.718750,8.718750,8.656250,8.656250,3.842549,10400
1996-07-15,8.656250,8.656250,8.625000,8.625000,3.828680,2400
1996-07-16,8.625000,8.625000,8.500000,8.500000,3.773191,14000
1996-07-17,8.437500,8.437500,8.375000,8.375000,3.717701,8000
1996-07-18,8.406250,8.406250,8.281250,8.281250,3.676085,28400
1996-07-19,8.312500,8.312500,8.281250,8.312500,3.689960,10400
1996-07-22,8.250000,8.312500,8.250000,8.250000,3.662215,23600
1996-07-23,8.281250,8.281250,8.250000,8.250000,3.662215,12400
1996-07-24,8.218750,8.218750,8.156250,8.218750,3.648342,29200
1996-07-25,8.218750,8.218750,8.125000,8.125000,3.606725,12400
1996-07-26,8.156250,8.218750,8.156250,8.218750,3.648342,14800
1996-07-29,8.250000,8.250000,8.218750,8.218750,3.648342,22000
1996-07-30,8.125000,8.187500,8.125000,8.156250,3.678789,100800
1996-07-31,8.187500,8.218750,8.125000,8.187500,3.692881,16400
1996-08-01,8.218750,8.250000,8.218750,8.250000,3.721072,8800
1996-08-02,8.281250,8.375000,8.281250,8.375000,3.777452,10400
1996-08-05,8.437500,8.437500,8.375000,8.375000,3.777452,5200
1996-08-06,8.406250,8.406250,8.375000,8.375000,3.777452,7600
1996-08-07,8.437500,8.593750,8.437500,8.593750,3.876118,32800
1996-08-08,8.625000,8.750000,8.625000,8.750000,3.946591,18400
1996-08-09,8.781250,8.906250,8.781250,8.906250,4.017066,27200
1996-08-12,8.906250,8.906250,8.875000,8.906250,4.017066,18400
1996-08-13,8.906250,9.000000,8.906250,9.000000,4.059351,9600
1996-08-14,9.031250,9.093750,9.000000,9.031250,4.073447,15600
1996-08-15,9.031250,9.031250,9.000000,9.000000,4.059351,10000
1996-08-16,9.062500,9.093750,9.062500,9.093750,4.101637,9600
1996-08-19,9.187500,9.250000,9.156250,9.218750,4.158014,24000
1996-08-20,9.250000,9.281250,9.218750,9.250000,4.172111,43200
1996-08-21,9.250000,9.281250,9.218750,9.250000,4.172111,20000
1996-08-22,9.250000,9.250000,9.187500,9.250000,4.172111,10400
1996-08-23,9.250000,9.312500,9.250000,9.312500,4.200302,13200
1996-08-26,9.281250,9.375000,9.281250,9.281250,4.186207,33200
1996-08-27,9.312500,9.312500,9.250000,9.281250,4.186207,12800
1996-08-28,9.312500,9.312500,9.062500,9.093750,4.101637,44000
1996-08-29,9.093750,9.093750,9.062500,9.062500,4.087541,9200
1996-08-30,9.093750,9.093750,8.937500,8.937500,4.031161,31200
1996-09-03,8.968750,9.000000,8.906250,8.968750,4.045259,21600
1996-09-04,8.937500,8.968750,8.906250,8.968750,4.045259,9600
1996-09-05,8.968750,8.968750,8.906250,8.937500,4.031161,4400
1996-09-06,8.937500,9.031250,8.937500,9.000000,4.059351,26800
1996-09-09,9.062500,9.125000,9.062500,9.125000,4.115732,14400
1996-09-10,9.093750,9.156250,9.093750,9.125000,4.115732,12400
1996-09-11,9.156250,9.187500,9.125000,9.125000,4.115732,12800
1996-09-12,9.156250,9.218750,9.125000,9.218750,4.158014,18000
1996-09-13,9.250000,9.281250,9.250000,9.250000,4.172111,8800
1996-09-16,9.312500,9.343750,9.250000,9.281250,4.186207,20800
1996-09-17,9.312500,9.312500,9.250000,9.250000,4.172111,16000
1996-09-18,9.187500,9.281250,9.187500,9.281250,4.186207,19200
1996-09-19,9.250000,9.250000,9.218750,9.218750,4.158014,6800
1996-09-20,9.218750,9.250000,9.187500,9.218750,4.158014,18400
1996-09-23,9.187500,9.218750,9.187500,9.218750,4.158014,16400
1996-09-24,9.218750,9.437500,9.218750,9.437500,4.256682,29200
1996-09-25,9.437500,9.468750,9.437500,9.468750,4.270777,8800
1996-09-26,9.437500,9.531250,9.437500,9.531250,4.298966,23200
1996-09-27,9.500000,9.531250,9.500000,9.500000,4.284870,3600
1996-09-30,9.500000,9.562500,9.500000,9.531250,4.298966,20400
1996-10-01,9.531250,9.531250,9.500000,9.531250,4.298966,13200
1996-10-02,9.562500,9.593750,9.531250,9.593750,4.327156,8000
1996-10-03,9.562500,9.625000,9.562500,9.625000,4.341251,7200
1996-10-04,9.625000,9.625000,9.593750,9.593750,4.327156,30800
1996-10-07,9.593750,9.656250,9.500000,9.531250,4.298966,32800
1996-10-08,9.531250,9.531250,9.500000,9.500000,4.284870,10000
1996-10-09,9.468750,9.500000,9.468750,9.500000,4.284870,19600
1996-10-10,9.437500,9.468750,9.437500,9.437500,4.256682,6000
1996-10-11,9.437500,9.468750,9.375000,9.406250,4.242585,8400
1996-10-14,9.406250,9.406250,9.343750,9.343750,4.214397,2800
1996-10-15,9.343750,9.343750,9.312500,9.343750,4.214397,9600
1996-10-16,9.312500,9.468750,9.281250,9.375000,4.228490,26000
1996-10-17,9.343750,9.437500,9.281250,9.437500,4.256682,30000
1996-10-18,9.406250,9.406250,9.250000,9.281250,4.186207,33200
1996-10-21,9.250000,9.375000,9.250000,9.343750,4.214397,10800
1996-10-22,9.375000,9.375000,9.312500,9.312500,4.200302,6400
1996-10-23,9.281250,9.281250,9.281250,9.281250,4.186207,4400
1996-10-24,9.281250,9.312500,9.281250,9.312500,4.200302,11600
1996-10-25,9.281250,9.343750,9.281250,9.343750,4.214397,7200
1996-10-28,9.406250,9.406250,9.375000,9.375000,4.228490,8400
1996-10-29,9.375000,9.468750,9.375000,9.468750,4.270777,6800
1996-10-30,9.312500,9.375000,9.312500,9.375000,4.287352,14000
1996-10-31,9.343750,9.343750,9.312500,9.343750,4.273062,8800
1996-11-01,9.312500,9.406250,9.312500,9.312500,4.258772,16000
1996-11-04,9.375000,9.406250,9.343750,9.375000,4.287352,12000
1996-11-05,9.375000,9.375000,9.093750,9.093750,4.158733,33200
1996-11-06,9.031250,9.031250,8.968750,9.031250,4.130150,20800
1996-11-07,9.000000,9.062500,8.968750,9.062500,4.144443,14400
1996-11-08,9.062500,9.125000,9.000000,9.000000,4.115859,22800
1996-11-11,9.062500,9.062500,9.031250,9.062500,4.144443,9200
1996-11-12,9.031250,9.093750,9.031250,9.093750,4.158733,8000
1996-11-13,9.093750,9.156250,9.062500,9.093750,4.158733,19200
1996-11-14,9.125000,9.156250,9.125000,9.156250,4.187315,38400
1996-11-15,9.187500,9.343750,9.156250,9.343750,4.273062,17600
1996-11-18,9.406250,9.562500,9.406250,9.531250,4.358810,22000
1996-11-19,9.531250,9.687500,9.531250,9.593750,4.387392,98800
1996-11-20,9.531250,9.625000,9.531250,9.625000,4.401684,45200
1996-11-21,9.593750,9.687500,9.593750,9.687500,4.430266,41200
1996-11-22,9.687500,9.718750,9.625000,9.656250,4.415975,5600
1996-11-25,9.656250,9.812500,9.656250,9.781250,4.473139,14000
1996-11-26,9.812500,9.875000,9.718750,9.718750,4.444557,22800
1996-11-27,9.750000,9.812500,9.687500,9.718750,4.444557,12800
1996-11-29,9.750000,9.812500,9.750000,9.781250,4.473139,4000
1996-12-02,9.781250,9.812500,9.781250,9.781250,4.473139,8800
1996-12-03,9.843750,10.000000,9.843750,10.000000,4.573177,23200
1996-12-04,10.000000,10.093750,10.000000,10.093750,4.616050,16800
1996-12-05,10.125000,10.125000,9.968750,10.000000,4.573177,22400
1996-12-06,10.000000,10.000000,9.875000,9.906250,4.530304,10800
1996-12-09,9.875000,9.937500,9.843750,9.843750,4.501721,14800
1996-12-10,9.781250,9.781250,9.750000,9.750000,4.458848,12800
1996-12-11,9.750000,9.812500,9.750000,9.781250,4.473139,27600
1996-12-12,9.750000,9.812500,9.750000,9.750000,4.458848,10400
1996-12-13,9.750000,9.781250,9.718750,9.718750,4.444557,2800
1996-12-16,9.718750,9.875000,9.718750,9.781250,4.473139,19600
1996-12-17,9.718750,9.937500,9.718750,9.843750,4.501721,24000
1996-12-18,9.781250,9.937500,9.781250,9.937500,4.544596,14800
1996-12-19,9.875000,10.031250,9.875000,10.031250,4.587468,20000
1996-12-20,10.093750,10.937500,10.093750,10.937500,5.001913,75200
1996-12-23,10.750000,10.781250,10.625000,10.687500,4.887582,37600
1996-12-24,10.656250,10.656250,10.531250,10.531250,4.816127,8800
1996-12-26,10.531250,10.656250,10.531250,10.656250,4.873293,6400
1996-12-27,10.593750,10.718750,10.593750,10.718750,4.901876,5600
1996-12-30,10.687500,10.687500,10.562500,10.625000,4.859001,15200
1996-12-31,10.562500,10.593750,10.500000,10.500000,4.801836,15200
1997-01-02,10.437500,10.500000,10.312500,10.375000,4.744670,21600
1997-01-03,10.375000,10.468750,10.375000,10.375000,4.744670,14000
1997-01-06,10.312500,10.343750,10.187500,10.187500,4.658926,8800
1997-01-07,10.218750,10.343750,10.218750,10.218750,4.673216,5600
1997-01-08,10.156250,10.156250,10.000000,10.000000,4.573177,25600
1997-01-09,9.968750,10.156250,9.937500,10.156250,4.644634,24400
1997-01-10,10.125000,10.312500,10.125000,10.312500,4.716089,18000
1997-01-13,10.312500,10.375000,10.312500,10.375000,4.744670,5600
1997-01-14,10.312500,10.343750,10.250000,10.250000,4.687505,5200
1997-01-15,10.312500,10.312500,10.218750,10.218750,4.673216,7200
1997-01-16,10.218750,10.218750,10.093750,10.093750,4.616050,8000
1997-01-17,10.031250,10.093750,10.031250,10.093750,4.616050,8400
1997-01-20,10.031250,10.312500,9.750000,10.312500,4.716089,62400
1997-01-21,10.250000,10.406250,10.250000,10.343750,4.730381,22400
1997-01-22,10.312500,10.812500,10.312500,10.812500,4.944749,36400
1997-01-23,10.875000,10.875000,10.750000,10.750000,4.916167,46400
1997-01-24,10.687500,10.687500,10.531250,10.562500,4.830421,21600
1997-01-27,10.500000,10.500000,10.406250,10.406250,4.758962,16000
1997-01-28,10.437500,10.562500,10.437500,10.562500,4.830421,21600
1997-01-29,10.625000,10.656250,10.531250,10.531250,4.816127,24400
1997-01-30,10.437500,10.500000,10.437500,10.468750,4.848313,8000
1997-01-31,10.531250,10.562500,10.468750,10.562500,4.891734,8800
1997-02-03,10.625000,10.687500,10.531250,10.562500,4.891734,29200
1997-02-04,10.593750,10.625000,10.562500,10.625000,4.920679,14800
1997-02-05,10.625000,10.656250,10.562500,10.562500,4.891734,10400
1997-02-06,10.562500,10.718750,10.562500,10.656250,4.935151,15600
1997-02-07,10.656250,10.687500,10.656250,10.656250,4.935151,5600
1997-02-10,10.500000,10.531250,10.500000,10.500000,4.862787,18000
1997-02-11,10.468750,10.562500,10.406250,10.406250,4.819369,18000
1997-02-12,10.468750,10.500000,10.437500,10.500000,4.862787,5200
1997-02-13,10.500000,10.562500,10.468750,10.468750,4.848313,10000
1997-02-14,10.531250,10.656250,10.531250,10.531250,4.877260,17200
1997-02-18,10.468750,10.656250,10.437500,10.625000,4.920679,22400
1997-02-19,10.687500,10.750000,10.687500,10.687500,4.949622,11600
1997-02-20,10.750000,10.750000,10.656250,10.656250,4.935151,20000
1997-02-21,10.656250,10.718750,10.625000,10.687500,4.949622,26800
1997-02-24,10.750000,10.750000,10.593750,10.593750,4.906207,30400
1997-02-25,10.531250,10.531250,10.437500,10.437500,4.833843,6400
1997-02-26,10.468750,10.468750,10.406250,10.406250,4.819369,5600
1997-02-27,10.406250,10.500000,10.375000,10.500000,4.862787,37600
1997-02-28,10.500000,10.531250,10.500000,10.500000,4.862787,10000
1997-03-03,10.593750,10.687500,10.593750,10.687500,4.949622,15600
1997-03-04,10.718750,10.750000,10.687500,10.718750,4.964094,11200
1997-03-05,10.687500,10.687500,10.562500,10.562500,4.891734,13200
1997-03-06,10.500000,10.500000,10.437500,10.437500,4.833843,9200
1997-03-07,10.468750,10.656250,10.406250,10.593750,4.906207,43600
1997-03-10,10.656250,10.906250,10.656250,10.906250,5.050931,22000
1997-03-11,11.000000,11.156250,10.968750,11.156250,5.166712,16000
1997-03-12,11.125000,11.250000,11.125000,11.250000,5.210127,20400
1997-03-13,11.281250,11.312500,11.156250,11.312500,5.239072,14800
1997-03-14,11.250000,11.250000,11.000000,11.000000,5.094348,24400
1997-03-17,11.000000,11.000000,10.656250,10.718750,4.964094,22000
1997-03-18,10.687500,10.687500,10.437500,10.437500,4.833843,18000
1997-03-19,10.406250,10.500000,10.406250,10.406250,4.819369,11600
1997-03-20,10.375000,10.500000,10.312500,10.468750,4.848313,26800
1997-03-21,10.500000,10.500000,10.437500,10.500000,4.862787,17200
1997-03-24,10.531250,10.531250,10.406250,10.468750,4.848313,12800
1997-03-25,10.468750,10.468750,10.343750,10.343750,4.790424,16000
1997-03-26,10.375000,10.375000,10.218750,10.218750,4.732533,7600
1997-03-27,10.218750,10.250000,10.093750,10.093750,4.674642,22000
1997-03-31,10.156250,10.187500,9.750000,9.750000,4.515446,39600
1997-04-01,9.843750,9.843750,9.718750,9.718750,4.500975,43600
1997-04-02,9.750000,9.750000,9.343750,9.562500,4.428609,32800
1997-04-03,9.593750,9.593750,9.593750,9.593750,4.443083,5600
1997-04-04,9.625000,9.625000,9.562500,9.593750,4.443083,1600
1997-04-07,9.625000,9.718750,9.625000,9.656250,4.472027,35200
1997-04-08,9.656250,9.812500,9.656250,9.781250,4.529918,28800
1997-04-09,9.812500,9.875000,9.593750,9.656250,4.472027,77600
1997-04-10,9.718750,9.718750,9.656250,9.656250,4.472027,8800
1997-04-11,9.687500,9.718750,9.656250,9.656250,4.472027,18400
1997-04-14,9.625000,9.625000,9.531250,9.625000,4.457554,6400
1997-04-15,9.656250,9.656250,9.562500,9.562500,4.428609,15600
1997-04-16,9.531250,9.531250,9.312500,9.406250,4.356246,31600
1997-04-17,9.437500,9.531250,9.437500,9.500000,4.399665,10800
1997-04-18,9.500000,9.687500,9.500000,9.687500,4.486501,17600
1997-04-21,9.750000,9.750000,9.718750,9.750000,4.515446,26400
1997-04-22,9.781250,10.093750,9.781250,10.093750,4.674642,22000
1997-04-23,10.062500,10.312500,10.062500,10.250000,4.747005,16000
1997-04-24,10.312500,10.437500,10.312500,10.437500,4.833843,18400
1997-04-25,10.406250,10.687500,10.406250,10.656250,4.935151,14800
1997-04-28,10.906250,11.031250,10.750000,11.000000,5.094348,42400
1997-04-29,10.781250,10.781250,10.687500,10.718750,5.024388,12800
1997-04-30,10.656250,10.875000,10.656250,10.812500,5.068335,26000
1997-05-01,10.875000,10.937500,10.781250,10.875000,5.097631,36000
1997-05-02,10.843750,11.125000,10.843750,11.125000,5.214818,48800
1997-05-05,11.187500,11.531250,11.187500,11.468750,5.375949,17600
1997-05-06,11.437500,11.437500,11.125000,11.125000,5.214818,28000
1997-05-07,11.000000,11.000000,10.750000,10.781250,5.053685,33200
1997-05-08,10.750000,10.843750,10.750000,10.781250,5.053685,23600
1997-05-09,10.843750,10.906250,10.843750,10.906250,5.112277,14800
1997-05-12,10.906250,10.937500,10.875000,10.906250,5.112277,13200
1997-05-13,10.906250,11.031250,10.875000,11.000000,5.156223,14400
1997-05-14,11.031250,11.125000,11.031250,11.093750,5.200169,21600
1997-05-15,11.062500,11.125000,11.031250,11.093750,5.200169,34800
1997-05-16,11.125000,11.187500,11.093750,11.125000,5.214818,16000
1997-05-19,11.156250,11.312500,11.156250,11.218750,5.258763,11600
1997-05-20,11.156250,11.218750,11.156250,11.187500,5.244114,6800
1997-05-21,11.218750,11.281250,11.218750,11.281250,5.288059,6400
1997-05-22,11.218750,11.250000,11.125000,11.125000,5.214818,9200
1997-05-23,11.187500,11.281250,11.187500,11.218750,5.258763,14000
1997-05-27,11.218750,11.250000,11.218750,11.218750,5.258763,7200
1997-05-28,11.218750,11.468750,11.218750,11.343750,5.317357,27600
1997-05-29,11.281250,11.312500,11.250000,11.312500,5.302705,5600
1997-05-30,11.312500,11.406250,11.312500,11.406250,5.346654,18800
1997-06-02,11.437500,11.531250,11.437500,11.500000,5.390598,23600
1997-06-03,11.468750,11.531250,11.437500,11.531250,5.405244,6400
1997-06-04,11.500000,11.531250,11.468750,11.468750,5.375949,10400
1997-06-05,11.468750,11.656250,11.468750,11.656250,5.463840,9200
1997-06-06,11.687500,11.812500,11.687500,11.781250,5.522433,8800
1997-06-09,11.781250,11.937500,11.781250,11.812500,5.537081,21200
1997-06-10,11.750000,11.875000,11.750000,11.750000,5.507785,20400
1997-06-11,11.812500,11.843750,11.656250,11.656250,5.463840,19200
1997-06-12,11.687500,11.781250,11.687500,11.718750,5.493136,23600
1997-06-13,11.718750,11.750000,11.718750,11.750000,5.507785,12000
1997-06-16,11.750000,11.781250,11.750000,11.750000,5.507785,230400
1997-06-17,11.687500,11.718750,11.687500,11.687500,5.478487,10400
1997-06-18,11.687500,11.750000,11.656250,11.687500,5.478487,10000
1997-06-19,11.687500,11.781250,11.687500,11.781250,5.522433,22000
1997-06-20,11.562500,11.593750,11.562500,11.562500,5.419896,48000
1997-06-23,11.562500,11.625000,11.562500,11.562500,5.419896,6000
1997-06-24,11.625000,11.625000,11.375000,11.375000,5.332004,6800
1997-06-25,11.343750,11.343750,11.281250,11.343750,5.317357,8800
1997-06-26,11.343750,11.343750,11.343750,11.343750,5.317357,0
1997-06-27,11.375000,11.375000,11.156250,11.156250,5.229465,11600
1997-06-30,11.125000,11.125000,11.000000,11.062500,5.185518,18000
1997-07-01,11.062500,11.062500,10.875000,10.906250,5.112277,17600
1997-07-02,10.906250,10.937500,10.906250,10.937500,5.126927,3200
1997-07-03,10.953125,11.031250,10.953125,11.015625,5.163549,6000
1997-07-07,11.031250,11.062500,10.968750,11.046875,5.178197,8400
1997-07-08,11.015625,11.015625,11.000000,11.000000,5.156223,2800
1997-07-09,10.937500,10.937500,10.828125,10.828125,5.075657,5200
1997-07-10,10.843750,10.843750,10.750000,10.781250,5.053685,33600
1997-07-11,10.812500,10.812500,10.625000,10.718750,5.024388,24000
1997-07-14,10.781250,10.906250,10.781250,10.843750,5.082984,25600
1997-07-15,10.750000,10.953125,10.718750,10.953125,5.134250,14800
1997-07-16,11.000000,11.000000,10.984375,11.000000,5.156223,19200
1997-07-17,11.250000,11.312500,11.000000,11.062500,5.185518,31600
1997-07-18,11.125000,11.140625,10.843750,10.968750,5.141575,20800
1997-07-21,10.968750,11.000000,10.750000,10.921875,5.119604,16000
1997-07-22,10.921875,10.968750,10.656250,10.656250,4.995092,13200
1997-07-23,10.687500,10.906250,10.578125,10.890625,5.104954,18400
1997-07-24,10.843750,10.843750,10.656250,10.703125,5.017066,40400
1997-07-25,10.671875,10.750000,10.593750,10.609375,4.973118,40000
1997-07-28,10.625000,10.656250,10.515625,10.625000,4.980444,16400
1997-07-29,10.625000,10.734375,10.625000,10.734375,5.031712,4800
1997-07-30,10.609375,10.656250,10.562500,10.609375,5.035031,34000
1997-07-31,10.578125,10.750000,10.578125,10.750000,5.101774,14000
1997-08-01,10.875000,11.031250,10.875000,11.031250,5.235249,18000
1997-08-04,11.031250,11.187500,11.031250,11.187500,5.309403,12800
1997-08-05,11.140625,11.281250,11.078125,11.281250,5.353896,5600
1997-08-06,11.281250,11.593750,11.281250,11.593750,5.502203,13600
1997-08-07,11.562500,11.625000,11.468750,11.500000,5.457712,11200
1997-08-08,11.484375,11.578125,11.484375,11.578125,5.494786,16800
1997-08-11,11.546875,11.546875,11.421875,11.453125,5.435463,5200
1997-08-12,11.406250,11.468750,11.406250,11.437500,5.428050,8000
1997-08-13,11.421875,11.515625,11.421875,11.515625,5.465127,4000
1997-08-14,11.546875,11.687500,11.531250,11.687500,5.546694,20400
1997-08-15,11.625000,11.875000,11.625000,11.812500,5.606018,34800
1997-08-18,11.843750,12.031250,11.843750,11.968750,5.680171,52400
1997-08-19,12.031250,12.187500,12.000000,12.156250,5.769155,14800
1997-08-20,12.218750,12.265625,12.187500,12.187500,5.783986,37600
1997-08-21,12.093750,12.093750,12.015625,12.015625,5.702418,15200
1997-08-22,11.953125,11.953125,11.750000,11.875000,5.635680,38800
1997-08-25,11.812500,12.000000,11.812500,12.000000,5.695002,4000
1997-08-26,11.937500,12.062500,11.921875,12.062500,5.724664,81600
1997-08-27,12.000000,12.062500,11.984375,12.062500,5.724664,31600
1997-08-28,12.062500,12.062500,11.843750,11.843750,5.620848,32800
1997-08-29,11.906250,11.906250,11.593750,11.593750,5.502203,13600
1997-09-02,11.531250,11.562500,11.531250,11.562500,5.487373,4800
1997-09-03,11.546875,11.562500,11.500000,11.546875,5.479957,6000
1997-09-04,11.515625,11.531250,11.296875,11.343750,5.383558,42000
1997-09-05,11.312500,11.468750,11.281250,11.421875,5.420632,34800
1997-09-08,11.421875,11.500000,11.375000,11.468750,5.442878,16400
1997-09-09,11.500000,11.578125,11.500000,11.578125,5.494786,8400
1997-09-10,11.609375,11.750000,11.609375,11.718750,5.561527,13600
1997-09-11,11.671875,11.703125,11.625000,11.703125,5.554111,14800
1997-09-12,11.781250,11.968750,11.781250,11.937500,5.665344,14800
1997-09-15,11.937500,12.000000,11.937500,12.000000,5.695002,10400
1997-09-16,12.000000,12.484375,12.000000,12.468750,5.917464,106800
1997-09-17,12.500000,12.562500,12.484375,12.515625,5.939709,13600
1997-09-18,12.484375,12.578125,12.375000,12.375000,5.872972,26000
1997-09-19,12.281250,12.296875,12.250000,12.265625,5.821065,25600
1997-09-22,12.375000,12.546875,12.359375,12.375000,5.872972,31600
1997-09-23,12.390625,12.500000,12.375000,12.468750,5.917464,35200
1997-09-24,12.468750,12.468750,12.406250,12.421875,5.895216,5200
1997-09-25,12.453125,12.609375,12.359375,12.609375,5.984201,26000
1997-09-26,12.500000,12.562500,12.437500,12.562500,5.961956,20400
1997-09-29,12.500000,12.562500,12.500000,12.531250,5.947126,10800
1997-09-30,12.500000,12.500000,12.359375,12.359375,5.865556,9200
1997-10-01,12.359375,12.406250,12.343750,12.375000,5.872972,9600
1997-10-02,12.343750,12.343750,12.265625,12.265625,5.821065,5200
1997-10-03,12.375000,12.687500,12.375000,12.609375,5.984201,21200
1997-10-06,12.625000,12.750000,12.609375,12.687500,6.021276,23200
1997-10-07,12.656250,12.656250,12.500000,12.500000,5.932294,16400
1997-10-08,12.375000,12.375000,12.265625,12.359375,5.865556,24800
1997-10-09,12.390625,12.390625,12.250000,12.281250,5.828479,15200
1997-10-10,12.328125,12.375000,12.328125,12.375000,5.872972,6000
1997-10-13,12.375000,12.421875,12.375000,12.421875,5.895216,1600
1997-10-14,12.406250,12.437500,12.312500,12.312500,5.843309,15600
1997-10-15,12.156250,12.312500,12.156250,12.312500,5.843309,26800
1997-10-16,12.265625,12.265625,12.109375,12.109375,5.746910,6800
1997-10-17,12.046875,12.062500,11.734375,11.796875,5.598602,26800
1997-10-20,11.781250,11.937500,11.781250,11.921875,5.657925,16800
1997-10-21,11.953125,12.062500,11.953125,12.062500,5.724664,2800
1997-10-22,12.125000,12.187500,12.109375,12.125000,5.754326,15200
1997-10-23,12.156250,12.250000,12.140625,12.218750,5.798817,16000
1997-10-24,12.218750,12.500000,12.218750,12.500000,5.932294,11600
1997-10-27,12.546875,12.703125,12.500000,12.703125,6.028695,36800
1997-10-28,12.640625,12.640625,12.421875,12.593750,5.976785,38400
1997-10-29,12.421875,12.625000,12.421875,12.625000,6.055081,21600
1997-10-30,12.578125,12.656250,12.515625,12.515625,6.002624,9600
1997-10-31,12.500000,12.515625,12.250000,12.390625,5.942673,21600
1997-11-03,12.343750,12.343750,12.265625,12.265625,5.882724,3200
1997-11-04,12.296875,12.296875,12.187500,12.187500,5.845253,5200
1997-11-05,12.187500,12.203125,12.125000,12.125000,5.815279,6400
1997-11-06,12.156250,12.156250,12.078125,12.078125,5.792796,3200
1997-11-07,12.015625,12.015625,11.937500,12.000000,5.755326,12800
1997-11-10,12.000000,12.062500,11.828125,11.875000,5.695376,20800
1997-11-11,11.890625,11.937500,11.875000,11.875000,5.695376,4800
1997-11-12,11.875000,11.890625,11.765625,11.796875,5.657905,17600
1997-11-13,11.765625,11.781250,11.718750,11.765625,5.642917,23200
1997-11-14,11.796875,11.890625,11.734375,11.890625,5.702866,16000
1997-11-17,11.906250,12.140625,11.906250,12.140625,5.822771,10400
1997-11-18,12.312500,12.562500,12.312500,12.546875,6.017614,33200
1997-11-19,12.609375,12.828125,12.578125,12.781250,6.130021,26400
1997-11-20,12.937500,13.125000,12.937500,13.125000,6.294890,15600
1997-11-21,13.187500,13.187500,12.812500,12.859375,6.167487,30800
1997-11-24,12.859375,13.312500,12.859375,13.312500,6.384816,25600
1997-11-25,13.375000,13.515625,13.312500,13.312500,6.384816,17200
1997-11-26,13.281250,13.312500,13.125000,13.281250,6.369827,15600
1997-11-28,13.296875,13.375000,13.296875,13.375000,6.414789,5600
1997-12-01,13.437500,13.625000,13.437500,13.625000,6.534696,34000
1997-12-02,13.656250,14.125000,13.656250,14.109375,6.767005,40800
1997-12-03,14.171875,14.578125,14.171875,14.500000,6.954353,53200
1997-12-04,14.484375,14.625000,14.484375,14.500000,6.954353,27600
1997-12-05,14.437500,14.437500,14.234375,14.250000,6.834450,45200
1997-12-08,14.203125,14.234375,14.062500,14.062500,6.744522,8800
1997-12-09,14.031250,14.031250,13.640625,13.640625,6.542186,22400
1997-12-10,13.593750,13.593750,13.343750,13.343750,6.399800,32000
1997-12-11,13.406250,13.406250,13.375000,13.375000,6.414789,3600
1997-12-12,13.406250,13.421875,13.265625,13.375000,6.414789,20400
1997-12-15,13.375000,13.406250,13.343750,13.406250,6.429778,10000
1997-12-16,13.375000,13.375000,13.312500,13.343750,6.399800,6800
1997-12-17,13.343750,13.421875,13.187500,13.421875,6.437270,42400
1997-12-18,13.406250,13.640625,13.406250,13.640625,6.542186,38400
1997-12-19,13.578125,14.140625,13.578125,14.125000,6.774495,43600
1997-12-22,14.187500,14.250000,14.000000,14.000000,6.714545,21600
1997-12-23,14.000000,14.234375,14.000000,14.234375,6.826957,8800
1997-12-24,14.265625,14.406250,14.265625,14.406250,6.909391,13200
1997-12-26,14.437500,14.437500,14.375000,14.375000,6.894400,2800
1997-12-29,14.390625,14.421875,14.328125,14.421875,6.916883,10000
1997-12-30,14.468750,14.687500,14.468750,14.687500,7.044281,32400
1997-12-31,14.718750,14.796875,14.718750,14.765625,7.081749,14800
1998-01-02,14.750000,14.890625,14.718750,14.750000,7.074255,28000
1998-01-05,14.750000,14.750000,14.343750,14.343750,6.879416,40400
1998-01-06,14.296875,14.328125,14.140625,14.250000,6.834450,23200
1998-01-07,14.187500,14.250000,14.109375,14.218750,6.819463,73200
1998-01-08,14.203125,14.312500,14.203125,14.281250,6.849437,47600
1998-01-09,14.265625,14.531250,14.250000,14.500000,6.954353,23600
1998-01-12,14.468750,14.609375,14.406250,14.562500,6.984324,19600
1998-01-13,14.562500,14.562500,14.250000,14.281250,6.849437,29600
1998-01-14,14.187500,14.218750,14.156250,14.156250,6.789487,17600
1998-01-15,14.093750,14.093750,13.937500,14.031250,6.729537,26800
1998-01-16,13.968750,14.000000,13.968750,13.984375,6.707054,20800
1998-01-20,13.921875,14.156250,13.921875,14.031250,6.729537,64400
1998-01-21,14.000000,14.031250,13.921875,13.921875,6.677078,12400
1998-01-22,13.890625,14.000000,13.890625,13.968750,6.699559,14000
1998-01-23,13.968750,14.078125,13.890625,13.921875,6.677078,20400
1998-01-26,13.781250,14.062500,13.781250,14.031250,6.729537,11600
1998-01-27,14.000000,14.062500,13.937500,14.062500,6.744522,13800
1998-01-28,14.187500,14.781250,14.187500,14.781250,7.089243,22200
1998-01-29,14.906250,15.250000,14.812500,14.843750,7.119218,76000
1998-01-30,14.812500,15.000000,14.531250,14.625000,7.076757,82400
1998-02-02,14.656250,14.812500,13.500000,13.500000,6.532392,62400
1998-02-03,13.500000,13.500000,12.156250,12.562500,6.078755,71800
1998-02-04,12.531250,13.500000,12.531250,13.250000,6.411418,31800
1998-02-05,13.125000,13.375000,13.000000,13.125000,6.350937,26600
1998-02-06,13.218750,13.437500,13.125000,13.187500,6.381176,14600
1998-02-09,13.125000,13.281250,12.687500,12.687500,6.139238,23000
1998-02-10,12.812500,13.250000,12.687500,13.125000,6.350937,50600
1998-02-11,13.250000,13.500000,13.125000,13.500000,6.532392,25200
1998-02-12,13.562500,14.125000,13.500000,14.125000,6.834816,12200
1998-02-13,14.437500,14.718750,14.281250,14.406250,6.970912,28000
1998-02-17,14.500000,14.500000,14.250000,14.312500,6.925544,17000
1998-02-18,14.375000,14.375000,14.156250,14.187500,6.865057,9000
1998-02-19,14.250000,14.281250,14.125000,14.156250,6.849940,18800
1998-02-20,14.156250,14.375000,14.093750,14.250000,6.895300,19400
1998-02-23,14.250000,14.437500,14.218750,14.437500,6.986031,7400
1998-02-24,14.750000,15.875000,14.750000,15.750000,7.621122,41800
1998-02-25,15.875000,16.750000,15.875000,16.343750,7.908428,30600
1998-02-26,16.406250,16.875000,16.031250,16.031250,7.757213,30000
1998-02-27,15.500000,15.843750,14.937500,15.062500,7.288456,46600
1998-03-02,15.187500,15.406250,15.187500,15.281250,7.394303,17200
1998-03-03,15.187500,15.437500,15.062500,15.437500,7.469911,10200
1998-03-04,15.500000,15.500000,14.812500,14.906250,7.212850,35800
1998-03-05,14.812500,14.812500,13.875000,13.906250,6.728968,13800
1998-03-06,13.500000,13.500000,13.000000,13.281250,6.426542,109800
1998-03-09,13.437500,13.812500,13.375000,13.687500,6.623118,62400
1998-03-10,13.812500,14.031250,13.812500,13.906250,6.728968,29400
1998-03-11,13.843750,14.000000,13.812500,14.000000,6.774332,23600
1998-03-12,13.937500,13.937500,13.250000,13.718750,6.638243,81200
1998-03-13,13.843750,13.875000,13.781250,13.875000,6.713845,22400
1998-03-16,13.937500,14.093750,13.812500,14.093750,6.819694,10600
1998-03-17,14.093750,14.187500,14.062500,14.093750,6.819694,10600
1998-03-18,14.156250,14.156250,14.000000,14.000000,6.774332,5000
1998-03-19,13.750000,14.625000,13.718750,14.375000,6.955786,49800
1998-03-20,14.250000,14.562500,14.250000,14.468750,7.001151,48400
1998-03-23,14.375000,14.375000,14.125000,14.250000,6.895300,11800
1998-03-24,14.375000,14.625000,14.375000,14.562500,7.046515,6600
1998-03-25,14.625000,14.781250,14.625000,14.718750,7.122124,39000
1998-03-26,14.718750,14.718750,14.156250,14.156250,6.849940,23400
1998-03-27,14.125000,14.125000,13.750000,13.812500,6.683603,15400
1998-03-30,13.812500,14.000000,13.812500,13.968750,6.759212,9200
1998-03-31,13.968750,14.125000,13.531250,13.531250,6.547512,29400
1998-04-01,13.531250,13.875000,13.500000,13.781250,6.668485,18800
1998-04-02,13.843750,14.187500,13.843750,14.093750,6.819694,15200
1998-04-03,14.156250,14.250000,13.968750,14.031250,6.789451,28000
1998-04-06,14.000000,14.312500,14.000000,14.312500,6.925544,21200
1998-04-07,14.531250,14.875000,14.468750,14.875000,7.197726,14400
1998-04-08,14.937500,15.093750,14.937500,15.000000,7.258213,22200
1998-04-09,15.000000,15.000000,14.906250,14.906250,7.212850,6600
1998-04-13,14.812500,14.812500,14.375000,14.500000,7.016272,10400
1998-04-14,14.437500,14.468750,13.968750,13.968750,6.759212,19400
1998-04-15,13.906250,13.937500,13.531250,13.562500,6.562635,8000
1998-04-16,13.500000,13.625000,13.500000,13.531250,6.547512,43800
1998-04-17,13.500000,13.625000,13.500000,13.593750,6.577758,8800
1998-04-20,13.625000,13.656250,13.375000,13.406250,6.487031,4200
1998-04-21,13.343750,13.406250,13.312500,13.312500,6.441664,7600
1998-04-22,13.312500,13.593750,13.281250,13.593750,6.577758,5800
1998-04-23,13.500000,13.500000,13.406250,13.406250,6.487031,2400
1998-04-24,13.343750,13.343750,13.187500,13.187500,6.381176,19600
1998-04-27,13.187500,13.187500,13.125000,13.156250,6.366060,8400
1998-04-28,13.093750,13.125000,12.687500,12.687500,6.139238,14600
1998-04-29,12.531250,12.625000,12.437500,12.562500,6.142173,23200
1998-04-30,12.687500,13.468750,12.687500,13.406250,6.554705,17200
1998-05-01,13.500000,13.531250,13.406250,13.406250,6.554705,5200
1998-05-04,13.343750,13.343750,12.937500,12.937500,6.325520,7800
1998-05-05,12.875000,12.875000,12.656250,12.656250,6.188009,5200
1998-05-06,12.593750,12.625000,12.250000,12.531250,6.126893,31600
1998-05-07,12.531250,12.812500,12.500000,12.781250,6.249125,22800
1998-05-08,12.781250,12.781250,12.531250,12.562500,6.142173,6200
1998-05-11,12.437500,12.562500,12.250000,12.281250,6.004660,30200
1998-05-12,12.156250,12.375000,11.718750,11.718750,5.729637,28200
1998-05-13,11.781250,11.843750,10.875000,11.093750,5.424060,93000
1998-05-14,11.093750,11.375000,11.031250,11.312500,5.531010,69400
1998-05-15,11.281250,11.468750,11.156250,11.468750,5.607403,19200
1998-05-18,11.750000,12.125000,11.718750,12.031250,5.882427,25000
1998-05-19,12.156250,12.281250,12.156250,12.187500,5.958824,5400
1998-05-20,12.500000,12.500000,12.000000,12.000000,5.867150,22400
1998-05-21,12.093750,12.093750,11.187500,11.218750,5.485171,45200
1998-05-22,11.343750,11.500000,11.000000,11.500000,5.622685,70600
1998-05-26,11.625000,11.625000,11.062500,11.062500,5.408777,22400
1998-05-27,11.000000,11.093750,10.781250,10.937500,5.347664,48000
1998-05-28,11.000000,11.125000,10.875000,11.000000,5.378221,73600
1998-05-29,11.125000,11.312500,11.000000,11.093750,5.424060,28200
1998-06-01,11.156250,11.156250,11.062500,11.156250,5.454615,18200
1998-06-02,11.281250,11.406250,11.125000,11.218750,5.485171,11000
1998-06-03,11.312500,11.312500,11.062500,11.062500,5.408777,19600
1998-06-04,11.000000,11.062500,10.750000,10.906250,5.332382,40600
1998-06-05,10.906250,10.968750,10.875000,10.906250,5.332382,35800
1998-06-08,10.968750,11.281250,10.906250,11.218750,5.485171,22600
1998-06-09,11.093750,11.187500,10.812500,10.937500,5.347664,22200
1998-06-10,11.000000,11.156250,10.937500,11.062500,5.408777,32800
1998-06-11,11.125000,11.187500,11.062500,11.187500,5.469894,31200
1998-06-12,11.187500,11.187500,10.937500,10.968750,5.362941,55800
1998-06-15,10.968750,11.125000,10.875000,10.875000,5.317104,49600
1998-06-16,10.937500,10.968750,10.656250,10.843750,5.301825,34200
1998-06-17,10.937500,11.062500,10.781250,11.062500,5.408777,50000
1998-06-18,11.156250,11.250000,11.125000,11.187500,5.469894,13800
1998-06-19,11.312500,11.500000,11.312500,11.312500,5.531010,322600
1998-06-22,11.375000,11.500000,11.312500,11.500000,5.622685,14200
1998-06-23,11.375000,11.437500,11.062500,11.187500,5.469894,23200
1998-06-24,11.250000,11.250000,11.000000,11.125000,5.439338,23600
1998-06-25,11.000000,11.125000,11.000000,11.000000,5.378221,20400
1998-06-26,11.000000,11.218750,11.000000,11.218750,5.485171,18400
1998-06-29,11.343750,11.500000,11.281250,11.437500,5.592128,26000
1998-06-30,11.562500,12.687500,11.500000,12.562500,6.142173,75400
1998-07-01,12.468750,12.656250,12.375000,12.625000,6.172730,12400
1998-07-02,12.812500,12.875000,12.781250,12.812500,6.264404,16000
1998-07-06,12.875000,13.218750,12.875000,12.937500,6.325520,9200
1998-07-07,12.937500,13.031250,12.875000,12.968750,6.340800,6400
1998-07-08,12.875000,13.281250,12.875000,13.125000,6.417194,16200
1998-07-09,13.218750,13.406250,13.156250,13.375000,6.539426,13600
1998-07-10,13.250000,13.281250,13.125000,13.187500,6.447755,16200
1998-07-13,13.125000,13.125000,12.625000,13.031250,6.371358,24200
1998-07-14,13.343750,13.843750,13.343750,13.687500,6.692214,38000
1998-07-15,13.687500,13.750000,13.562500,13.562500,6.631098,11000
1998-07-16,13.562500,13.750000,13.375000,13.656250,6.676938,29600
1998-07-17,13.718750,13.750000,13.468750,13.531250,6.615825,21600
1998-07-20,13.468750,13.562500,13.406250,13.562500,6.631098,14200
1998-07-21,13.625000,13.625000,13.343750,13.343750,6.524147,10600
1998-07-22,13.281250,13.281250,12.750000,12.750000,6.233850,26800
1998-07-23,12.625000,12.625000,11.968750,12.062500,5.897709,30400
1998-07-24,11.937500,12.000000,11.937500,11.968750,5.851871,27200
1998-07-27,11.875000,12.000000,11.718750,11.781250,5.760195,10800
1998-07-28,11.906250,12.125000,11.906250,12.031250,5.882427,10000
1998-07-29,12.250000,12.343750,12.218750,12.218750,6.039863,20000
1998-07-30,12.281250,12.281250,12.093750,12.125000,5.993526,3400
1998-07-31,12.062500,12.187500,11.718750,11.718750,5.792711,13000
1998-08-03,11.718750,11.718750,11.250000,11.250000,5.561003,19400
1998-08-04,11.000000,11.125000,10.906250,11.062500,5.468318,28400
1998-08-05,11.062500,11.093750,10.906250,10.937500,5.406532,47600
1998-08-06,11.000000,11.375000,11.000000,11.312500,5.591897,16800
1998-08-07,11.375000,12.000000,11.375000,11.843750,5.854501,12800
1998-08-10,11.781250,12.031250,11.593750,12.031250,5.947182,9800
1998-08-11,11.906250,11.906250,11.656250,11.687500,5.777265,13000
1998-08-12,11.625000,11.718750,11.500000,11.625000,5.746368,11400
1998-08-13,11.625000,11.750000,11.406250,11.406250,5.638240,7200
1998-08-14,11.500000,11.625000,11.375000,11.375000,5.622791,9600
1998-08-17,11.437500,11.625000,11.031250,11.156250,5.514659,43200
1998-08-18,11.218750,11.937500,11.218750,11.875000,5.869946,25600
1998-08-19,11.750000,11.750000,11.375000,11.375000,5.622791,19800
1998-08-20,11.250000,11.312500,11.187500,11.281250,5.576449,17400
1998-08-21,11.156250,11.562500,11.125000,11.437500,5.653687,33000
1998-08-24,11.437500,11.468750,11.218750,11.218750,5.545553,7600
1998-08-25,11.156250,11.218750,11.125000,11.125000,5.499216,30800
1998-08-26,11.000000,11.000000,10.875000,10.968750,5.421978,32000
1998-08-27,10.937500,10.937500,10.562500,10.625000,5.252057,32200
1998-08-28,10.687500,11.062500,10.625000,11.062500,5.468318,13600
1998-08-31,11.125000,11.187500,10.937500,10.937500,5.406532,13800
1998-09-01,11.000000,11.093750,10.906250,10.968750,5.421978,15600
1998-09-02,10.906250,11.000000,10.812500,10.937500,5.406532,16000
1998-09-03,10.937500,10.968750,10.625000,10.687500,5.282949,13800
1998-09-04,10.781250,10.843750,10.500000,10.500000,5.190268,19200
1998-09-08,10.562500,10.750000,10.531250,10.625000,5.252057,14200
1998-09-09,10.687500,10.937500,10.500000,10.812500,5.344740,14800
1998-09-10,10.750000,10.750000,10.468750,10.593750,5.236611,18800
1998-09-11,10.593750,10.937500,10.593750,10.812500,5.344740,22400
1998-09-14,10.875000,10.937500,10.625000,10.625000,5.252057,6200
1998-09-15,10.687500,10.718750,10.625000,10.656250,5.267505,11600
1998-09-16,10.375000,10.718750,10.375000,10.718750,5.298403,38600
1998-09-17,10.781250,10.937500,10.750000,10.937500,5.406532,5600
1998-09-18,11.250000,11.250000,10.812500,10.968750,5.421978,25600
1998-09-21,10.906250,10.906250,10.812500,10.812500,5.344740,16800
1998-09-22,10.843750,10.843750,10.750000,10.750000,5.313846,15200
1998-09-23,10.812500,11.187500,10.750000,11.187500,5.530109,43400
1998-09-24,11.218750,11.937500,11.218750,11.593750,5.730923,28200
1998-09-25,11.656250,11.656250,10.625000,10.812500,5.344740,51200
1998-09-28,10.750000,10.906250,10.500000,10.750000,5.313846,24200
1998-09-29,10.937500,11.500000,10.500000,11.437500,5.653687,50200
1998-09-30,11.437500,11.437500,11.125000,11.312500,5.591897,14600
1998-10-01,11.312500,11.312500,11.125000,11.125000,5.499216,10400
1998-10-02,11.093750,11.250000,10.625000,11.000000,5.437425,22800
1998-10-05,11.500000,12.000000,11.500000,11.875000,5.869946,44000
1998-10-06,11.781250,12.250000,11.781250,12.218750,6.039863,45200
1998-10-07,12.218750,12.937500,12.218750,12.593750,6.225234,74400
1998-10-08,12.625000,12.625000,11.937500,12.125000,5.993526,42200
1998-10-09,12.187500,12.187500,11.656250,11.812500,5.839053,21200
1998-10-12,11.906250,12.187500,11.750000,11.875000,5.869946,33800
1998-10-13,11.906250,12.093750,11.687500,11.718750,5.792711,15800
1998-10-14,11.812500,12.250000,11.687500,12.250000,6.055316,11800
1998-10-15,12.187500,12.468750,11.750000,11.812500,5.839053,25600
1998-10-16,11.937500,12.531250,11.937500,12.062500,5.962632,35200
1998-10-19,11.750000,12.343750,11.750000,12.312500,6.086211,20200
1998-10-20,12.375000,12.750000,12.375000,12.625000,6.240681,20600
1998-10-21,12.718750,12.750000,12.562500,12.656250,6.256127,11600
1998-10-22,12.562500,12.718750,12.375000,12.531250,6.194339,25400
1998-10-23,13.031250,13.031250,12.625000,12.625000,6.240681,34600
1998-10-26,12.656250,13.500000,12.656250,13.437500,6.642307,29600
1998-10-27,13.562500,13.656250,13.375000,13.375000,6.611413,30800
1998-10-28,13.281250,13.343750,13.156250,13.250000,6.614408,17400
1998-10-29,13.250000,13.250000,13.125000,13.187500,6.583212,6200
1998-10-30,13.187500,13.187500,13.031250,13.187500,6.583212,13200
1998-11-02,13.250000,13.375000,13.062500,13.375000,6.676807,19800
1998-11-03,13.406250,13.437500,13.187500,13.218750,6.598811,12400
1998-11-04,13.000000,13.187500,12.875000,12.906250,6.442808,46800
1998-11-05,12.781250,13.281250,12.687500,13.281250,6.630010,14400
1998-11-06,13.187500,13.500000,13.187500,13.343750,6.661208,15600
1998-11-09,13.406250,13.500000,13.343750,13.375000,6.676807,7200
1998-11-10,13.281250,13.468750,13.281250,13.375000,6.676807,20000
1998-11-11,13.468750,13.468750,13.375000,13.437500,6.708008,25200
1998-11-12,13.500000,13.500000,13.406250,13.468750,6.723611,5200
1998-11-13,13.531250,13.531250,13.343750,13.375000,6.676807,10000
1998-11-16,13.406250,13.406250,13.218750,13.375000,6.676807,32800
1998-11-17,13.468750,13.500000,13.375000,13.437500,6.708008,14800
1998-11-18,13.500000,13.500000,13.125000,13.437500,6.708008,28000
1998-11-19,13.500000,13.500000,13.437500,13.437500,6.708008,32200
1998-11-20,13.375000,13.500000,13.375000,13.437500,6.708008,15000
1998-11-23,13.437500,13.468750,13.375000,13.437500,6.708008,25600
1998-11-24,13.156250,13.156250,12.875000,13.000000,6.489608,38800
1998-11-25,13.062500,13.250000,13.000000,13.000000,6.489608,7400
1998-11-27,12.875000,13.000000,12.812500,13.000000,6.489608,6800
1998-11-30,12.875000,13.093750,12.781250,13.031250,6.505210,11200
1998-12-01,13.031250,13.531250,12.937500,13.531250,6.754813,23200
1998-12-02,13.468750,13.968750,13.468750,13.687500,6.832806,39600
1998-12-03,13.750000,13.937500,13.593750,13.593750,6.786009,19000
1998-12-04,13.593750,13.593750,13.093750,13.312500,6.645611,19800
1998-12-07,13.375000,13.437500,12.843750,13.125000,6.552009,23800
1998-12-08,13.187500,13.687500,13.187500,13.562500,6.770407,16800
1998-12-09,13.625000,14.000000,13.625000,13.718750,6.848412,17600
1998-12-10,13.812500,14.000000,13.656250,13.843750,6.910811,11000
1998-12-11,13.968750,13.968750,13.781250,13.906250,6.942009,11000
1998-12-14,13.968750,14.062500,13.718750,13.718750,6.848412,23800
1998-12-15,13.843750,13.968750,13.500000,13.500000,6.739209,15600
1998-12-16,13.562500,13.656250,13.375000,13.437500,6.708008,7400
1998-12-17,13.500000,13.562500,13.375000,13.562500,6.770407,12600
1998-12-18,13.625000,13.656250,13.531250,13.625000,6.801609,10000
1998-12-21,13.750000,14.312500,13.750000,14.312500,7.144809,22800
1998-12-22,14.437500,14.750000,14.375000,14.750000,7.363212,79000
1998-12-23,15.000000,16.375000,15.000000,16.375000,8.174414,81400
1998-12-24,16.375000,16.562500,15.750000,15.750000,7.862411,17800
1998-12-28,15.750000,15.937500,15.625000,15.687500,7.831214,8400
1998-12-29,15.562500,15.593750,15.500000,15.562500,7.768810,15200
1998-12-30,15.468750,15.468750,15.156250,15.312500,7.644011,18600
1998-12-31,15.250000,15.687500,15.250000,15.656250,7.815612,14600
1999-01-04,15.593750,15.625000,15.140625,15.140625,7.558211,12000
1999-01-05,15.187500,15.187500,14.750000,14.968750,7.472410,9800
1999-01-06,14.937500,14.968750,14.531250,14.531250,7.254013,10400
1999-01-07,14.406250,14.750000,14.406250,14.718750,7.347610,11600
1999-01-08,14.781250,14.906250,14.687500,14.843750,7.410013,8800
1999-01-11,14.625000,14.781250,14.500000,14.593750,7.285210,15000
1999-01-12,14.687500,14.750000,14.250000,14.250000,7.113612,7400
1999-01-13,14.125000,14.125000,13.500000,13.593750,6.786009,40800
1999-01-14,13.500000,13.593750,13.343750,13.375000,6.676807,20400
1999-01-15,13.312500,13.750000,13.312500,13.718750,6.848412,11600
1999-01-19,13.718750,13.843750,13.718750,13.812500,6.895210,6000
1999-01-20,13.750000,13.968750,13.500000,13.500000,6.739209,15800
1999-01-21,13.500000,13.500000,13.093750,13.125000,6.552009,9200
1999-01-22,13.062500,13.218750,13.062500,13.218750,6.598811,8400
1999-01-25,13.125000,13.187500,12.687500,12.750000,6.364814,18600
1999-01-26,12.750000,12.968750,12.531250,12.562500,6.271209,37200
1999-01-27,12.593750,12.718750,12.500000,12.500000,6.240009,16600
1999-01-28,12.531250,13.156250,12.531250,13.156250,6.639315,32400
1999-01-29,13.187500,13.218750,13.000000,13.031250,6.576233,24200
1999-02-01,13.031250,13.093750,12.812500,13.031250,6.576233,15400
1999-02-02,13.000000,13.000000,12.343750,12.531250,6.323907,38200
1999-02-03,12.625000,13.062500,12.625000,13.062500,6.592002,22200
1999-02-04,13.000000,13.187500,12.812500,13.187500,6.655087,17800
1999-02-05,13.218750,13.218750,13.062500,13.125000,6.623543,7800
1999-02-08,13.093750,13.125000,12.812500,13.062500,6.592002,29200
1999-02-09,13.062500,13.062500,12.875000,12.937500,6.528922,8800
1999-02-10,12.812500,12.968750,12.687500,12.687500,6.402760,14800
1999-02-11,12.781250,12.906250,12.750000,12.875000,6.497382,8600
1999-02-12,12.937500,13.187500,12.437500,12.437500,6.276597,32000
1999-02-16,12.562500,12.781250,12.531250,12.781250,6.450069,13000
1999-02-17,12.875000,13.062500,12.125000,12.156250,6.134664,58200
1999-02-18,12.281250,12.437500,12.000000,12.031250,6.071582,44000
1999-02-19,12.062500,12.156250,11.812500,11.906250,6.008499,39000
1999-02-22,11.906250,12.031250,11.781250,11.812500,5.961189,14800
1999-02-23,11.812500,12.125000,11.718750,12.125000,6.118894,46400
1999-02-24,12.062500,12.250000,12.062500,12.125000,6.118894,16400
1999-02-25,12.093750,12.156250,12.031250,12.156250,6.134664,12400
1999-02-26,12.218750,12.406250,12.218750,12.250000,6.181977,24600
1999-03-01,12.250000,12.437500,12.250000,12.312500,6.213517,7000
1999-03-02,12.250000,12.875000,12.250000,12.875000,6.497382,22600
1999-03-03,12.875000,13.062500,12.500000,12.750000,6.434304,19600
1999-03-04,12.812500,12.812500,12.562500,12.562500,6.339677,7000
1999-03-05,12.500000,12.531250,12.281250,12.406250,6.260825,20800
1999-03-08,12.531250,12.562500,12.281250,12.375000,6.245055,12200
1999-03-09,12.312500,12.312500,12.250000,12.250000,6.181977,47200
1999-03-10,12.187500,12.187500,12.093750,12.093750,6.103122,17200
1999-03-11,12.125000,12.250000,12.062500,12.250000,6.181977,43000
1999-03-12,12.375000,12.500000,12.375000,12.406250,6.260825,10800
1999-03-15,12.468750,12.468750,12.343750,12.437500,6.276597,6000
1999-03-16,12.375000,12.375000,12.156250,12.187500,6.150434,22200
1999-03-17,12.187500,12.375000,12.125000,12.312500,6.213517,27400
1999-03-18,12.281250,12.343750,12.281250,12.281250,6.197743,307800
1999-03-19,12.375000,12.375000,12.187500,12.187500,6.150434,48600
1999-03-22,12.218750,12.218750,12.187500,12.218750,6.166201,8600
1999-03-23,12.187500,12.218750,12.187500,12.218750,6.166201,57200
1999-03-24,12.218750,12.312500,12.187500,12.218750,6.166201,30600
1999-03-25,12.093750,12.250000,12.093750,12.250000,6.181977,11400
1999-03-26,12.281250,12.687500,12.250000,12.593750,6.355448,14800
1999-03-29,12.687500,12.875000,12.625000,12.625000,6.371218,9400
1999-03-30,12.625000,13.250000,12.593750,13.156250,6.639315,16400
1999-03-31,13.156250,13.375000,12.062500,12.250000,6.181977,56400
1999-04-01,12.125000,12.312500,12.125000,12.312500,6.213517,14200
1999-04-05,12.281250,12.375000,12.250000,12.281250,6.197743,22800
1999-04-06,12.312500,12.343750,12.250000,12.281250,6.197743,18400
1999-04-07,12.343750,12.343750,12.281250,12.312500,6.213517,21000
1999-04-08,12.281250,12.562500,12.250000,12.468750,6.292366,15000
1999-04-09,12.406250,12.468750,12.187500,12.468750,6.292366,32200
1999-04-12,12.156250,12.593750,12.125000,12.562500,6.339677,53400
1999-04-13,12.500000,12.875000,12.437500,12.562500,6.339677,15600
1999-04-14,12.593750,13.187500,12.531250,12.656250,6.386989,33600
1999-04-15,12.531250,12.562500,12.125000,12.281250,6.197743,34400
1999-04-16,12.281250,12.312500,12.187500,12.218750,6.166201,9600
1999-04-19,12.281250,12.593750,12.187500,12.250000,6.181977,25000
1999-04-20,12.187500,12.187500,12.000000,12.062500,6.087354,31600
1999-04-21,12.156250,12.281250,11.937500,12.000000,6.055811,14600
1999-04-22,12.062500,12.125000,11.968750,12.062500,6.087354,10600
1999-04-23,12.062500,12.062500,11.843750,11.937500,6.024270,5200
1999-04-26,11.937500,12.000000,11.500000,11.593750,5.850797,45600
1999-04-27,11.625000,11.843750,11.531250,11.656250,5.882338,49600
1999-04-28,11.406250,11.812500,11.375000,11.687500,5.967218,17200
1999-04-29,11.750000,11.812500,11.375000,11.562500,5.903397,24800
1999-04-30,11.593750,11.593750,11.281250,11.468750,5.855532,66000
1999-05-03,11.531250,11.718750,11.500000,11.718750,5.983177,38000
1999-05-04,11.656250,11.656250,11.375000,11.500000,5.871489,36000
1999-05-05,11.500000,11.531250,11.343750,11.531250,5.887444,80600
1999-05-06,11.468750,11.656250,11.468750,11.656250,5.951264,12600
1999-05-07,11.656250,11.812500,11.656250,11.750000,5.999129,13600
1999-05-10,11.687500,12.375000,11.656250,12.375000,6.318231,22400
1999-05-11,13.250000,13.250000,12.937500,13.000000,6.637333,49200
1999-05-12,12.937500,12.937500,12.218750,12.218750,6.238455,55800
1999-05-13,12.156250,12.218750,11.562500,11.593750,5.919354,64400
1999-05-14,11.593750,11.718750,11.500000,11.531250,5.887444,39400
1999-05-17,11.531250,11.750000,11.531250,11.750000,5.999129,28000
1999-05-18,11.812500,12.125000,11.750000,11.750000,5.999129,38000
1999-05-19,11.750000,11.875000,11.562500,11.593750,5.919354,77200
1999-05-20,11.625000,11.906250,11.562500,11.843750,6.046996,24200
1999-05-21,11.906250,12.093750,11.906250,12.031250,6.142725,20200
1999-05-24,12.031250,12.250000,12.000000,12.000000,6.126770,38600
1999-05-25,12.000000,12.125000,11.812500,12.125000,6.190592,28400
1999-05-26,12.062500,12.625000,12.062500,12.593750,6.429917,60200
1999-05-27,12.562500,12.781250,12.562500,12.625000,6.445872,18800
1999-05-28,12.625000,13.062500,12.625000,13.000000,6.637333,18800
1999-06-01,12.968750,12.968750,12.718750,12.750000,6.509696,27800
1999-06-02,12.812500,13.125000,12.750000,13.125000,6.701159,65200
1999-06-03,13.187500,13.437500,13.156250,13.437500,6.860705,38600
1999-06-04,13.562500,13.812500,13.437500,13.468750,6.876664,36600
1999-06-07,13.562500,13.562500,13.000000,13.062500,6.669245,16800
1999-06-08,13.156250,13.187500,12.687500,12.781250,6.525647,24600
1999-06-09,12.812500,12.812500,12.437500,12.656250,6.461827,26800
1999-06-10,12.750000,12.750000,12.625000,12.718750,6.493739,5200
1999-06-11,12.781250,12.875000,12.531250,12.843750,6.557559,15800
1999-06-14,12.906250,12.906250,12.718750,12.812500,6.541603,11200
1999-06-15,12.687500,13.000000,12.656250,12.812500,6.541603,44400
1999-06-16,12.750000,12.781250,12.687500,12.750000,6.509696,21600
1999-06-17,12.593750,12.625000,12.531250,12.593750,6.429917,19400
1999-06-18,12.625000,12.625000,12.406250,12.406250,6.334188,49800
1999-06-21,12.375000,12.500000,12.375000,12.406250,6.334188,15800
1999-06-22,12.468750,12.500000,12.187500,12.406250,6.334188,28000
1999-06-23,12.500000,12.968750,12.437500,12.937500,6.605424,30600
1999-06-24,13.000000,13.093750,12.718750,13.093750,6.685202,19000
1999-06-25,13.000000,13.093750,13.000000,13.031250,6.653292,5600
1999-06-28,13.000000,13.437500,13.000000,13.343750,6.812841,37000
1999-06-29,13.343750,13.562500,13.343750,13.562500,6.924527,99800
1999-06-30,13.562500,13.593750,13.062500,13.062500,6.669245,43400
1999-07-01,13.062500,13.156250,13.062500,13.156250,6.717112,17600
1999-07-02,13.156250,13.250000,13.062500,13.062500,6.669245,9600
1999-07-06,12.937500,13.500000,12.937500,13.500000,6.892616,127000
1999-07-07,13.500000,13.593750,13.437500,13.531250,6.908573,23800
1999-07-08,13.531250,13.562500,13.468750,13.562500,6.924527,13200
1999-07-09,13.593750,13.625000,13.531250,13.625000,6.956435,12600
1999-07-12,13.593750,13.718750,13.562500,13.593750,6.940482,11800
1999-07-13,13.562500,13.593750,13.500000,13.593750,6.940482,48200
1999-07-14,13.625000,13.656250,13.531250,13.625000,6.956435,6800
1999-07-15,13.687500,13.687500,13.562500,13.625000,6.956435,11200
1999-07-16,13.687500,13.812500,13.531250,13.562500,6.924527,20800
1999-07-19,13.625000,13.718750,13.531250,13.625000,6.956435,18600
1999-07-20,13.593750,13.593750,13.437500,13.531250,6.908573,22400
1999-07-21,13.593750,13.718750,13.500000,13.625000,6.956435,32400
1999-07-22,13.687500,13.687500,13.531250,13.562500,6.924527,8600
1999-07-23,13.531250,13.562500,13.500000,13.531250,6.908573,11200
1999-07-26,13.500000,13.562500,13.500000,13.562500,6.924527,23600
1999-07-27,13.562500,13.593750,13.500000,13.593750,6.940482,20400
1999-07-28,13.531250,13.531250,13.500000,13.531250,6.977868,22000
1999-07-29,13.500000,13.875000,13.500000,13.875000,7.155137,26400
1999-07-30,13.875000,14.000000,13.875000,13.875000,7.155137,24400
1999-08-02,14.000000,14.156250,13.968750,14.156250,7.300171,16400
1999-08-03,14.093750,14.093750,13.906250,13.906250,7.171252,13600
1999-08-04,13.906250,14.000000,13.593750,14.000000,7.219598,29600
1999-08-05,14.031250,14.031250,13.812500,13.812500,7.122905,21600
1999-08-06,13.812500,13.812500,13.687500,13.781250,7.106791,103400
1999-08-09,13.812500,13.937500,13.781250,13.937500,7.187364,38600
1999-08-10,13.937500,14.031250,13.875000,14.031250,7.235713,19200
1999-08-11,14.125000,14.125000,13.812500,14.000000,7.219598,13400
1999-08-12,13.968750,14.000000,13.906250,13.968750,7.203480,6000
1999-08-13,14.000000,14.000000,13.750000,13.875000,7.155137,17200
1999-08-16,13.750000,14.187500,13.750000,14.187500,7.316292,26800
1999-08-17,14.500000,14.937500,14.500000,14.906250,7.686936,57600
1999-08-18,14.843750,15.500000,14.812500,15.437500,7.960894,68400
1999-08-19,15.375000,15.625000,15.312500,15.500000,7.993126,37000
1999-08-20,15.437500,15.625000,15.375000,15.625000,8.057587,31200
1999-08-23,15.687500,15.718750,15.250000,15.312500,7.896436,41000
1999-08-24,15.281250,15.343750,15.125000,15.187500,7.831973,55200
1999-08-25,15.187500,15.250000,15.000000,15.062500,7.767513,15200
1999-08-26,15.000000,15.125000,15.000000,15.062500,7.767513,8000
1999-08-27,15.000000,15.000000,14.750000,14.750000,7.606359,6600
1999-08-30,14.875000,14.968750,14.812500,14.812500,7.638594,19000
1999-08-31,14.906250,15.093750,14.875000,14.937500,7.703052,40600
1999-09-01,15.000000,15.250000,15.000000,15.156250,7.815856,12400
1999-09-02,15.156250,15.156250,14.937500,15.000000,7.735280,11200
1999-09-03,15.062500,15.125000,14.718750,14.875000,7.670820,24600
1999-09-07,15.000000,15.125000,14.875000,15.125000,7.799744,11400
1999-09-08,15.125000,15.187500,14.906250,15.187500,7.831973,14400
1999-09-09,15.187500,15.187500,15.031250,15.062500,7.767513,7400
1999-09-10,15.156250,15.218750,15.093750,15.187500,7.831973,7600
1999-09-13,15.187500,15.250000,15.093750,15.187500,7.831973,6600
1999-09-14,15.062500,15.250000,15.062500,15.093750,7.783629,13000
1999-09-15,15.156250,15.218750,15.000000,15.000000,7.735280,16200
1999-09-16,15.062500,15.062500,14.406250,14.406250,7.429095,30200
1999-09-17,14.281250,14.312500,14.187500,14.281250,7.364634,11400
1999-09-20,14.250000,14.531250,14.187500,14.500000,7.477436,12000
1999-09-21,14.375000,14.375000,14.093750,14.125000,7.284055,10800
1999-09-22,14.000000,14.125000,13.937500,14.000000,7.219598,9000
1999-09-23,13.875000,14.062500,13.812500,13.812500,7.122905,12400
1999-09-24,13.812500,13.875000,13.750000,13.812500,7.122905,4600
1999-09-27,13.875000,13.906250,13.625000,13.781250,7.106791,24000
1999-09-28,13.750000,13.875000,13.562500,13.875000,7.155137,10800
1999-09-29,13.625000,13.875000,13.593750,13.875000,7.155137,35600
1999-09-30,13.812500,13.843750,13.687500,13.687500,7.058443,4200
1999-10-01,13.687500,13.687500,13.093750,13.281250,6.848949,64200
1999-10-04,13.250000,13.375000,13.187500,13.281250,6.848949,10800
1999-10-05,13.375000,13.437500,13.156250,13.250000,6.832832,5600
1999-10-06,13.250000,13.312500,13.250000,13.281250,6.848949,47800
1999-10-07,13.343750,13.343750,12.937500,13.250000,6.832832,29400
1999-10-08,13.343750,13.500000,13.281250,13.500000,6.961753,14200
1999-10-11,13.593750,13.593750,13.375000,13.500000,6.961753,8400
1999-10-12,13.625000,13.625000,13.093750,13.125000,6.768372,21600
1999-10-13,13.125000,13.250000,13.000000,13.187500,6.800603,23600
1999-10-14,13.062500,13.156250,12.937500,12.937500,6.671681,10400
1999-10-15,13.000000,13.125000,12.812500,13.125000,6.768372,12400
1999-10-18,13.062500,13.125000,13.000000,13.062500,6.736141,9000
1999-10-19,12.937500,13.000000,12.812500,12.812500,6.607219,13200
1999-10-20,12.687500,12.937500,12.687500,12.812500,6.607219,8800
1999-10-21,12.718750,12.718750,12.062500,12.375000,6.381607,36400
1999-10-22,12.281250,13.156250,12.281250,13.156250,6.784490,36200
1999-10-25,13.031250,13.125000,13.031250,13.125000,6.768372,14800
1999-10-26,13.187500,13.875000,13.187500,13.843750,7.139023,24200
1999-10-27,13.843750,14.750000,13.843750,14.625000,7.541902,42400
1999-10-28,14.593750,14.687500,14.375000,14.437500,7.514578,21200
1999-10-29,14.562500,14.750000,14.437500,14.500000,7.547102,48800
1999-11-01,14.562500,15.000000,14.562500,15.000000,7.807348,25600
1999-11-02,15.437500,15.500000,15.093750,15.375000,8.002538,59800
1999-11-03,15.500000,15.500000,15.062500,15.218750,7.921209,22600
1999-11-04,15.218750,15.500000,15.031250,15.437500,8.035064,27800
1999-11-05,15.375000,15.500000,15.312500,15.312500,7.970006,10000
1999-11-08,15.437500,15.968750,15.312500,15.375000,8.002538,34000
1999-11-09,15.468750,15.718750,15.406250,15.593750,8.116392,21200
1999-11-10,15.718750,15.718750,15.531250,15.562500,8.100124,12400
1999-11-11,15.687500,15.687500,15.531250,15.593750,8.116392,12200
1999-11-12,15.656250,15.968750,15.562500,15.906250,8.279045,24200
1999-11-15,15.812500,15.812500,15.562500,15.750000,8.197715,12600
1999-11-16,15.968750,16.000000,15.625000,15.843750,8.246511,32600
1999-11-17,15.718750,15.781250,15.531250,15.531250,8.083858,17800
1999-11-18,15.531250,15.812500,15.531250,15.812500,8.230250,31800
1999-11-19,15.812500,15.812500,15.375000,15.437500,8.035064,23800
1999-11-22,15.312500,15.718750,15.281250,15.468750,8.051333,66600
1999-11-23,15.656250,15.781250,15.562500,15.562500,8.100124,43600
1999-11-24,15.625000,15.812500,15.625000,15.750000,8.197715,12000
1999-11-26,15.875000,15.875000,15.812500,15.875000,8.262779,7000
1999-11-29,15.968750,16.000000,15.687500,15.687500,8.165188,21600
1999-11-30,15.781250,15.812500,15.562500,15.812500,8.230250,13800
1999-12-01,15.750000,15.906250,15.625000,15.625000,8.132659,27400
1999-12-02,15.687500,15.687500,15.500000,15.625000,8.132659,12400
1999-12-03,15.531250,15.875000,15.531250,15.812500,8.230250,17600
1999-12-06,15.750000,15.843750,15.500000,15.500000,8.067597,14400
1999-12-07,15.500000,15.875000,15.187500,15.250000,7.937476,38400
1999-12-08,15.187500,15.187500,14.781250,15.000000,7.807348,17400
1999-12-09,15.125000,15.218750,15.000000,15.125000,7.872413,22800
1999-12-10,15.062500,15.218750,15.031250,15.218750,7.921209,12400
1999-12-13,15.218750,15.250000,15.093750,15.218750,7.921209,19800
1999-12-14,15.218750,15.500000,15.062500,15.375000,8.002538,22400
1999-12-15,15.437500,15.750000,15.437500,15.750000,8.197715,23800
1999-12-16,15.687500,15.718750,15.406250,15.437500,8.035064,19400
1999-12-17,15.437500,15.812500,15.406250,15.625000,8.132659,49000
1999-12-20,15.500000,15.687500,15.500000,15.562500,8.100124,19800
1999-12-21,15.531250,15.781250,15.531250,15.687500,8.165188,19600
1999-12-22,15.750000,15.875000,15.718750,15.843750,8.246511,17400
1999-12-23,15.906250,15.937500,15.750000,15.843750,8.246511,9800
1999-12-27,15.750000,15.937500,15.531250,15.937500,8.295309,35400
1999-12-28,15.812500,15.812500,15.562500,15.562500,8.100124,27800
1999-12-29,15.562500,15.687500,15.375000,15.593750,8.116392,16000
1999-12-30,15.531250,16.000000,15.531250,15.562500,8.100124,12600
1999-12-31,15.531250,15.531250,15.125000,15.156250,7.888674,10200
2000-01-03,15.125000,15.125000,14.000000,14.031250,7.303128,35800
2000-01-04,14.156250,14.500000,14.062500,14.312500,7.449513,56200
2000-01-05,14.375000,14.375000,14.125000,14.125000,7.351919,10400
2000-01-06,14.156250,14.156250,13.906250,14.062500,7.319389,17000
2000-01-07,13.937500,14.437500,13.937500,14.343750,7.465778,19000
2000-01-10,14.312500,14.312500,14.000000,14.000000,7.286860,19600
2000-01-11,14.000000,14.625000,14.000000,14.562500,7.579636,66400
2000-01-12,14.500000,14.593750,14.000000,14.062500,7.319389,43800
2000-01-13,14.125000,14.218750,13.937500,13.937500,7.254328,26600
2000-01-14,14.062500,14.062500,13.875000,13.968750,7.270594,19000
2000-01-18,13.906250,14.000000,13.187500,13.343750,6.945288,44000
2000-01-19,13.468750,13.625000,13.375000,13.500000,7.026615,20200
2000-01-20,13.562500,13.750000,13.437500,13.750000,7.156738,37000
2000-01-21,13.750000,14.625000,13.750000,14.187500,7.384455,33600
2000-01-24,13.875000,14.000000,13.625000,13.687500,7.124205,34600
2000-01-25,13.593750,13.625000,13.343750,13.437500,6.994086,21600
2000-01-26,13.500000,13.562500,13.250000,13.343750,6.945288,15400
2000-01-27,13.375000,13.468750,13.250000,13.437500,6.994086,17200
2000-01-28,13.281250,13.750000,13.281250,13.750000,7.229365,21000
2000-01-31,13.687500,13.687500,13.281250,13.312500,6.999344,25600
2000-02-01,13.312500,13.937500,13.312500,13.875000,7.295089,43000
2000-02-02,14.000000,14.187500,14.000000,14.125000,7.426533,89600
2000-02-03,14.250000,14.750000,14.125000,14.750000,7.755138,56400
2000-02-04,14.875000,15.500000,14.875000,15.437500,8.116606,63000
2000-02-07,15.375000,15.687500,15.375000,15.468750,8.133038,51200
2000-02-08,15.343750,15.343750,15.031250,15.062500,7.919445,18600
2000-02-09,15.031250,15.250000,14.656250,14.656250,7.705850,22000
2000-02-10,14.531250,14.625000,14.375000,14.375000,7.557978,6600
2000-02-11,14.375000,14.375000,14.000000,14.000000,7.360806,10000
2000-02-14,14.062500,14.062500,13.437500,13.500000,7.097921,13600
2000-02-15,13.437500,13.937500,13.437500,13.906250,7.311521,10600
2000-02-16,14.093750,15.000000,14.093750,14.593750,7.672989,12400
2000-02-17,14.968750,15.000000,14.875000,14.968750,7.870153,22600
2000-02-18,15.000000,15.000000,14.500000,14.500000,7.623693,20400
2000-02-22,14.625000,14.750000,14.187500,14.343750,7.541548,37200
2000-02-23,14.218750,14.250000,13.937500,14.218750,7.475824,30800
2000-02-24,14.218750,14.218750,13.937500,13.968750,7.344378,21200
2000-02-25,13.968750,13.968750,13.562500,13.625000,7.163646,11600
2000-02-28,13.531250,13.531250,13.125000,13.187500,6.933621,19400
2000-02-29,13.062500,13.437500,13.062500,13.437500,7.065061,34400
2000-03-01,13.437500,13.437500,13.218750,13.406250,7.048634,10800
2000-03-02,12.812500,12.937500,12.687500,12.687500,6.670734,40400
2000-03-03,12.625000,13.187500,12.500000,13.125000,6.900762,27000
2000-03-06,12.875000,13.375000,12.875000,13.156250,6.917191,23800
2000-03-07,13.125000,13.250000,13.125000,13.187500,6.933621,5800
2000-03-08,13.187500,13.218750,12.906250,13.000000,6.835037,15000
2000-03-09,12.968750,13.000000,12.906250,13.000000,6.835037,7400
2000-03-10,12.875000,12.875000,12.562500,12.562500,6.605011,35000
2000-03-13,12.562500,12.937500,12.562500,12.937500,6.802176,12400
2000-03-14,12.875000,12.937500,12.500000,12.500000,6.572154,13600
2000-03-15,12.500000,12.500000,11.687500,11.843750,6.227117,50400
2000-03-16,11.843750,12.531250,11.812500,12.531250,6.588581,46400
2000-03-17,12.187500,12.375000,12.000000,12.312500,6.473569,30400
2000-03-20,12.250000,12.375000,12.250000,12.312500,6.473569,23000
2000-03-21,12.437500,12.625000,12.375000,12.625000,6.637874,12800
2000-03-22,12.593750,12.718750,12.406250,12.687500,6.670734,17000
2000-03-23,12.656250,12.656250,12.375000,12.406250,6.522862,8000
2000-03-24,12.500000,12.656250,12.437500,12.562500,6.605011,7600
2000-03-27,12.593750,12.593750,12.312500,12.312500,6.473569,5400
2000-03-28,12.250000,12.250000,11.750000,11.937500,6.276404,53600
2000-03-29,11.562500,11.906250,11.500000,11.625000,6.112102,85400
2000-03-30,11.625000,11.625000,11.343750,11.406250,5.997087,40800
2000-03-31,11.437500,11.562500,11.125000,11.406250,5.997087,81200
2000-04-03,11.281250,11.968750,11.125000,11.625000,6.112102,62200
2000-04-04,11.500000,11.562500,11.250000,11.500000,6.046380,58400
2000-04-05,11.500000,11.625000,11.406250,11.625000,6.112102,43200
2000-04-06,11.625000,12.062500,11.625000,11.812500,6.210683,54400
2000-04-07,11.812500,11.812500,11.562500,11.781250,6.194254,23200
2000-04-10,11.875000,12.000000,11.500000,11.500000,6.046380,30200
2000-04-11,11.500000,11.812500,11.500000,11.625000,6.112102,40400
2000-04-12,11.500000,11.937500,10.750000,10.843750,5.701343,68800
2000-04-13,10.781250,11.593750,10.781250,11.218750,5.898507,67600
2000-04-14,11.312500,11.406250,11.031250,11.125000,5.849216,20800
2000-04-17,11.062500,11.625000,11.000000,11.625000,6.112102,24400
2000-04-18,11.562500,11.562500,11.062500,11.500000,6.046380,32200
2000-04-19,11.437500,11.562500,11.031250,11.156250,5.865647,38800
2000-04-20,11.156250,11.406250,11.156250,11.312500,5.947795,16600
2000-04-24,11.343750,11.750000,11.187500,11.750000,6.177824,56200
2000-04-25,11.875000,12.000000,11.812500,12.000000,6.309268,18400
2000-04-26,12.062500,12.437500,12.062500,12.218750,6.424275,13400
2000-04-27,11.937500,11.937500,11.687500,11.750000,6.248135,19600
2000-04-28,11.656250,12.000000,11.625000,11.656250,6.198282,32000
2000-05-01,11.750000,11.906250,11.531250,11.875000,6.314602,30400
2000-05-02,11.875000,11.937500,11.750000,11.843750,6.297987,18600
2000-05-03,11.875000,12.312500,11.812500,12.125000,6.447543,20600
2000-05-04,12.093750,12.312500,12.093750,12.250000,6.514015,7600
2000-05-05,12.187500,12.375000,12.187500,12.312500,6.547250,20400
2000-05-08,13.250000,13.250000,12.843750,12.875000,6.846360,57600
2000-05-09,12.875000,12.875000,12.500000,12.500000,6.646952,9400
2000-05-10,12.531250,12.812500,12.531250,12.625000,6.713421,10400
2000-05-11,12.687500,12.687500,12.437500,12.500000,6.646952,9800
2000-05-12,12.312500,12.625000,12.312500,12.375000,6.580480,13200
2000-05-15,12.375000,12.375000,12.125000,12.375000,6.580480,37600
2000-05-16,12.687500,12.968750,12.625000,12.968750,6.896212,25800
2000-05-17,13.062500,13.375000,12.937500,12.937500,6.879593,23400
2000-05-18,12.875000,12.937500,12.343750,12.375000,6.580480,41400
2000-05-19,12.687500,12.687500,12.500000,12.500000,6.646952,24400
2000-05-22,12.531250,12.531250,12.218750,12.312500,6.547250,17400
2000-05-23,12.250000,12.250000,12.000000,12.000000,6.381073,25800
2000-05-24,11.875000,12.000000,11.562500,12.000000,6.381073,35600
2000-05-25,11.937500,12.000000,11.687500,11.687500,6.214900,14400
2000-05-26,11.531250,11.625000,11.437500,11.625000,6.181664,22200
2000-05-30,11.968750,11.968750,11.500000,11.531250,6.131814,36200
2000-05-31,11.593750,11.687500,11.562500,11.656250,6.198282,16000
2000-06-01,11.656250,12.156250,11.656250,12.156250,6.464160,49000
2000-06-02,12.125000,12.375000,12.062500,12.375000,6.580480,29400
2000-06-05,12.250000,12.375000,12.062500,12.062500,6.414308,17400
2000-06-06,12.125000,12.187500,12.125000,12.125000,6.447543,7000
2000-06-07,12.156250,12.312500,12.062500,12.187500,6.480780,28200
2000-06-08,12.312500,12.437500,12.062500,12.218750,6.497394,12600
2000-06-09,12.250000,12.468750,12.125000,12.437500,6.613717,13600
2000-06-12,12.468750,12.468750,12.000000,12.062500,6.414308,26400
2000-06-13,11.968750,11.968750,11.718750,11.812500,6.281369,34600
2000-06-14,11.906250,12.218750,11.906250,11.937500,6.347838,33200
2000-06-15,12.000000,12.000000,11.812500,12.000000,6.381073,16200
2000-06-16,12.000000,12.156250,12.000000,12.125000,6.447543,54600
2000-06-19,12.187500,12.500000,12.125000,12.500000,6.646952,32200
2000-06-20,12.500000,12.500000,12.187500,12.250000,6.514015,7000
2000-06-21,12.187500,12.187500,11.625000,11.937500,6.347838,41800
2000-06-22,12.062500,12.156250,11.625000,11.625000,6.181664,15000
2000-06-23,11.500000,11.750000,11.437500,11.625000,6.181664,24200
2000-06-26,11.625000,11.687500,11.468750,11.625000,6.181664,31400
2000-06-27,11.687500,11.718750,11.375000,11.500000,6.115195,18600
2000-06-28,11.406250,11.562500,11.375000,11.531250,6.131814,7400
2000-06-29,11.500000,12.250000,11.437500,12.250000,6.514015,41000
2000-06-30,12.125000,12.125000,11.875000,12.125000,6.447543,17000
2000-07-03,12.250000,12.500000,11.875000,11.875000,6.314602,32600
2000-07-05,11.500000,11.562500,11.375000,11.500000,6.115195,47200
2000-07-06,11.625000,11.968750,11.250000,11.937500,6.347838,73400
2000-07-07,12.000000,12.125000,11.625000,12.000000,6.381073,51200
2000-07-10,11.937500,12.156250,11.937500,12.062500,6.414308,27600
2000-07-11,12.125000,12.343750,11.500000,11.656250,6.198282,132000
2000-07-12,11.687500,11.843750,11.656250,11.812500,6.281369,54400
2000-07-13,12.000000,12.062500,11.875000,12.000000,6.381073,44000
2000-07-14,11.875000,12.375000,11.875000,12.375000,6.580480,24800
2000-07-17,12.375000,12.437500,12.250000,12.437500,6.613717,15600
2000-07-18,12.343750,12.437500,12.187500,12.312500,6.547250,9200
2000-07-19,12.218750,12.250000,12.000000,12.000000,6.381073,12200
2000-07-20,12.125000,12.125000,11.750000,11.937500,6.347838,15600
2000-07-21,12.000000,12.062500,11.625000,11.812500,6.281369,19200
2000-07-24,11.937500,11.937500,11.437500,11.500000,6.115195,22400
2000-07-25,11.625000,11.875000,11.437500,11.812500,6.281369,32400
2000-07-26,11.687500,11.812500,11.531250,11.750000,6.248135,31000
2000-07-27,11.750000,11.937500,11.562500,11.562500,6.148431,13400
2000-07-28,11.500000,11.625000,11.312500,11.562500,6.222427,20400
2000-07-31,11.687500,11.937500,11.562500,11.937500,6.424235,21600
2000-08-01,11.906250,12.000000,11.750000,12.000000,6.457869,34000
2000-08-02,11.750000,12.187500,11.750000,12.187500,6.558774,35800
2000-08-03,12.062500,12.500000,12.062500,12.437500,6.693315,69800
2000-08-04,12.500000,12.875000,12.437500,12.593750,6.777400,78800
2000-08-07,12.656250,12.718750,12.437500,12.562500,6.760582,33600
2000-08-08,12.437500,12.562500,12.437500,12.500000,6.726947,24200
2000-08-09,12.437500,12.500000,12.375000,12.375000,6.659678,16400
2000-08-10,12.375000,12.375000,12.093750,12.093750,6.508320,19600
2000-08-11,12.156250,12.437500,12.156250,12.437500,6.693315,18000
2000-08-14,12.531250,12.687500,12.437500,12.687500,6.827850,11400
2000-08-15,12.718750,12.750000,12.437500,12.562500,6.760582,23400
2000-08-16,12.593750,12.812500,12.562500,12.812500,6.895117,27800
2000-08-17,12.875000,13.125000,12.687500,13.000000,6.996024,45800
2000-08-18,12.906250,13.062500,12.906250,13.031250,7.012842,15800
2000-08-21,13.093750,13.250000,13.000000,13.187500,7.096933,17600
2000-08-22,13.125000,13.250000,13.031250,13.031250,7.012842,12400
2000-08-23,13.125000,13.281250,13.031250,13.281250,7.147381,14800
2000-08-24,13.281250,13.281250,13.000000,13.000000,6.996024,14000
2000-08-25,13.000000,13.125000,12.750000,12.812500,6.895117,17000
2000-08-28,12.625000,12.812500,12.625000,12.718750,6.844670,20000
2000-08-29,12.812500,12.812500,12.500000,12.531250,6.743766,14400
2000-08-30,12.500000,12.875000,12.500000,12.812500,6.895117,33000
2000-08-31,12.812500,13.250000,12.781250,13.125000,7.063295,29800
2000-09-01,13.187500,13.187500,12.625000,12.656250,6.811036,15400
2000-09-05,12.781250,13.156250,12.781250,13.000000,6.996024,20200
2000-09-06,13.125000,13.125000,12.718750,12.718750,6.844670,20800
2000-09-07,12.875000,12.875000,12.500000,12.875000,6.928756,31000
2000-09-08,12.875000,13.125000,12.875000,13.000000,6.996024,30200
2000-09-11,13.125000,13.250000,12.750000,12.937500,6.962390,33000
2000-09-12,12.937500,13.437500,12.937500,13.437500,7.231468,31000
2000-09-13,13.500000,13.500000,13.000000,13.312500,7.164201,27400
2000-09-14,13.375000,13.437500,13.000000,13.437500,7.231468,23600
2000-09-15,13.250000,13.375000,13.187500,13.187500,7.096933,25200
2000-09-18,13.312500,13.375000,12.968750,12.968750,6.979207,27800
2000-09-19,12.937500,13.125000,12.812500,13.125000,7.063295,17600
2000-09-20,13.187500,13.218750,13.000000,13.093750,7.046479,30800
2000-09-21,13.093750,13.187500,12.687500,12.875000,6.928756,57200
2000-09-22,12.812500,13.093750,12.812500,13.093750,7.046479,15600
2000-09-25,13.031250,13.062500,12.937500,13.062500,7.029660,28800
2000-09-26,13.062500,13.187500,13.031250,13.031250,7.012842,38600
2000-09-27,13.062500,13.218750,13.000000,13.218750,7.113748,20400
2000-09-28,13.187500,13.500000,13.000000,13.375000,7.197834,41400
2000-09-29,13.437500,13.656250,13.312500,13.375000,7.197834,21200
2000-10-02,13.500000,13.750000,13.500000,13.562500,7.298739,25800
2000-10-03,13.500000,13.687500,13.312500,13.500000,7.265102,74400
2000-10-04,13.500000,13.656250,13.312500,13.656250,7.349189,14400
2000-10-05,13.687500,13.875000,13.625000,13.656250,7.349189,26800
2000-10-06,13.562500,13.937500,13.562500,13.750000,7.399639,32000
2000-10-09,13.875000,13.875000,13.593750,13.593750,7.315557,10200
2000-10-10,13.656250,13.687500,13.343750,13.406250,7.214653,13800
2000-10-11,13.406250,13.500000,13.406250,13.468750,7.248289,9000
2000-10-12,13.375000,13.468750,13.250000,13.250000,7.130565,9400
2000-10-13,13.125000,13.312500,12.906250,13.312500,7.164201,27400
2000-10-16,13.250000,13.437500,13.125000,13.125000,7.063295,11800
2000-10-17,13.125000,13.187500,12.687500,12.750000,6.861488,18800
2000-10-18,12.750000,12.812500,12.562500,12.750000,6.861488,23400
2000-10-19,12.750000,12.937500,12.562500,12.687500,6.827850,26200
2000-10-20,12.750000,12.906250,12.656250,12.906250,6.945576,20600
2000-10-23,12.843750,12.937500,12.687500,12.812500,6.895117,9600
2000-10-24,12.937500,13.000000,12.812500,12.875000,6.928756,12400
2000-10-25,12.875000,13.093750,12.781250,12.781250,6.878303,13000
2000-10-26,12.843750,12.968750,12.781250,12.968750,6.979207,11600
2000-10-27,13.062500,13.156250,12.875000,12.937500,6.962390,26600
2000-10-30,13.000000,13.312500,12.875000,13.187500,7.173168,25400
2000-10-31,13.250000,13.500000,13.250000,13.468750,7.326148,20400
2000-11-01,13.500000,13.718750,13.500000,13.562500,7.377144,32400
2000-11-02,13.500000,13.875000,13.437500,13.875000,7.547122,20800
2000-11-03,13.906250,14.000000,13.781250,13.906250,7.564121,35800
2000-11-06,13.843750,14.000000,13.812500,13.906250,7.564121,21000
2000-11-07,13.812500,13.875000,13.750000,13.781250,7.496131,13200
2000-11-08,13.750000,13.968750,13.687500,13.843750,7.530126,19200
2000-11-09,13.875000,13.875000,13.562500,13.593750,7.394140,14800
2000-11-10,13.468750,13.468750,13.000000,13.000000,7.071177,19400
2000-11-13,13.093750,13.250000,13.000000,13.250000,7.207164,7200
2000-11-14,13.437500,13.656250,13.375000,13.562500,7.377144,12200
2000-11-15,13.625000,13.625000,13.343750,13.468750,7.326148,17800
2000-11-16,13.500000,13.875000,13.500000,13.531250,7.360146,31600
2000-11-17,13.656250,13.812500,13.468750,13.593750,7.394140,20200
2000-11-20,13.625000,13.750000,13.406250,13.500000,7.343147,19000
2000-11-21,13.437500,13.562500,13.375000,13.562500,7.377144,17400
2000-11-22,13.437500,13.562500,13.187500,13.312500,7.241158,23200
2000-11-24,13.375000,13.625000,13.375000,13.625000,7.411139,7600
2000-11-27,13.625000,13.937500,13.625000,13.937500,7.581120,13200
2000-11-28,13.812500,13.812500,13.500000,13.500000,7.343147,19600
2000-11-29,13.500000,13.625000,13.500000,13.625000,7.411139,5200
2000-11-30,13.625000,13.625000,13.406250,13.468750,7.326148,21400
2000-12-01,13.562500,13.562500,13.468750,13.500000,7.343147,6000
2000-12-04,13.500000,13.500000,13.187500,13.187500,7.173168,22400
2000-12-05,13.218750,13.562500,13.218750,13.531250,7.360146,17000
2000-12-06,13.625000,13.750000,13.437500,13.437500,7.309149,21800
2000-12-07,13.437500,13.625000,13.250000,13.625000,7.411139,9200
2000-12-08,13.625000,13.687500,13.093750,13.437500,7.309149,49600
2000-12-11,13.500000,13.687500,13.468750,13.468750,7.326148,10800
2000-12-12,13.500000,13.500000,12.968750,12.968750,7.054180,37000
2000-12-13,13.000000,13.437500,13.000000,13.187500,7.173168,19000
2000-12-14,13.125000,13.218750,13.000000,13.093750,7.122172,24200
2000-12-15,13.062500,13.062500,12.781250,12.968750,7.054180,37400
2000-12-18,13.000000,13.093750,12.812500,13.031250,7.088177,15600
2000-12-19,12.781250,13.406250,12.781250,13.406250,7.292148,28000
2000-12-20,13.281250,13.281250,12.812500,12.812500,6.969188,28600
2000-12-21,12.812500,12.968750,12.437500,12.625000,6.867202,41400
2000-12-22,12.656250,12.968750,12.656250,12.968750,7.054180,23600
2000-12-26,13.000000,13.468750,12.906250,13.437500,7.309149,23600
2000-12-27,13.468750,13.562500,13.187500,13.375000,7.275157,77400
2000-12-28,13.437500,13.531250,13.031250,13.500000,7.343147,58200
2000-12-29,13.593750,13.812500,13.500000,13.500000,7.343147,36400
2001-01-02,13.500000,13.562500,12.750000,12.968750,7.054180,46000
2001-01-03,13.000000,13.343750,13.000000,13.312500,7.241158,68600
2001-01-04,13.250000,13.250000,12.937500,13.093750,7.122172,35800
2001-01-05,13.156250,13.156250,12.843750,12.875000,7.003188,33600
2001-01-08,12.812500,12.875000,12.187500,12.250000,6.663227,31600
2001-01-09,12.187500,12.437500,12.187500,12.375000,6.731217,35200
2001-01-10,12.250000,12.437500,11.687500,11.968750,6.510243,44400
2001-01-11,11.968750,12.093750,11.625000,11.718750,6.374259,66000
2001-01-12,11.625000,12.000000,11.593750,11.843750,6.442252,47200
2001-01-16,11.781250,12.000000,11.656250,11.937500,6.493244,91400
2001-01-17,11.968750,11.968750,11.906250,11.937500,6.493244,32000
2001-01-18,11.968750,11.968750,11.437500,11.687500,6.357260,74600
2001-01-19,11.593750,11.875000,11.593750,11.687500,6.357260,27000
2001-01-22,11.625000,11.906250,11.625000,11.843750,6.442252,19400
2001-01-23,11.968750,12.437500,11.968750,12.437500,6.765214,48400
2001-01-24,12.500000,12.500000,12.250000,12.312500,6.697221,52400
2001-01-25,12.250000,12.250000,12.031250,12.031250,6.544239,32600
2001-01-26,12.093750,12.250000,12.031250,12.031250,6.544239,24800
2001-01-29,12.100000,12.250000,12.050000,12.250000,6.663227,30000
2001-01-30,12.160000,12.275000,12.050000,12.250000,6.739981,29000
2001-01-31,12.230000,12.275000,11.850000,11.850000,6.519898,35800
2001-02-01,11.850000,12.175000,11.850000,12.005000,6.605181,24400
2001-02-02,12.000000,12.050000,11.900000,11.940000,6.569415,29200
2001-02-05,11.940000,12.115000,11.910000,12.030000,6.618935,17800
2001-02-06,12.100000,12.170000,12.020000,12.095000,6.654697,18200
2001-02-07,12.135000,12.175000,12.045000,12.165000,6.693213,21400
2001-02-08,12.100000,12.160000,12.010000,12.160000,6.690461,24000
2001-02-09,12.160000,12.165000,11.975000,12.020000,6.613433,28200
2001-02-12,12.050000,12.380000,12.050000,12.380000,6.811506,29400
2001-02-13,12.390000,12.625000,12.370000,12.535000,6.896787,18200
2001-02-14,12.535000,12.550000,12.430000,12.510000,6.883033,11800
2001-02-15,12.510000,12.825000,12.500000,12.825000,7.056345,21600
2001-02-16,12.950000,12.950000,12.505000,12.540000,6.899540,72200
2001-02-20,12.500000,12.505000,12.175000,12.205000,6.715220,17200
2001-02-21,12.225000,12.430000,12.145000,12.430000,6.839014,32600
2001-02-22,12.395000,12.625000,12.135000,12.600000,6.932551,50000
2001-02-23,12.675000,12.675000,12.250000,12.575000,6.918795,34200
2001-02-26,12.550000,12.550000,12.230000,12.375000,6.808753,19400
2001-02-27,12.375000,12.475000,12.125000,12.125000,6.671206,24800
2001-02-28,12.125000,12.150000,12.050000,12.125000,6.671206,9200
2001-03-01,12.150000,12.500000,12.000000,12.500000,6.877530,45400
2001-03-02,12.400000,12.875000,12.400000,12.800000,7.042592,42200
2001-03-05,13.125000,13.375000,13.050000,13.100000,7.207650,69400
2001-03-06,13.075000,13.160000,13.045000,13.085000,7.199399,15800
2001-03-07,13.085000,13.200000,13.055000,13.100000,7.207650,23800
2001-03-08,13.150000,13.295000,13.000000,13.000000,7.152630,35000
2001-03-09,13.050000,13.100000,12.685000,12.685000,6.979320,27400
2001-03-12,12.800000,12.890000,12.475000,12.475000,6.863772,44600
2001-03-13,12.450000,12.575000,12.290000,12.575000,6.918795,17200
2001-03-14,12.625000,12.900000,12.425000,12.450000,6.850023,44600
2001-03-15,12.875000,12.875000,12.100000,12.350000,6.795001,47400
2001-03-16,12.350000,12.350000,12.125000,12.200000,6.712471,32000
2001-03-19,12.150000,12.500000,12.060000,12.500000,6.877530,21200
2001-03-20,12.560000,12.950000,12.455000,12.500000,6.877530,31400
2001-03-21,12.450000,12.450000,12.305000,12.305000,6.770242,21400
2001-03-22,12.325000,12.330000,12.125000,12.275000,6.753736,42200
2001-03-23,12.275000,12.400000,12.050000,12.320000,6.778494,45800
2001-03-26,12.325000,13.100000,12.325000,13.025000,7.166387,57200
2001-03-27,13.125000,13.700000,12.960000,13.625000,7.496507,116600
2001-03-28,13.565000,13.625000,13.050000,13.050000,7.180141,27800
2001-03-29,13.100000,13.225000,13.020000,13.200000,7.262670,19600
2001-03-30,13.150000,14.300000,13.100000,14.300000,7.867897,56600
2001-04-02,14.250000,14.250000,13.850000,13.850000,7.620306,39400
2001-04-03,13.750000,13.750000,13.430000,13.500000,7.427732,37400
2001-04-04,13.500000,13.525000,13.450000,13.525000,7.441487,6800
2001-04-05,13.525000,13.540000,13.350000,13.500000,7.427732,27400
2001-04-06,13.450000,13.500000,13.200000,13.200000,7.262670,25000
2001-04-09,13.175000,13.200000,12.950000,13.000000,7.152630,21400
2001-04-10,13.000000,13.100000,13.000000,13.060000,7.185643,27400
2001-04-11,13.010000,13.045000,12.950000,12.950000,7.125124,17800
2001-04-12,13.000000,13.200000,12.950000,13.200000,7.262670,18400
2001-04-16,13.200000,13.300000,12.885000,13.025000,7.166387,23200
2001-04-17,13.060000,13.175000,12.850000,12.995000,7.149880,17600
2001-04-18,12.950000,13.050000,12.850000,12.850000,7.070102,37800
2001-04-19,12.825000,12.850000,12.625000,12.850000,7.070102,29000
2001-04-20,12.800000,12.850000,12.400000,12.400000,6.822506,21800
2001-04-23,12.400000,12.500000,12.395000,12.400000,6.822506,21600
2001-04-24,12.450000,12.645000,12.400000,12.600000,6.932551,11000
2001-04-25,12.700000,12.995000,12.700000,12.995000,7.149880,17600
2001-04-26,13.000000,13.275000,12.880000,13.250000,7.290184,36600
2001-04-27,13.200000,13.245000,13.155000,13.200000,7.339950,19200
2001-04-30,13.200000,13.200000,12.900000,12.905000,7.175910,15600
2001-05-01,12.905000,13.000000,12.900000,13.000000,7.228738,14000
2001-05-02,13.125000,13.125000,12.700000,12.800000,7.117527,34800
2001-05-03,12.825000,12.825000,12.450000,12.450000,6.922908,24000
2001-05-04,12.550000,12.875000,12.475000,12.850000,7.145330,31600
2001-05-07,12.900000,13.000000,12.775000,12.775000,7.103625,14600
2001-05-08,12.825000,12.930000,12.775000,12.845000,7.142548,14000
2001-05-09,12.895000,12.975000,12.750000,12.755000,7.092504,14800
2001-05-10,12.825000,12.940000,12.795000,12.925000,7.187035,27200
2001-05-11,12.995000,12.995000,12.755000,12.775000,7.103625,16800
2001-05-14,12.875000,12.950000,12.800000,12.800000,7.117527,26200
2001-05-15,12.850000,13.200000,12.850000,13.200000,7.339950,57400
2001-05-16,13.175000,13.450000,13.175000,13.175000,7.326048,47000
2001-05-17,13.300000,13.355000,13.175000,13.245000,7.364972,16400
2001-05-18,13.275000,13.295000,13.050000,13.075000,7.270442,17600
2001-05-21,13.100000,13.225000,12.950000,13.225000,7.353850,18400
2001-05-22,13.250000,13.250000,13.135000,13.150000,7.312150,39200
2001-05-23,13.225000,13.275000,12.950000,12.950000,7.200938,25600
2001-05-24,12.900000,13.000000,12.700000,13.000000,7.228738,26400
2001-05-25,13.050000,13.225000,12.900000,13.000000,7.228738,11000
2001-05-29,12.975000,13.000000,12.600000,12.600000,7.006314,25400
2001-05-30,12.600000,12.600000,12.375000,12.400000,6.895099,28200
2001-05-31,12.450000,12.490000,12.375000,12.375000,6.881200,24600
2001-06-01,12.400000,12.500000,12.360000,12.425000,6.909004,36200
2001-06-04,12.450000,12.450000,12.350000,12.450000,6.922908,25200
2001-06-05,12.475000,12.490000,12.370000,12.475000,6.936805,18800
2001-06-06,12.375000,12.375000,12.275000,12.300000,6.839497,31600
2001-06-07,12.325000,12.325000,12.225000,12.325000,6.853396,19000
2001-06-08,12.225000,12.300000,12.025000,12.050000,6.700482,50200
2001-06-11,12.025000,12.150000,12.025000,12.025000,6.686579,24800
2001-06-12,12.125000,12.425000,12.125000,12.425000,6.909004,27400
2001-06-13,12.375000,12.495000,12.300000,12.405000,6.897885,12200
2001-06-14,12.425000,12.675000,12.325000,12.550000,6.978514,40000
2001-06-15,12.625000,12.800000,12.625000,12.750000,7.089724,87200
2001-06-18,12.650000,12.650000,12.300000,12.300000,6.839497,49800
2001-06-19,12.325000,12.500000,12.325000,12.500000,6.950709,13800
2001-06-20,12.500000,12.775000,12.500000,12.775000,7.103625,34400
2001-06-21,12.750000,12.800000,12.575000,12.775000,7.103625,26200
2001-06-22,12.725000,12.775000,12.550000,12.550000,6.978514,8000
2001-06-25,12.450000,12.695000,12.200000,12.200000,6.783893,47200
2001-06-26,12.205000,12.600000,12.205000,12.600000,7.006314,24600
2001-06-27,12.625000,12.950000,12.625000,12.950000,7.200938,21000
2001-06-28,12.950000,12.950000,12.820000,12.950000,7.200938,35800
2001-06-29,12.950000,13.035000,12.675000,12.825000,7.131425,116000
2001-07-02,12.950000,12.950000,12.625000,12.650000,7.034119,19000
2001-07-03,12.725000,12.750000,12.625000,12.635000,7.025777,9400
2001-07-05,12.675000,13.000000,12.675000,12.875000,7.159232,25600
2001-07-06,12.975000,12.975000,12.650000,12.650000,7.034119,14600
2001-07-09,12.700000,12.760000,12.550000,12.700000,7.061920,16000
2001-07-10,12.625000,12.700000,12.550000,12.560000,6.984072,21600
2001-07-11,12.555000,12.560000,12.250000,12.350000,6.867302,24000
2001-07-12,12.425000,12.650000,12.375000,12.625000,7.020219,16200
2001-07-13,12.675000,12.860000,12.610000,12.625000,7.020219,13600
2001-07-16,12.625000,12.805000,12.625000,12.700000,7.061920,18800
2001-07-17,12.725000,12.825000,12.685000,12.825000,7.131425,23200
2001-07-18,12.845000,12.845000,12.625000,12.625000,7.020219,15200
2001-07-19,12.650000,12.650000,12.600000,12.625000,7.020219,11000
2001-07-20,12.725000,12.725000,12.675000,12.685000,7.053581,15800
2001-07-23,12.675000,12.675000,12.375000,12.375000,6.881200,13000
2001-07-24,12.400000,12.400000,12.000000,12.055000,6.703261,67000
2001-07-25,12.025000,12.175000,12.025000,12.175000,6.769991,20600
2001-07-26,12.200000,12.300000,12.200000,12.300000,6.839497,39000
2001-07-27,12.300000,12.300000,12.000000,12.130000,6.744969,43000
2001-07-30,12.000000,12.050000,11.950000,11.990000,6.744686,40200
2001-07-31,12.000000,12.075000,11.950000,11.975000,6.736249,51800
2001-08-01,12.000000,12.080000,11.980000,12.050000,6.778441,13200
2001-08-02,12.150000,12.175000,12.050000,12.060000,6.784064,33400
2001-08-03,12.050000,12.120000,12.000000,12.000000,6.750313,57200
2001-08-06,11.975000,12.110000,11.975000,11.975000,6.736249,22200
2001-08-07,12.000000,12.000000,11.850000,11.980000,6.739062,47600
2001-08-08,12.025000,12.175000,11.885000,11.885000,6.685621,27800
2001-08-09,11.900000,11.910000,11.835000,11.890000,6.688435,20800
2001-08-10,11.890000,12.005000,11.830000,12.000000,6.750313,28600
2001-08-13,12.000000,12.100000,11.950000,12.025000,6.764378,74400
2001-08-14,12.050000,12.120000,12.000000,12.000000,6.750313,43400
2001-08-15,12.060000,12.295000,12.060000,12.275000,6.905005,28400
2001-08-16,12.275000,12.600000,12.225000,12.600000,7.087829,41800
2001-08-17,12.525000,12.750000,12.515000,12.625000,7.101890,39200
2001-08-20,12.525000,12.825000,12.515000,12.775000,7.186267,27600
2001-08-21,12.775000,12.775000,12.625000,12.625000,7.101890,18800
2001-08-22,12.650000,12.830000,12.600000,12.830000,7.217210,15000
2001-08-23,12.850000,12.860000,12.725000,12.725000,7.158142,39800
2001-08-24,12.775000,12.860000,12.745000,12.825000,7.214397,28400
2001-08-27,12.850000,13.225000,12.850000,13.100000,7.369091,29000
2001-08-28,13.200000,13.250000,13.130000,13.130000,7.385970,32000
2001-08-29,13.175000,13.215000,13.005000,13.200000,7.425344,25200
2001-08-30,13.250000,13.250000,12.870000,12.900000,7.256584,26600
2001-08-31,12.850000,13.200000,12.850000,13.000000,7.312840,21200
2001-09-04,13.000000,13.225000,13.000000,13.105000,7.371901,14600
2001-09-05,13.075000,13.230000,13.055000,13.130000,7.385970,9800
2001-09-06,13.025000,13.025000,12.800000,12.900000,7.256584,29000
2001-09-07,12.950000,12.950000,12.575000,12.575000,7.073769,21200
2001-09-10,12.585000,12.625000,12.175000,12.300000,6.919072,44600
2001-09-17,12.250000,13.385000,12.250000,12.800000,7.200333,133200
2001-09-18,12.845000,13.225000,12.800000,13.200000,7.425344,42400
2001-09-19,13.300000,13.720000,13.150000,13.400000,7.537848,95000
2001-09-20,13.400000,13.700000,12.450000,12.465000,7.011889,94200
2001-09-21,12.000000,12.475000,12.000000,12.475000,7.017511,65600
2001-09-24,12.500000,13.200000,12.255000,13.200000,7.425344,44600
2001-09-25,13.450000,13.500000,13.150000,13.450000,7.565975,41800
2001-09-26,13.500000,13.500000,13.250000,13.450000,7.565975,45600
2001-09-27,13.450000,13.495000,13.075000,13.475000,7.580037,27000
2001-09-28,13.500000,13.575000,13.350000,13.500000,7.594102,39400
2001-10-01,13.550000,13.550000,13.100000,13.105000,7.371901,13000
2001-10-02,13.230000,13.230000,12.925000,13.175000,7.411280,28600
2001-10-03,13.200000,13.500000,13.200000,13.425000,7.551910,16400
2001-10-04,13.500000,13.550000,13.150000,13.225000,7.439404,25400
2001-10-05,13.150000,13.400000,13.050000,13.300000,7.481596,20000
2001-10-08,13.350000,13.675000,13.225000,13.675000,7.692544,41000
2001-10-09,13.650000,13.650000,13.200000,13.250000,7.453468,71800
2001-10-10,13.255000,13.400000,13.200000,13.400000,7.537848,24800
2001-10-11,13.400000,13.500000,13.250000,13.270000,7.464718,20400
2001-10-12,13.300000,13.495000,13.300000,13.400000,7.537848,26800
2001-10-15,13.350000,13.500000,13.320000,13.500000,7.594102,27200
2001-10-16,13.500000,13.700000,13.485000,13.700000,7.706607,27800
2001-10-17,13.650000,13.875000,13.650000,13.750000,7.734732,27800
2001-10-18,13.785000,13.815000,13.520000,13.535000,7.613787,23000
2001-10-19,13.500000,13.500000,13.280000,13.490000,7.588478,13200
2001-10-22,13.490000,13.550000,13.470000,13.550000,7.622225,23800
2001-10-23,13.450000,13.475000,13.375000,13.445000,7.563162,13400
2001-10-24,13.430000,13.490000,13.285000,13.290000,7.475968,32200
2001-10-25,13.290000,13.425000,13.200000,13.330000,7.498473,21200
2001-10-26,13.325000,13.450000,13.285000,13.310000,7.487222,15400
2001-10-29,13.410000,13.410000,13.175000,13.175000,7.411280,17200
2001-10-30,12.925000,12.925000,12.750000,12.800000,7.277107,17400
2001-10-31,12.750000,12.950000,12.605000,12.630000,7.180460,31400
2001-11-01,12.700000,12.905000,12.625000,12.900000,7.333959,19200
2001-11-02,13.200000,13.300000,13.150000,13.150000,7.476088,18200
2001-11-05,13.225000,13.245000,12.900000,12.950000,7.362385,13000
2001-11-06,12.875000,12.925000,12.705000,12.925000,7.348175,49800
2001-11-07,12.825000,13.120000,12.700000,12.700000,7.220256,30400
2001-11-08,12.700000,12.855000,12.550000,12.550000,7.134977,19200
2001-11-09,12.550000,12.660000,12.000000,12.000000,6.822289,60000
2001-11-12,12.050000,12.250000,12.050000,12.200000,6.935994,38600
2001-11-13,12.250000,12.500000,12.250000,12.500000,7.106553,32600
2001-11-14,12.625000,12.975000,12.625000,12.975000,7.376599,32800
2001-11-15,13.000000,13.200000,12.950000,13.035000,7.410712,26400
2001-11-16,13.100000,13.280000,13.050000,13.220000,7.515891,22000
2001-11-19,13.275000,13.275000,12.680000,12.850000,7.305534,46000
2001-11-20,12.900000,13.375000,12.900000,13.375000,7.604010,27200
2001-11-21,13.425000,13.425000,13.265000,13.275000,7.547158,10600
2001-11-23,13.310000,13.400000,13.310000,13.400000,7.618221,8200
2001-11-26,13.375000,13.500000,13.350000,13.500000,7.675073,9200
2001-11-27,13.500000,13.500000,13.400000,13.400000,7.618221,11400
2001-11-28,13.475000,13.475000,13.250000,13.250000,7.532942,13600
2001-11-29,13.250000,13.750000,13.150000,13.750000,7.817203,21200
2001-11-30,13.625000,13.650000,13.250000,13.250000,7.532942,47000
2001-12-03,13.275000,13.275000,13.100000,13.225000,7.518728,21000
2001-12-04,13.225000,13.460000,13.225000,13.460000,7.652333,20400
2001-12-05,13.475000,13.500000,13.400000,13.445000,7.643807,16400
2001-12-06,13.400000,13.400000,13.150000,13.350000,7.589798,29400
2001-12-07,13.275000,13.675000,13.250000,13.385000,7.609696,48600
2001-12-10,13.300000,13.300000,12.635000,12.675000,7.206044,32000
2001-12-11,12.550000,12.775000,12.500000,12.625000,7.177616,29200
2001-12-12,12.575000,12.575000,12.350000,12.475000,7.092339,29400
2001-12-13,12.450000,12.450000,12.300000,12.300000,6.992848,23000
2001-12-14,12.250000,12.585000,12.250000,12.585000,7.154875,21600
2001-12-17,12.625000,12.950000,12.550000,12.950000,7.362385,40800
2001-12-18,13.000000,13.100000,12.750000,13.000000,7.390815,39800
2001-12-19,13.050000,13.125000,12.850000,12.850000,7.305534,30000
2001-12-20,12.875000,12.950000,12.700000,12.750000,7.248684,25800
2001-12-21,12.755000,13.000000,12.650000,13.000000,7.390815,68000
2001-12-24,12.875000,13.000000,12.800000,12.925000,7.348175,22800
2001-12-26,13.000000,13.150000,12.850000,12.925000,7.348175,19400
2001-12-27,12.875000,13.170000,12.765000,13.000000,7.390815,41200
2001-12-28,13.000000,13.080000,12.665000,12.710000,7.225941,42200
2001-12-31,12.710000,13.075000,12.625000,12.875000,7.319747,34200
2002-01-02,12.875000,12.875000,12.130000,12.575000,7.149193,88000
2002-01-03,12.700000,12.860000,12.500000,12.800000,7.277107,39800
2002-01-04,12.820000,12.890000,12.625000,12.890000,7.328277,38000
2002-01-07,12.925000,12.925000,12.350000,12.350000,7.021275,31200
2002-01-08,12.375000,12.700000,12.300000,12.700000,7.220256,69600
2002-01-09,12.700000,12.725000,12.385000,12.500000,7.106553,29800
2002-01-10,12.505000,12.505000,12.405000,12.485000,7.098023,28200
2002-01-11,12.500000,12.525000,12.375000,12.375000,7.035488,32200
2002-01-14,12.400000,12.445000,12.275000,12.275000,6.978633,28400
2002-01-15,12.250000,12.420000,12.225000,12.320000,7.004216,41000
2002-01-16,12.375000,12.375000,12.025000,12.025000,6.836504,30000
2002-01-17,12.030000,12.250000,12.030000,12.205000,6.938835,40000
2002-01-18,12.000000,12.210000,11.900000,11.900000,6.765437,74400
2002-01-22,12.000000,12.025000,11.600000,11.600000,6.594881,93600
2002-01-23,11.585000,11.785000,11.500000,11.750000,6.680159,70400
2002-01-24,11.850000,12.000000,11.775000,11.880000,6.754066,27200
2002-01-25,12.000000,12.000000,11.680000,11.755000,6.683001,46200
2002-01-28,11.875000,11.925000,11.505000,11.625000,6.609094,63200
2002-01-29,11.700000,11.965000,11.700000,11.800000,6.708585,36800
2002-01-30,11.875000,12.100000,11.750000,12.100000,6.879144,48600
2002-01-31,12.225000,12.225000,12.015000,12.140000,6.901882,26400
2002-02-01,12.225000,12.350000,12.060000,12.060000,6.856400,20800
2002-02-04,12.050000,12.050000,11.970000,12.015000,6.830817,25400
2002-02-05,12.050000,12.220000,11.925000,12.150000,6.907568,22600
2002-02-06,12.050000,12.075000,11.815000,11.950000,6.873059,30000
2002-02-07,12.000000,12.025000,11.700000,11.700000,6.729273,19400
2002-02-08,11.650000,12.110000,11.635000,12.110000,6.965084,17400
2002-02-11,12.000000,12.220000,12.000000,12.150000,6.988089,24800
2002-02-12,12.250000,12.395000,12.210000,12.355000,7.105995,15800
2002-02-13,12.355000,12.355000,12.000000,12.350000,7.103121,29600
2002-02-14,12.370000,12.450000,12.075000,12.075000,6.944953,21200
2002-02-15,12.150000,12.395000,12.050000,12.315000,7.082986,12200
2002-02-19,12.350000,12.400000,12.015000,12.100000,6.959333,29200
2002-02-20,12.150000,12.375000,11.880000,12.375000,7.117500,39800
2002-02-21,12.375000,12.375000,11.865000,11.865000,6.824169,53200
2002-02-22,11.765000,12.250000,11.765000,12.250000,7.045606,52400
2002-02-25,12.325000,12.345000,12.250000,12.325000,7.088739,36600
2002-02-26,12.300000,12.305000,12.165000,12.250000,7.045606,11600
2002-02-27,12.300000,12.390000,12.280000,12.320000,7.085863,46800
2002-02-28,12.350000,12.400000,12.330000,12.365000,7.111746,33800
2002-03-01,12.395000,12.430000,12.350000,12.430000,7.149129,26800
2002-03-04,12.430000,12.450000,12.225000,12.300000,7.074363,39000
2002-03-05,12.225000,12.525000,12.215000,12.515000,7.198019,30400
2002-03-06,12.550000,12.635000,12.450000,12.515000,7.198019,28600
2002-03-07,12.540000,12.725000,12.525000,12.625000,7.261284,21400
2002-03-08,12.700000,12.700000,12.565000,12.700000,7.304423,24000
2002-03-11,12.625000,12.775000,12.470000,12.700000,7.304423,26800
2002-03-12,12.725000,12.770000,12.525000,12.725000,7.318800,26000
2002-03-13,12.775000,12.785000,12.600000,12.625000,7.261284,16000
2002-03-14,12.625000,12.825000,12.625000,12.825000,7.376316,22800
2002-03-15,12.675000,12.840000,12.665000,12.750000,7.333182,34800
2002-03-18,12.775000,13.000000,12.725000,12.990000,7.471214,25800
2002-03-19,12.975000,12.995000,12.900000,12.985000,7.468341,10400
2002-03-20,13.000000,13.070000,12.900000,12.900000,7.419450,17800
2002-03-21,12.925000,13.100000,12.925000,13.100000,7.534485,21000
2002-03-22,13.050000,13.195000,13.010000,13.125000,7.548862,29600
2002-03-25,13.075000,13.155000,13.005000,13.025000,7.491348,10000
2002-03-26,13.000000,13.000000,12.675000,12.900000,7.419450,33400
2002-03-27,12.975000,13.175000,12.975000,13.125000,7.548862,21000
2002-03-28,13.175000,13.185000,12.800000,12.800000,7.361936,24200
2002-04-01,12.750000,12.750000,12.500000,12.505000,7.192270,31000
2002-04-02,12.400000,12.495000,12.250000,12.250000,7.045606,44000
2002-04-03,12.255000,12.320000,11.875000,11.875000,6.829924,106400
2002-04-04,11.550000,11.970000,11.550000,11.725000,6.743651,112600
2002-04-05,11.825000,11.945000,11.575000,11.700000,6.729273,61800
2002-04-08,11.815000,11.815000,11.590000,11.700000,6.729273,110800
2002-04-09,11.700000,12.200000,11.695000,12.200000,7.016847,85000
2002-04-10,12.205000,12.400000,12.125000,12.400000,7.131878,70200
2002-04-11,12.400000,12.650000,12.350000,12.350000,7.103121,66600
2002-04-12,12.350000,12.950000,12.350000,12.950000,7.448209,77600
2002-04-15,13.075000,13.095000,12.900000,13.000000,7.476970,66800
2002-04-16,13.075000,13.275000,13.075000,13.275000,7.635135,55600
2002-04-17,13.375000,13.385000,13.290000,13.345000,7.675394,46000
2002-04-18,13.075000,13.150000,12.775000,13.150000,7.563237,52600
2002-04-19,13.225000,13.445000,13.175000,13.345000,7.675394,38000
2002-04-22,13.275000,13.335000,13.080000,13.150000,7.563237,33200
2002-04-23,13.100000,13.175000,12.750000,13.075000,7.520103,29600
2002-04-24,13.250000,13.300000,12.880000,12.975000,7.462588,82400
2002-04-25,13.050000,13.145000,12.700000,13.075000,7.520103,52400
2002-04-26,13.075000,13.200000,12.940000,12.940000,7.442455,29000
2002-04-29,12.950000,12.950000,12.615000,12.620000,7.258409,58800
2002-04-30,12.650000,12.650000,12.325000,12.450000,7.160635,135800
2002-05-01,12.485000,12.500000,12.450000,12.500000,7.189394,70800
2002-05-02,12.450000,12.500000,12.400000,12.500000,7.270826,63400
2002-05-03,12.500000,12.500000,12.360000,12.425000,7.227201,65200
2002-05-06,12.500000,12.520000,12.260000,12.300000,7.154493,191400
2002-05-07,12.300000,12.450000,12.125000,12.250000,7.125411,63200
2002-05-08,12.350000,12.375000,12.275000,12.370000,7.195206,34600
2002-05-09,12.370000,12.435000,12.250000,12.250000,7.125411,44400
2002-05-10,12.250000,12.250000,12.125000,12.200000,7.096327,43800
2002-05-13,12.275000,12.550000,12.150000,12.550000,7.299909,30800
2002-05-14,12.550000,12.550000,12.165000,12.225000,7.110866,52600
2002-05-15,12.275000,12.275000,12.200000,12.240000,7.119592,30400
2002-05-16,12.240000,12.250000,12.135000,12.210000,7.102142,29400
2002-05-17,12.225000,12.250000,12.140000,12.235000,7.116685,40200
2002-05-20,12.240000,12.250000,12.130000,12.135000,7.058519,48200
2002-05-21,12.200000,12.425000,12.060000,12.060000,7.014891,60400
2002-05-22,12.110000,12.195000,12.100000,12.130000,7.055609,27200
2002-05-23,12.105000,12.250000,12.100000,12.250000,7.125411,54200
2002-05-24,12.250000,12.250000,12.090000,12.090000,7.032343,36800
2002-05-28,12.025000,12.125000,11.875000,12.045000,7.006166,61400
2002-05-29,12.145000,12.145000,11.945000,12.050000,7.009079,38200
2002-05-30,12.075000,12.250000,12.055000,12.220000,7.107957,23000
2002-05-31,12.250000,12.250000,11.950000,11.950000,6.950909,35200
2002-06-03,12.050000,12.050000,11.785000,11.785000,6.854935,55800
2002-06-04,11.850000,12.100000,11.825000,12.075000,7.023617,33800
2002-06-05,12.125000,12.260000,12.050000,12.260000,7.131223,42200
2002-06-06,12.210000,12.430000,12.050000,12.310000,7.160311,50600
2002-06-07,12.250000,12.250000,12.025000,12.160000,7.073058,20000
2002-06-10,12.210000,12.345000,12.210000,12.230000,7.113771,16800
2002-06-11,12.280000,12.280000,12.005000,12.020000,6.991626,17800
2002-06-12,12.075000,12.075000,11.850000,11.855000,6.895652,36400
2002-06-13,11.855000,11.925000,11.755000,11.805000,6.866568,49400
2002-06-14,11.780000,11.920000,11.640000,11.900000,6.921826,47000
2002-06-17,11.925000,12.280000,11.825000,12.250000,7.125411,31600
2002-06-18,12.250000,12.250000,11.925000,12.175000,7.081782,29600
2002-06-19,12.240000,12.425000,11.910000,11.925000,6.936368,48000
2002-06-20,11.875000,11.945000,11.785000,11.850000,6.892741,45800
2002-06-21,11.850000,12.000000,11.780000,12.000000,6.979992,41800
2002-06-24,12.025000,12.365000,12.000000,12.305000,7.157403,40600
2002-06-25,12.430000,12.500000,12.025000,12.100000,7.038161,46800
2002-06-26,12.145000,12.370000,12.000000,12.350000,7.183578,53400
2002-06-27,12.375000,12.460000,12.255000,12.335000,7.174851,38000
2002-06-28,12.275000,12.600000,12.000000,12.600000,7.328992,123600
2002-07-01,12.525000,12.850000,12.450000,12.825000,7.459867,60000
2002-07-02,12.815000,12.815000,12.440000,12.450000,7.241743,38000
2002-07-03,12.275000,12.275000,12.000000,12.100000,7.038161,38400
2002-07-05,12.150000,12.225000,12.075000,12.150000,7.067242,16000
2002-07-08,12.250000,12.250000,11.950000,11.950000,6.950909,33200
2002-07-09,12.000000,12.195000,12.000000,12.060000,7.014891,15400
2002-07-10,12.000000,12.245000,11.960000,12.100000,7.038161,55400
2002-07-11,12.040000,12.045000,11.850000,11.950000,6.950909,39200
2002-07-12,11.975000,11.975000,11.775000,11.800000,6.863659,44800
2002-07-15,11.750000,11.925000,11.455000,11.925000,6.936368,45600
2002-07-16,11.975000,12.100000,11.845000,11.865000,6.901466,33400
2002-07-17,12.065000,12.100000,11.925000,12.025000,6.994534,38000
2002-07-18,12.025000,12.075000,11.650000,11.650000,6.776409,32200
2002-07-19,11.655000,11.670000,11.275000,11.425000,6.645533,79200
2002-07-22,11.275000,11.450000,11.015000,11.450000,6.660078,52200
2002-07-23,11.500000,11.500000,10.740000,10.800000,6.281992,89600
2002-07-24,10.300000,10.980000,10.225000,10.980000,6.386692,95000
2002-07-25,11.050000,11.350000,10.950000,11.210000,6.520477,39400
2002-07-26,11.110000,11.800000,11.110000,11.800000,6.863659,38400
2002-07-29,11.750000,12.095000,11.750000,12.095000,7.035251,49200
2002-07-30,12.090000,12.265000,12.075000,12.175000,7.081782,44200
2002-07-31,12.050000,12.325000,12.050000,12.125000,7.052701,42000
2002-08-01,12.035000,12.220000,11.975000,12.125000,7.135085,17600
2002-08-02,12.130000,12.225000,11.975000,11.975000,7.046817,35800
2002-08-05,12.075000,12.245000,12.055000,12.100000,7.120375,36000
2002-08-06,12.130000,12.325000,12.110000,12.225000,7.193930,35200
2002-08-07,12.300000,12.375000,12.185000,12.350000,7.267491,76400
2002-08-08,12.425000,12.650000,12.425000,12.650000,7.444029,42000
2002-08-09,12.675000,12.800000,12.600000,12.675000,7.458740,52400
2002-08-12,12.750000,12.780000,12.650000,12.750000,7.502875,47600
2002-08-13,12.765000,12.825000,12.555000,12.555000,7.388124,37200
2002-08-14,12.560000,12.965000,12.500000,12.965000,7.629390,37400
2002-08-15,12.995000,12.995000,12.770000,12.910000,7.597024,47800
2002-08-16,12.875000,12.975000,12.830000,12.975000,7.635275,35000
2002-08-19,13.000000,13.175000,12.960000,13.030000,7.667642,49800
2002-08-20,13.030000,13.275000,13.000000,13.000000,7.649990,54400
2002-08-21,13.050000,13.225000,13.050000,13.225000,7.782388,26800
2002-08-22,13.225000,13.240000,13.055000,13.195000,7.764737,26200
2002-08-23,13.145000,13.250000,13.050000,13.110000,7.714719,41000
2002-08-26,13.150000,13.215000,12.980000,13.125000,7.723545,43800
2002-08-27,13.150000,13.180000,12.500000,12.500000,7.355759,67800
2002-08-28,12.500000,12.575000,12.255000,12.255000,7.211584,35600
2002-08-29,12.260000,12.700000,12.260000,12.650000,7.444029,55600
2002-08-30,12.675000,12.950000,12.590000,12.650000,7.444029,41000
2002-09-03,12.625000,12.625000,12.300000,12.300000,7.238067,23400
2002-09-04,12.250000,12.875000,12.250000,12.875000,7.576430,53600
2002-09-05,12.900000,12.905000,12.700000,12.785000,7.523468,43200
2002-09-06,12.800000,12.800000,12.605000,12.650000,7.444029,28600
2002-09-09,12.600000,12.605000,12.250000,12.425000,7.311624,45600
2002-09-10,12.425000,12.515000,12.325000,12.325000,7.252776,88800
2002-09-11,12.375000,12.470000,12.375000,12.460000,7.332217,18800
2002-09-12,12.460000,12.490000,12.200000,12.200000,7.179220,26000
2002-09-13,12.200000,12.325000,12.175000,12.270000,7.220413,25200
2002-09-16,12.200000,12.330000,12.155000,12.225000,7.193930,23200
2002-09-17,12.250000,12.250000,12.000000,12.050000,7.090953,48600
2002-09-18,12.150000,12.345000,12.100000,12.245000,7.205700,29800
2002-09-19,12.250000,12.290000,12.000000,12.000000,7.061526,42000
2002-09-20,12.070000,12.150000,12.000000,12.070000,7.102719,62000
2002-09-23,12.025000,12.065000,11.675000,11.685000,6.876160,55000
2002-09-24,11.750000,11.880000,11.650000,11.875000,6.987972,50000
2002-09-25,11.950000,12.130000,11.950000,12.050000,7.090953,42800
2002-09-26,12.075000,12.585000,12.025000,12.585000,7.405776,23800
2002-09-27,12.525000,12.615000,12.375000,12.425000,7.311624,36200
2002-09-30,12.350000,12.765000,12.330000,12.765000,7.511697,46200
2002-10-01,12.765000,12.850000,12.700000,12.800000,7.532295,61000
2002-10-02,12.825000,12.870000,12.575000,12.575000,7.399895,48200
2002-10-03,12.610000,12.775000,12.600000,12.775000,7.517585,34200
2002-10-04,12.750000,12.750000,12.500000,12.525000,7.370470,30400
2002-10-07,12.650000,12.765000,12.420000,12.445000,7.323390,34000
2002-10-08,12.495000,12.525000,12.325000,12.445000,7.323390,32200
2002-10-09,12.475000,12.570000,12.200000,12.200000,7.179220,30000
2002-10-10,12.210000,12.345000,12.175000,12.345000,7.264547,31400
2002-10-11,12.345000,12.345000,12.200000,12.250000,7.208644,43400
2002-10-14,12.225000,12.295000,12.170000,12.225000,7.193930,30200
2002-10-15,12.175000,12.300000,12.175000,12.295000,7.235122,39400
2002-10-16,12.295000,12.295000,12.025000,12.050000,7.090953,24800
2002-10-17,12.125000,12.150000,12.000000,12.150000,7.149796,22400
2002-10-18,12.200000,12.295000,12.200000,12.245000,7.205700,18000
2002-10-21,12.295000,12.295000,12.250000,12.265000,7.217468,19200
2002-10-22,12.295000,12.295000,12.065000,12.125000,7.135085,21800
2002-10-23,12.075000,12.360000,12.075000,12.295000,7.235122,42600
2002-10-24,12.345000,12.390000,12.175000,12.195000,7.176276,27800
2002-10-25,12.245000,12.315000,12.100000,12.315000,7.246889,30600
2002-10-28,12.350000,12.415000,12.150000,12.175000,7.164506,34400
2002-10-29,12.210000,12.350000,12.190000,12.350000,7.267491,23200
2002-10-30,12.310000,12.550000,12.275000,12.545000,7.382237,169000
2002-10-31,12.440000,12.540000,12.325000,12.430000,7.397114,38600
2002-11-01,12.450000,12.745000,12.400000,12.725000,7.572671,36200
2002-11-04,12.750000,12.795000,12.610000,12.700000,7.557794,40400
2002-11-05,12.700000,12.800000,12.575000,12.700000,7.557794,28400
2002-11-06,12.775000,12.940000,12.655000,12.850000,7.647058,40200
2002-11-07,12.900000,12.900000,12.690000,12.700000,7.557794,30200
2002-11-08,12.735000,12.850000,12.555000,12.595000,7.495309,38600
2002-11-11,12.595000,12.660000,12.250000,12.395000,7.376289,22600
2002-11-12,12.475000,12.570000,12.350000,12.425000,7.394142,22600
2002-11-13,12.425000,12.825000,12.425000,12.525000,7.453651,36200
2002-11-14,12.575000,12.845000,12.525000,12.750000,7.587551,27400
2002-11-15,12.800000,12.850000,12.660000,12.695000,7.554819,27600
2002-11-18,12.725000,12.775000,12.485000,12.660000,7.533990,36000
2002-11-19,12.675000,12.875000,12.640000,12.775000,7.602427,37000
2002-11-20,12.750000,12.925000,12.750000,12.925000,7.691692,31400
2002-11-21,12.970000,13.000000,12.915000,12.975000,7.721444,118000
2002-11-22,12.950000,12.950000,12.810000,12.900000,7.676812,24800
2002-11-25,12.900000,12.975000,12.820000,12.925000,7.691692,27200
2002-11-26,12.910000,12.940000,12.250000,12.380000,7.367362,52800
2002-11-27,12.410000,12.750000,12.400000,12.690000,7.551843,43600
2002-11-29,12.655000,12.860000,12.625000,12.800000,7.617303,21400
2002-12-02,12.850000,12.900000,12.750000,12.880000,7.664915,18400
2002-12-03,12.850000,12.850000,12.680000,12.700000,7.557794,27200
2002-12-04,12.735000,12.740000,12.565000,12.575000,7.483409,20600
2002-12-05,12.675000,12.675000,12.550000,12.590000,7.492332,30200
2002-12-06,12.580000,12.735000,12.545000,12.700000,7.557794,20200
2002-12-09,12.650000,12.710000,12.550000,12.600000,7.498284,26800
2002-12-10,12.550000,12.605000,12.425000,12.425000,7.394142,137800
2002-12-11,12.450000,12.525000,12.255000,12.275000,7.304874,105600
2002-12-12,12.275000,12.365000,12.210000,12.325000,7.334629,41600
2002-12-13,12.250000,12.250000,12.005000,12.025000,7.156101,67000
2002-12-16,12.060000,12.200000,12.060000,12.150000,7.230487,34800
2002-12-17,12.175000,12.300000,12.105000,12.105000,7.203706,46000
2002-12-18,12.130000,12.200000,12.130000,12.175000,7.245364,32200
2002-12-19,12.200000,12.225000,11.900000,11.900000,7.081713,65400
2002-12-20,11.940000,12.000000,11.940000,11.995000,7.138246,62600
2002-12-23,12.050000,12.160000,12.000000,12.000000,7.141222,54200
2002-12-24,12.000000,12.140000,11.995000,12.115000,7.209661,14600
2002-12-26,12.140000,12.190000,11.905000,12.000000,7.141222,46600
2002-12-27,12.000000,12.125000,11.880000,11.880000,7.069810,44200
2002-12-30,11.950000,12.100000,11.950000,12.090000,7.194781,38400
2002-12-31,12.090000,12.100000,11.825000,11.825000,7.037078,46200
2003-01-02,11.900000,12.050000,11.840000,12.050000,7.170980,47600
2003-01-03,12.000000,12.000000,11.900000,11.960000,7.117419,26400
2003-01-06,11.970000,12.400000,11.970000,12.385000,7.370336,40200
2003-01-07,12.385000,12.405000,12.255000,12.405000,7.382236,42400
2003-01-08,12.425000,12.600000,12.360000,12.410000,7.385213,49800
2003-01-09,12.425000,12.540000,12.390000,12.520000,7.450679,31800
2003-01-10,12.550000,12.575000,12.400000,12.425000,7.394142,33000
2003-01-13,12.475000,12.775000,12.390000,12.600000,7.498284,60000
2003-01-14,12.675000,12.800000,12.665000,12.790000,7.611352,41000
2003-01-15,12.800000,12.800000,12.550000,12.675000,7.542917,71600
2003-01-16,12.800000,12.815000,12.675000,12.715000,7.566719,46000
2003-01-17,12.800000,12.800000,12.675000,12.700000,7.557794,95600
2003-01-21,12.900000,12.925000,12.705000,12.755000,7.590523,55800
2003-01-22,12.845000,12.875000,12.750000,12.800000,7.617303,53800
2003-01-23,12.800000,12.845000,12.720000,12.720000,7.569695,33000
2003-01-24,12.775000,12.775000,12.325000,12.325000,7.334629,40400
2003-01-27,12.275000,12.500000,12.100000,12.100000,7.200734,29000
2003-01-28,12.125000,12.325000,12.110000,12.325000,7.334629,47800
2003-01-29,12.325000,12.325000,12.075000,12.310000,7.325706,39000
2003-01-30,12.325000,12.325000,12.060000,12.065000,7.179902,57800
2003-01-31,12.100000,12.200000,12.000000,12.175000,7.245364,52600
2003-02-03,12.225000,12.320000,12.200000,12.270000,7.301900,24200
2003-02-04,12.225000,12.350000,12.210000,12.300000,7.319754,34800
2003-02-05,12.200000,12.300000,12.130000,12.205000,7.347145,29800
2003-02-06,12.300000,12.300000,12.125000,12.150000,7.314033,27000
2003-02-07,12.125000,12.250000,12.085000,12.085000,7.274906,40200
2003-02-10,12.105000,12.155000,12.015000,12.155000,7.317040,26200
2003-02-11,12.200000,12.275000,12.060000,12.150000,7.314033,44200
2003-02-12,12.200000,12.320000,12.110000,12.110000,7.289955,57400
2003-02-13,12.150000,12.245000,12.125000,12.190000,7.338112,30000
2003-02-14,12.240000,12.245000,12.150000,12.205000,7.347145,32800
2003-02-18,12.245000,12.300000,12.150000,12.250000,7.374234,50400
2003-02-19,12.250000,12.250000,12.055000,12.055000,7.256845,37000
2003-02-20,12.050000,12.145000,12.050000,12.105000,7.286943,23000
2003-02-21,12.125000,12.255000,12.125000,12.245000,7.371222,41000
2003-02-24,12.245000,12.250000,12.100000,12.105000,7.286943,34800
2003-02-25,12.175000,12.710000,12.175000,12.680000,7.633082,40200
2003-02-26,12.625000,12.650000,12.505000,12.550000,7.554826,31400
2003-02-27,12.600000,12.800000,12.585000,12.735000,7.666195,32600
2003-02-28,12.825000,12.835000,12.675000,12.705000,7.648131,41600
2003-03-03,12.755000,12.800000,12.500000,12.525000,7.539773,45600
2003-03-04,12.575000,12.575000,12.325000,12.375000,7.449478,38600
2003-03-05,12.410000,12.550000,12.350000,12.550000,7.554826,35400
2003-03-06,12.600000,12.625000,12.400000,12.450000,7.494628,35000
2003-03-07,12.500000,12.520000,12.450000,12.500000,7.524727,20000
2003-03-10,12.550000,12.550000,12.400000,12.400000,7.464529,30600
2003-03-11,12.375000,12.550000,12.350000,12.540000,7.548806,28800
2003-03-12,12.575000,12.575000,12.400000,12.445000,7.491617,13400
2003-03-13,12.475000,12.535000,12.450000,12.535000,7.545794,25800
2003-03-14,12.545000,12.585000,12.450000,12.575000,7.569874,23800
2003-03-17,12.650000,12.825000,12.650000,12.805000,7.708327,40600
2003-03-18,12.805000,12.810000,12.700000,12.805000,7.708327,33400
2003-03-19,12.805000,12.845000,12.775000,12.840000,7.729400,34400
2003-03-20,12.840000,13.000000,12.750000,13.000000,7.825716,32800
2003-03-21,13.050000,13.175000,12.950000,13.135000,7.906983,44400
2003-03-24,13.175000,13.175000,12.800000,12.825000,7.720370,32600
2003-03-25,12.850000,13.075000,12.850000,13.050000,7.855814,54400
2003-03-26,13.100000,13.100000,12.750000,12.750000,7.675225,27200
2003-03-27,12.825000,13.050000,12.790000,13.050000,7.855814,27000
2003-03-28,13.050000,13.050000,12.800000,12.900000,7.765516,27400
2003-03-31,12.950000,13.040000,12.855000,12.875000,7.750471,27400
2003-04-01,12.875000,12.895000,12.550000,12.895000,7.762506,68000
2003-04-02,12.945000,13.070000,12.935000,13.030000,7.843778,27200
2003-04-03,13.060000,13.110000,12.825000,12.830000,7.723381,34400
2003-04-04,12.850000,13.015000,12.850000,12.940000,7.789595,26800
2003-04-07,13.000000,13.200000,12.900000,12.950000,7.795618,34400
2003-04-08,12.975000,13.140000,12.975000,13.100000,7.885911,58000
2003-04-09,13.050000,13.240000,13.050000,13.150000,7.916006,45000
2003-04-10,13.200000,13.215000,13.150000,13.200000,7.946111,26600
2003-04-11,13.225000,13.225000,13.090000,13.090000,7.879892,23800
2003-04-14,13.125000,13.125000,13.035000,13.105000,7.888924,22200
2003-04-15,13.075000,13.150000,13.030000,13.135000,7.906983,52600
2003-04-16,13.185000,13.225000,13.140000,13.145000,7.913001,27400
2003-04-17,13.200000,13.250000,13.130000,13.240000,7.970193,39800
2003-04-21,13.250000,13.400000,13.250000,13.350000,8.036407,39600
2003-04-22,13.370000,13.675000,13.335000,13.675000,8.232050,43000
2003-04-23,13.700000,13.745000,13.520000,13.625000,8.201949,34800
2003-04-24,13.625000,13.640000,13.400000,13.450000,8.096601,59600
2003-04-25,13.575000,13.575000,13.435000,13.540000,8.150784,21600
2003-04-28,13.600000,13.740000,13.580000,13.710000,8.253117,28000
2003-04-29,13.740000,13.795000,13.625000,13.625000,8.201949,36200
2003-04-30,13.515000,13.700000,13.500000,13.675000,8.317513,35000
2003-05-01,13.700000,13.700000,13.550000,13.650000,8.302309,20800
2003-05-02,13.725000,13.800000,13.550000,13.585000,8.262774,40000
2003-05-05,13.550000,13.565000,13.365000,13.375000,8.135046,29800
2003-05-06,13.390000,13.525000,13.390000,13.450000,8.180664,30400
2003-05-07,13.450000,13.450000,13.100000,13.200000,8.028607,46600
2003-05-08,13.240000,13.265000,13.165000,13.165000,8.007317,18200
2003-05-09,13.125000,13.165000,13.050000,13.165000,8.007317,40600
2003-05-12,13.215000,13.335000,13.100000,13.325000,8.104637,43400
2003-05-13,13.500000,13.535000,13.465000,13.500000,8.211078,31000
2003-05-14,13.575000,13.615000,13.505000,13.505000,8.214116,34800
2003-05-15,13.625000,13.725000,13.550000,13.650000,8.302309,32600
2003-05-16,13.695000,13.940000,13.675000,13.875000,8.439160,46600
2003-05-19,13.975000,14.090000,13.755000,13.755000,8.366175,48600
2003-05-20,13.725000,13.950000,13.725000,13.850000,8.423954,29200
2003-05-21,13.975000,13.975000,13.875000,13.900000,8.454365,31200
2003-05-22,13.950000,14.000000,13.875000,13.955000,8.487820,34600
2003-05-23,13.995000,14.070000,13.915000,13.990000,8.509108,40200
2003-05-27,14.065000,14.310000,14.035000,14.300000,8.697658,61200
2003-05-28,14.250000,14.425000,14.175000,14.200000,8.636836,34200
2003-05-29,14.275000,14.350000,14.230000,14.295000,8.694615,61600
2003-05-30,14.250000,14.425000,14.100000,14.100000,8.576010,68600
2003-06-02,14.125000,14.300000,14.100000,14.250000,8.667247,47400
2003-06-03,14.300000,14.470000,14.235000,14.470000,8.801056,47800
2003-06-04,14.470000,14.590000,14.425000,14.590000,8.874042,33200
2003-06-05,14.650000,14.750000,14.585000,14.660000,8.916619,42800
2003-06-06,14.760000,14.885000,14.435000,14.440000,8.782812,67400
2003-06-09,14.540000,14.740000,14.500000,14.525000,8.834508,44800
2003-06-10,14.600000,15.285000,14.600000,15.285000,9.296763,111400
2003-06-11,15.300000,15.450000,15.075000,15.155000,9.217691,84600
2003-06-12,15.300000,15.340000,15.125000,15.245000,9.272434,64000
2003-06-13,15.375000,15.500000,15.200000,15.200000,9.245064,43000
2003-06-16,15.325000,15.500000,15.320000,15.360000,9.342380,62400
2003-06-17,15.475000,15.500000,15.335000,15.375000,9.351504,37000
2003-06-18,15.375000,15.700000,15.375000,15.485000,9.418409,46600
2003-06-19,15.525000,15.625000,15.365000,15.375000,9.351504,50400
2003-06-20,15.200000,15.205000,14.800000,14.800000,9.001773,112000
2003-06-23,14.825000,14.825000,14.000000,14.000000,8.515190,163000
2003-06-24,13.800000,14.150000,13.255000,14.100000,8.576010,148000
2003-06-25,14.275000,14.550000,14.175000,14.550000,8.849712,61600
2003-06-26,14.500000,14.615000,14.420000,14.615000,8.889249,36000
2003-06-27,14.690000,14.795000,14.480000,14.510000,8.825384,44000
2003-06-30,14.500000,14.500000,13.900000,14.060000,8.551684,80600
2003-07-01,14.100000,14.165000,13.815000,13.880000,8.442200,59400
2003-07-02,13.880000,14.500000,13.840000,14.440000,8.782812,96000
2003-07-03,14.550000,14.770000,14.510000,14.590000,8.874042,32800
2003-07-07,14.840000,14.850000,14.650000,14.850000,9.032185,47600
2003-07-08,14.950000,14.950000,14.645000,14.650000,8.910537,55200
2003-07-09,14.700000,14.700000,14.340000,14.365000,8.737190,77400
2003-07-10,14.475000,14.500000,14.135000,14.285000,8.688534,41800
2003-07-11,14.385000,14.810000,14.385000,14.525000,8.834508,46400
2003-07-14,14.775000,15.000000,14.750000,14.930000,9.080843,75000
2003-07-15,15.030000,15.225000,14.905000,14.915000,9.071713,85200
2003-07-16,15.090000,15.100000,14.830000,14.830000,9.020019,85400
2003-07-17,14.850000,14.995000,14.795000,14.800000,9.001773,46400
2003-07-18,14.875000,14.950000,14.825000,14.860000,9.038264,35600
2003-07-21,14.810000,14.925000,14.800000,14.810000,9.007855,62400
2003-07-22,14.900000,14.925000,14.810000,14.850000,9.032185,24000
2003-07-23,14.975000,14.975000,14.810000,14.940000,9.086922,28800
2003-07-24,14.950000,14.950000,14.550000,14.640000,8.904455,62600
2003-07-25,14.645000,14.645000,14.300000,14.375000,8.743276,70800
2003-07-28,14.425000,14.500000,14.400000,14.470000,8.801056,40200
2003-07-29,14.420000,14.495000,14.375000,14.490000,8.813217,29200
2003-07-30,14.375000,14.425000,14.150000,14.300000,8.782514,52200
2003-07-31,14.375000,14.400000,13.950000,13.985000,8.589051,42400
2003-08-01,14.100000,14.100000,13.655000,13.885000,8.527637,64600
2003-08-04,13.825000,13.825000,13.100000,13.125000,8.060872,122400
2003-08-05,13.000000,13.075000,12.780000,13.075000,8.030165,591400
2003-08-06,13.115000,13.160000,13.005000,13.055000,8.017884,217800
2003-08-07,13.120000,13.120000,12.875000,13.010000,7.990244,91600
2003-08-08,13.075000,13.075000,12.875000,12.900000,7.922686,63600
2003-08-11,12.825000,12.900000,12.755000,12.895000,7.919615,51400
2003-08-12,12.920000,13.000000,12.895000,13.000000,7.984106,53800
2003-08-13,13.000000,13.075000,13.000000,13.035000,8.005599,40200
2003-08-14,13.035000,13.075000,12.945000,13.000000,7.984106,52800
2003-08-15,13.050000,13.155000,12.975000,13.100000,8.045516,49600
2003-08-18,13.200000,13.200000,13.050000,13.110000,8.051659,77800
2003-08-19,13.110000,13.165000,12.965000,13.050000,8.014811,81400
2003-08-20,13.085000,13.170000,13.050000,13.155000,8.079299,51200
2003-08-21,13.170000,13.175000,13.115000,13.145000,8.073157,35800
2003-08-22,13.075000,13.075000,12.875000,12.880000,7.910405,86000
2003-08-25,12.800000,12.875000,12.650000,12.800000,7.861272,59200
2003-08-26,12.870000,12.880000,12.675000,12.865000,7.901192,97400
2003-08-27,12.875000,13.005000,12.810000,12.985000,7.974886,54000
2003-08-28,12.950000,13.005000,12.850000,12.980000,7.971817,77800
2003-08-29,13.005000,13.010000,12.600000,12.600000,7.738438,119400
2003-09-02,12.690000,12.825000,12.555000,12.825000,7.876627,100400
2003-09-03,12.825000,13.150000,12.750000,13.120000,8.057804,67200
2003-09-04,13.145000,13.145000,13.020000,13.030000,8.002529,107200
2003-09-05,12.925000,13.025000,12.900000,12.985000,7.974886,41400
2003-09-08,12.985000,13.095000,12.910000,12.975000,7.968751,51800
2003-09-09,13.020000,13.120000,12.975000,13.120000,8.057804,67600
2003-09-10,13.100000,13.100000,12.875000,12.900000,7.922686,109200
2003-09-11,12.900000,13.095000,12.900000,13.090000,8.039378,36800
2003-09-12,12.975000,13.050000,12.885000,13.000000,7.984106,41200
2003-09-15,12.950000,13.045000,12.895000,12.895000,7.919615,53600
2003-09-16,12.925000,13.100000,12.925000,13.100000,8.045516,58200
2003-09-17,13.075000,13.100000,13.015000,13.015000,7.993312,43200
2003-09-18,13.055000,13.125000,13.025000,13.075000,8.030165,47800
2003-09-19,13.100000,13.210000,13.080000,13.155000,8.079299,60600
2003-09-22,13.130000,13.130000,13.000000,13.095000,8.042447,88000
2003-09-23,13.125000,13.125000,13.055000,13.125000,8.060872,57000
2003-09-24,13.100000,13.150000,13.050000,13.075000,8.030165,55000
2003-09-25,13.055000,13.100000,12.840000,12.840000,7.885839,61400
2003-09-26,12.900000,12.980000,12.775000,12.775000,7.845914,39800
2003-09-29,12.775000,13.025000,12.775000,12.975000,7.968751,78400
2003-09-30,12.975000,13.045000,12.900000,12.905000,7.925756,69000
2003-10-01,12.955000,13.240000,12.955000,13.205000,8.110006,89000
2003-10-02,13.205000,13.250000,13.105000,13.175000,8.091580,50000
2003-10-03,13.210000,13.495000,13.175000,13.450000,8.260474,106400
2003-10-06,13.450000,13.750000,13.400000,13.565000,8.331104,93800
2003-10-07,13.500000,13.875000,13.475000,13.875000,8.521494,122800
2003-10-08,13.850000,13.950000,13.650000,13.950000,8.567556,123400
2003-10-09,13.950000,14.000000,13.300000,13.460000,8.266615,130600
2003-10-10,13.485000,13.595000,13.345000,13.475000,8.275829,37000
2003-10-13,13.525000,13.800000,13.480000,13.800000,8.475432,83600
2003-10-14,13.750000,13.875000,13.650000,13.700000,8.414018,52600
2003-10-15,13.725000,13.845000,13.535000,13.675000,8.398664,29800
2003-10-16,13.650000,13.655000,13.480000,13.575000,8.337245,39200
2003-10-17,13.685000,13.700000,13.450000,13.455000,8.263548,41600
2003-10-20,13.500000,13.530000,13.380000,13.530000,8.309607,43000
2003-10-21,13.600000,13.625000,13.125000,13.285000,8.159135,67000
2003-10-22,13.250000,13.250000,12.875000,12.875000,7.907333,72600
2003-10-23,12.875000,13.160000,12.835000,13.085000,8.036305,61000
2003-10-24,13.050000,13.120000,13.050000,13.080000,8.033237,50400
2003-10-27,13.130000,13.280000,13.005000,13.100000,8.045516,74600
2003-10-28,13.150000,13.400000,13.130000,13.400000,8.229767,118600
2003-10-29,13.325000,13.510000,13.255000,13.510000,8.384930,738800
2003-10-30,13.510000,13.660000,13.410000,13.625000,8.456300,81200
2003-10-31,13.590000,13.800000,13.475000,13.675000,8.487335,87200
2003-11-03,13.700000,13.750000,13.485000,13.650000,8.471819,81400
2003-11-04,13.650000,13.815000,13.595000,13.600000,8.440789,64200
2003-11-05,13.650000,13.650000,13.380000,13.565000,8.419063,43800
2003-11-06,13.500000,13.540000,13.405000,13.500000,8.378724,59800
2003-11-07,13.550000,13.590000,13.455000,13.550000,8.409753,54400
2003-11-10,13.475000,13.600000,13.275000,13.275000,8.239079,77600
2003-11-11,13.280000,13.330000,13.175000,13.330000,8.273212,50600
2003-11-12,13.355000,13.475000,13.250000,13.375000,8.301142,67600
2003-11-13,13.400000,13.400000,13.245000,13.325000,8.270109,75000
2003-11-14,13.350000,13.365000,13.040000,13.100000,8.130460,76600
2003-11-17,13.115000,13.115000,12.785000,12.905000,8.009436,152800
2003-11-18,12.890000,12.950000,12.800000,12.820000,7.956684,88000
2003-11-19,12.865000,12.900000,12.780000,12.815000,7.953578,91800
2003-11-20,12.765000,12.910000,12.765000,12.785000,7.934959,62000
2003-11-21,12.825000,12.930000,12.775000,12.925000,8.021852,53800
2003-11-24,12.975000,13.000000,12.800000,12.910000,8.012538,121800
2003-11-25,12.950000,12.950000,12.805000,12.850000,7.975302,78600
2003-11-26,12.825000,13.045000,12.825000,12.975000,8.052890,73800
2003-11-28,13.000000,13.130000,13.000000,13.080000,8.118052,22200
2003-12-01,13.275000,13.275000,13.080000,13.085000,8.121154,76800
2003-12-02,13.100000,13.125000,13.005000,13.075000,8.114947,89000
2003-12-03,13.075000,13.330000,13.010000,13.150000,8.161494,117600
2003-12-04,13.300000,13.300000,13.020000,13.240000,8.217357,57600
2003-12-05,13.275000,13.345000,13.180000,13.280000,8.242177,69000
2003-12-08,13.280000,13.600000,13.280000,13.550000,8.409753,146800
2003-12-09,13.500000,13.755000,13.480000,13.505000,8.381824,146400
2003-12-10,13.505000,13.670000,13.450000,13.450000,8.347689,60200
2003-12-11,13.400000,13.885000,13.400000,13.885000,8.617670,79800
2003-12-12,13.925000,13.925000,13.700000,13.850000,8.595948,77600
2003-12-15,13.950000,13.995000,13.405000,13.405000,8.319764,77200
2003-12-16,13.375000,13.650000,13.355000,13.650000,8.471819,40600
2003-12-17,13.625000,13.625000,13.375000,13.450000,8.347689,41200
2003-12-18,13.525000,13.835000,13.505000,13.790000,8.558708,51400
2003-12-19,13.795000,13.825000,13.600000,13.750000,8.533885,42800
2003-12-22,13.750000,13.875000,13.700000,13.875000,8.611464,62800
2003-12-23,13.700000,13.975000,13.675000,13.975000,8.673532,87000
2003-12-24,14.000000,14.000000,13.900000,13.925000,8.642498,24800
2003-12-26,13.910000,13.925000,13.760000,13.780000,8.552501,20600
2003-12-29,13.850000,14.000000,13.850000,13.995000,8.685943,64600
2003-12-30,13.950000,13.995000,13.950000,13.990000,8.682841,31400
2003-12-31,13.990000,13.990000,13.700000,13.700000,8.502852,64400
2004-01-02,13.675000,13.875000,13.610000,13.875000,8.611464,59400
2004-01-05,13.875000,13.995000,13.835000,13.950000,8.658011,70400
2004-01-06,13.990000,14.000000,13.830000,13.830000,8.583536,53400
2004-01-07,13.825000,14.085000,13.825000,14.055000,8.723180,54600
2004-01-08,13.975000,14.185000,13.975000,14.185000,8.803867,77400
2004-01-09,14.150000,14.250000,14.125000,14.250000,8.844204,91000
2004-01-12,14.270000,14.600000,14.175000,14.600000,9.061433,90600
2004-01-13,14.500000,14.775000,14.400000,14.725000,9.139012,110600
2004-01-14,14.725000,14.740000,14.540000,14.625000,9.076950,51800
2004-01-15,14.575000,14.615000,14.375000,14.470000,8.980746,130200
2004-01-16,14.470000,14.470000,14.025000,14.025000,8.704559,106400
2004-01-20,14.000000,14.550000,13.925000,14.550000,9.030398,93000
2004-01-21,14.550000,14.600000,14.400000,14.465000,8.977643,43400
2004-01-22,14.425000,14.500000,14.365000,14.450000,8.968340,53200
2004-01-23,14.400000,14.625000,14.300000,14.625000,9.076950,68600
2004-01-26,14.525000,14.825000,14.455000,14.825000,9.201076,72600
2004-01-27,14.775000,14.780000,14.450000,14.460000,8.974544,72600
2004-01-28,14.450000,14.475000,13.750000,13.810000,8.571126,87600
2004-01-29,13.935000,14.150000,13.750000,13.950000,8.658011,127800
2004-01-30,13.900000,14.275000,13.900000,14.245000,8.841104,62800
2004-02-02,14.245000,14.395000,14.050000,14.310000,8.881444,63200
2004-02-03,14.295000,14.770000,14.260000,14.650000,9.092465,126800
2004-02-04,14.510000,14.510000,13.625000,13.625000,8.538774,122800
2004-02-05,13.675000,13.945000,13.660000,13.825000,8.664112,116800
2004-02-06,13.775000,14.120000,13.775000,14.005000,8.776920,96200
2004-02-09,14.025000,14.290000,13.950000,14.250000,8.930460,46000
2004-02-10,14.255000,14.650000,14.240000,14.650000,9.181143,54800
2004-02-11,14.650000,14.720000,14.550000,14.720000,9.225010,45800
2004-02-12,14.720000,14.720000,14.525000,14.700000,9.212478,44200
2004-02-13,14.700000,14.700000,14.200000,14.245000,8.927329,40600
2004-02-17,14.325000,14.770000,14.275000,14.730000,9.231278,60800
2004-02-18,14.800000,14.800000,14.435000,14.625000,9.165477,51600
2004-02-19,14.625000,14.715000,14.360000,14.365000,9.002531,55200
2004-02-20,14.450000,14.700000,14.250000,14.680000,9.199944,62200
2004-02-23,14.700000,14.745000,14.400000,14.435000,9.046399,59400
2004-02-24,14.480000,14.875000,14.480000,14.765000,9.253213,93400
2004-02-25,14.800000,14.850000,14.525000,14.710000,9.218745,48600
2004-02-26,14.625000,14.830000,14.625000,14.775000,9.259480,38000
2004-02-27,14.725000,14.925000,14.715000,14.725000,9.228146,40600
2004-03-01,14.730000,14.810000,14.600000,14.670000,9.193678,47200
2004-03-02,14.610000,14.690000,14.475000,14.490000,9.080867,96000
2004-03-03,14.490000,14.690000,14.320000,14.570000,9.131006,49800
2004-03-04,14.550000,14.550000,14.330000,14.500000,9.087140,53600
2004-03-05,14.550000,14.745000,14.475000,14.650000,9.181143,50000
2004-03-08,14.700000,14.745000,14.525000,14.550000,9.118469,37000
2004-03-09,14.575000,14.995000,14.550000,14.995000,9.397355,92800
2004-03-10,14.995000,15.000000,14.650000,14.650000,9.181143,44400
2004-03-11,14.725000,14.850000,14.625000,14.680000,9.199944,49000
2004-03-12,14.725000,14.900000,14.435000,14.900000,9.337817,46200
2004-03-15,14.900000,14.900000,14.500000,14.510000,9.093404,59000
2004-03-16,14.510000,14.575000,14.425000,14.560000,9.124740,52000
2004-03-17,14.575000,14.650000,14.550000,14.640000,9.174881,50400
2004-03-18,14.665000,14.690000,14.450000,14.460000,9.062073,43400
2004-03-19,14.490000,14.490000,14.085000,14.095000,8.833326,59800
2004-03-22,14.095000,14.095000,13.755000,13.775000,8.632780,110800
2004-03-23,13.800000,13.835000,13.700000,13.745000,8.613977,64400
2004-03-24,13.745000,13.750000,13.600000,13.630000,8.541911,52000
2004-03-25,13.675000,13.900000,13.650000,13.900000,8.711115,72600
2004-03-26,13.850000,13.890000,13.775000,13.825000,8.664112,49600
2004-03-29,13.780000,13.960000,13.655000,13.725000,8.601448,64600
2004-03-30,13.725000,14.055000,13.650000,14.005000,8.776920,73400
2004-03-31,13.955000,14.200000,13.800000,14.145000,8.864659,77200
2004-04-01,14.140000,14.145000,14.010000,14.115000,8.845858,48400
2004-04-02,14.200000,14.230000,14.080000,14.125000,8.852122,55200
2004-04-05,14.175000,14.440000,14.170000,14.425000,9.040138,45200
2004-04-06,14.425000,14.500000,14.360000,14.450000,9.055802,51800
2004-04-07,14.455000,14.650000,14.375000,14.600000,9.149807,49200
2004-04-08,14.650000,14.685000,14.560000,14.585000,9.140408,53000
2004-04-12,14.585000,14.690000,14.570000,14.590000,9.143537,56200
2004-04-13,14.715000,14.735000,14.355000,14.355000,8.996268,77200
2004-04-14,14.300000,14.600000,14.250000,14.285000,8.952394,78000
2004-04-15,14.375000,14.575000,14.355000,14.410000,9.030734,55000
2004-04-16,14.475000,14.650000,14.370000,14.575000,9.134140,58600
2004-04-19,14.525000,14.675000,14.500000,14.625000,9.165477,48600
2004-04-20,14.675000,14.715000,14.375000,14.375000,9.008798,54400
2004-04-21,14.350000,14.700000,14.320000,14.700000,9.212478,70000
2004-04-22,14.750000,14.875000,14.700000,14.875000,9.322152,71600
2004-04-23,14.850000,14.860000,14.575000,14.800000,9.275148,60800
2004-04-26,14.825000,14.920000,14.700000,14.825000,9.290814,48200
2004-04-27,14.830000,15.075000,14.790000,15.075000,9.447490,75400
2004-04-28,15.075000,15.075000,14.525000,14.600000,9.149807,75600
2004-04-29,14.675000,14.985000,14.625000,14.685000,9.203077,52200
2004-04-30,14.735000,14.735000,14.260000,14.260000,8.936730,64600
2004-05-03,14.275000,14.275000,13.975000,14.240000,8.924196,75200
2004-05-04,14.245000,14.375000,14.125000,14.280000,8.949265,50400
2004-05-05,14.250000,14.425000,14.125000,14.125000,8.852122,30800
2004-05-06,13.940000,14.085000,13.635000,14.065000,8.903720,75600
2004-05-07,14.040000,14.150000,13.500000,13.525000,8.561877,61600
2004-05-10,13.455000,13.700000,13.280000,13.300000,8.419440,102400
2004-05-11,13.275000,13.705000,13.200000,13.705000,8.675823,43600
2004-05-12,13.725000,13.760000,13.325000,13.750000,8.704311,77000
2004-05-13,13.750000,13.840000,13.585000,13.590000,8.603027,43400
2004-05-14,13.585000,13.700000,13.450000,13.525000,8.561877,41400
2004-05-17,13.475000,13.525000,13.400000,13.450000,8.514396,72800
2004-05-18,13.550000,13.600000,13.470000,13.530000,8.565041,34200
2004-05-19,13.600000,13.750000,13.450000,13.485000,8.536554,46000
2004-05-20,13.485000,13.600000,13.385000,13.425000,8.498570,51200
2004-05-21,13.445000,13.510000,13.400000,13.450000,8.514396,57600
2004-05-24,13.575000,13.845000,13.505000,13.815000,8.745459,80600
2004-05-25,13.815000,14.275000,13.815000,14.215000,8.998676,64000
2004-05-26,14.125000,14.150000,14.050000,14.095000,8.922711,35000
2004-05-27,14.150000,14.200000,14.080000,14.160000,8.963860,34600
2004-05-28,14.225000,14.335000,14.155000,14.225000,9.005007,36200
2004-06-01,14.200000,14.275000,14.005000,14.185000,8.979689,60800
2004-06-02,14.150000,14.175000,14.000000,14.025000,8.878397,70200
2004-06-03,14.020000,14.085000,14.000000,14.000000,8.862571,59000
2004-06-04,14.000000,14.220000,14.000000,14.010000,8.868900,32400
2004-06-07,14.010000,14.305000,14.005000,14.305000,9.055648,32800
2004-06-08,14.275000,14.340000,14.170000,14.170000,8.970187,29600
2004-06-09,14.150000,14.350000,14.050000,14.075000,8.910051,42400
2004-06-10,14.050000,14.250000,14.050000,14.105000,8.929039,72600
2004-06-14,14.075000,14.100000,13.640000,13.640000,8.634678,88200
2004-06-15,13.625000,14.030000,13.625000,13.750000,8.704311,56200
2004-06-16,13.800000,14.030000,13.800000,13.940000,8.824589,50000
2004-06-17,13.975000,14.215000,13.950000,14.185000,8.979689,30400
2004-06-18,14.225000,14.270000,14.100000,14.225000,9.005007,70800
2004-06-21,14.150000,14.200000,13.920000,13.930000,8.818254,59000
2004-06-22,13.900000,13.900000,13.665000,13.670000,8.653666,75000
2004-06-23,13.560000,13.700000,13.425000,13.660000,8.647337,149600
2004-06-24,13.500000,13.650000,13.400000,13.625000,8.625178,473000
2004-06-25,13.650000,13.820000,13.555000,13.820000,8.748623,283200
2004-06-28,13.780000,13.780000,13.575000,13.720000,8.685320,98400
2004-06-29,13.720000,13.820000,13.675000,13.775000,8.720135,90600
2004-06-30,13.785000,13.820000,13.685000,13.775000,8.720135,74200
2004-07-01,13.725000,13.740000,13.500000,13.500000,8.546051,64600
2004-07-02,13.500000,13.710000,13.500000,13.710000,8.678988,34800
2004-07-06,13.650000,13.745000,13.600000,13.655000,8.644171,74600
2004-07-07,13.725000,13.810000,13.625000,13.715000,8.682155,59200
2004-07-08,13.735000,13.745000,13.500000,13.500000,8.546051,70800
2004-07-09,13.550000,13.625000,13.500000,13.595000,8.606192,33400
2004-07-12,13.675000,13.675000,13.550000,13.575000,8.593529,53800
2004-07-13,13.550000,13.610000,13.515000,13.560000,8.584036,51200
2004-07-14,13.580000,13.775000,13.525000,13.680000,8.659995,52800
2004-07-15,13.700000,13.750000,13.600000,13.615000,8.618852,36200
2004-07-16,13.615000,13.650000,13.500000,13.500000,8.546051,53000
2004-07-19,13.500000,13.640000,13.500000,13.610000,8.615682,34800
2004-07-20,13.625000,13.640000,13.500000,13.625000,8.625178,56800
2004-07-21,13.590000,13.640000,13.500000,13.500000,8.546051,69400
2004-07-22,13.600000,13.600000,13.280000,13.355000,8.454262,62000
2004-07-23,13.325000,13.400000,13.275000,13.375000,8.466922,55000
2004-07-26,13.425000,13.425000,13.095000,13.095000,8.289668,58000
2004-07-27,13.150000,13.400000,13.085000,13.300000,8.419440,54000
2004-07-28,13.200000,13.275000,13.040000,13.165000,8.333984,60600
2004-07-29,13.600000,13.790000,13.550000,13.770000,8.716970,117000
2004-07-30,13.750000,13.875000,13.645000,13.645000,8.637843,138200
2004-08-02,13.700000,13.890000,13.625000,13.810000,8.742295,78000
2004-08-03,13.825000,14.035000,13.750000,13.850000,8.767615,90400
2004-08-04,13.900000,14.125000,13.760000,13.985000,8.853076,101400
2004-08-05,13.790000,13.850000,13.665000,13.725000,8.777294,65000
2004-08-06,13.735000,13.945000,13.680000,13.685000,8.751714,94200
2004-08-09,13.700000,13.750000,13.545000,13.625000,8.713342,55800
2004-08-10,13.625000,13.800000,13.560000,13.800000,8.825257,56600
2004-08-11,13.775000,13.775000,13.505000,13.675000,8.745319,48200
2004-08-12,13.625000,13.640000,13.500000,13.520000,8.646195,60200
2004-08-13,13.625000,13.745000,13.550000,13.715000,8.770900,30200
2004-08-16,13.675000,13.745000,13.620000,13.735000,8.783690,31400
2004-08-17,13.750000,13.750000,13.575000,13.595000,8.694158,53000
2004-08-18,13.595000,13.755000,13.575000,13.750000,8.793283,58200
2004-08-19,13.750000,13.755000,13.575000,13.635000,8.719738,61600
2004-08-20,13.675000,13.825000,13.635000,13.825000,8.841241,71200
2004-08-23,13.825000,13.995000,13.800000,13.885000,8.879614,77400
2004-08-24,13.975000,13.975000,13.850000,13.925000,8.905195,42600
2004-08-25,13.900000,14.095000,13.880000,13.960000,8.927578,44200
2004-08-26,14.050000,14.135000,13.850000,13.925000,8.905195,172400
2004-08-27,14.000000,14.100000,13.910000,14.055000,8.988331,29600
2004-08-30,14.085000,14.205000,14.000000,14.025000,8.969146,95000
2004-08-31,14.150000,14.225000,14.085000,14.225000,9.097050,66400
2004-09-01,14.150000,14.325000,14.085000,14.245000,9.109838,74800
2004-09-02,14.225000,14.450000,14.200000,14.420000,9.221752,72000
2004-09-03,14.435000,14.495000,14.280000,14.370000,9.189776,47600
2004-09-07,14.345000,14.500000,14.305000,14.455000,9.244136,70000
2004-09-08,14.340000,14.525000,14.320000,14.500000,9.272918,84000
2004-09-09,14.500000,14.755000,14.425000,14.725000,9.416804,94600
2004-09-10,14.600000,14.645000,14.530000,14.615000,9.346458,46400
2004-09-13,14.630000,14.735000,14.530000,14.670000,9.381634,55000
2004-09-14,14.625000,14.735000,14.615000,14.675000,9.384831,41400
2004-09-15,14.705000,14.745000,14.615000,14.650000,9.368842,73200
2004-09-16,14.525000,14.700000,14.525000,14.700000,9.400818,44400
2004-09-17,14.725000,14.725000,14.525000,14.615000,9.346458,76000
2004-09-20,14.600000,14.650000,14.535000,14.620000,9.349656,35600
2004-09-21,14.675000,14.725000,14.550000,14.710000,9.407211,52600
2004-09-22,14.675000,14.675000,14.460000,14.655000,9.372040,87600
2004-09-23,14.675000,14.710000,14.590000,14.655000,9.372040,52600
2004-09-24,14.595000,14.720000,14.590000,14.660000,9.375235,53200
2004-09-27,14.575000,14.575000,14.450000,14.450000,9.240939,59000
2004-09-28,14.300000,14.585000,14.300000,14.495000,9.269716,59400
2004-09-29,14.575000,14.685000,14.525000,14.685000,9.391227,78400
2004-09-30,14.685000,14.685000,14.610000,14.685000,9.391227,38800
2004-10-01,14.685000,14.755000,14.605000,14.740000,9.426396,127800
2004-10-04,14.785000,14.880000,14.715000,14.880000,9.515928,89600
2004-10-05,14.880000,14.880000,14.715000,14.820000,9.477557,78400
2004-10-06,14.865000,14.940000,14.700000,14.940000,9.554298,53600
2004-10-07,14.875000,14.875000,14.680000,14.705000,9.404016,43600
2004-10-08,14.680000,14.800000,14.550000,14.555000,9.308089,55600
2004-10-11,14.550000,14.695000,14.515000,14.695000,9.397621,33000
2004-10-12,14.695000,14.850000,14.640000,14.850000,9.496746,43400
2004-10-13,14.875000,14.875000,14.410000,14.410000,9.215357,76000
2004-10-14,14.500000,14.525000,14.130000,14.130000,9.036294,48000
2004-10-15,14.165000,14.620000,14.125000,14.620000,9.349656,63000
2004-10-18,14.575000,14.635000,14.450000,14.500000,9.272918,45600
2004-10-19,14.425000,14.560000,14.250000,14.250000,9.113034,47200
2004-10-20,14.275000,14.375000,14.250000,14.265000,9.122625,114000
2004-10-21,14.265000,14.475000,14.250000,14.440000,9.234546,60200
2004-10-22,14.475000,14.525000,14.100000,14.100000,9.017112,96200
2004-10-25,14.075000,14.405000,14.075000,14.395000,9.205770,106200
2004-10-26,14.445000,14.550000,14.300000,14.545000,9.301691,46600
2004-10-27,14.600000,14.880000,14.510000,14.880000,9.515928,56200
2004-10-28,14.975000,14.975000,14.700000,14.750000,9.432794,42400
2004-10-29,14.750000,14.850000,14.740000,14.745000,9.429594,46000
2004-11-01,14.985000,15.000000,14.815000,15.000000,9.592670,64400
2004-11-02,15.000000,15.220000,14.915000,15.000000,9.592670,88800
2004-11-03,15.125000,15.250000,15.080000,15.175000,9.704587,92000
2004-11-04,15.005000,15.420000,15.000000,15.350000,9.908895,92400
2004-11-05,15.300000,15.345000,15.080000,15.200000,9.812063,101000
2004-11-08,15.300000,15.330000,15.140000,15.225000,9.828207,77600
2004-11-09,15.225000,15.340000,15.205000,15.315000,9.886302,46000
2004-11-10,15.215000,15.415000,15.215000,15.335000,9.899210,71000
2004-11-11,15.335000,15.625000,15.325000,15.600000,10.070280,68000
2004-11-12,15.525000,15.575000,15.490000,15.560000,10.044458,55200
2004-11-15,15.525000,15.555000,15.390000,15.555000,10.041230,54600
2004-11-16,15.500000,15.565000,15.455000,15.480000,9.992815,54200
2004-11-17,15.455000,15.610000,15.455000,15.470000,9.986360,74400
2004-11-18,15.550000,15.600000,15.200000,15.275000,9.860481,61000
2004-11-19,15.285000,15.695000,15.260000,15.615000,10.079959,104000
2004-11-22,16.125000,16.225000,15.875000,16.225000,10.473735,178400
2004-11-23,16.350000,16.504999,16.205000,16.495001,10.648030,141400
2004-11-24,16.540001,17.000000,16.424999,16.915001,10.919150,92200
2004-11-26,16.950001,17.100000,16.920000,16.950001,10.941748,31400
2004-11-29,17.075001,17.490000,17.075001,17.395000,11.229008,143600
2004-11-30,17.325001,17.485001,17.250000,17.485001,11.287102,120600
2004-12-01,17.424999,17.684999,17.375000,17.615000,11.371020,129200
2004-12-02,17.615000,17.625000,17.125000,17.225000,11.119264,137600
2004-12-03,17.250000,17.275000,17.150000,17.180000,11.090216,81800
2004-12-06,17.150000,17.200001,17.025000,17.150000,11.070850,94000
2004-12-07,17.014999,17.145000,16.530001,16.535000,10.673848,168200
2004-12-08,16.450001,16.655001,16.365000,16.575001,10.699670,100400
2004-12-09,16.580000,17.004999,16.500000,17.000000,10.974021,98600
2004-12-10,17.125000,17.285000,16.955000,17.275000,11.151542,93800
2004-12-13,17.575001,18.549999,17.469999,18.549999,11.974591,215200
2004-12-14,18.525000,18.525000,18.250000,18.490000,11.935863,229000
2004-12-15,18.450001,18.475000,18.075001,18.080000,11.671194,138400
2004-12-16,17.850000,17.955000,17.665001,17.905001,11.558230,147600
2004-12-17,17.600000,17.980000,17.504999,17.950001,11.587269,171200
2004-12-20,18.000000,18.000000,17.600000,17.834999,11.513038,123600
2004-12-21,17.900000,17.995001,17.830000,17.959999,11.593726,90600
2004-12-22,17.995001,18.410000,17.825001,18.375000,11.861626,126000
2004-12-23,18.450001,18.490000,18.245001,18.309999,11.819663,71000
2004-12-27,18.400000,18.469999,18.020000,18.049999,11.651833,67000
2004-12-28,18.075001,18.590000,18.075001,18.590000,12.000412,88800
2004-12-29,18.590000,18.650000,18.410000,18.639999,12.032692,113800
2004-12-30,18.665001,18.870001,18.575001,18.850000,12.168250,115600
2004-12-31,18.900000,18.950001,18.695000,18.825001,12.152117,90600
2005-01-03,18.900000,18.900000,18.309999,18.379999,11.864852,149200
2005-01-04,18.350000,18.495001,18.135000,18.264999,11.790615,171800
2005-01-05,18.360001,18.360001,17.525000,17.559999,11.335519,202000
2005-01-06,17.825001,17.924999,17.629999,17.745001,11.454945,103200
2005-01-07,17.934999,17.985001,17.174999,17.254999,11.138633,193600
2005-01-10,17.475000,17.645000,17.350000,17.455000,11.267735,101200
2005-01-11,17.580000,17.605000,17.325001,17.450001,11.264512,93400
2005-01-12,17.450001,17.450001,17.235001,17.415001,11.241917,71400
2005-01-13,17.375000,17.445000,17.200001,17.275000,11.151542,73400
2005-01-14,17.375000,17.450001,17.275000,17.450001,11.264512,101400
2005-01-18,17.424999,18.014999,17.365000,18.014999,11.629234,119800
2005-01-19,18.000000,18.125000,17.424999,17.559999,11.335519,143600
2005-01-20,17.375000,17.594999,17.315001,17.385000,11.222548,90600
2005-01-21,17.525000,17.725000,17.285000,17.350000,11.199952,137600
2005-01-24,17.684999,17.750000,17.350000,17.365000,11.209637,99200
2005-01-25,17.525000,17.645000,17.184999,17.285000,11.157997,99200
2005-01-26,17.400000,17.815001,17.315001,17.775000,11.474307,143400
2005-01-27,17.775000,17.775000,15.585000,16.205000,10.460822,644600
2005-01-28,16.500000,16.575001,16.020000,16.350000,10.554424,297400
2005-01-31,16.549999,16.625000,16.115000,16.230000,10.476960,450600
2005-02-01,16.230000,16.275000,16.025000,16.080000,10.380134,250600
2005-02-02,16.045000,16.155001,16.000000,16.059999,10.367225,216200
2005-02-03,16.000000,16.100000,15.950000,16.080000,10.473062,106600
2005-02-04,16.325001,17.209999,16.260000,17.200001,11.202530,214000
2005-02-07,17.240000,17.290001,16.945000,17.014999,11.082036,119800
2005-02-08,16.975000,17.219999,16.975000,17.219999,11.215553,71000
2005-02-09,17.250000,17.285000,16.995001,17.004999,11.075518,128200
2005-02-10,17.250000,17.260000,17.000000,17.004999,11.075518,83800
2005-02-11,17.125000,17.365000,17.000000,17.350000,11.300219,80600
2005-02-14,17.350000,17.490000,17.230000,17.400000,11.332791,68000
2005-02-15,17.500000,17.670000,17.375000,17.495001,11.394663,117000
2005-02-16,17.530001,17.799999,17.500000,17.655001,11.498876,67400
2005-02-17,17.705000,17.830000,17.495001,17.500000,11.397920,75800
2005-02-18,17.674999,17.825001,17.475000,17.775000,11.577029,104000
2005-02-22,17.549999,17.565001,17.150000,17.174999,11.186247,180200
2005-02-23,17.209999,17.299999,16.725000,17.120001,11.150419,115800
2005-02-24,17.135000,17.150000,17.004999,17.025000,11.088544,79200
2005-02-25,17.200001,17.350000,17.004999,17.330000,11.287194,86600
2005-02-28,17.400000,17.400000,16.924999,17.100000,11.137393,132400
2005-03-01,17.200001,17.379999,17.174999,17.340000,11.293710,131000
2005-03-02,17.350000,17.445000,17.174999,17.285000,11.257888,61000
2005-03-03,17.375000,17.434999,17.209999,17.254999,11.238350,78400
2005-03-04,17.350000,17.750000,17.350000,17.700001,11.528179,72000
2005-03-07,17.625000,17.799999,17.575001,17.605000,11.466311,46400
2005-03-08,17.549999,17.975000,17.549999,17.764999,11.570518,88200
2005-03-09,17.700001,17.900000,17.600000,17.775000,11.577029,124000
2005-03-10,17.725000,17.725000,17.225000,17.225000,11.218808,117800
2005-03-11,17.325001,17.535000,17.184999,17.264999,11.244861,65800
2005-03-14,17.219999,17.500000,17.174999,17.370001,11.313248,54000
2005-03-15,17.495001,17.635000,17.254999,17.295000,11.264400,37200
2005-03-16,17.350000,17.385000,17.000000,17.025000,11.088544,41000
2005-03-17,17.000000,17.150000,16.910000,17.000000,11.072265,50400
2005-03-18,17.150000,17.150000,16.795000,16.875000,10.990852,151400
2005-03-21,16.750000,16.889999,16.705000,16.889999,11.000621,47200
2005-03-22,16.725000,17.090000,16.635000,16.805000,10.945257,92800
2005-03-23,16.825001,16.834999,16.514999,16.549999,10.779176,69400
2005-03-24,16.600000,16.815001,16.600000,16.705000,10.880130,36200
2005-03-28,16.750000,16.995001,16.725000,16.959999,11.046213,56600
2005-03-29,16.934999,17.084999,16.760000,16.764999,10.919206,44400
2005-03-30,16.750000,17.075001,16.750000,17.075001,11.121119,47000
2005-03-31,16.924999,16.965000,16.424999,16.684999,10.867102,176800
2005-04-01,16.850000,16.924999,16.235001,16.434999,10.704275,107600
2005-04-04,16.325001,16.635000,16.275000,16.580000,10.798714,52200
2005-04-05,16.650000,16.900000,16.650000,16.895000,11.003878,31000
2005-04-06,16.930000,17.049999,16.900000,16.900000,11.007133,29000
2005-04-07,16.875000,17.010000,16.825001,16.955000,11.042957,23600
2005-04-08,16.955000,16.955000,16.504999,16.504999,10.749866,47800
2005-04-11,16.450001,16.825001,16.424999,16.680000,10.863848,53200
2005-04-12,16.680000,16.900000,16.480000,16.875000,10.990852,79600
2005-04-13,16.775000,16.975000,16.650000,16.830000,10.961542,48400
2005-04-14,16.844999,17.020000,16.510000,16.510000,10.753122,64400
2005-04-15,16.514999,16.719999,16.420000,16.424999,10.697759,57000
2005-04-18,16.375000,16.950001,16.375000,16.905001,11.010393,108000
2005-04-19,16.975000,17.275000,16.965000,17.275000,11.251376,74600
2005-04-20,17.200001,17.200001,16.615000,16.650000,10.844307,96800
2005-04-21,16.875000,17.320000,16.875000,17.309999,11.274172,123000
2005-04-22,17.225000,17.225000,16.620001,16.945000,11.036448,146000
2005-04-25,17.025000,17.250000,17.000000,17.084999,11.127625,73200
2005-04-26,17.125000,17.219999,16.700001,16.700001,10.876873,147800
2005-04-27,16.700001,17.540001,16.700001,17.525000,11.414203,136000
2005-04-28,17.530001,17.830000,17.170000,17.170000,11.182991,110200
2005-04-29,17.219999,17.219999,16.225000,16.605000,10.814998,126400
2005-05-02,16.605000,17.135000,16.605000,17.135000,11.160192,73800
2005-05-03,17.135000,17.325001,16.990000,17.040001,11.098316,75400
2005-05-04,17.125000,17.620001,17.075001,17.600000,11.463052,85000
2005-05-05,17.455000,17.455000,17.040001,17.075001,11.211891,83600
2005-05-06,17.000000,17.135000,16.895000,17.100000,11.228305,32000
2005-05-09,17.275000,18.080000,17.275000,17.825001,11.704361,188000
2005-05-10,17.750000,17.850000,17.400000,17.400000,11.425297,93400
2005-05-11,17.500000,18.040001,17.469999,17.875000,11.737188,83600
2005-05-12,17.875000,17.995001,17.490000,17.495001,11.487676,79600
2005-05-13,17.475000,17.775000,17.275000,17.275000,11.343216,67200
2005-05-16,17.275000,17.915001,17.275000,17.670000,11.602584,84000
2005-05-17,17.750000,17.850000,17.350000,17.825001,11.704361,62000
2005-05-18,17.900000,17.965000,17.535000,17.950001,11.786436,78000
2005-05-19,17.900000,17.995001,17.459999,17.885000,11.743763,71800
2005-05-20,17.885000,17.969999,17.764999,17.965000,11.796287,49200
2005-05-23,18.000000,18.125000,17.850000,17.924999,11.770025,62000
2005-05-24,17.924999,17.934999,17.600000,17.775000,11.671527,73800
2005-05-25,17.799999,17.799999,17.480000,17.514999,11.500805,46600
2005-05-26,17.510000,18.020000,17.510000,18.020000,11.832403,46400
2005-05-27,18.020000,18.020000,17.754999,17.950001,11.786436,30200
2005-05-31,17.975000,18.225000,17.975000,18.040001,11.845535,62400
2005-06-01,18.100000,18.865000,18.075001,18.655001,12.249362,87600
2005-06-02,18.655001,18.655001,18.150000,18.225000,11.967010,80200
2005-06-03,18.125000,18.405001,18.084999,18.200001,11.950597,68000
2005-06-06,18.205000,18.514999,18.205000,18.475000,12.131166,34600
2005-06-07,18.325001,18.900000,18.325001,18.799999,12.344571,89400
2005-06-08,18.799999,19.240000,18.785000,18.910000,12.416800,141800
2005-06-09,18.799999,18.799999,18.525000,18.555000,12.183698,82200
2005-06-10,18.549999,18.600000,18.295000,18.424999,12.098339,58200
2005-06-13,18.299999,18.545000,18.084999,18.395000,12.078638,70000
2005-06-14,18.400000,18.650000,18.309999,18.650000,12.246077,54800
2005-06-15,18.645000,18.799999,18.360001,18.799999,12.344571,93200
2005-06-16,18.764999,19.059999,18.635000,19.059999,12.515293,63600
2005-06-17,19.150000,19.225000,19.004999,19.004999,12.479180,167200
2005-06-20,18.900000,19.000000,18.590000,18.590000,12.206677,61200
2005-06-21,18.555000,18.844999,18.445000,18.844999,12.374119,89200
2005-06-22,18.844999,18.850000,18.525000,18.700001,12.278912,38000
2005-06-23,18.700001,18.875000,18.510000,18.514999,12.157433,72000
2005-06-24,18.510000,18.575001,18.160000,18.490000,12.141020,89200
2005-06-27,18.475000,18.535000,18.254999,18.535000,12.170569,35000
2005-06-28,18.650000,18.950001,18.575001,18.950001,12.443069,63200
2005-06-29,18.950001,18.950001,18.825001,18.950001,12.443069,60200
2005-06-30,18.950001,19.000000,18.750000,18.770000,12.324875,58400
2005-07-01,18.969999,19.000000,18.900000,18.990000,12.469329,52600
2005-07-05,19.014999,19.174999,19.014999,19.174999,12.590804,79000
2005-07-06,19.174999,19.174999,18.760000,18.764999,12.321586,64800
2005-07-07,18.684999,19.025000,18.620001,18.900000,12.410235,64800
2005-07-08,18.959999,19.735001,18.959999,19.715000,12.945388,88400
2005-07-11,19.795000,20.325001,19.795000,20.254999,13.299962,127400
2005-07-12,20.400000,20.400000,19.825001,19.875000,13.050443,102200
2005-07-13,20.000000,20.020000,19.625000,19.625000,12.886284,53200
2005-07-14,19.850000,20.090000,19.430000,19.475000,12.787792,62000
2005-07-15,19.475000,19.674999,19.455000,19.584999,12.860022,41600
2005-07-18,19.674999,19.725000,19.334999,19.334999,12.695867,33400
2005-07-19,19.459999,19.975000,19.459999,19.830000,13.020894,65600
2005-07-20,19.885000,20.000000,19.870001,20.000000,13.132521,58600
2005-07-21,20.000000,20.075001,19.680000,19.680000,12.922400,67600
2005-07-22,19.780001,20.014999,19.780001,20.000000,13.132521,77000
2005-07-25,20.000000,20.240000,19.875000,19.940001,13.093124,53000
2005-07-26,20.125000,20.200001,20.000000,20.025000,13.148939,56800
2005-07-27,20.150000,20.275000,20.014999,20.275000,13.313089,60000
2005-07-28,20.275000,20.924999,20.225000,20.875000,13.707067,114200
2005-07-29,20.875000,20.975000,20.660000,20.750000,13.624990,170400
2005-08-01,20.750000,20.885000,20.370001,20.475000,13.444420,89800
2005-08-02,20.250000,20.629999,20.250000,20.620001,13.539630,73600
2005-08-03,20.674999,21.055000,20.575001,20.950001,13.756318,154600
2005-08-04,20.700001,20.700001,19.750000,19.750000,13.057173,133200
2005-08-05,19.500000,19.674999,18.805000,19.075001,12.610928,189200
2005-08-08,19.000000,19.174999,18.365000,18.465000,12.207637,131400
2005-08-09,18.389999,18.889999,18.385000,18.889999,12.488614,120000
2005-08-10,18.950001,19.559999,18.750000,18.924999,12.511756,135400
2005-08-11,18.950001,19.334999,18.950001,19.305000,12.762983,48200
2005-08-12,19.250000,19.344999,19.000000,19.184999,12.683647,74200
2005-08-15,19.215000,19.610001,19.215000,19.500000,12.891892,40800
2005-08-16,19.775000,19.775000,19.100000,19.100000,12.627451,80000
2005-08-17,19.075001,19.320000,18.900000,19.094999,12.624144,63000
2005-08-18,19.084999,19.139999,18.754999,18.915001,12.505137,90800
2005-08-19,18.945000,18.975000,18.615000,18.709999,12.369610,93600
2005-08-22,18.799999,18.969999,18.715000,18.799999,12.429111,132600
2005-08-23,18.764999,19.250000,18.760000,19.100000,12.627451,92400
2005-08-24,19.200001,19.514999,19.174999,19.350000,12.792729,92200
2005-08-25,19.525000,19.525000,19.049999,19.200001,12.693561,86200
2005-08-26,19.125000,19.195000,18.825001,18.860001,12.468785,64000
2005-08-29,18.860001,19.315001,18.775000,19.299999,12.759669,82000
2005-08-30,19.250000,19.315001,19.010000,19.275000,12.743148,61800
2005-08-31,19.150000,19.924999,19.150000,19.875000,13.139820,67600
2005-09-01,19.924999,20.025000,19.900000,19.934999,13.179486,98800
2005-09-02,19.850000,20.000000,19.709999,19.750000,13.057173,39800
2005-09-06,19.750000,20.205000,19.735001,20.020000,13.235686,151200
2005-09-07,20.049999,20.049999,19.875000,19.950001,13.189404,67200
2005-09-08,19.950001,20.090000,19.820000,19.920000,13.169572,63800
2005-09-09,20.000000,20.459999,20.000000,20.459999,13.526573,62400
2005-09-12,20.455000,20.715000,20.375000,20.690001,13.678638,52000
2005-09-13,20.740000,20.745001,20.125000,20.129999,13.308413,99600
2005-09-14,20.200001,20.415001,19.559999,19.584999,12.948095,130000
2005-09-15,19.650000,19.910000,19.639999,19.840000,13.116685,111400
2005-09-16,19.934999,20.110001,19.775000,20.090000,13.281963,196400
2005-09-19,20.025000,20.094999,19.850000,19.860001,13.129903,57800
2005-09-20,19.799999,19.924999,19.500000,19.540001,12.918346,84200
2005-09-21,19.500000,19.540001,19.295000,19.389999,12.819172,152200
2005-09-22,19.500000,19.750000,19.250000,19.725000,13.040652,83000
2005-09-23,19.740000,19.930000,19.625000,19.930000,13.176187,85600
2005-09-26,19.975000,20.305000,19.855000,20.305000,13.424105,119200
2005-09-27,20.250000,20.500000,20.125000,20.400000,13.486905,65200
2005-09-28,20.424999,20.424999,20.025000,20.254999,13.391045,86600
2005-09-29,20.250000,20.565001,19.910000,20.565001,13.595990,75800
2005-09-30,20.525000,20.600000,20.465000,20.600000,13.619136,33000
2005-10-03,20.549999,20.850000,20.465000,20.545000,13.582771,73000
2005-10-04,20.625000,20.670000,20.014999,20.035000,13.245594,98200
2005-10-05,20.000000,20.000000,19.200001,19.200001,12.693561,83200
2005-10-06,19.150000,19.230000,18.594999,18.799999,12.429111,147200
2005-10-07,18.750000,19.090000,18.700001,19.075001,12.610928,72200
2005-10-10,19.150000,19.184999,18.375000,18.629999,12.316721,71000
2005-10-11,18.695000,18.900000,17.750000,17.895000,11.830796,123800
2005-10-12,17.900000,17.934999,16.865000,17.424999,11.520068,212600
2005-10-13,17.375000,17.455000,17.094999,17.389999,11.496931,88600
2005-10-14,17.450001,17.555000,17.065001,17.549999,11.602710,85600
2005-10-17,17.575001,17.575001,17.325001,17.485001,11.559737,73000
2005-10-18,17.514999,17.565001,17.094999,17.200001,11.371319,81800
2005-10-19,17.195000,17.500000,16.650000,17.500000,11.569649,116800
2005-10-20,17.514999,17.514999,16.754999,17.004999,11.242395,64600
2005-10-21,17.010000,17.160000,16.955000,17.000000,11.239090,61400
2005-10-24,16.900000,17.035000,16.875000,16.950001,11.206030,190600
2005-10-25,16.950001,17.205000,16.750000,17.200001,11.371319,89800
2005-10-26,17.250000,17.434999,16.754999,16.920000,11.186204,54200
2005-10-27,16.850000,16.969999,16.320000,16.320000,10.789531,59000
2005-10-28,16.270000,17.250000,16.270000,17.120001,11.318426,127800
2005-10-31,17.245001,17.985001,17.245001,17.875000,11.817574,99400
2005-11-01,17.799999,17.850000,17.605000,17.844999,11.797740,88400
2005-11-02,17.850000,18.455000,17.850000,18.455000,12.201029,82000
2005-11-03,18.424999,18.700001,18.299999,18.320000,12.206019,83600
2005-11-04,18.325001,18.450001,18.125000,18.275000,12.176042,51400
2005-11-07,18.375000,18.475000,18.200001,18.360001,12.232676,58600
2005-11-08,18.250000,18.340000,17.870001,17.900000,11.926188,60200
2005-11-09,17.900000,18.424999,17.900000,18.305000,12.196027,58600
2005-11-10,18.305000,18.305000,17.850000,18.075001,12.042788,115200
2005-11-11,18.000000,18.459999,17.950001,18.405001,12.262659,48600
2005-11-14,18.455000,18.455000,17.900000,17.945000,11.956172,34000
2005-11-15,18.125000,18.200001,17.790001,17.955000,11.962837,76800
2005-11-16,17.910000,17.945000,17.684999,17.900000,11.926188,108600
2005-11-17,18.000000,18.490000,17.969999,18.290001,12.186036,92600
2005-11-18,18.525000,18.525000,18.174999,18.275000,12.176042,60800
2005-11-21,18.325001,18.605000,18.180000,18.600000,12.392581,97600
2005-11-22,18.525000,18.549999,17.945000,18.049999,12.026134,137000
2005-11-23,17.975000,18.084999,17.750000,17.750000,11.826250,83000
2005-11-25,17.750000,17.995001,17.719999,17.915001,11.936183,21400
2005-11-28,17.985001,17.985001,17.500000,17.610001,11.732975,94000
2005-11-29,17.735001,18.000000,17.600000,17.605000,11.729642,96000
2005-11-30,17.600000,17.860001,17.600000,17.775000,11.842907,144400
2005-12-01,17.875000,18.365000,17.875000,18.094999,12.056112,112200
2005-12-02,18.115000,18.270000,17.840000,17.930000,11.946176,65600
2005-12-05,17.875000,18.000000,17.605000,17.650000,11.759623,72200
2005-12-06,17.725000,18.395000,17.725000,18.295000,12.189362,105200
2005-12-07,18.260000,18.264999,17.940001,18.065001,12.036120,75000
2005-12-08,18.100000,18.260000,18.000000,18.165001,12.102751,57800
2005-12-09,18.135000,19.230000,18.049999,19.170000,12.772348,206600
2005-12-12,19.250000,19.260000,19.055000,19.180000,12.779014,65200
2005-12-13,19.075001,19.725000,19.075001,19.690001,13.118810,82200
2005-12-14,19.735001,20.000000,19.645000,19.700001,13.125473,89400
2005-12-15,19.799999,19.860001,19.485001,19.850000,13.225410,64800
2005-12-16,19.900000,19.959999,19.684999,19.799999,13.192099,204600
2005-12-19,19.950001,19.950001,19.375000,19.584999,13.048852,123400
2005-12-20,19.535000,19.674999,19.280001,19.325001,12.875625,58800
2005-12-21,19.299999,19.549999,19.250000,19.325001,12.875625,57200
2005-12-22,19.525000,19.600000,19.375000,19.459999,12.965564,30600
2005-12-23,19.375000,19.650000,19.375000,19.565001,13.035531,31400
2005-12-27,19.514999,19.605000,19.004999,19.004999,12.662416,56200
2005-12-28,19.055000,19.299999,18.975000,19.290001,12.852300,26000
2005-12-29,19.424999,19.495001,19.250000,19.434999,12.948908,62000
2005-12-30,19.385000,19.385000,18.985001,19.115000,12.735708,84200
2006-01-03,18.980000,19.295000,18.424999,19.254999,12.828983,173000
2006-01-04,19.270000,19.555000,19.155001,19.525000,13.008872,79000
2006-01-05,19.450001,19.565001,19.350000,19.480000,12.978892,52800
2006-01-06,19.530001,19.600000,19.440001,19.440001,12.952240,64800
2006-01-09,19.480000,19.780001,19.434999,19.485001,12.982229,82400
2006-01-10,19.360001,19.594999,19.264999,19.495001,12.988886,88800
2006-01-11,19.500000,19.530001,19.125000,19.309999,12.865627,59000
2006-01-12,19.309999,19.629999,19.160000,19.424999,12.942246,61000
2006-01-13,19.500000,19.969999,19.475000,19.950001,13.292039,84600
2006-01-17,19.950001,19.950001,19.500000,19.549999,13.025535,62000
2006-01-18,19.555000,20.000000,19.555000,19.980000,13.312025,41800
2006-01-19,19.855000,20.215000,19.805000,20.200001,13.458606,73600
2006-01-20,20.219999,20.299999,19.799999,19.825001,13.208760,67400
2006-01-23,19.830000,20.219999,19.830000,20.049999,13.358665,94400
2006-01-24,19.875000,20.500000,19.875000,20.480000,13.645155,56200
2006-01-25,20.795000,20.795000,20.325001,20.415001,13.601854,115000
2006-01-26,20.385000,20.705000,20.385000,20.629999,13.745102,111000
2006-01-27,20.625000,21.139999,20.575001,21.135000,14.081566,71600
2006-01-30,21.200001,21.219999,21.000000,21.004999,13.994954,66400
2006-01-31,21.195000,21.525000,20.900000,21.225000,14.141532,111200
2006-02-01,21.225000,21.350000,20.950001,21.145000,14.088230,63200
2006-02-02,20.924999,20.985001,20.250000,20.655001,13.856120,106400
2006-02-03,20.780001,20.820000,20.475000,20.475000,13.735372,51600
2006-02-06,20.475000,20.475000,19.775000,19.910000,13.356350,127000
2006-02-07,19.910000,20.080000,19.650000,19.855000,13.319454,79200
2006-02-08,19.860001,20.049999,19.600000,19.969999,13.396597,65400
2006-02-09,19.975000,20.424999,19.799999,19.975000,13.399952,75000
2006-02-10,19.924999,20.055000,19.605000,20.025000,13.433490,122800
2006-02-13,19.950001,20.184999,19.840000,20.094999,13.480450,90000
2006-02-14,20.195000,20.440001,20.055000,20.430000,13.705179,91400
2006-02-15,20.469999,20.955000,20.395000,20.825001,13.970165,90600
2006-02-16,20.950001,21.215000,20.945000,21.055000,14.124454,89600
2006-02-17,21.225000,21.600000,21.075001,21.264999,14.265326,115200
2006-02-21,21.165001,21.375000,20.625000,20.875000,14.003703,110200
2006-02-22,20.825001,21.500000,20.815001,21.500000,14.422973,71200
2006-02-23,21.450001,21.740000,21.375000,21.600000,14.490061,75200
2006-02-24,21.450001,21.959999,21.405001,21.920000,14.704723,73000
2006-02-27,21.980000,22.580000,21.980000,22.420000,15.040138,102000
2006-02-28,22.469999,22.469999,21.605000,21.879999,14.677896,155800
2006-03-01,21.740000,22.355000,21.605000,22.264999,14.936162,95000
2006-03-02,22.100000,22.205000,21.885000,22.125000,14.842252,118800
2006-03-03,21.950001,22.360001,21.799999,21.955000,14.728206,110600
2006-03-06,21.480000,21.975000,21.480000,21.834999,14.647706,93000
2006-03-07,21.785000,21.785000,21.375000,21.594999,14.486704,73600
2006-03-08,21.580000,21.580000,21.035000,21.415001,14.365956,77600
2006-03-09,21.405001,21.405001,20.625000,20.639999,13.846053,83800
2006-03-10,20.625000,21.375000,20.600000,21.309999,14.295518,103600
2006-03-13,21.190001,21.514999,21.190001,21.344999,14.318995,59800
2006-03-14,21.299999,21.650000,21.049999,21.650000,14.523606,90000
2006-03-15,21.500000,21.730000,21.184999,21.730000,14.577266,70200
2006-03-16,21.855000,22.145000,21.754999,21.775000,14.607452,111800
2006-03-17,21.875000,21.875000,21.600000,21.674999,14.540373,292800
2006-03-20,21.775000,21.775000,21.350000,21.480000,14.409555,81400
2006-03-21,21.610001,21.610001,21.090000,21.094999,14.151284,91400
2006-03-22,21.150000,21.395000,21.049999,21.379999,14.342477,61600
2006-03-23,21.490000,21.815001,21.350000,21.650000,14.523606,127400
2006-03-24,21.750000,22.070000,21.750000,22.035000,14.781871,69400
2006-03-27,22.000000,22.045000,21.799999,21.805000,14.627575,71400
2006-03-28,21.705000,21.945000,21.650000,21.709999,14.563855,91400
2006-03-29,21.860001,22.040001,21.799999,21.920000,14.704723,128600
2006-03-30,21.990000,22.065001,21.805000,21.834999,14.647706,87400
2006-03-31,21.834999,22.525000,21.834999,22.525000,15.110578,143600
2006-04-03,22.475000,22.735001,22.250000,22.250000,14.926107,59800
2006-04-04,22.250000,22.830000,22.250000,22.500000,15.093806,112000
2006-04-05,22.375000,22.750000,21.950001,22.285000,14.949582,167200
2006-04-06,22.250000,22.530001,22.184999,22.299999,14.959646,67600
2006-04-07,22.350000,22.445000,21.430000,21.514999,14.433048,109000
2006-04-10,21.424999,21.504999,21.150000,21.330000,14.308930,79800
2006-04-11,21.400000,21.500000,20.900000,21.000000,14.087554,89800
2006-04-12,20.875000,21.165001,20.875000,21.165001,14.198246,69800
2006-04-13,21.115000,21.375000,20.969999,21.190001,14.215016,73400
2006-04-17,21.264999,21.424999,20.945000,21.170000,14.201596,72200
2006-04-18,21.295000,21.990000,21.230000,21.790001,14.617519,136200
2006-04-19,21.715000,22.299999,21.650000,22.299999,14.959646,189400
2006-04-20,22.475000,22.600000,22.145000,22.434999,15.050206,140800
2006-04-21,22.719999,22.780001,22.424999,22.680000,15.214562,147400
2006-04-24,22.680000,22.879999,21.600000,21.715000,14.567204,147200
2006-04-25,21.719999,21.959999,21.375000,21.620001,14.503475,94200
2006-04-26,21.450001,22.424999,21.450001,22.174999,14.875786,117000
2006-04-27,21.514999,22.254999,21.150000,21.305000,14.292160,120800
2006-04-28,21.350000,21.719999,21.150000,21.254999,14.258622,171800
2006-05-01,21.459999,21.709999,20.975000,20.975000,14.070788,161200
2006-05-02,21.100000,21.299999,20.665001,20.855000,13.990283,296400
2006-05-03,20.750000,21.025000,20.639999,21.000000,14.087554,113000
2006-05-04,20.900000,21.150000,20.650000,20.840000,14.076751,153200
2006-05-05,20.775000,21.020000,20.705000,20.764999,14.026094,103000
2006-05-08,20.639999,20.715000,20.125000,20.410000,13.786303,141200
2006-05-09,20.350000,20.740000,20.285000,20.709999,13.988937,96400
2006-05-10,20.775000,20.830000,20.000000,20.030001,13.529627,129000
2006-05-11,20.030001,20.084999,19.030001,19.084999,12.891307,246600
2006-05-12,19.200001,19.315001,18.635000,18.660000,12.604229,188200
2006-05-15,18.525000,18.750000,18.120001,18.405001,12.431988,145400
2006-05-16,18.445000,19.150000,18.445000,19.004999,12.837263,117000
2006-05-17,19.049999,19.049999,18.139999,18.400000,12.428608,161000
2006-05-18,18.415001,19.450001,18.415001,19.135000,12.925080,203800
2006-05-19,19.129999,19.400000,18.695000,19.209999,12.975739,162800
2006-05-22,18.850000,19.174999,18.420000,19.045000,12.864286,154400
2006-05-23,19.100000,19.174999,18.309999,18.375000,12.411721,101400
2006-05-24,18.375000,18.469999,17.490000,18.105000,12.229347,248200
2006-05-25,18.275000,18.700001,18.174999,18.700001,12.631250,181000
2006-05-26,18.825001,19.000000,18.625000,18.805000,12.702173,130200
2006-05-30,18.915001,18.915001,18.215000,18.290001,12.354306,137800
2006-05-31,18.275000,18.900000,18.275000,18.764999,12.675157,188400
2006-06-01,18.900000,19.565001,18.900000,19.565001,13.215528,159200
2006-06-02,19.815001,19.910000,19.510000,19.910000,13.448566,158000
2006-06-05,19.910000,20.000000,18.820000,18.820000,12.712305,141600
2006-06-06,18.775000,18.815001,18.165001,18.735001,12.654890,127600
2006-06-07,18.775000,19.135000,18.405001,18.405001,12.431988,126600
2006-06-08,18.280001,18.580000,17.660000,18.500000,12.496157,175000
2006-06-09,18.575001,18.655001,18.040001,18.110001,12.232723,85600
2006-06-12,17.975000,17.975000,17.490000,17.520000,11.834201,120200
2006-06-13,17.400000,17.844999,17.075001,17.150000,11.584274,172000
2006-06-14,16.799999,17.410000,16.795000,17.325001,11.702483,230400
2006-06-15,17.375000,18.139999,17.360001,18.094999,12.222589,113000
2006-06-16,18.100000,18.250000,17.350000,17.379999,11.739629,539400
2006-06-19,17.389999,17.580000,16.850000,17.030001,11.503219,156400
2006-06-20,16.980000,17.150000,16.870001,16.895000,11.412028,107000
2006-06-21,16.895000,17.340000,16.895000,17.045000,11.513348,263000
2006-06-22,17.040001,17.040001,16.385000,16.860001,11.388388,247400
2006-06-23,16.790001,17.250000,16.674999,16.975000,11.466067,138000
2006-06-26,17.075001,17.405001,16.805000,17.270000,11.665329,117800
2006-06-27,17.325001,17.629999,17.035000,17.075001,11.533614,112000
2006-06-28,17.070000,17.174999,16.879999,17.045000,11.513348,118600
2006-06-29,17.100000,17.639999,17.100000,17.549999,11.854464,180200
2006-06-30,17.520000,17.975000,17.260000,17.870001,12.070615,154200
2006-07-03,17.820000,17.934999,17.625000,17.775000,12.006443,57400
2006-07-05,17.650000,17.650000,17.230000,17.500000,11.820685,95800
2006-07-06,17.495001,17.875000,17.434999,17.830000,12.043589,69400
2006-07-07,17.705000,17.975000,17.469999,17.490000,11.813933,88200
2006-07-10,17.565001,17.934999,17.545000,17.915001,12.101006,122400
2006-07-11,17.799999,18.250000,17.674999,18.245001,12.323915,219400
2006-07-12,18.315001,18.504999,17.705000,17.745001,11.986178,173600
2006-07-13,17.625000,17.840000,17.480000,17.495001,11.817307,123200
2006-07-14,17.445000,17.445000,17.100000,17.235001,11.641690,92600
2006-07-17,17.200001,17.320000,16.875000,16.915001,11.425538,88200
2006-07-18,16.969999,17.355000,16.969999,17.325001,11.702483,91400
2006-07-19,17.150000,18.219999,17.125000,18.125000,12.242854,135800
2006-07-20,18.105000,18.200001,17.680000,17.725000,11.972670,149200
2006-07-21,17.730000,17.775000,17.254999,17.559999,11.861215,132600
2006-07-24,17.650000,18.570000,17.650000,18.570000,12.543439,173800
2006-07-25,18.565001,18.844999,18.110001,18.480000,12.482647,151600
2006-07-26,18.355000,18.535000,17.875000,18.209999,12.300273,98600
2006-07-27,18.309999,18.625000,17.870001,17.875000,12.073988,111200
2006-07-28,17.950001,18.920000,17.950001,18.910000,12.773100,109600
2006-07-31,18.709999,18.709999,18.245001,18.299999,12.361064,116800
2006-08-01,18.240000,18.315001,17.865000,18.100000,12.225967,107400
2006-08-02,18.075001,18.705000,18.075001,18.480000,12.482647,119200
2006-08-03,18.075001,18.125000,17.625000,17.969999,12.233481,123000
2006-08-04,18.094999,18.370001,17.570000,17.990000,12.247096,255000
2006-08-07,17.889999,17.924999,17.400000,17.594999,11.978192,171800
2006-08-08,17.520000,17.695000,17.230000,17.245001,11.739926,137200
2006-08-09,17.295000,17.495001,17.180000,17.225000,11.726308,104600
2006-08-10,17.125000,17.764999,17.125000,17.705000,12.053082,113800
2006-08-11,17.605000,17.799999,17.375000,17.590000,11.974791,93200
2006-08-14,17.360001,18.014999,17.360001,17.610001,11.988406,123800
2006-08-15,17.799999,18.135000,17.799999,18.065001,12.298157,151200
2006-08-16,18.150000,18.480000,18.135000,18.480000,12.580682,141400
2006-08-17,18.400000,19.084999,18.400000,18.740000,12.757679,223400
2006-08-18,18.750000,18.750000,18.340000,18.495001,12.590893,86800
2006-08-21,18.450001,18.450001,18.184999,18.299999,12.458139,35200
2006-08-22,18.150000,18.299999,17.995001,18.290001,12.451329,96800
2006-08-23,18.139999,18.240000,17.520000,17.705000,12.053082,164600
2006-08-24,17.684999,17.770000,17.510000,17.740000,12.076900,154200
2006-08-25,17.764999,17.924999,17.570000,17.905001,12.189237,68000
2006-08-28,17.920000,18.309999,17.920000,18.290001,12.451329,58400
2006-08-29,18.350000,18.690001,18.049999,18.629999,12.682795,94200
2006-08-30,18.610001,18.870001,18.610001,18.750000,12.764486,107400
2006-08-31,18.834999,19.240000,18.805000,19.040001,12.961910,124600
2006-09-01,19.150000,19.250000,18.834999,19.040001,12.961910,112400
2006-09-05,19.040001,19.150000,18.895000,19.080000,12.989144,88000
2006-09-06,19.010000,19.010000,18.520000,18.520000,12.607908,82400
2006-09-07,18.395000,18.440001,18.065001,18.184999,12.379845,87000
2006-09-08,18.135000,18.225000,18.000000,18.049999,12.287951,76200
2006-09-11,18.000000,18.100000,17.715000,17.865000,12.162004,135600
2006-09-12,17.975000,18.309999,17.799999,18.309999,12.464945,98400
2006-09-13,18.260000,18.549999,18.260000,18.525000,12.611315,86200
2006-09-14,18.400000,18.620001,18.385000,18.600000,12.662374,58000
2006-09-15,18.740000,18.900000,18.440001,18.895000,12.863203,220600
2006-09-18,18.770000,19.070000,18.680000,18.834999,12.822348,71600
2006-09-19,18.735001,18.850000,18.285000,18.764999,12.774697,104800
2006-09-20,18.940001,19.520000,18.940001,19.245001,13.101470,149000
2006-09-21,19.320000,19.594999,18.750000,18.895000,12.863203,115600
2006-09-22,18.895000,19.000000,18.450001,18.575001,12.645350,89600
2006-09-25,18.525000,18.965000,18.420000,18.930000,12.887025,63600
2006-09-26,19.000000,19.309999,18.900000,19.299999,13.138906,91200
2006-09-27,19.174999,19.195000,18.805000,19.004999,12.938086,147600
2006-09-28,19.035000,19.035000,18.719999,18.719999,12.744063,188000
2006-09-29,18.645000,18.980000,18.450001,18.465000,12.570464,177400
2006-10-02,18.325001,18.500000,18.129999,18.215000,12.400274,148600
2006-10-03,18.100000,18.465000,18.000000,18.215000,12.400274,95200
2006-10-04,18.080000,18.959999,18.080000,18.950001,12.900640,133800
2006-10-05,18.900000,19.000000,18.580000,18.785000,12.788315,133800
2006-10-06,18.520000,18.615000,18.025000,18.299999,12.458139,1484000
2006-10-09,18.299999,18.475000,18.225000,18.424999,12.543235,227400
2006-10-10,18.385000,18.514999,18.344999,18.395000,12.522811,208600
2006-10-11,18.395000,18.475000,18.299999,18.350000,12.492176,177200
2006-10-12,18.370001,18.665001,18.350000,18.665001,12.706617,183200
2006-10-13,18.975000,18.985001,18.590000,18.735001,12.754274,225400
2006-10-16,18.900000,19.105000,18.690001,18.995001,12.931281,257600
2006-10-17,18.870001,18.945000,18.750000,18.895000,12.863203,128000
2006-10-18,18.895000,18.924999,18.660000,18.820000,12.812140,103400
2006-10-19,18.825001,19.045000,18.805000,19.000000,12.934679,198400
2006-10-20,19.045000,19.100000,18.895000,19.049999,12.968720,152200
2006-10-23,18.924999,19.100000,18.905001,19.100000,13.002759,95200
2006-10-24,18.975000,19.215000,18.825001,19.174999,13.053813,136200
2006-10-25,19.125000,19.330000,19.025000,19.275000,13.121893,123600
2006-10-26,19.309999,19.500000,19.205000,19.500000,13.275066,126200
2006-10-27,19.500000,19.549999,19.260000,19.285000,13.128698,81400
2006-10-30,19.225000,19.520000,19.150000,19.495001,13.271662,100400
2006-10-31,19.495001,19.514999,19.200001,19.450001,13.241030,259800
2006-11-01,19.520000,19.559999,18.750000,18.790001,12.791718,145200
2006-11-02,18.625000,19.014999,18.549999,18.920000,12.979689,256600
2006-11-03,19.004999,19.190001,18.780001,18.969999,13.013988,184800
2006-11-06,18.910000,19.209999,18.625000,19.030001,13.055153,208200
2006-11-07,19.030001,19.200001,18.740000,18.780001,12.883644,156000
2006-11-08,18.580000,19.370001,18.575001,19.264999,13.216366,180400
2006-11-09,19.225000,19.225000,18.945000,19.120001,13.116895,125000
2006-11-10,19.084999,19.375000,19.004999,19.375000,13.291835,78400
2006-11-13,19.135000,19.360001,19.080000,19.290001,13.233521,98000
2006-11-14,19.254999,19.895000,19.070000,19.840000,13.610836,204400
2006-11-15,19.799999,20.320000,19.775000,20.200001,13.857811,216000
2006-11-16,20.200001,20.495001,20.115000,20.434999,14.019027,181400
2006-11-17,20.415001,20.549999,20.150000,20.375000,13.977859,159600
2006-11-20,20.375000,20.570000,20.290001,20.465000,14.039607,146800
2006-11-21,20.500000,20.500000,20.209999,20.410000,14.001875,104000
2006-11-22,20.450001,20.475000,20.115000,20.360001,13.967572,67800
2006-11-24,20.235001,20.555000,20.055000,20.525000,14.080769,47000
2006-11-27,20.485001,20.485001,19.875000,19.875000,13.634849,146400
2006-11-28,19.875000,20.030001,19.764999,20.000000,13.720603,97600
2006-11-29,20.125000,20.305000,19.945000,20.240000,13.885243,69200
2006-11-30,20.174999,20.275000,19.879999,20.240000,13.885243,134800
2006-12-01,20.115000,20.334999,19.834999,20.075001,13.772056,125800
2006-12-04,20.075001,20.500000,20.075001,20.389999,13.988149,113800
2006-12-05,20.420000,21.000000,20.420000,20.924999,14.355184,152200
2006-12-06,20.924999,21.000000,20.750000,20.930000,14.358615,153400
2006-12-07,20.980000,21.065001,20.500000,20.504999,14.067050,83600
2006-12-08,20.355000,20.580000,20.215000,20.350000,13.960710,74600
2006-12-11,20.370001,20.370001,20.020000,20.139999,13.816646,91000
2006-12-12,20.105000,20.344999,19.825001,20.184999,13.847519,102600
2006-12-13,20.250000,20.325001,20.000000,20.275000,13.909261,195200
2006-12-14,20.360001,20.584999,20.299999,20.340000,13.953852,102000
2006-12-15,20.415001,20.520000,20.365000,20.490000,14.056759,183200
2006-12-18,20.400000,20.584999,19.850000,19.965000,13.696589,84800
2006-12-19,19.865000,19.990000,19.660000,19.855000,13.621125,84400
2006-12-20,19.860001,20.120001,19.799999,20.084999,13.778916,260800
2006-12-21,20.084999,20.315001,19.764999,20.075001,13.772056,157400
2006-12-22,20.150000,20.150000,19.924999,19.950001,13.686299,54400
2006-12-26,19.934999,20.440001,19.934999,20.415001,14.005307,55800
2006-12-27,20.540001,20.540001,19.995001,20.190001,13.850945,232800
2006-12-28,20.240000,20.360001,20.014999,20.125000,13.806359,484600
2006-12-29,20.174999,20.450001,20.115000,20.200001,13.857811,349400
2007-01-03,19.700001,20.200001,19.360001,19.815001,13.593691,244200
2007-01-04,19.700001,19.959999,19.540001,19.889999,13.645135,111000
2007-01-05,19.440001,19.875000,19.150000,19.305000,13.243815,172800
2007-01-08,19.350000,19.865000,19.200001,19.815001,13.593691,299800
2007-01-09,19.730000,20.094999,19.504999,20.080000,13.775485,263000
2007-01-10,19.955000,22.290001,19.639999,22.270000,15.277886,1423600
2007-01-11,22.150000,22.150000,20.040001,20.215000,13.868101,845000
2007-01-12,20.264999,20.395000,19.870001,20.110001,13.796058,218200
2007-01-16,20.150000,20.219999,19.795000,19.809999,13.590257,287400
2007-01-17,19.709999,20.280001,19.709999,19.809999,13.590257,202600
2007-01-18,19.760000,19.790001,19.389999,19.434999,13.332991,199200
2007-01-19,20.424999,21.110001,20.209999,20.475000,14.046465,401200
2007-01-22,20.424999,20.424999,20.180000,20.235001,13.881823,196000
2007-01-23,20.174999,20.879999,20.125000,20.565001,14.108202,182400
2007-01-24,20.600000,20.635000,20.155001,20.344999,13.957283,195600
2007-01-25,20.245001,20.344999,19.650000,19.905001,13.655430,271800
2007-01-26,19.754999,19.930000,19.504999,19.850000,13.617699,259400
2007-01-29,19.735001,19.945000,19.420000,19.715000,13.525084,404400
2007-01-30,19.719999,19.895000,19.650000,19.875000,13.634849,296400
2007-01-31,19.815001,20.080000,19.715000,19.879999,13.638280,124200
2007-02-01,19.770000,20.125000,19.680000,20.049999,13.855967,119800
2007-02-02,20.129999,20.225000,19.885000,20.225000,13.976903,133000
2007-02-05,20.240000,20.270000,20.000000,20.115000,13.900884,143200
2007-02-06,20.245001,20.280001,19.945000,20.075001,13.873244,106400
2007-02-07,20.030001,20.340000,20.030001,20.299999,14.028736,168200
2007-02-08,20.235001,20.315001,20.125000,20.250000,13.994182,48200
2007-02-09,20.150000,20.410000,20.070000,20.270000,14.007997,204200
2007-02-12,20.200001,20.320000,19.950001,20.320000,14.042553,179600
2007-02-13,20.400000,20.674999,20.299999,20.620001,14.249875,151400
2007-02-14,20.620001,20.799999,20.545000,20.570000,14.215321,169600
2007-02-15,20.520000,20.680000,20.295000,20.504999,14.170408,137000
2007-02-16,20.504999,20.545000,20.049999,20.445000,14.128940,100200
2007-02-20,20.434999,20.650000,20.100000,20.600000,14.236062,88400
2007-02-21,20.525000,20.674999,20.400000,20.600000,14.236062,76000
2007-02-22,20.514999,20.540001,20.245001,20.490000,14.160039,83800
2007-02-23,20.430000,20.665001,20.320000,20.555000,14.204954,84600
2007-02-26,20.655001,20.750000,20.250000,20.750000,14.339718,132400
2007-02-27,20.575001,20.674999,19.645000,19.645000,13.576085,173800
2007-02-28,19.650000,19.650000,19.100000,19.285000,13.327298,150800
2007-03-01,18.650000,19.965000,17.750000,19.740000,13.641740,177400
2007-03-02,19.490000,19.584999,18.915001,18.920000,13.075055,255800
2007-03-05,18.719999,18.850000,18.365000,18.375000,12.698422,241400
2007-03-06,18.469999,19.205000,18.469999,19.055000,13.168353,325800
2007-03-07,19.080000,19.700001,19.030001,19.070000,13.178715,461600
2007-03-08,19.270000,19.389999,19.020000,19.155001,13.237460,205600
2007-03-09,19.280001,19.625000,19.184999,19.365000,13.382584,150600
2007-03-12,19.290001,19.629999,19.264999,19.549999,13.510431,90000
2007-03-13,19.490000,19.504999,18.955000,18.975000,13.113064,143800
2007-03-14,18.875000,19.280001,18.730000,19.165001,13.244368,198400
2007-03-15,19.190001,19.680000,19.184999,19.350000,13.372216,185800
2007-03-16,19.350000,21.059999,18.924999,18.985001,13.119975,499400
2007-03-19,19.135000,19.434999,19.059999,19.389999,13.399856,308000
2007-03-20,19.340000,19.825001,19.325001,19.815001,13.693567,96800
2007-03-21,19.900000,20.105000,19.590000,20.020000,13.835234,173000
2007-03-22,20.025000,20.389999,19.920000,20.334999,14.052927,160800
2007-03-23,20.450001,20.450001,20.184999,20.290001,14.021828,110800
2007-03-26,20.110001,20.360001,19.965000,20.290001,14.021828,110800
2007-03-27,20.165001,20.320000,19.920000,20.129999,13.911249,94600
2007-03-28,20.080000,20.080000,19.184999,19.405001,13.410218,573000
2007-03-29,19.530001,19.530001,18.990000,18.990000,13.123431,634400
2007-03-30,19.075001,19.325001,18.825001,19.160000,13.240915,217000
2007-04-02,19.240000,19.355000,18.969999,19.344999,13.368762,147200
2007-04-03,19.450001,19.590000,19.330000,19.415001,13.417133,134400
2007-04-04,19.375000,19.379999,19.129999,19.165001,13.244368,126400
2007-04-05,19.195000,19.299999,18.995001,19.025000,13.147617,108400
2007-04-09,19.010000,19.155001,18.985001,18.990000,13.123431,158000
2007-04-10,19.025000,19.145000,18.764999,18.900000,13.061238,89400
2007-04-11,18.945000,18.969999,18.594999,18.815001,13.002494,174800
2007-04-12,18.690001,18.985001,18.510000,18.959999,13.102696,138400
2007-04-13,19.025000,19.205000,18.834999,19.200001,13.268559,433600
2007-04-16,19.500000,19.945000,19.434999,19.639999,13.572622,373000
2007-04-17,19.610001,20.360001,19.469999,20.360001,14.070200,355600
2007-04-18,20.360001,20.424999,19.785000,20.424999,14.115120,286000
2007-04-19,20.375000,20.410000,19.905001,20.410000,14.104753,310600
2007-04-20,20.725000,20.725000,20.075001,20.080000,13.876699,198800
2007-04-23,20.090000,20.334999,19.690001,20.320000,14.042553,258600
2007-04-24,20.320000,20.320000,19.879999,19.985001,13.811051,151600
2007-04-25,20.000000,20.280001,19.934999,20.090000,13.883609,185400
2007-04-26,19.645000,20.150000,19.645000,19.940001,13.779948,125600
2007-04-27,19.840000,19.965000,19.469999,19.844999,13.714293,193200
2007-04-30,19.424999,20.030001,19.299999,19.434999,13.430954,314600
2007-05-01,18.750000,19.180000,18.379999,19.090000,13.192534,1286000
2007-05-02,19.090000,19.480000,19.065001,19.375000,13.389493,341400
2007-05-03,19.355000,19.395000,18.430000,18.440001,12.839434,325200
2007-05-04,18.545000,18.895000,18.545000,18.895000,13.156239,277600
2007-05-07,18.965000,20.184999,18.965000,19.625000,13.664523,517000
2007-05-08,19.500000,19.615000,19.350000,19.450001,13.542680,341800
2007-05-09,19.450001,19.750000,19.350000,19.590000,13.640154,430400
2007-05-10,19.465000,19.750000,19.125000,19.184999,13.358160,447400
2007-05-11,19.315001,19.680000,19.184999,19.344999,13.469565,199400
2007-05-14,19.389999,19.530001,18.875000,19.129999,13.319864,403200
2007-05-15,19.129999,19.665001,18.879999,18.945000,13.191056,222000
2007-05-16,19.040001,19.315001,18.955000,19.200001,13.368608,202400
2007-05-17,19.240000,19.240000,18.930000,18.934999,13.184092,177000
2007-05-18,18.924999,19.125000,18.750000,19.014999,13.239792,245600
2007-05-21,19.014999,19.455000,19.014999,19.420000,13.521788,316800
2007-05-22,19.535000,19.535000,19.075001,19.285000,13.427790,283800
2007-05-23,19.285000,19.305000,18.740000,18.809999,13.097054,264600
2007-05-24,18.905001,19.045000,18.350000,18.410000,12.818542,265800
2007-05-25,18.570000,19.225000,18.424999,19.040001,13.257199,461000
2007-05-29,19.080000,19.379999,19.035000,19.230000,13.389493,244600
2007-05-30,19.075001,19.245001,18.879999,19.075001,13.281567,382400
2007-05-31,19.520000,19.520000,18.510000,18.615000,12.961275,572600
2007-06-01,18.809999,19.014999,18.514999,18.740000,13.048318,649200
2007-06-04,18.709999,18.725000,18.280001,18.325001,12.759359,466800
2007-06-05,18.254999,18.500000,18.150000,18.264999,12.717580,561000
2007-06-06,18.035000,18.250000,17.930000,18.170000,12.651432,212800
2007-06-07,18.334999,18.334999,17.440001,17.764999,12.369443,489800
2007-06-08,17.889999,18.120001,17.690001,17.965000,12.508698,208600
2007-06-11,17.969999,18.110001,17.805000,17.805000,12.397292,250600
2007-06-12,17.700001,17.865000,17.260000,17.309999,12.052637,275200
2007-06-13,17.434999,17.684999,17.250000,17.485001,12.174481,349800
2007-06-14,17.670000,18.084999,17.594999,17.625000,12.271962,319200
2007-06-15,18.049999,18.325001,17.945000,18.135000,12.627069,353800
2007-06-18,18.150000,18.219999,17.840000,17.850000,12.428623,259600
2007-06-19,17.840000,17.959999,17.745001,17.844999,12.425143,425200
2007-06-20,17.995001,17.995001,17.299999,17.400000,12.115296,263600
2007-06-21,17.385000,17.610001,17.280001,17.360001,12.087448,344800
2007-06-22,17.360001,17.535000,17.135000,17.230000,11.996931,381800
2007-06-25,17.355000,17.670000,17.115000,17.275000,12.028262,339000
2007-06-26,17.395000,17.615000,17.225000,17.280001,12.031744,248000
2007-06-27,17.250000,18.535000,17.250000,18.340000,12.769804,552600
2007-06-28,18.445000,18.865000,18.250000,18.400000,12.811579,556000
2007-06-29,18.500000,18.905001,18.500000,18.745001,13.051800,580800
2007-07-02,18.905001,18.910000,18.250000,18.549999,12.916021,468800
2007-07-03,18.684999,19.045000,18.575001,18.955000,13.198018,285200
2007-07-05,18.995001,19.105000,18.684999,19.010000,13.236315,346600
2007-07-06,19.100000,19.100000,18.684999,18.805000,13.093576,181400
2007-07-09,18.900000,18.900000,18.440001,18.625000,12.968242,522400
2007-07-10,18.684999,18.740000,18.245001,18.344999,12.773282,218600
2007-07-11,18.410000,18.594999,18.225000,18.535000,12.905573,279200
2007-07-12,18.635000,19.010000,18.565001,19.010000,13.236315,165800
2007-07-13,19.160000,19.160000,18.764999,18.945000,13.191056,193200
2007-07-16,18.965000,18.965000,18.299999,18.370001,12.790692,218200
2007-07-17,18.445000,18.725000,18.250000,18.264999,12.717580,224000
2007-07-18,18.250000,18.540001,18.000000,18.540001,12.909060,196600
2007-07-19,18.709999,18.985001,18.485001,18.955000,13.198018,288200
2007-07-20,18.915001,18.990000,18.125000,18.145000,12.634026,296400
2007-07-23,18.299999,18.815001,18.299999,18.625000,12.968242,269600
2007-07-24,18.254999,18.620001,18.254999,18.570000,12.929946,495600
2007-07-25,18.850000,18.900000,18.590000,18.809999,13.097054,437800
2007-07-26,18.920000,18.959999,18.120001,18.450001,12.846396,600200
2007-07-27,18.500000,18.825001,18.215000,18.480000,12.867284,492800
2007-07-30,18.320000,18.735001,18.254999,18.475000,12.863800,546000
2007-07-31,18.650000,18.924999,18.395000,18.500000,12.881207,370600
2007-08-01,18.434999,19.110001,18.434999,19.075001,13.281567,405400
2007-08-02,19.430000,19.445000,18.049999,18.395000,12.906204,720600
2007-08-03,19.365000,20.100000,17.139999,17.695000,12.415075,1821000
2007-08-06,18.125000,20.410000,17.730000,20.174999,14.155080,864000
2007-08-07,20.695000,21.495001,19.584999,21.225000,14.891771,893800
2007-08-08,21.125000,22.295000,20.080000,21.790001,15.288192,888600
2007-08-09,22.049999,22.420000,20.270000,21.980000,15.421492,901000
2007-08-10,21.600000,22.684999,19.705000,20.030001,14.053352,1282400
2007-08-13,19.635000,20.200001,18.575001,18.950001,13.295606,597600
2007-08-14,19.004999,19.004999,18.280001,18.500000,12.979872,402200
2007-08-15,18.275000,19.014999,17.745001,17.900000,12.558906,248000
2007-08-16,17.850000,19.500000,17.830000,19.500000,13.681488,423600
2007-08-17,20.094999,20.264999,18.000000,19.535000,13.706042,376000
2007-08-20,19.580000,20.125000,19.160000,19.520000,13.695523,164200
2007-08-21,19.764999,20.400000,19.540001,19.955000,14.000723,195800
2007-08-22,20.209999,20.375000,19.440001,19.555000,13.720080,140800
2007-08-23,19.785000,19.790001,18.945000,19.355000,13.579757,106200
2007-08-24,19.400000,19.480000,18.965000,19.440001,13.639395,88400
2007-08-27,19.450001,19.535000,19.080000,19.325001,13.558706,129200
2007-08-28,19.280001,19.730000,19.155001,19.400000,13.611331,221200
2007-08-29,19.600000,20.035000,19.420000,19.985001,14.021776,199800
2007-08-30,19.775000,20.075001,19.490000,19.940001,13.990202,631400
2007-08-31,20.450001,20.450001,19.360001,19.365000,13.586773,1112000
2007-09-04,19.315001,19.514999,19.170000,19.225000,13.488551,336000
2007-09-05,19.150000,19.250000,18.790001,18.975000,13.313143,376200
2007-09-06,19.000000,19.510000,18.610001,19.459999,13.653431,260400
2007-09-07,19.075001,19.375000,19.014999,19.150000,13.435932,257200
2007-09-10,19.305000,19.405001,18.855000,19.160000,13.442942,173800
2007-09-11,19.184999,19.389999,18.875000,19.340000,13.569229,129600
2007-09-12,19.450001,20.165001,19.400000,20.129999,14.123504,245200
2007-09-13,20.270000,20.665001,19.975000,20.145000,14.134036,226400
2007-09-14,19.945000,20.260000,19.770000,20.165001,14.148064,97200
2007-09-17,20.160000,20.235001,19.855000,20.014999,14.042822,454600
2007-09-18,20.165001,21.145000,20.145000,20.975000,14.716370,272400
2007-09-19,21.230000,21.230000,20.915001,21.160000,14.846173,342200
2007-09-20,21.035000,21.105000,20.465000,20.825001,14.611133,116800
2007-09-21,20.990000,20.990000,20.230000,20.575001,14.435729,422200
2007-09-24,20.530001,21.209999,20.530001,20.875000,14.646212,245000
2007-09-25,20.670000,20.950001,20.545000,20.815001,14.604111,133600
2007-09-26,20.865000,20.865000,20.315001,20.650000,14.488342,232200
2007-09-27,20.594999,20.900000,19.924999,20.120001,14.116489,808200
2007-09-28,20.139999,20.424999,19.235001,19.245001,13.502579,779600
2007-10-01,19.340000,21.070000,19.245001,19.655001,13.790238,943600
2007-10-02,19.650000,20.950001,19.520000,20.670000,14.502382,461400
2007-10-03,20.590000,21.240000,20.540001,20.805000,14.597103,266200
2007-10-04,20.844999,21.254999,20.830000,21.035000,14.758473,163600
2007-10-05,21.260000,21.645000,20.905001,21.455000,15.053149,165800
2007-10-08,21.365000,21.490000,21.135000,21.340000,14.972464,158000
2007-10-09,21.250000,21.959999,21.014999,21.915001,15.375893,219200
2007-10-10,21.910000,21.995001,21.195000,21.360001,14.986494,181400
2007-10-11,21.465000,21.680000,21.020000,21.245001,14.905807,210800
2007-10-12,21.190001,21.490000,21.065001,21.260000,14.916338,114200
2007-10-15,21.290001,21.584999,20.745001,21.225000,14.891771,270800
2007-10-16,20.975000,21.100000,20.594999,20.705000,14.526936,306600
2007-10-17,20.980000,21.440001,20.705000,21.440001,15.042624,335200
2007-10-18,21.400000,21.715000,21.139999,21.430000,15.035605,172000
2007-10-19,21.400000,21.400000,20.500000,20.584999,14.442741,237400
2007-10-22,20.385000,21.370001,20.245001,21.285000,14.933874,265200
2007-10-23,21.410000,21.525000,20.780001,21.385000,15.004034,152800
2007-10-24,21.190001,21.340000,20.410000,21.020000,14.747944,196400
2007-10-25,21.125000,21.750000,20.855000,21.480000,15.070686,236800
2007-10-26,21.690001,21.975000,21.170000,21.959999,15.407461,173600
2007-10-29,21.905001,22.110001,21.719999,22.049999,15.470612,232200
2007-10-30,21.865000,22.225000,21.535000,22.105000,15.509190,193600
2007-10-31,22.000000,22.250000,21.535000,22.195000,15.572347,232000
2007-11-01,21.100000,21.100000,19.260000,19.500000,13.771457,852400
2007-11-02,19.850000,20.195000,19.250000,19.790001,13.976267,455000
2007-11-05,19.834999,20.115000,19.205000,19.584999,13.831491,316000
2007-11-06,19.705000,19.875000,19.209999,19.815001,13.993925,274200
2007-11-07,19.495001,19.504999,19.030001,19.155001,13.527811,384400
2007-11-08,19.400000,20.215000,19.254999,20.115000,14.205790,371600
2007-11-09,19.545000,20.295000,19.450001,19.975000,14.106919,306200
2007-11-12,19.924999,20.750000,19.754999,20.055000,14.163414,721600
2007-11-13,20.285000,20.580000,20.205000,20.430000,14.428249,203800
2007-11-14,20.575001,20.719999,20.004999,20.230000,14.287004,166200
2007-11-15,20.174999,20.225000,19.620001,19.750000,13.948019,332800
2007-11-16,19.799999,19.860001,19.000000,19.370001,13.679653,455200
2007-11-19,19.240000,19.240000,18.245001,18.245001,12.885142,1040600
2007-11-20,18.299999,19.485001,18.299999,19.440001,13.729085,432800
2007-11-21,19.420000,20.129999,19.389999,19.760000,13.955080,353800
2007-11-23,19.690001,20.120001,19.615000,19.924999,14.071608,83600
2007-11-26,19.910000,20.155001,18.965000,19.030001,13.439532,217800
2007-11-27,19.270000,19.490000,18.915001,19.405001,13.704362,309800
2007-11-28,19.405001,20.225000,19.405001,20.184999,14.255225,249000
2007-11-29,20.299999,20.400000,19.555000,19.730000,13.933895,190400
2007-11-30,20.049999,20.110001,19.400000,19.535000,13.796173,197200
2007-12-03,19.700001,19.975000,19.145000,19.150000,13.524284,207400
2007-12-04,18.934999,19.219999,18.834999,18.865000,13.323003,245400
2007-12-05,19.110001,19.110001,18.875000,19.070000,13.467779,313600
2007-12-06,19.100000,19.455000,19.035000,19.400000,13.700840,303200
2007-12-07,19.415001,19.674999,19.230000,19.420000,13.714963,269400
2007-12-10,19.395000,19.535000,19.065001,19.535000,13.796173,165200
2007-12-11,19.594999,19.879999,18.889999,18.945000,13.379504,356400
2007-12-12,19.014999,19.490000,18.530001,19.230000,13.580777,149600
2007-12-13,19.105000,19.410000,18.940001,19.250000,13.594904,150000
2007-12-14,19.065001,19.275000,18.620001,18.655001,13.174695,154000
2007-12-17,18.500000,18.834999,18.410000,18.410000,13.001670,234600
2007-12-18,18.650000,19.299999,18.355000,19.260000,13.601968,253600
2007-12-19,19.190001,19.365000,18.905001,19.065001,13.464251,208200
2007-12-20,19.334999,19.350000,18.500000,19.350000,13.665525,151200
2007-12-21,19.525000,19.870001,19.525000,19.660000,13.884459,370000
2007-12-24,19.580000,19.799999,19.485001,19.695000,13.909171,104400
2007-12-26,19.545000,19.790001,19.385000,19.594999,13.838550,149200
2007-12-27,19.530001,19.530001,18.650000,18.750000,13.241783,292400
2007-12-28,18.975000,19.025000,17.809999,17.924999,12.659150,601000
2007-12-31,18.600000,18.985001,18.365000,18.510000,13.072294,512200
2008-01-02,18.500000,18.750000,18.145000,18.400000,12.994606,321600
2008-01-03,18.500000,18.879999,18.389999,18.445000,13.026388,272400
2008-01-04,18.235001,18.485001,18.080000,18.190001,12.846302,334600
2008-01-07,18.250000,18.480000,18.225000,18.350000,12.959293,511600
2008-01-08,18.500000,18.850000,18.150000,18.225000,12.871018,357200
2008-01-09,18.275000,18.590000,18.250000,18.455000,13.033456,350200
2008-01-10,18.480000,18.480000,18.145000,18.375000,12.976951,418600
2008-01-11,18.260000,18.430000,18.120001,18.120001,12.796865,263000
2008-01-14,18.275000,18.379999,18.010000,18.325001,12.941643,167400
2008-01-15,18.129999,18.309999,17.830000,18.115000,12.793332,135800
2008-01-16,18.030001,18.330000,18.030001,18.139999,12.810983,555400
2008-01-17,18.120001,18.350000,17.905001,18.045000,12.743894,411600
2008-01-18,18.000000,18.250000,17.795000,17.980000,12.697989,416400
2008-01-22,17.504999,17.629999,16.959999,17.000000,12.005884,638800
2008-01-23,16.650000,18.075001,16.549999,18.010000,12.719178,407000
2008-01-24,17.735001,18.205000,17.500000,17.575001,12.411969,344200
2008-01-25,17.875000,17.995001,17.135000,17.299999,12.217754,247000
2008-01-28,17.299999,17.705000,17.025000,17.615000,12.440221,298000
2008-01-29,17.695000,17.719999,17.225000,17.500000,12.358999,183000
2008-01-30,17.450001,17.450001,16.780001,16.790001,11.857583,330000
2008-01-31,16.549999,17.570000,16.450001,17.370001,12.375175,325000
2008-02-01,17.459999,17.844999,17.270000,17.674999,12.592467,242600
2008-02-04,17.555000,17.955000,17.434999,17.875000,12.734961,187000
2008-02-05,17.575001,17.709999,17.200001,17.340000,12.353799,206600
2008-02-06,17.445000,17.635000,17.155001,17.430000,12.417914,180800
2008-02-07,17.365000,17.775000,17.275000,17.684999,12.599593,229800
2008-02-08,17.545000,17.775000,17.215000,17.434999,12.421478,174200
2008-02-11,17.375000,17.490000,17.094999,17.389999,12.389421,178400
2008-02-12,17.445000,17.879999,17.264999,17.540001,12.496288,206800
2008-02-13,17.750000,18.125000,17.735001,18.059999,12.866753,212200
2008-02-14,18.174999,18.174999,17.469999,17.605000,12.542599,175000
2008-02-15,17.510000,17.510000,17.205000,17.440001,12.425045,165400
2008-02-19,17.625000,17.684999,17.325001,17.465000,12.442856,171600
2008-02-20,17.415001,17.780001,17.219999,17.750000,12.645898,174000
2008-02-21,17.900000,18.100000,17.264999,17.320000,12.339548,208000
2008-02-22,17.325001,17.584999,17.129999,17.530001,12.489163,344200
2008-02-25,17.565001,17.985001,17.450001,17.885000,12.742078,262400
2008-02-26,17.855000,18.570000,17.820000,18.410000,13.116113,596600
2008-02-27,18.389999,18.415001,18.049999,18.320000,13.051988,448000
2008-02-28,18.500000,19.250000,18.145000,18.985001,13.525774,1677000
2008-02-29,18.750000,19.059999,18.445000,18.809999,13.401100,546000
2008-03-03,18.809999,19.299999,18.600000,18.930000,13.486584,304200
2008-03-04,18.805000,19.510000,18.684999,18.799999,13.393966,737200
2008-03-05,18.875000,19.145000,18.740000,19.090000,13.600577,393600
2008-03-06,18.990000,19.110001,18.594999,18.844999,13.426029,460600
2008-03-07,18.700001,19.740000,18.629999,19.235001,13.703882,699200
2008-03-10,19.325001,19.334999,18.855000,18.940001,13.493711,180000
2008-03-11,19.514999,19.760000,18.945000,19.760000,14.077912,398200
2008-03-12,19.745001,20.125000,19.445000,19.825001,14.124223,460200
2008-03-13,19.674999,20.115000,19.235001,20.000000,14.248901,557000
2008-03-14,20.100000,20.100000,19.260000,19.500000,13.892676,387000
2008-03-17,19.100000,19.895000,18.975000,19.625000,13.981735,397800
2008-03-18,19.750000,20.450001,19.540001,20.340000,14.491136,371800
2008-03-19,20.450001,20.490000,19.559999,19.559999,13.935431,390200
2008-03-20,19.840000,20.360001,19.715000,20.174999,14.373580,740600
2008-03-24,20.215000,20.250000,19.719999,19.860001,14.149160,349400
2008-03-25,20.055000,20.055000,19.410000,19.434999,13.846367,366800
2008-03-26,19.400000,19.980000,19.309999,19.875000,14.159848,270200
2008-03-27,19.950001,20.014999,18.780001,19.055000,13.575640,444800
2008-03-28,19.004999,19.025000,18.254999,18.495001,13.176671,827000
2008-03-31,18.525000,19.424999,18.410000,19.075001,13.589890,335400
2008-04-01,19.129999,19.695000,19.129999,19.670000,14.013789,241600
2008-04-02,19.760000,19.934999,19.520000,19.715000,14.045857,413600
2008-04-03,19.500000,19.920000,19.500000,19.809999,14.113534,322000
2008-04-04,19.740000,20.025000,19.575001,19.820000,14.120657,238600
2008-04-07,20.000000,20.129999,19.690001,19.900000,14.177662,148200
2008-04-08,19.825001,20.014999,19.715000,19.934999,14.202594,203000
2008-04-09,20.049999,20.305000,19.895000,20.025000,14.266713,286000
2008-04-10,20.059999,20.270000,19.860001,20.150000,14.355771,244800
2008-04-11,20.000000,20.299999,19.850000,19.955000,14.216838,217600
2008-04-14,19.850000,20.375000,19.690001,20.000000,14.248901,300000
2008-04-15,20.100000,20.400000,20.100000,20.285000,14.451950,388800
2008-04-16,20.299999,20.520000,20.230000,20.520000,14.619370,418600
2008-04-17,20.469999,20.605000,20.180000,20.240000,14.419884,276000
2008-04-18,20.575001,20.615000,20.285000,20.405001,14.537440,273600
2008-04-21,20.275000,20.450001,20.139999,20.215000,14.402078,325000
2008-04-22,20.080000,20.145000,19.415001,19.665001,14.010230,343600
2008-04-23,19.754999,19.815001,19.440001,19.750000,14.070790,366800
2008-04-24,19.799999,19.830000,19.389999,19.740000,14.063666,247800
2008-04-25,19.860001,19.895000,19.094999,19.240000,13.707446,189200
2008-04-28,19.290001,19.530001,19.275000,19.415001,13.832122,211800
2008-04-29,19.430000,19.500000,18.975000,19.090000,13.600577,363400
2008-04-30,19.250000,19.600000,19.165001,19.350000,13.785811,317800
2008-05-01,19.350000,19.350000,18.500000,18.725000,13.340538,481200
2008-05-02,18.924999,18.934999,18.334999,18.395000,13.208770,418200
2008-05-05,18.395000,18.645000,18.254999,18.445000,13.244671,287200
2008-05-06,18.325001,18.410000,17.850000,18.285000,13.129781,350400
2008-05-07,18.430000,18.430000,17.705000,17.820000,12.795886,294200
2008-05-08,17.940001,18.000000,17.535000,17.725000,12.727668,281400
2008-05-09,17.639999,18.549999,17.639999,18.424999,13.230313,315800
2008-05-12,18.500000,18.815001,18.475000,18.815001,13.510359,332600
2008-05-13,18.879999,18.879999,18.290001,18.389999,13.205184,357000
2008-05-14,18.389999,18.910000,18.389999,18.525000,13.302118,285200
2008-05-15,18.455000,18.485001,17.905001,18.055000,12.964626,199000
2008-05-16,18.195000,18.264999,17.855000,17.980000,12.910775,200800
2008-05-19,18.080000,18.320000,17.980000,18.045000,12.957446,193800
2008-05-20,17.995001,18.309999,17.934999,18.049999,12.961034,107800
2008-05-21,18.165001,18.570000,18.165001,18.379999,13.197996,229200
2008-05-22,18.415001,18.480000,18.285000,18.365000,13.187224,174400
2008-05-23,18.260000,18.325001,17.905001,18.004999,12.928725,135200
2008-05-27,18.059999,18.290001,17.905001,18.270000,13.119009,212000
2008-05-28,18.290001,18.350000,17.959999,18.014999,12.935904,214000
2008-05-29,18.030001,18.495001,17.980000,18.295000,13.136963,185600
2008-05-30,18.424999,18.424999,18.170000,18.219999,13.083105,192000
2008-06-02,18.165001,18.195000,17.625000,17.809999,12.788705,255400
2008-06-03,17.844999,18.004999,17.709999,17.844999,12.813835,175200
2008-06-04,17.719999,18.344999,17.665001,18.254999,13.108240,273000
2008-06-05,18.235001,18.625000,18.180000,18.625000,13.373924,197200
2008-06-06,18.400000,18.570000,17.410000,17.770000,12.759982,1065800
2008-06-09,17.700001,18.155001,17.674999,18.090000,12.989757,210400
2008-06-10,17.900000,18.129999,17.799999,18.014999,12.935904,202800
2008-06-11,17.889999,18.120001,17.855000,17.855000,12.821012,207200
2008-06-12,18.000000,18.344999,17.955000,18.059999,12.968212,278200
2008-06-13,18.084999,18.430000,17.995001,18.430000,13.233897,193400
2008-06-16,18.325001,18.379999,18.180000,18.344999,13.172866,209600
2008-06-17,18.344999,18.344999,18.100000,18.270000,13.119009,238800
2008-06-18,18.215000,18.395000,18.000000,18.105000,13.000534,175800
2008-06-19,18.105000,18.430000,18.105000,18.375000,13.194410,124000
2008-06-20,18.320000,18.615000,17.870001,18.170000,13.047198,305800
2008-06-23,18.264999,18.465000,18.180000,18.195000,13.065159,124800
2008-06-24,18.084999,18.094999,17.725000,17.725000,12.727668,132400
2008-06-25,17.740000,17.889999,17.375000,17.540001,12.594829,243600
2008-06-26,17.395000,17.440001,16.895000,16.920000,12.149627,416000
2008-06-27,16.915001,17.004999,15.740000,15.845000,11.377708,2345800
2008-06-30,16.155001,16.770000,15.900000,16.385000,11.765462,626400
2008-07-01,16.245001,16.620001,15.910000,16.570000,11.898305,443600
2008-07-02,16.455000,16.455000,15.795000,15.860000,11.388478,435200
2008-07-03,15.915000,15.915000,15.420000,15.580000,11.187424,187000
2008-07-07,15.680000,15.740000,15.465000,15.590000,11.194600,366000
2008-07-08,15.645000,16.145000,15.630000,16.145000,11.593128,258600
2008-07-09,16.070000,16.174999,16.000000,16.030001,11.510552,371400
2008-07-10,16.035000,16.440001,16.014999,16.379999,11.761872,366600
2008-07-11,16.295000,16.799999,16.135000,16.775000,12.045506,407200
2008-07-14,16.825001,16.875000,16.379999,16.540001,11.876762,320800
2008-07-15,16.500000,16.775000,16.334999,16.605000,11.923435,293800
2008-07-16,16.610001,16.924999,16.545000,16.775000,12.045506,325200
2008-07-17,16.820000,16.840000,16.540001,16.754999,12.031148,262200
2008-07-18,16.754999,16.855000,16.115000,16.520000,11.862404,385000
2008-07-21,16.590000,16.844999,16.465000,16.795000,12.059869,174800
2008-07-22,16.844999,17.795000,16.780001,17.754999,12.749208,335000
2008-07-23,17.500000,17.625000,16.924999,17.184999,12.339911,476600
2008-07-24,17.195000,17.295000,16.850000,16.990000,12.199887,307800
2008-07-25,17.184999,17.715000,17.105000,17.465000,12.540973,200000
2008-07-28,17.410000,17.594999,17.309999,17.594999,12.634318,240400
2008-07-29,17.695000,17.950001,17.540001,17.740000,12.738441,247800
2008-07-30,17.665001,17.985001,17.555000,17.760000,12.752800,242600
2008-07-31,17.690001,18.549999,17.375000,18.370001,13.300533,451000
2008-08-01,18.375000,18.565001,18.125000,18.434999,13.347594,233200
2008-08-04,18.340000,18.615000,18.070000,18.400000,13.322247,179400
2008-08-05,18.629999,19.309999,18.504999,19.285000,13.963023,385400
2008-08-06,19.280001,19.285000,19.010000,19.080000,13.814598,350800
2008-08-07,18.850000,19.590000,18.799999,19.465000,14.093353,284600
2008-08-08,19.365000,19.590000,19.075001,19.160000,13.872520,378200
2008-08-11,19.150000,20.000000,19.084999,19.965000,14.455367,275800
2008-08-12,19.950001,20.035000,19.590000,19.594999,14.187476,273600
2008-08-13,19.535000,19.780001,19.139999,19.680000,14.249018,475200
2008-08-14,19.700001,19.764999,19.594999,19.750000,14.299696,332800
2008-08-15,19.850000,20.080000,19.590000,20.000000,14.480712,389200
2008-08-18,20.020000,20.094999,19.795000,19.985001,14.469850,316600
2008-08-19,19.985001,20.270000,19.844999,20.105000,14.556728,305600
2008-08-20,19.870001,19.959999,19.485001,19.860001,14.379348,314800
2008-08-21,19.825001,19.969999,19.475000,19.610001,14.198339,307200
2008-08-22,19.709999,20.094999,19.639999,20.030001,14.502434,337400
2008-08-25,20.059999,20.110001,19.725000,19.865000,14.382966,184600
2008-08-26,19.790001,19.870001,19.549999,19.660000,14.234544,190600
2008-08-27,19.745001,19.975000,19.500000,19.815001,14.346767,266200
2008-08-28,19.805000,19.924999,19.620001,19.915001,14.419169,282800
2008-08-29,19.995001,19.995001,19.500000,19.645000,14.223680,235000
2008-09-02,20.000000,20.059999,19.500000,19.764999,14.310558,248400
2008-09-03,19.764999,20.075001,19.500000,19.684999,14.252637,317000
2008-09-04,19.510000,19.735001,18.915001,19.139999,13.858038,271800
2008-09-05,19.139999,19.139999,18.504999,18.780001,13.597386,183600
2008-09-08,19.135000,19.504999,19.120001,19.370001,14.024567,277600
2008-09-09,19.240000,19.719999,19.139999,19.139999,13.858038,255600
2008-09-10,19.215000,19.580000,19.200001,19.264999,13.948542,185800
2008-09-11,19.135000,19.205000,18.750000,19.120001,13.843557,182400
2008-09-12,19.059999,19.250000,18.945000,19.145000,13.861660,207000
2008-09-15,18.975000,19.555000,18.650000,18.725000,13.557569,235600
2008-09-16,18.610001,19.820000,18.610001,19.820000,14.350381,348200
2008-09-17,19.500000,19.629999,18.735001,19.150000,13.865284,207800
2008-09-18,19.459999,20.635000,19.405001,20.110001,14.560354,509600
2008-09-19,20.959999,21.000000,19.934999,20.100000,14.553113,674800
2008-09-22,20.145000,20.215000,19.195000,19.709999,14.270742,278000
2008-09-23,19.695000,20.030001,19.340000,19.725000,14.281603,215000
2008-09-24,19.709999,19.760000,19.290001,19.594999,14.187476,181000
2008-09-25,19.125000,20.000000,18.945000,19.934999,14.433649,237200
2008-09-26,19.584999,19.965000,19.455000,19.924999,14.426407,265200
2008-09-29,19.660000,19.660000,18.040001,18.045000,13.065219,398200
2008-09-30,18.240000,19.250000,17.000000,19.250000,13.937685,518400
2008-10-01,19.020000,19.180000,18.549999,18.820000,13.626348,294400
2008-10-02,18.745001,19.129999,18.620001,18.924999,13.702369,171400
2008-10-03,18.990000,19.315001,18.485001,18.485001,13.383790,270000
2008-10-06,18.375000,18.480000,17.115000,18.190001,13.170212,503600
2008-10-07,18.190001,18.469999,17.000000,17.004999,12.312222,328800
2008-10-08,16.525000,17.370001,15.855000,16.455000,11.914004,484200
2008-10-09,16.530001,16.735001,15.340000,15.340000,11.106705,422000
2008-10-10,15.255000,16.355000,13.840000,15.915000,11.523026,652600
2008-10-13,16.879999,17.820000,16.465000,17.820000,12.902314,153000
2008-10-14,17.955000,18.555000,17.020000,17.170000,12.431688,476600
2008-10-15,17.184999,17.230000,16.035000,16.040001,11.613532,253400
2008-10-16,16.455000,17.520000,15.220000,17.465000,12.645282,438600
2008-10-17,16.905001,17.725000,16.275000,16.600000,12.018988,344400
2008-10-20,16.820000,16.990000,16.100000,16.990000,12.301361,309400
2008-10-21,16.504999,16.975000,16.120001,16.250000,11.765576,430800
2008-10-22,15.855000,16.070000,15.150000,15.550000,11.258751,238400
2008-10-23,15.265000,16.605000,15.260000,16.209999,11.736613,388000
2008-10-24,14.655000,16.014999,14.655000,15.680000,11.352875,326200
2008-10-27,15.480000,15.790000,14.825000,14.865000,10.762787,201000
2008-10-28,15.005000,16.225000,14.565000,16.215000,11.740237,267800
2008-10-29,15.810000,17.344999,15.810000,16.815001,12.174655,442200
2008-10-30,17.575001,18.245001,16.830000,18.225000,13.311525,405200
2008-10-31,18.115000,19.500000,18.025000,18.780001,13.716892,716000
2008-11-03,18.730000,19.735001,18.730000,19.334999,14.122264,777600
2008-11-04,19.684999,19.690001,18.770000,19.434999,14.195306,631600
2008-11-05,19.165001,19.600000,18.990000,19.100000,13.950616,454000
2008-11-06,19.250000,19.500000,18.754999,19.020000,13.892193,449200
2008-11-07,19.205000,19.475000,18.885000,19.379999,14.155133,568600
2008-11-10,19.580000,19.580000,19.000000,19.309999,14.104004,401200
2008-11-11,19.209999,20.125000,18.990000,19.575001,14.297569,1040000
2008-11-12,19.360001,19.930000,18.629999,18.700001,13.658465,575600
2008-11-13,18.740000,19.695000,17.905001,19.695000,14.385215,870800
2008-11-14,19.299999,20.250000,19.139999,19.309999,14.104004,796400
2008-11-17,19.219999,20.225000,18.875000,19.715000,14.399821,657800
2008-11-18,19.780001,20.275000,19.070000,20.094999,14.677369,774400
2008-11-19,20.025000,21.240000,19.985001,20.430000,14.922052,1072800
2008-11-20,20.645000,20.785000,19.075001,19.075001,13.932364,746800
2008-11-21,19.475000,20.270000,18.600000,20.235001,14.779630,1070800
2008-11-24,20.334999,20.700001,19.920000,20.395000,14.896492,897800
2008-11-25,20.500000,20.670000,19.915001,20.670000,15.097348,468200
2008-11-26,20.295000,21.075001,20.245001,21.035000,15.363936,485400
2008-11-28,20.785000,21.250000,20.650000,21.250000,15.520980,175200
2008-12-01,21.084999,21.084999,19.760000,19.820000,14.476505,422600
2008-12-02,19.930000,20.610001,19.575001,20.525000,14.991440,427200
2008-12-03,19.715000,21.035000,19.629999,20.639999,15.075436,429000
2008-12-04,20.660000,21.225000,19.680000,20.170000,14.732151,338400
2008-12-05,19.930000,20.674999,19.344999,20.674999,15.101000,299600
2008-12-08,20.805000,20.930000,20.165001,20.495001,14.969528,420400
2008-12-09,20.215000,20.934999,19.690001,19.795000,14.458250,306000
2008-12-10,19.920000,20.629999,19.530001,19.870001,14.513035,396800
2008-12-11,19.575001,20.090000,18.879999,19.264999,14.071136,445600
2008-12-12,18.965000,20.315001,18.965000,20.285000,14.816146,459000
2008-12-15,20.584999,20.615000,19.760000,20.209999,14.761359,316200
2008-12-16,20.350000,21.275000,20.334999,21.260000,15.528283,438800
2008-12-17,20.969999,21.735001,20.775000,21.434999,15.656106,513800
2008-12-18,21.754999,22.315001,21.395000,21.965000,16.043219,748800
2008-12-19,22.230000,23.219999,22.139999,22.610001,16.514318,1066600
2008-12-22,22.620001,22.750000,21.799999,22.500000,16.433975,815200
2008-12-23,22.645000,22.740000,22.094999,22.370001,16.339027,501400
2008-12-24,22.375000,22.625000,22.055000,22.325001,16.306162,121600
2008-12-26,22.434999,22.740000,22.350000,22.639999,16.536238,153800
2008-12-29,22.424999,22.520000,21.424999,21.860001,15.966525,818200
2008-12-30,21.844999,23.000000,21.695000,22.985001,16.788223,690000
2008-12-31,22.945000,23.299999,22.295000,23.215000,16.956209,726600
2009-01-02,23.245001,24.139999,22.834999,22.930000,16.748053,820600
2009-01-05,22.600000,22.850000,21.680000,22.635000,16.532585,856600
2009-01-06,21.764999,22.424999,21.309999,21.424999,15.648804,1106400
2009-01-07,21.430000,21.730000,20.815001,21.055000,15.378553,958000
2009-01-08,21.090000,21.395000,20.355000,21.160000,15.455247,843400
2009-01-09,21.285000,21.285000,20.430000,20.665001,15.093693,675800
2009-01-12,20.575001,21.129999,20.415001,20.665001,15.093693,476200
2009-01-13,20.545000,21.200001,20.309999,21.129999,15.433330,898400
2009-01-14,20.629999,20.930000,20.254999,20.365000,14.874574,506200
2009-01-15,20.379999,21.360001,20.219999,21.275000,15.539239,620600
2009-01-16,21.540001,21.610001,20.959999,21.400000,15.630544,637000
2009-01-20,21.049999,21.645000,20.684999,20.730000,15.141177,667600
2009-01-21,20.740000,21.250000,20.379999,21.190001,15.477153,593400
2009-01-22,20.820000,21.395000,20.665001,21.125000,15.429682,425600
2009-01-23,20.730000,21.495001,20.545000,21.270000,15.535582,572800
2009-01-26,21.240000,22.184999,21.200001,21.915001,16.006697,331200
2009-01-27,21.879999,22.309999,21.590000,22.160000,16.185648,323200
2009-01-28,22.405001,22.455000,21.815001,22.105000,16.145466,522600
2009-01-29,22.094999,22.580000,21.370001,22.215000,16.225815,461000
2009-01-30,22.184999,22.535000,21.715000,21.750000,15.886180,454200
2009-02-02,21.525000,22.985001,21.504999,22.605000,16.510668,898000
2009-02-03,22.719999,22.950001,22.280001,22.615000,16.517975,480400
2009-02-04,22.684999,23.035000,22.330000,22.575001,16.488760,591200
2009-02-05,22.299999,23.045000,22.184999,22.590000,16.608229,587000
2009-02-06,22.690001,23.094999,22.459999,22.915001,16.847172,271400
2009-02-09,23.040001,23.045000,22.219999,22.445000,16.501627,277200
2009-02-10,22.445000,22.684999,21.820000,21.915001,16.111967,302600
2009-02-11,22.090000,22.090000,21.540001,21.895000,16.097263,319200
2009-02-12,21.620001,22.150000,21.334999,22.135000,16.273714,266200
2009-02-13,22.075001,22.325001,21.709999,21.844999,16.060501,235600
2009-02-17,21.625000,21.840000,21.250000,21.500000,15.806858,267000
2009-02-18,21.639999,21.639999,20.775000,20.924999,15.384120,304000
2009-02-19,21.059999,21.215000,20.500000,20.555000,15.112093,350800
2009-02-20,20.115000,20.365000,19.580000,20.150000,14.814334,449400
2009-02-23,20.340000,20.415001,20.000000,20.260000,14.895216,393800
2009-02-24,20.504999,20.825001,19.965000,20.375000,14.979759,424200
2009-02-25,20.209999,20.834999,20.080000,20.440001,15.027548,504400
2009-02-26,20.049999,20.049999,18.455000,19.004999,13.972528,915600
2009-02-27,18.775000,20.075001,18.629999,19.629999,14.432029,621400
2009-03-02,19.424999,20.490000,19.209999,19.980000,14.689349,750000
2009-03-03,20.270000,20.270000,19.125000,19.190001,14.108541,424600
2009-03-04,19.469999,20.209999,19.225000,19.889999,14.623182,336800
2009-03-05,19.750000,19.790001,18.860001,18.915001,13.906355,385400
2009-03-06,19.160000,19.610001,18.915001,19.520000,14.351158,368000
2009-03-09,19.219999,19.559999,18.860001,18.959999,13.939446,576200
2009-03-10,19.245001,19.459999,18.750000,19.420000,14.277637,497400
2009-03-11,19.555000,19.665001,19.030001,19.120001,14.057078,464800
2009-03-12,19.155001,19.895000,18.674999,19.830000,14.579071,418800
2009-03-13,19.809999,20.325001,19.545000,20.240000,14.880500,336400
2009-03-16,20.230000,20.475000,19.680000,19.730000,14.505554,305400
2009-03-17,19.680000,20.275000,19.625000,20.275000,14.906237,197000
2009-03-18,20.245001,21.170000,20.094999,20.934999,15.391468,239400
2009-03-19,21.530001,21.965000,21.129999,21.610001,15.887735,344600
2009-03-20,21.750000,22.030001,21.065001,21.125000,15.531158,393600
2009-03-23,21.514999,21.900000,21.129999,21.895000,16.097263,282000
2009-03-24,21.200001,21.305000,20.170000,20.174999,14.832710,465400
2009-03-25,20.205000,20.620001,19.584999,20.320000,14.939323,384400
2009-03-26,20.549999,20.950001,20.080000,20.895000,15.362066,512800
2009-03-27,20.549999,20.855000,20.100000,20.264999,14.898882,348200
2009-03-30,20.020000,20.990000,19.915001,20.930000,15.387797,403800
2009-03-31,21.080000,21.424999,20.799999,20.930000,15.387797,497400
2009-04-01,20.650000,20.709999,20.075001,20.434999,15.023867,439400
2009-04-02,20.670000,20.885000,19.875000,20.215000,14.862123,399200
2009-04-03,20.094999,20.170000,19.865000,20.145000,14.810660,211800
2009-04-06,20.055000,20.235001,19.785000,20.110001,14.784929,246200
2009-04-07,19.795000,20.184999,19.615000,19.625000,14.428354,153000
2009-04-08,19.674999,19.875000,19.325001,19.525000,14.354835,210400
2009-04-09,19.889999,19.889999,19.030001,19.205000,14.119571,331800
2009-04-13,19.065001,19.209999,18.459999,18.700001,13.748293,259800
2009-04-14,18.565001,18.700001,18.150000,18.174999,13.362312,327800
2009-04-15,18.040001,18.705000,17.830000,18.450001,13.564489,234000
2009-04-16,18.549999,18.715000,18.219999,18.610001,13.682124,186600
2009-04-17,18.559999,18.750000,18.250000,18.645000,13.707848,246000
2009-04-20,18.355000,18.660000,18.084999,18.230000,13.402745,260000
2009-04-21,18.059999,19.245001,18.059999,19.035000,13.994582,444400
2009-04-22,18.855000,19.094999,18.575001,18.645000,13.707848,294800
2009-04-23,18.770000,19.010000,18.555000,18.740000,13.777699,452800
2009-04-24,18.760000,19.150000,18.705000,18.905001,13.899007,330800
2009-04-27,18.875000,19.440001,18.865000,19.370001,14.240877,268000
2009-04-28,19.235001,19.900000,19.180000,19.670000,14.461440,239400
2009-04-29,19.780001,20.035000,19.525000,19.955000,14.670972,203000
2009-04-30,20.250000,20.450001,19.485001,19.514999,14.347479,485200
2009-05-01,19.510000,19.514999,19.030001,19.125000,14.060751,473800
2009-05-04,19.100000,19.340000,18.600000,18.785000,13.810782,797200
2009-05-05,18.790001,18.889999,18.375000,18.790001,13.814463,445200
2009-05-06,18.830000,19.110001,18.240000,18.400000,13.634764,318200
2009-05-07,18.535000,18.920000,18.260000,18.545000,13.742208,264400
2009-05-08,18.500000,19.059999,18.475000,18.680000,13.842249,223400
2009-05-11,18.389999,18.740000,18.379999,18.620001,13.797786,302400
2009-05-12,18.745001,18.745001,18.264999,18.434999,13.660698,367600
2009-05-13,18.145000,18.465000,17.910000,17.930000,13.286483,345800
2009-05-14,17.785000,18.190001,17.705000,17.770000,13.167922,425400
2009-05-15,17.745001,17.825001,17.355000,17.469999,12.945614,429200
2009-05-18,17.559999,17.750000,17.195000,17.525000,12.986374,389000
2009-05-19,17.540001,17.700001,17.299999,17.500000,12.967845,237800
2009-05-20,17.610001,17.610001,17.165001,17.205000,12.749245,310800
2009-05-21,17.125000,17.250000,16.785000,17.040001,12.626978,316200
2009-05-22,17.080000,17.260000,16.754999,16.770000,12.426904,203200
2009-05-26,16.745001,17.620001,16.745001,17.580000,13.027125,328200
2009-05-27,17.525000,17.620001,17.205000,17.245001,12.778886,320200
2009-05-28,17.270000,17.459999,17.025000,17.219999,12.760361,227800
2009-05-29,17.219999,17.430000,16.895000,17.410000,12.901155,306800
2009-06-01,17.570000,17.754999,17.490000,17.629999,13.064174,218400
2009-06-02,17.565001,18.049999,17.465000,17.924999,13.282776,328200
2009-06-03,17.820000,18.105000,17.500000,17.645000,13.075294,452800
2009-06-04,17.885000,18.075001,17.690001,17.955000,13.305010,221200
2009-06-05,18.045000,18.209999,17.799999,18.135000,13.438393,297400
2009-06-08,18.135000,18.299999,17.985001,18.075001,13.393932,191000
2009-06-09,18.105000,18.170000,17.860001,17.900000,13.264251,375200
2009-06-10,18.090000,18.090000,17.504999,17.790001,13.182738,337800
2009-06-11,17.834999,18.240000,17.834999,18.000000,13.338352,318200
2009-06-12,17.924999,18.225000,17.575001,18.195000,13.482851,214400
2009-06-15,18.170000,18.170000,17.565001,17.815001,13.201268,228000
2009-06-16,17.815001,17.930000,17.575001,17.680000,13.101229,186200
2009-06-17,17.725000,18.049999,17.655001,17.730000,13.138279,278800
2009-06-18,17.754999,18.010000,17.570000,17.950001,13.301301,234800
2009-06-19,18.090000,18.174999,17.645000,17.645000,13.075294,740000
2009-06-22,17.485001,18.045000,17.485001,17.865000,13.238317,197400
2009-06-23,17.959999,18.160000,17.764999,17.775000,13.171623,250200
2009-06-24,17.805000,17.900000,17.605000,17.680000,13.101229,173200
2009-06-25,17.610001,17.825001,17.549999,17.740000,13.145691,181000
2009-06-26,17.600000,18.170000,17.600000,18.170000,13.464324,390800
2009-06-29,18.150000,18.455000,17.959999,18.415001,13.645880,186000
2009-06-30,18.360001,18.495001,18.264999,18.420000,13.649582,194600
2009-07-01,18.540001,18.990000,18.525000,18.809999,13.938578,199200
2009-07-02,18.625000,18.625000,18.200001,18.250000,13.523611,149600
2009-07-06,18.200001,18.504999,18.200001,18.385000,13.623649,132400
2009-07-07,18.334999,18.495001,18.059999,18.215000,13.497671,145400
2009-07-08,18.254999,18.330000,17.860001,18.084999,13.401341,146600
2009-07-09,18.135000,18.135000,17.674999,17.760000,13.160509,207000
2009-07-10,17.615000,18.010000,17.615000,17.965000,13.312419,110800
2009-07-13,17.965000,18.260000,17.740000,18.250000,13.523611,152000
2009-07-14,18.190001,18.275000,18.055000,18.135000,13.438393,182800
2009-07-15,18.299999,18.575001,18.230000,18.469999,13.686633,174600
2009-07-16,18.379999,18.764999,18.309999,18.715000,13.868183,160800
2009-07-17,18.645000,18.754999,18.200001,18.360001,13.605124,301400
2009-07-20,18.400000,18.495001,17.995001,18.174999,13.468036,174400
2009-07-21,18.174999,18.315001,17.975000,18.094999,13.408751,137200
2009-07-22,18.055000,18.254999,17.905001,18.184999,13.475443,118200
2009-07-23,18.084999,18.629999,18.084999,18.389999,13.627356,199000
2009-07-24,18.285000,18.844999,18.139999,18.825001,13.949699,215200
2009-07-27,18.745001,18.815001,18.465000,18.639999,13.812607,79800
2009-07-28,18.625000,19.000000,18.475000,18.990000,14.071968,180600
2009-07-29,18.799999,18.990000,18.549999,18.750000,13.894120,131800
2009-07-30,19.004999,19.334999,18.785000,19.049999,14.116423,265600
2009-07-31,18.950001,19.235001,18.820000,18.934999,14.031208,171000
2009-08-03,18.950001,19.290001,18.885000,19.225000,14.246104,222000
2009-08-04,19.049999,19.110001,18.825001,18.995001,14.075670,176800
2009-08-05,18.950001,19.000000,18.440001,18.600000,13.782968,176200
2009-08-06,18.580000,18.680000,18.100000,18.195000,13.590627,174000
2009-08-07,18.254999,18.690001,18.125000,18.485001,13.807241,162800
2009-08-10,18.450001,19.049999,18.375000,18.910000,14.124695,179200
2009-08-11,18.840000,19.225000,18.795000,19.055000,14.232999,357200
2009-08-12,19.129999,19.969999,19.129999,19.510000,14.572860,615400
2009-08-13,19.705000,19.705000,18.885000,18.955000,14.158307,164200
2009-08-14,18.955000,18.995001,18.645000,18.840000,14.072412,477800
2009-08-17,18.620001,18.934999,18.590000,18.770000,14.020121,116800
2009-08-18,18.900000,19.055000,18.625000,18.770000,14.020121,168400
2009-08-19,18.625000,19.070000,18.625000,19.045000,14.225536,139000
2009-08-20,18.969999,19.145000,18.889999,19.070000,14.244201,129200
2009-08-21,19.230000,19.365000,19.105000,19.174999,14.322634,234600
2009-08-24,19.219999,19.254999,18.980000,19.045000,14.225536,160600
2009-08-25,19.070000,19.160000,18.889999,18.910000,14.124695,155200
2009-08-26,18.840000,19.035000,18.754999,18.950001,14.154574,195200
2009-08-27,18.934999,19.059999,18.740000,18.945000,14.150829,86800
2009-08-28,18.990000,19.115000,18.754999,18.830000,14.064939,200200
2009-08-31,18.635000,18.860001,18.525000,18.610001,13.900613,173000
2009-09-01,18.525000,18.725000,18.270000,18.469999,13.796037,186600
2009-09-02,18.370001,18.555000,18.280001,18.330000,13.691466,177800
2009-09-03,18.320000,18.420000,18.025000,18.280001,13.654119,186400
2009-09-04,18.215000,18.260000,18.040001,18.115000,13.530872,209000
2009-09-08,18.260000,18.424999,18.049999,18.375000,13.725077,207400
2009-09-09,18.395000,18.639999,18.264999,18.594999,13.889408,272400
2009-09-10,18.525000,18.605000,18.285000,18.605000,13.896874,179800
2009-09-11,18.674999,18.719999,18.254999,18.254999,13.635443,112000
2009-09-14,18.245001,18.570000,18.245001,18.514999,13.829652,152000
2009-09-15,18.424999,19.135000,18.424999,19.020000,14.206854,265000
2009-09-16,19.010000,19.250000,18.860001,19.190001,14.333837,116600
2009-09-17,19.105000,19.434999,19.105000,19.340000,14.445879,158400
2009-09-18,19.385000,19.485001,19.020000,19.475000,14.546715,254800
2009-09-21,19.389999,19.415001,19.174999,19.215000,14.352509,163400
2009-09-22,19.275000,19.334999,19.000000,19.200001,14.341311,149600
2009-09-23,19.200001,19.365000,19.090000,19.215000,14.352509,203800
2009-09-24,19.299999,19.375000,19.070000,19.209999,14.348777,144000
2009-09-25,19.105000,19.325001,19.035000,19.065001,14.240473,89600
2009-09-28,18.680000,19.745001,18.680000,19.590000,14.632616,196200
2009-09-29,19.584999,19.639999,19.405001,19.605000,14.643815,199600
2009-09-30,19.645000,19.764999,19.235001,19.469999,14.542980,367800
2009-10-01,19.340000,19.514999,19.180000,19.330000,14.438410,457400
2009-10-02,19.174999,19.465000,19.100000,19.305000,14.419734,203600
2009-10-05,19.320000,19.514999,19.165001,19.379999,14.475759,141600
2009-10-06,19.424999,19.570000,19.129999,19.305000,14.419734,244600
2009-10-07,19.180000,19.420000,19.125000,19.395000,14.486961,169400
2009-10-08,19.514999,19.625000,19.385000,19.565001,14.613947,319800
2009-10-09,19.605000,19.924999,19.590000,19.775000,14.770800,211800
2009-10-12,19.775000,19.900000,19.674999,19.719999,14.729720,203200
2009-10-13,19.715000,19.820000,19.605000,19.760000,14.759589,94200
2009-10-14,19.870001,19.930000,19.580000,19.775000,14.770800,87200
2009-10-15,19.770000,19.915001,19.639999,19.815001,14.800677,194000
2009-10-16,19.735001,19.844999,19.625000,19.780001,14.774533,154600
2009-10-19,19.799999,20.115000,19.620001,20.055000,14.979939,288600
2009-10-20,20.110001,20.110001,19.625000,20.020000,14.953799,444800
2009-10-21,20.025000,20.325001,19.895000,19.934999,14.890311,294600
2009-10-22,19.915001,20.030001,19.610001,19.870001,14.841760,228600
2009-10-23,19.855000,19.950001,19.299999,19.445000,14.524305,254400
2009-10-26,19.455000,19.715000,19.150000,19.235001,14.367447,322600
2009-10-27,19.225000,19.639999,19.170000,19.270000,14.393595,223000
2009-10-28,19.129999,19.660000,19.004999,19.084999,14.255408,249800
2009-10-29,19.174999,19.174999,18.500000,18.885000,14.106018,416800
2009-10-30,18.754999,18.754999,18.120001,18.285000,13.657850,597200
2009-11-02,18.240000,18.309999,18.045000,18.264999,13.642916,377800
2009-11-03,18.125000,18.450001,17.879999,18.295000,13.665326,481600
2009-11-04,18.424999,18.424999,17.870001,17.875000,13.351608,382600
2009-11-05,17.940001,18.355000,17.855000,18.309999,13.790319,231000
2009-11-06,18.129999,18.295000,18.014999,18.160000,13.677347,145200
2009-11-09,18.230000,18.260000,17.955000,18.135000,13.658520,223000
2009-11-10,18.004999,18.135000,17.750000,17.764999,13.379848,201400
2009-11-11,17.940001,17.965000,17.785000,17.895000,13.477760,120800
2009-11-12,17.945000,17.990000,17.590000,17.590000,13.248047,163800
2009-11-13,17.514999,17.830000,17.450001,17.639999,13.285705,235000
2009-11-16,17.605000,18.264999,17.605000,18.110001,13.639688,237600
2009-11-17,18.125000,18.375000,17.955000,18.330000,13.805383,142400
2009-11-18,18.280001,18.424999,18.110001,18.215000,13.718767,162400
2009-11-19,18.115000,18.115000,17.780001,17.920000,13.496590,204800
2009-11-20,17.844999,17.900000,17.735001,17.889999,13.473997,113800
2009-11-23,18.110001,18.295000,18.010000,18.250000,13.745133,164200
2009-11-24,18.230000,18.480000,18.200001,18.475000,13.914596,213600
2009-11-25,18.475000,18.584999,18.360001,18.385000,13.846808,186000
2009-11-27,18.070000,18.350000,18.020000,18.129999,13.654754,72600
2009-11-30,18.139999,18.305000,17.879999,18.290001,13.775258,174600
2009-12-01,18.365000,18.434999,18.250000,18.285000,13.771489,240400
2009-12-02,18.264999,18.645000,18.205000,18.594999,14.004974,213600
2009-12-03,18.705000,18.785000,18.450001,18.480000,13.918359,148000
2009-12-04,18.695000,18.930000,18.625000,18.834999,14.185724,172800
2009-12-07,18.799999,19.105000,18.799999,18.985001,14.298702,165600
2009-12-08,18.930000,19.000000,18.719999,18.865000,14.208320,115200
2009-12-09,18.770000,18.875000,18.590000,18.690001,14.076520,166400
2009-12-10,18.690001,18.850000,18.535000,18.674999,14.065225,94600
2009-12-11,18.780001,18.875000,18.475000,18.799999,14.159366,82400
2009-12-14,18.834999,19.000000,18.690001,18.895000,14.230921,188800
2009-12-15,18.915001,18.969999,18.760000,18.790001,14.151841,175200
2009-12-16,18.965000,18.965000,18.735001,18.809999,14.166893,221200
2009-12-17,18.770000,18.879999,18.434999,18.584999,13.997438,210200
2009-12-18,18.625000,18.665001,18.090000,18.330000,13.805383,430400
2009-12-21,18.350000,18.565001,18.299999,18.395000,13.854339,117800
2009-12-22,18.584999,18.584999,18.405001,18.415001,13.869406,106200
2009-12-23,18.514999,18.610001,18.410000,18.525000,13.952248,86000
2009-12-24,18.525000,18.605000,18.465000,18.535000,13.959780,28400
2009-12-28,18.635000,18.635000,18.469999,18.575001,13.989908,51000
2009-12-29,18.570000,18.764999,18.525000,18.719999,14.099117,63600
2009-12-30,18.715000,18.750000,18.514999,18.590000,14.001204,114200
2009-12-31,18.530001,18.695000,18.375000,18.410000,13.865634,122200
2010-01-04,18.590000,18.684999,18.340000,18.490000,13.925891,189200
2010-01-05,18.500000,18.520000,17.870001,17.950001,13.519180,431600
2010-01-06,17.975000,18.125000,17.750000,17.809999,13.413741,656800
2010-01-07,17.850000,17.950001,17.660000,17.924999,13.500354,172600
2010-01-08,17.920000,18.240000,17.775000,18.235001,13.733837,252000
2010-01-11,18.260000,18.400000,18.030001,18.305000,13.786559,212400
2010-01-12,18.165001,18.500000,18.165001,18.415001,13.869406,139600
2010-01-13,18.405001,18.645000,18.320000,18.520000,13.948483,140600
2010-01-14,18.469999,18.980000,18.395000,18.900000,14.234685,226200
2010-01-15,18.945000,19.030001,18.525000,18.850000,14.197027,263000
2010-01-19,18.924999,19.045000,18.840000,18.934999,14.261047,282000
2010-01-20,18.879999,18.879999,18.424999,18.639999,14.038864,123000
2010-01-21,18.680000,18.844999,18.275000,18.340000,13.812917,231600
2010-01-22,18.280001,18.629999,18.200001,18.235001,13.733837,181400
2010-01-25,18.295000,18.525000,18.115000,18.344999,13.816680,139800
2010-01-26,18.215000,18.299999,18.084999,18.094999,13.628391,130600
2010-01-27,18.004999,18.190001,17.975000,18.120001,13.647223,198000
2010-01-28,18.200001,18.309999,17.990000,17.995001,13.553080,246400
2010-01-29,18.030001,18.290001,18.030001,18.160000,13.677347,184800
2010-02-01,18.190001,18.334999,18.004999,18.165001,13.681112,136600
2010-02-02,18.230000,18.270000,17.995001,18.110001,13.639688,226200
2010-02-03,18.025000,18.295000,17.924999,18.260000,13.752665,394000
2010-02-04,18.365000,18.365000,18.000000,18.025000,13.687360,231000
2010-02-05,18.075001,18.235001,17.924999,18.014999,13.679759,201000
2010-02-08,18.139999,18.139999,17.799999,17.799999,13.516505,264800
2010-02-09,17.915001,17.930000,17.670000,17.735001,13.467147,257000
2010-02-10,17.750000,17.840000,17.625000,17.795000,13.512707,215000
2010-02-11,17.805000,17.985001,17.629999,17.930000,13.615220,133000
2010-02-12,17.870001,18.000000,17.785000,17.959999,13.638003,103200
2010-02-16,18.090000,18.205000,18.020000,18.205000,13.824041,127600
2010-02-17,18.285000,18.305000,18.110001,18.275000,13.877196,88400
2010-02-18,18.309999,18.500000,18.195000,18.495001,14.044256,127800
2010-02-19,18.434999,18.840000,18.434999,18.705000,14.203719,179800
2010-02-22,18.785000,18.799999,18.565001,18.635000,14.150566,117200
2010-02-23,18.670000,18.790001,18.549999,18.635000,14.150566,92800
2010-02-24,18.620001,18.684999,18.530001,18.620001,14.139175,114800
2010-02-25,18.434999,18.629999,18.250000,18.379999,13.956927,119000
2010-02-26,18.365000,18.365000,17.940001,17.940001,13.622816,261800
2010-03-01,17.990000,18.160000,17.705000,17.799999,13.516505,211200
2010-03-02,17.825001,18.014999,17.670000,17.740000,13.470945,248800
2010-03-03,17.815001,18.495001,17.815001,18.275000,13.877196,536000
2010-03-04,18.254999,18.420000,18.165001,18.260000,13.865807,245800
2010-03-05,18.309999,18.485001,18.184999,18.450001,14.010083,179600
2010-03-08,18.440001,18.500000,18.280001,18.305000,13.899981,232600
2010-03-09,18.275000,18.405001,18.254999,18.334999,13.922758,257200
2010-03-10,18.385000,18.385000,18.155001,18.280001,13.880996,240600
2010-03-11,18.170000,18.355000,18.129999,18.355000,13.937943,138800
2010-03-12,18.355000,18.375000,18.129999,18.275000,13.877196,226200
2010-03-15,18.309999,18.434999,18.290001,18.379999,13.956927,146600
2010-03-16,18.375000,18.635000,18.219999,18.410000,13.979708,164400
2010-03-17,18.445000,18.690001,18.355000,18.590000,14.116392,91800
2010-03-18,18.540001,18.700001,18.525000,18.615000,14.135376,78000
2010-03-19,18.535000,18.700001,18.350000,18.535000,14.074628,180200
2010-03-22,18.485001,18.545000,18.344999,18.500000,14.048051,120000
2010-03-23,18.475000,18.570000,18.285000,18.555000,14.089818,157200
2010-03-24,18.549999,18.575001,18.285000,18.355000,13.937943,194600
2010-03-25,18.389999,18.459999,18.184999,18.200001,13.820244,161600
2010-03-26,18.275000,18.405001,18.170000,18.405001,13.975916,227600
2010-03-29,18.465000,18.770000,18.375000,18.770000,14.253078,204000
2010-03-30,18.745001,18.915001,18.684999,18.855000,14.317622,269200
2010-03-31,18.750000,18.985001,18.735001,18.805000,14.279658,240800
2010-04-01,18.809999,19.320000,18.809999,19.160000,14.549229,343200
2010-04-05,19.309999,19.450001,19.270000,19.450001,14.769437,208200
2010-04-06,19.455000,19.775000,19.455000,19.635000,14.909916,452800
2010-04-07,19.135000,19.565001,18.805000,18.975000,14.408743,888800
2010-04-08,18.940001,18.985001,18.750000,18.865000,14.325215,241400
2010-04-09,18.865000,19.040001,18.709999,19.040001,14.458102,189600
2010-04-12,18.995001,19.045000,18.895000,18.995001,14.423935,125800
2010-04-13,18.940001,19.254999,18.879999,19.254999,14.621369,394800
2010-04-14,19.250000,19.295000,19.075001,19.285000,14.644149,135600
2010-04-15,19.215000,19.420000,19.184999,19.420000,14.746658,139800
2010-04-16,19.385000,19.395000,19.225000,19.365000,14.704894,204200
2010-04-19,19.184999,19.350000,19.184999,19.325001,14.674524,160400
2010-04-20,19.334999,19.530001,19.295000,19.530001,14.830188,124800
2010-04-21,19.485001,19.660000,19.440001,19.639999,14.913714,117000
2010-04-22,19.495001,19.504999,19.235001,19.389999,14.723878,175800
2010-04-23,19.340000,19.459999,19.219999,19.450001,14.769437,110400
2010-04-26,19.485001,19.485001,19.055000,19.160000,14.549229,261000
2010-04-27,19.120001,19.410000,19.120001,19.200001,14.579605,212000
2010-04-28,19.235001,19.459999,18.940001,18.980000,14.412536,304600
2010-04-29,19.030001,19.695000,18.750000,19.670000,14.936499,338000
2010-04-30,19.540001,19.684999,19.340000,19.365000,14.704894,271800
2010-05-03,19.379999,19.850000,19.139999,19.770000,15.012438,252000
2010-05-04,19.530001,19.635000,19.334999,19.490000,14.799815,224400
2010-05-05,19.385000,19.610001,19.139999,19.295000,14.651734,187600
2010-05-06,19.135000,19.135000,18.100000,18.549999,14.195640,331600
2010-05-07,18.445000,18.639999,18.105000,18.129999,13.874233,313400
2010-05-10,18.355000,18.915001,18.355000,18.865000,14.436697,232600
2010-05-11,18.764999,19.230000,18.680000,19.059999,14.585930,143800
2010-05-12,19.120001,19.334999,19.035000,19.305000,14.773413,147000
2010-05-13,19.320000,19.605000,19.219999,19.535000,14.949426,209000
2010-05-14,19.475000,19.559999,19.365000,19.530001,14.945600,170600
2010-05-17,19.535000,19.764999,19.225000,19.450001,14.884377,239200
2010-05-18,19.570000,19.684999,19.090000,19.150000,14.654803,106400
2010-05-19,19.010000,19.139999,18.650000,18.850000,14.425219,257000
2010-05-20,18.565001,18.580000,17.930000,17.940001,13.728831,320800
2010-05-21,17.889999,18.084999,17.500000,18.049999,13.813007,367600
2010-05-24,18.115000,18.209999,17.799999,17.844999,13.656130,133600
2010-05-25,17.615000,17.799999,17.270000,17.735001,13.571951,249000
2010-05-26,17.775000,18.020000,17.655001,17.750000,13.583432,295800
2010-05-27,17.934999,18.075001,17.795000,18.070000,13.828319,248800
2010-05-28,18.070000,18.184999,17.860001,17.915001,13.709700,225600
2010-06-01,17.805000,17.980000,17.510000,17.520000,13.407418,147800
2010-06-02,17.570000,17.875000,17.504999,17.855000,13.663782,177200
2010-06-03,17.995001,18.139999,17.809999,18.090000,13.843619,193600
2010-06-04,17.815001,17.855000,17.290001,17.334999,13.265846,223200
2010-06-07,17.450001,17.530001,17.129999,17.170000,13.139575,192400
2010-06-08,17.190001,17.270000,17.030001,17.235001,13.189322,196600
2010-06-09,17.340000,17.575001,16.905001,16.980000,12.994180,243400
2010-06-10,17.225000,17.455000,17.205000,17.445000,13.350020,266200
2010-06-11,17.250000,17.500000,17.219999,17.455000,13.357679,133600
2010-06-14,17.620001,17.775000,17.525000,17.584999,13.457161,129000
2010-06-15,17.655001,17.870001,17.594999,17.830000,13.644650,101000
2010-06-16,17.660000,17.995001,17.660000,17.900000,13.698218,135800
2010-06-17,18.014999,18.174999,17.895000,18.139999,13.881884,150400
2010-06-18,18.235001,18.344999,18.049999,18.330000,14.027284,376600
2010-06-21,18.514999,18.514999,18.230000,18.280001,13.989022,148600
2010-06-22,18.290001,18.480000,17.924999,17.945000,13.732657,104800
2010-06-23,17.885000,18.045000,17.764999,17.855000,13.663782,218800
2010-06-24,17.820000,18.084999,17.750000,17.830000,13.644650,141600
2010-06-25,17.924999,18.250000,17.680000,18.170000,13.904838,384800
2010-06-28,18.209999,18.480000,18.145000,18.225000,13.946933,117200
2010-06-29,18.125000,18.125000,17.725000,17.815001,13.633176,226800
2010-06-30,17.815001,18.180000,17.775000,17.850000,13.659955,162600
2010-07-01,17.799999,17.825001,17.510000,17.549999,13.430375,210000
2010-07-02,17.625000,17.674999,17.445000,17.580000,13.453336,124000
2010-07-06,17.709999,17.900000,17.424999,17.549999,13.430375,275200
2010-07-07,17.584999,18.070000,17.584999,18.035000,13.801529,182600
2010-07-08,18.209999,18.295000,17.940001,18.135000,13.878057,169800
2010-07-09,18.094999,18.195000,18.010000,18.174999,13.908670,91200
2010-07-12,18.150000,18.205000,17.795000,17.885000,13.686737,139200
2010-07-13,18.139999,18.250000,17.940001,18.215000,13.939275,174400
2010-07-14,18.100000,18.320000,18.065001,18.254999,13.969887,136000
2010-07-15,18.245001,18.375000,18.020000,18.160000,13.897187,114000
2010-07-16,18.059999,18.075001,17.625000,17.650000,13.506901,195400
2010-07-19,17.764999,17.879999,17.570000,17.840000,13.652304,93800
2010-07-20,17.629999,18.084999,17.570000,18.080000,13.835967,152200
2010-07-21,18.084999,18.100000,17.645000,17.709999,13.552814,192000
2010-07-22,17.959999,18.330000,17.930000,18.200001,13.927797,225800
2010-07-23,18.100000,18.459999,18.000000,18.375000,14.061717,153400
2010-07-26,18.325001,18.670000,18.325001,18.600000,14.233904,244000
2010-07-27,18.674999,18.825001,18.620001,18.750000,14.348692,229400
2010-07-28,18.790001,18.870001,18.415001,18.469999,14.134420,133400
2010-07-29,18.480000,18.780001,17.865000,18.000000,13.774746,208800
2010-07-30,17.705000,17.855000,17.375000,17.775000,13.602559,355800
2010-08-02,17.990000,18.094999,17.674999,17.950001,13.736484,348600
2010-08-03,17.834999,18.100000,17.715000,17.875000,13.679091,202000
2010-08-04,17.924999,17.975000,17.795000,17.885000,13.686737,398400
2010-08-05,17.680000,17.799999,17.549999,17.700001,13.658957,231600
2010-08-06,17.504999,17.695000,17.260000,17.485001,13.493042,447200
2010-08-09,17.555000,17.885000,17.514999,17.730000,13.682113,210000
2010-08-10,17.510000,17.674999,17.375000,17.510000,13.512338,249400
2010-08-11,17.270000,17.450001,17.155001,17.370001,13.404305,366000
2010-08-12,17.110001,17.525000,17.055000,17.430000,13.450602,303800
2010-08-13,17.350000,17.514999,17.125000,17.360001,13.396585,230400
2010-08-16,17.315001,17.459999,17.084999,17.385000,13.415876,131600
2010-08-17,17.525000,17.775000,17.365000,17.580000,13.566357,190000
2010-08-18,17.504999,17.559999,17.270000,17.469999,13.481468,157800
2010-08-19,17.344999,17.344999,17.045000,17.190001,13.265398,364600
2010-08-20,17.170000,17.195000,16.990000,17.160000,13.242250,428200
2010-08-23,17.270000,17.465000,17.010000,17.035000,13.145787,171800
2010-08-24,16.930000,17.355000,16.924999,17.150000,13.234529,179600
2010-08-25,17.075001,17.559999,17.070000,17.530001,13.527774,172800
2010-08-26,17.545000,17.610001,17.375000,17.405001,13.431313,178800
2010-08-27,17.510000,17.745001,17.275000,17.709999,13.666677,148800
2010-08-30,17.715000,17.740000,17.389999,17.395000,13.423593,122400
2010-08-31,17.344999,17.584999,17.219999,17.405001,13.431313,123000
2010-09-01,17.620001,17.879999,17.559999,17.844999,13.770856,156600
2010-09-02,17.959999,17.959999,17.480000,17.674999,13.639668,162400
2010-09-03,17.825001,17.959999,17.715000,17.910000,13.821012,129600
2010-09-07,17.785000,17.905001,17.655001,17.770000,13.712979,216200
2010-09-08,17.820000,17.915001,17.570000,17.615000,13.593364,144000
2010-09-09,17.815001,17.834999,17.535000,17.700001,13.658957,153800
2010-09-10,17.780001,18.010000,17.740000,17.900000,13.813298,184400
2010-09-13,18.000000,18.129999,17.895000,18.065001,13.940625,258600
2010-09-14,18.065001,18.065001,17.920000,17.920000,13.828735,110000
2010-09-15,17.830000,18.040001,17.760000,18.025000,13.909761,149000
2010-09-16,18.040001,18.040001,17.764999,17.905001,13.817162,137800
2010-09-17,17.985001,18.375000,17.775000,18.084999,13.956060,789200
2010-09-20,18.075001,18.344999,17.980000,18.260000,14.091109,251400
2010-09-21,18.280001,18.309999,18.115000,18.150000,14.006216,159000
2010-09-22,18.115000,18.285000,18.105000,18.145000,14.002362,91000
2010-09-23,17.995001,18.205000,17.879999,17.889999,13.805587,137600
2010-09-24,18.084999,18.245001,17.955000,18.225000,14.064100,214400
2010-09-27,18.230000,18.385000,18.155001,18.254999,14.087249,154000
2010-09-28,18.355000,18.355000,18.045000,18.320000,14.137409,160000
2010-09-29,18.290001,18.415001,18.235001,18.370001,14.175990,277600
2010-09-30,18.500000,18.600000,18.309999,18.475000,14.257027,186400
2010-10-01,18.625000,18.625000,18.389999,18.565001,14.326472,203000
2010-10-04,18.475000,18.725000,18.350000,18.459999,14.245444,267600
2010-10-05,18.725000,18.750000,18.594999,18.750000,14.469238,265200
2010-10-06,18.725000,18.809999,18.695000,18.750000,14.469238,161000
2010-10-07,18.870001,19.000000,18.650000,18.725000,14.449950,133200
2010-10-08,18.760000,18.930000,18.684999,18.875000,14.565700,491000
2010-10-11,18.855000,18.900000,18.775000,18.805000,14.511684,93800
2010-10-12,18.750000,18.770000,18.580000,18.690001,14.422935,75000
2010-10-13,18.730000,18.915001,18.665001,18.875000,14.565700,269200
2010-10-14,18.885000,18.924999,18.750000,18.825001,14.527113,177800
2010-10-15,18.879999,18.975000,18.780001,18.799999,14.507819,294600
2010-10-18,18.799999,19.020000,18.760000,18.940001,14.615859,104200
2010-10-19,18.715000,19.000000,18.650000,18.850000,14.546409,153000
2010-10-20,18.934999,19.045000,18.850000,18.940001,14.615859,256000
2010-10-21,18.965000,19.139999,18.790001,18.910000,14.592708,366600
2010-10-22,18.965000,19.090000,18.825001,18.885000,14.573416,126400
2010-10-25,18.995001,19.049999,18.805000,18.834999,14.534826,97800
2010-10-26,18.764999,19.004999,18.655001,18.879999,14.569554,186800
2010-10-27,18.815001,18.870001,18.629999,18.855000,14.550264,173200
2010-10-28,18.910000,18.995001,18.410000,18.645000,14.388206,280400
2010-10-29,18.500000,18.745001,18.405001,18.670000,14.407499,221000
2010-11-01,18.684999,18.719999,18.165001,18.395000,14.195285,205400
2010-11-02,18.535000,18.709999,18.495001,18.645000,14.388206,170800
2010-11-03,18.639999,18.745001,18.495001,18.680000,14.415219,75200
2010-11-04,18.785000,18.885000,18.709999,18.834999,14.651696,177600
2010-11-05,18.799999,18.870001,18.740000,18.860001,14.671151,151400
2010-11-08,18.775000,18.860001,18.530001,18.670000,14.523342,112800
2010-11-09,18.665001,18.820000,18.500000,18.580000,14.453332,132600
2010-11-10,18.610001,18.764999,18.580000,18.760000,14.593357,175200
2010-11-11,18.565001,18.825001,18.565001,18.750000,14.585580,136800
2010-11-12,18.495001,18.730000,18.495001,18.680000,14.531124,129400
2010-11-15,18.695000,18.834999,18.695000,18.754999,14.589468,154800
2010-11-16,18.625000,18.680000,18.110001,18.270000,14.212187,327200
2010-11-17,18.264999,18.305000,18.059999,18.145000,14.114951,145800
2010-11-18,18.235001,18.315001,18.010000,18.219999,14.173291,170600
2010-11-19,18.260000,18.360001,18.115000,18.330000,14.258863,213200
2010-11-22,18.250000,18.540001,18.250000,18.480000,14.375549,161800
2010-11-23,18.350000,18.565001,18.285000,18.504999,14.394991,156800
2010-11-24,18.610001,18.709999,18.549999,18.684999,14.535016,140000
2010-11-26,18.600000,18.775000,18.600000,18.735001,14.573913,84400
2010-11-29,18.610001,18.684999,18.325001,18.635000,14.496120,110200
2010-11-30,18.455000,18.600000,18.379999,18.600000,14.468898,334800
2010-12-01,18.785000,18.945000,18.750000,18.790001,14.616696,268800
2010-12-02,18.730000,18.770000,18.520000,18.705000,14.550573,414800
2010-12-03,18.590000,18.750000,18.590000,18.695000,14.542796,201000
2010-12-06,18.700001,18.750000,18.660000,18.705000,14.550573,179400
2010-12-07,18.825001,18.945000,18.575001,18.684999,14.535016,321800
2010-12-08,18.705000,18.815001,18.565001,18.590000,14.461115,198400
2010-12-09,18.674999,18.840000,18.635000,18.754999,14.589468,169000
2010-12-10,18.805000,18.879999,18.725000,18.815001,14.636144,207800
2010-12-13,18.885000,18.985001,18.879999,18.910000,14.710039,92600
2010-12-14,18.924999,19.170000,18.924999,19.080000,14.842286,114200
2010-12-15,19.065001,19.170000,19.040001,19.065001,14.830616,132600
2010-12-16,19.100000,19.250000,19.055000,19.155001,14.900625,186200
2010-12-17,19.165001,19.200001,18.820000,19.190001,14.927850,239200
2010-12-20,19.240000,19.250000,19.160000,19.195000,14.931742,95000
2010-12-21,19.145000,19.145000,18.285000,18.555000,14.433887,534600
2010-12-22,18.600000,18.600000,18.375000,18.440001,14.344435,177200
2010-12-23,18.475000,18.775000,18.469999,18.594999,14.465006,137000
2010-12-27,18.525000,18.719999,18.514999,18.575001,14.449450,96000
2010-12-28,18.575001,18.764999,18.485001,18.750000,14.585580,105800
2010-12-29,18.809999,19.084999,18.775000,19.000000,14.780052,126600
2010-12-30,19.035000,19.080000,18.850000,18.860001,14.671151,82200
2010-12-31,18.825001,18.879999,18.605000,18.635000,14.496120,125200
2011-01-03,18.750000,18.955000,18.635000,18.830000,14.647812,106200
2011-01-04,18.844999,18.850000,18.424999,18.709999,14.554461,172000
2011-01-05,18.715000,18.850000,18.615000,18.740000,14.577797,159800
2011-01-06,18.730000,18.770000,18.584999,18.620001,14.484454,195800
2011-01-07,18.660000,18.754999,18.485001,18.680000,14.531124,119000
2011-01-10,18.625000,18.780001,18.455000,18.705000,14.550573,135800
2011-01-11,18.705000,18.799999,18.584999,18.625000,14.488343,77600
2011-01-12,18.760000,18.840000,18.629999,18.719999,14.562239,124000
2011-01-13,18.725000,18.725000,18.490000,18.600000,14.468898,146800
2011-01-14,18.605000,18.870001,18.535000,18.840000,14.655590,87600
2011-01-18,18.775000,18.785000,18.500000,18.760000,14.593357,183800
2011-01-19,18.785000,18.910000,18.715000,18.815001,14.636144,382800
2011-01-20,18.785000,18.980000,18.725000,18.750000,14.585580,121000
2011-01-21,18.844999,18.885000,18.605000,18.629999,14.492231,216800
2011-01-24,18.660000,18.910000,18.660000,18.764999,14.597242,148000
2011-01-25,18.695000,18.924999,18.674999,18.915001,14.713933,99200
2011-01-26,18.905001,19.174999,18.895000,19.049999,14.818944,165200
2011-01-27,19.004999,19.055000,18.650000,18.764999,14.597242,291600
2011-01-28,18.750000,18.764999,18.285000,18.290001,14.227753,264000
2011-01-31,18.360001,18.465000,18.150000,18.250000,14.196632,203400
2011-02-01,18.305000,18.305000,17.940001,18.190001,14.149958,246600
2011-02-02,18.180000,18.315001,18.110001,18.155001,14.122732,186400
2011-02-03,18.045000,18.045000,17.280001,17.625000,13.827740,468800
2011-02-04,17.645000,17.885000,17.625000,17.834999,13.992495,247800
2011-02-07,17.865000,18.084999,17.855000,18.059999,14.169017,147200
2011-02-08,18.045000,18.080000,17.855000,17.934999,14.070951,93000
2011-02-09,17.950001,17.950001,17.684999,17.879999,14.027801,183200
2011-02-10,17.790001,17.955000,17.790001,17.920000,14.059185,150000
2011-02-11,17.910000,18.035000,17.840000,18.020000,14.137639,95400
2011-02-14,18.040001,18.100000,17.969999,18.049999,14.161169,61200
2011-02-15,18.045000,18.120001,17.990000,18.004999,14.125865,114200
2011-02-16,18.000000,18.139999,18.000000,18.139999,14.231783,145400
2011-02-17,18.105000,18.254999,18.090000,18.230000,14.302393,116600
2011-02-18,18.295000,18.480000,18.225000,18.410000,14.443608,219800
2011-02-22,18.305000,18.545000,18.290001,18.350000,14.396538,200800
2011-02-23,18.385000,18.420000,18.030001,18.035000,14.149403,262800
2011-02-24,17.975000,18.094999,17.415001,17.670000,13.863042,937400
2011-02-25,17.625000,17.665001,17.459999,17.565001,13.780663,601800
2011-02-28,17.610001,17.830000,17.565001,17.639999,13.839504,273800
2011-03-01,17.665001,17.705000,17.415001,17.434999,13.678676,499400
2011-03-02,17.495001,17.594999,17.434999,17.559999,13.776743,299400
2011-03-03,17.870001,18.035000,17.750000,17.930000,14.067025,325200
2011-03-04,17.924999,17.930000,17.570000,17.715000,13.898349,260000
2011-03-07,17.785000,17.860001,17.545000,17.590000,13.800280,226200
2011-03-08,17.615000,17.980000,17.615000,17.870001,14.019955,164600
2011-03-09,17.870001,17.975000,17.830000,17.950001,14.082716,125000
2011-03-10,17.825001,17.830000,17.520000,17.520000,13.745362,244000
2011-03-11,17.520000,17.700001,17.504999,17.584999,13.796354,210400
2011-03-14,17.625000,17.750000,17.520000,17.615000,13.819890,229800
2011-03-15,17.500000,17.565001,17.424999,17.455000,13.694367,427000
2011-03-16,17.455000,17.590000,17.395000,17.430000,13.674750,304000
2011-03-17,17.584999,17.610001,17.375000,17.375000,13.631600,188200
2011-03-18,17.475000,17.750000,17.424999,17.740000,13.917963,331200
2011-03-21,17.840000,17.990000,17.840000,17.990000,14.114096,233800
2011-03-22,17.969999,18.084999,17.959999,17.990000,14.114096,103200
2011-03-23,18.004999,18.025000,17.775000,17.959999,14.090565,130000
2011-03-24,18.049999,18.049999,17.895000,18.000000,14.121942,134200
2011-03-25,18.070000,18.280001,17.940001,18.049999,14.161169,119000
2011-03-28,18.160000,18.235001,17.975000,17.990000,14.114096,130600
2011-03-29,18.000000,18.420000,18.000000,18.370001,14.412230,157800
2011-03-30,18.424999,18.545000,18.360001,18.504999,14.518143,196200
2011-03-31,18.490000,18.615000,18.424999,18.584999,14.580912,163600
2011-04-01,18.625000,18.770000,18.615000,18.684999,14.659366,132400
2011-04-04,18.660000,18.809999,18.535000,18.780001,14.733898,150600
2011-04-05,18.715000,18.865000,18.705000,18.785000,14.737815,192200
2011-04-06,18.905001,19.155001,18.875000,19.030001,14.930033,381000
2011-04-07,19.035000,19.049999,18.750000,18.785000,14.737815,141200
2011-04-08,18.900000,18.900000,18.555000,18.650000,14.631907,115800
2011-04-11,18.700001,18.700001,18.450001,18.540001,14.545605,126800
2011-04-12,18.495001,18.514999,18.180000,18.195000,14.274931,203400
2011-04-13,18.334999,18.514999,18.275000,18.360001,14.404388,211000
2011-04-14,18.250000,18.575001,18.235001,18.535000,14.541681,132600
2011-04-15,18.510000,18.850000,18.504999,18.830000,14.773126,239000
2011-04-18,18.670000,18.940001,18.555000,18.865000,14.800586,325000
2011-04-19,18.910000,18.920000,18.379999,18.455000,14.478915,198400
2011-04-20,18.665001,18.705000,18.400000,18.450001,14.474994,308400
2011-04-21,18.555000,18.594999,18.280001,18.365000,14.408309,204800
2011-04-25,18.295000,18.450001,18.295000,18.370001,14.412230,183200
2011-04-26,18.415001,18.655001,18.365000,18.610001,14.600526,161000
2011-04-27,18.605000,18.764999,18.584999,18.735001,14.698593,113600
2011-04-28,18.735001,18.900000,18.680000,18.860001,14.796662,86400
2011-04-29,18.905001,18.945000,18.750000,18.860001,14.796662,202000
2011-05-02,18.945000,18.990000,18.815001,18.830000,14.773126,156000
2011-05-03,18.809999,18.879999,18.750000,18.825001,14.769200,154000
2011-05-04,18.815001,18.834999,18.645000,18.645000,14.627979,164000
2011-05-05,18.275000,18.525000,18.059999,18.320000,14.492707,214400
2011-05-06,18.385000,18.559999,18.129999,18.245001,14.433373,205000
2011-05-09,18.225000,18.405001,18.160000,18.395000,14.552036,180000
2011-05-10,18.485001,18.740000,18.415001,18.705000,14.797275,169600
2011-05-11,18.645000,18.645000,18.299999,18.375000,14.536216,172000
2011-05-12,18.375000,18.639999,18.330000,18.600000,14.714214,198000
2011-05-13,18.655001,18.655001,18.285000,18.405001,14.559952,131800
2011-05-16,18.365000,18.375000,18.225000,18.235001,14.425466,198000
2011-05-17,18.200001,18.415001,18.200001,18.344999,14.512481,270800
2011-05-18,18.450001,18.584999,18.315001,18.559999,14.682567,241600
2011-05-19,18.600000,18.680000,18.485001,18.584999,14.702345,178000
2011-05-20,18.575001,18.850000,18.504999,18.635000,14.741899,205000
2011-05-23,18.465000,18.594999,18.350000,18.459999,14.603457,137200
2011-05-24,18.469999,18.525000,18.299999,18.375000,14.536216,218200
2011-05-25,18.385000,18.570000,18.315001,18.510000,14.643012,159000
2011-05-26,18.514999,18.674999,18.340000,18.620001,14.730032,193200
2011-05-27,18.695000,18.875000,18.620001,18.684999,14.781452,136600
2011-05-31,18.815001,18.924999,18.645000,18.920000,14.967360,366200
2011-06-01,18.900000,18.900000,18.570000,18.575001,14.694434,210200
2011-06-02,18.530001,18.559999,18.275000,18.410000,14.563901,245000
2011-06-03,18.215000,18.250000,18.035000,18.135000,14.346353,349800
2011-06-06,18.155001,18.235001,18.020000,18.070000,14.294936,234000
2011-06-07,18.120001,18.205000,18.055000,18.075001,14.298892,248200
2011-06-08,18.020000,18.230000,18.000000,18.025000,14.259336,175000
2011-06-09,18.045000,18.045000,17.875000,17.900000,14.160448,246600
2011-06-10,17.844999,17.934999,17.760000,17.795000,14.077384,199400
2011-06-13,17.940001,18.040001,17.650000,17.910000,14.168358,238400
2011-06-14,18.080000,18.230000,17.969999,18.090000,14.310753,535000
2011-06-15,17.940001,18.150000,17.840000,17.900000,14.160448,270100
2011-06-16,17.879999,18.260000,17.879999,18.080000,14.302843,287700
2011-06-17,18.180000,18.309999,18.030001,18.139999,14.350310,410900
2011-06-20,18.139999,18.410000,18.120001,18.309999,14.484793,235800
2011-06-21,18.450001,18.629999,18.270000,18.370001,14.532261,413600
2011-06-22,18.219999,18.309999,17.950001,17.969999,14.215824,430600
2011-06-23,17.860001,18.219999,17.700001,18.209999,14.405685,503100
2011-06-24,18.209999,18.469999,18.180000,18.240000,14.429420,676300
2011-06-27,18.209999,18.469999,18.190001,18.330000,14.500618,365100
2011-06-28,18.340000,18.540001,18.330000,18.469999,14.611366,261200
2011-06-29,18.559999,18.620001,18.410000,18.600000,14.714214,237100
2011-06-30,18.600000,18.850000,18.559999,18.709999,14.801229,292200
2011-07-01,18.680000,18.820000,18.549999,18.760000,14.840784,289100
2011-07-05,18.760000,18.830000,18.629999,18.670000,14.769583,280600
2011-07-06,18.670000,18.790001,18.620001,18.750000,14.832872,146300
2011-07-07,18.850000,18.959999,18.639999,18.940001,14.983181,232100
2011-07-08,18.670000,18.940001,18.670000,18.889999,14.943626,317200
2011-07-11,18.650000,18.820000,18.629999,18.670000,14.769583,172700
2011-07-12,18.570000,18.809999,18.530001,18.730000,14.817048,180300
2011-07-13,18.770000,19.120001,18.730000,19.010000,15.038560,451800
2011-07-14,18.980000,19.350000,18.969999,18.990000,15.022736,539200
2011-07-15,18.990000,19.370001,18.990000,19.120001,15.125571,316000
2011-07-18,19.030001,19.080000,18.709999,18.750000,14.832872,128000
2011-07-19,18.860001,18.990000,18.730000,18.980000,15.014822,144000
2011-07-20,18.950001,19.020000,18.830000,18.950001,14.991091,169700
2011-07-21,19.040001,19.240000,18.950001,19.209999,15.196774,243300
2011-07-22,19.240000,19.240000,18.959999,19.129999,15.133483,150200
2011-07-25,19.010000,19.219999,18.959999,18.959999,14.998998,178500
2011-07-26,18.990000,18.990000,18.799999,18.830000,14.896162,120700
2011-07-27,18.790001,18.799999,18.469999,18.490000,14.627192,214200
2011-07-28,18.490000,18.530001,18.370001,18.410000,14.563901,146500
2011-07-29,18.190001,18.459999,18.180000,18.309999,14.484793,208100
2011-08-01,18.430000,18.440001,18.240000,18.400000,14.555995,182600
2011-08-02,18.379999,18.559999,18.120001,18.129999,14.342402,140900
2011-08-03,18.150000,18.389999,17.900000,18.360001,14.524355,233800
2011-08-04,18.129999,18.750000,17.930000,17.940001,14.312141,360400
2011-08-05,18.090000,18.500000,17.600000,18.090000,14.431806,356700
2011-08-08,17.750000,18.190001,16.870001,16.889999,13.474473,600000
2011-08-09,17.190001,18.360001,16.650000,18.350000,14.639228,725700
2011-08-10,18.030001,18.170000,17.260000,17.379999,13.865385,624800
2011-08-11,17.459999,18.540001,17.350000,18.240000,14.551475,418100
2011-08-12,18.370001,18.440001,17.850000,18.020000,14.375966,385400
2011-08-15,18.150000,18.440001,18.100000,18.400000,14.679118,188700
2011-08-16,18.200001,18.400000,18.090000,18.299999,14.599338,156900
2011-08-17,18.400000,18.629999,18.250000,18.330000,14.623274,160400
2011-08-18,17.950001,18.139999,17.740000,17.850000,14.240337,410300
2011-08-19,17.469999,18.090000,17.469999,17.670000,14.096741,339800
2011-08-22,17.969999,18.030001,17.490000,17.600000,14.040898,298100
2011-08-23,17.670000,18.110001,17.500000,18.049999,14.399893,440300
2011-08-24,18.080000,18.520000,18.049999,18.410000,14.687094,190800
2011-08-25,18.500000,18.540001,17.930000,18.080000,14.423827,158700
2011-08-26,18.040001,18.309999,17.650000,18.280001,14.583385,159300
2011-08-29,18.469999,18.790001,18.379999,18.750000,14.958340,255500
2011-08-30,18.700001,18.870001,18.559999,18.799999,14.998227,334100
2011-08-31,18.799999,18.920000,18.670000,18.879999,15.062053,240500
2011-09-01,18.820000,18.990000,18.500000,18.549999,14.798784,239800
2011-09-02,18.120001,18.420000,17.990000,18.049999,14.399893,208300
2011-09-06,17.750000,18.030001,17.650000,17.969999,14.336073,202300
2011-09-07,18.170000,18.290001,17.950001,18.290001,14.591367,204400
2011-09-08,18.240000,18.440001,18.030001,18.070000,14.415856,186700
2011-09-09,17.910000,17.920000,17.360001,17.500000,13.961119,272800
2011-09-12,17.360001,17.639999,17.360001,17.610001,14.048871,236300
2011-09-13,17.620001,17.730000,17.430000,17.690001,14.112700,246200
2011-09-14,17.790001,18.150000,17.620001,17.980000,14.344050,256700
2011-09-15,18.139999,18.200001,17.870001,18.110001,14.447760,147700
2011-09-16,18.250000,18.280001,17.980000,18.049999,14.399893,294000
2011-09-19,17.870001,17.950001,17.709999,17.809999,14.208426,164500
2011-09-20,17.879999,18.200001,17.750000,17.770000,14.176519,143800
2011-09-21,17.799999,17.840000,17.160000,17.160000,13.689876,249200
2011-09-22,17.000000,17.240000,16.809999,16.980000,13.546275,467500
2011-09-23,16.959999,17.240000,16.900000,17.190001,13.713806,330200
2011-09-26,17.270000,17.320000,16.889999,17.219999,13.737741,298600
2011-09-27,17.469999,17.830000,17.410000,17.610001,14.048871,264100
2011-09-28,17.590000,17.610001,17.180000,17.190001,13.713806,256400
2011-09-29,17.469999,17.709999,17.340000,17.670000,14.096741,233700
2011-09-30,17.440001,17.980000,17.420000,17.709999,14.128649,416300
2011-10-03,17.600000,17.850000,16.990000,17.000000,13.562228,418800
2011-10-04,16.830000,17.670000,16.809999,17.620001,14.056855,398700
2011-10-05,17.670000,17.780001,17.379999,17.650000,14.080786,157600
2011-10-06,17.570000,17.950001,17.540001,17.950001,14.320116,230000
2011-10-07,17.969999,18.049999,17.650000,17.680000,14.104719,279200
2011-10-10,17.870001,18.030001,17.760000,18.000000,14.360003,253900
2011-10-11,17.850000,18.000000,17.680000,17.840000,14.232365,340900
2011-10-12,17.870001,17.969999,17.799999,17.860001,14.248318,253100
2011-10-13,17.780001,18.160000,17.610001,18.120001,14.455743,431300
2011-10-14,18.200001,18.299999,18.030001,18.219999,14.535514,184000
2011-10-17,18.049999,18.150000,17.799999,17.830000,14.224383,195900
2011-10-18,17.870001,18.200001,17.690001,18.150000,14.479672,193000
2011-10-19,18.110001,18.410000,18.040001,18.150000,14.479672,216200
2011-10-20,18.110001,18.230000,17.809999,18.000000,14.360003,220200
2011-10-21,18.230000,18.379999,18.170000,18.320000,14.615296,224300
2011-10-24,18.309999,18.730000,18.309999,18.670000,14.894515,337400
2011-10-25,18.840000,18.840000,18.080000,18.120001,14.455743,440900
2011-10-26,18.420000,18.580000,18.200001,18.510000,14.766876,370300
2011-10-27,18.389999,19.160000,18.389999,18.940001,15.109921,557800
2011-10-28,18.889999,19.200001,18.750000,18.879999,15.062053,372200
2011-10-31,18.700001,18.750000,18.480000,18.570000,14.814741,430700
2011-11-01,18.020000,18.700001,18.020000,18.219999,14.535514,282300
2011-11-02,18.400000,18.820000,18.400000,18.629999,14.862606,233500
2011-11-03,18.570000,18.730000,18.299999,18.650000,15.002580,368600
2011-11-04,18.540001,18.690001,18.340000,18.570000,14.938224,289700
2011-11-07,18.530001,18.660000,18.230000,18.600000,14.962359,204500
2011-11-08,18.660000,18.799999,18.320000,18.690001,15.034753,234300
2011-11-09,18.309999,18.480000,18.129999,18.170000,14.616451,217100
2011-11-10,18.350000,18.410000,18.209999,18.340000,14.753205,133800
2011-11-11,18.540001,18.690001,18.480000,18.660000,15.010622,171900
2011-11-14,18.629999,18.629999,18.340000,18.490000,14.873872,255500
2011-11-15,18.480000,18.870001,18.379999,18.820000,15.139325,204500
2011-11-16,18.740000,18.969999,18.600000,18.660000,15.010622,199100
2011-11-17,18.570000,18.900000,18.510000,18.629999,14.986490,169300
2011-11-18,18.650000,18.730000,18.540001,18.639999,14.994535,177000
2011-11-21,18.450001,18.469999,18.129999,18.190001,14.632543,176700
2011-11-22,18.200001,18.280001,17.959999,17.969999,14.455565,114600
2011-11-23,17.910000,17.920000,17.610001,17.620001,14.174021,132700
2011-11-25,17.600000,17.730000,17.469999,17.469999,14.053352,110100
2011-11-28,17.950001,17.959999,17.700001,17.820000,14.334903,296400
2011-11-29,17.850000,18.059999,17.760000,17.879999,14.383169,216200
2011-11-30,18.360001,18.450001,18.100000,18.430000,14.825605,387000
2011-12-01,18.420000,18.610001,18.370001,18.389999,14.793427,179400
2011-12-02,18.540001,18.540001,18.219999,18.290001,14.712988,146400
2011-12-05,18.480000,18.670000,18.360001,18.530001,14.906045,208100
2011-12-06,18.530001,18.559999,18.420000,18.420000,14.817563,174900
2011-12-07,18.290001,18.490000,18.139999,18.389999,14.793427,140100
2011-12-08,18.309999,18.309999,17.750000,17.790001,14.310768,186100
2011-12-09,17.850000,18.129999,17.850000,18.049999,14.519917,254500
2011-12-12,17.920000,17.980000,17.740000,17.969999,14.455565,143500
2011-12-13,18.040001,18.280001,17.870001,17.940001,14.431436,172200
2011-12-14,17.900000,18.030001,17.709999,17.719999,14.254461,202100
2011-12-15,17.870001,18.129999,17.790001,18.030001,14.503835,217100
2011-12-16,18.090000,18.290001,17.950001,18.020000,14.495790,267700
2011-12-19,18.059999,18.260000,17.750000,17.780001,14.302723,176600
2011-12-20,17.990000,18.290001,17.990000,18.250000,14.680807,195900
2011-12-21,18.219999,18.299999,18.040001,18.160000,14.608405,227600
2011-12-22,18.240000,18.240000,17.690001,17.860001,14.367079,281800
2011-12-23,17.930000,18.440001,17.879999,18.350000,14.761247,149200
2011-12-27,18.309999,18.750000,18.290001,18.680000,15.026710,133400
2011-12-28,18.719999,18.719999,18.340000,18.350000,14.761247,155300
2011-12-29,18.389999,18.610001,18.379999,18.540001,14.914092,103000
2011-12-30,18.549999,18.580000,18.250000,18.260000,14.688848,150200
2012-01-03,18.500000,18.510000,18.139999,18.230000,14.664719,211100
2012-01-04,18.209999,18.320000,17.830000,17.850000,14.359033,313400
2012-01-05,17.820000,17.910000,17.670000,17.770000,14.294682,224300
2012-01-06,17.840000,17.879999,17.680000,17.840000,14.350991,189600
2012-01-09,17.910000,17.910000,17.670000,17.830000,14.342946,137500
2012-01-10,17.969999,17.969999,17.799999,17.809999,14.326856,147700
2012-01-11,17.820000,18.030001,17.820000,18.000000,14.479695,243900
2012-01-12,18.020000,18.110001,17.840000,17.910000,14.407299,178000
2012-01-13,17.900000,17.940001,17.799999,17.940001,14.431436,171600
2012-01-17,18.110001,18.190001,18.049999,18.090000,14.552094,178300
2012-01-18,18.070000,18.170000,17.950001,18.150000,14.600361,126700
2012-01-19,18.190001,18.190001,17.990000,18.040001,14.511876,243600
2012-01-20,18.040001,18.360001,18.040001,18.330000,14.745161,246500
2012-01-23,18.290001,18.400000,18.000000,18.240000,14.672764,340100
2012-01-24,18.219999,18.250000,18.000000,18.120001,14.576233,291600
2012-01-25,18.150000,18.379999,18.010000,18.360001,14.769298,233400
2012-01-26,18.430000,18.580000,18.309999,18.549999,14.922133,264300
2012-01-27,18.549999,18.570000,18.270000,18.400000,14.801471,361900
2012-01-30,18.350000,18.350000,18.010000,18.049999,14.519917,530600
2012-01-31,18.129999,18.559999,18.070000,18.450001,14.841691,1214800
2012-02-01,18.600000,18.940001,18.469999,18.900000,15.203686,321200
2012-02-02,18.799999,18.879999,18.620001,18.770000,15.226399,170000
2012-02-03,18.959999,18.959999,18.780001,18.780001,15.234509,204200
2012-02-06,18.780001,18.799999,18.600000,18.690001,15.161502,168100
2012-02-07,18.660000,18.930000,18.639999,18.840000,15.283186,103800
2012-02-08,18.889999,18.969999,18.719999,18.959999,15.380528,153100
2012-02-09,18.980000,18.980000,18.760000,18.780001,15.234509,174800
2012-02-10,18.700001,18.700001,18.290001,18.290001,14.837020,266700
2012-02-13,18.450001,18.540001,18.350000,18.480000,14.991148,180900
2012-02-14,18.469999,18.590000,18.280001,18.580000,15.072268,177400
2012-02-15,18.600000,18.650000,18.400000,18.450001,14.966810,222200
2012-02-16,18.490000,18.889999,18.480000,18.780001,15.234509,163100
2012-02-17,18.850000,18.889999,18.600000,18.620001,15.104715,207400
2012-02-21,18.709999,18.830000,18.570000,18.650000,15.129052,186000
2012-02-22,18.660000,18.740000,18.420000,18.440001,14.958699,182400
2012-02-23,18.459999,18.850000,18.459999,18.840000,15.283186,165500
2012-02-24,18.850000,18.910000,18.570000,18.860001,15.299406,168900
2012-02-27,18.799999,18.840000,18.549999,18.690001,15.161502,206000
2012-02-28,18.690001,18.860001,18.459999,18.559999,15.056044,208600
2012-02-29,18.530001,19.250000,18.530001,19.209999,15.583327,1704200
2012-03-01,19.219999,19.219999,18.110001,18.240000,14.796460,751400
2012-03-02,18.090000,18.440001,18.020000,18.129999,14.707223,815100
2012-03-05,18.170000,18.209999,17.950001,18.200001,14.764007,732400
2012-03-06,18.120001,18.170000,17.900000,17.980000,14.585543,425600
2012-03-07,18.049999,18.170000,17.910000,18.120001,14.699112,460000
2012-03-08,18.209999,18.290001,17.980000,18.260000,14.812683,390400
2012-03-09,18.219999,18.520000,18.209999,18.430000,14.950588,237600
2012-03-12,18.430000,18.530001,18.400000,18.469999,14.983033,246800
2012-03-13,18.559999,18.680000,18.480000,18.680000,15.153388,260000
2012-03-14,18.680000,18.690001,18.190001,18.309999,14.853245,315000
2012-03-15,18.330000,18.430000,18.160000,18.370001,14.901912,199600
2012-03-16,18.420000,18.420000,18.139999,18.219999,14.780234,714900
2012-03-19,18.209999,18.500000,18.120001,18.360001,14.893798,246500
2012-03-20,18.260000,18.459999,18.180000,18.219999,14.780234,252200
2012-03-21,18.200001,18.250000,18.049999,18.100000,14.682888,207800
2012-03-22,18.010000,18.110001,17.889999,18.110001,14.691001,233800
2012-03-23,18.080000,18.240000,17.980000,18.230000,14.788346,207100
2012-03-26,18.340000,18.420000,18.290001,18.340000,14.877578,346700
2012-03-27,18.389999,18.480000,18.330000,18.389999,14.918140,262800
2012-03-28,18.430000,18.430000,18.170000,18.219999,14.780234,239400
2012-03-29,18.129999,18.309999,18.080000,18.250000,14.804569,206400
2012-03-30,18.370001,18.370001,18.190001,18.209999,14.772123,213100
2012-04-02,18.190001,18.360001,18.110001,18.330000,14.869465,241200
2012-04-03,18.270000,18.459999,18.230000,18.340000,14.877578,236500
2012-04-04,18.209999,18.209999,17.920000,18.000000,14.601769,299800
2012-04-05,17.959999,18.090000,17.840000,17.940001,14.553096,234600
2012-04-09,17.809999,17.830000,17.670000,17.740000,14.390859,254400
2012-04-10,17.730000,17.820000,17.520000,17.549999,14.236724,317600
2012-04-11,17.700001,17.780001,17.530001,17.620001,14.293509,234400
2012-04-12,17.680000,17.730000,17.520000,17.660000,14.325957,205300
2012-04-13,17.629999,17.680000,17.500000,17.510000,14.204271,214100
2012-04-16,17.530001,17.730000,17.520000,17.639999,14.309730,140700
2012-04-17,17.790001,17.950001,17.650000,17.799999,14.439523,207400
2012-04-18,17.730000,17.820000,17.139999,17.559999,14.244836,935200
2012-04-19,17.600000,17.760000,17.430000,17.600000,14.277287,299700
2012-04-20,17.770000,17.920000,17.690001,17.750000,14.398963,218600
2012-04-23,17.549999,17.650000,17.410000,17.510000,14.204271,238800
2012-04-24,17.620001,17.799999,17.549999,17.799999,14.439523,376000
2012-04-25,17.959999,18.049999,17.879999,17.969999,14.577433,218800
2012-04-26,18.000000,18.000000,17.809999,17.959999,14.569320,150000
2012-04-27,18.010000,18.299999,17.860001,18.250000,14.804569,310500
2012-04-30,18.230000,18.270000,18.049999,18.110001,14.691001,277000
2012-05-01,18.170000,18.299999,17.990000,18.020000,14.617995,283500
2012-05-02,18.000000,18.030001,17.770000,17.860001,14.488199,317100
2012-05-03,17.750000,17.840000,17.600000,17.650000,14.445637,274100
2012-05-04,17.600000,17.730000,17.459999,17.629999,14.429267,295900
2012-05-07,17.540001,17.750000,17.510000,17.680000,14.470194,209000
2012-05-08,17.500000,17.760000,17.500000,17.660000,14.453822,272800
2012-05-09,17.510000,17.600000,17.440001,17.480000,14.306499,301300
2012-05-10,17.620001,17.870001,17.580000,17.809999,14.576591,201000
2012-05-11,17.709999,17.850000,17.660000,17.770000,14.543857,284000
2012-05-14,17.730000,17.809999,17.520000,17.620001,14.421084,171900
2012-05-15,17.629999,17.790001,17.540001,17.690001,14.478374,210000
2012-05-16,17.780001,17.820000,17.610001,17.620001,14.421084,189100
2012-05-17,17.490000,17.690001,17.450001,17.480000,14.306499,262400
2012-05-18,17.480000,17.650000,17.440001,17.469999,14.298319,280900
2012-05-21,17.500000,17.629999,17.389999,17.620001,14.421084,178300
2012-05-22,17.690001,17.719999,17.490000,17.559999,14.371982,195000
2012-05-23,17.570000,17.650000,17.459999,17.629999,14.429267,216000
2012-05-24,17.570000,17.799999,17.510000,17.799999,14.568406,143500
2012-05-25,17.870001,17.870001,17.559999,17.610001,14.412903,160300
2012-05-29,17.700001,17.709999,17.469999,17.570000,14.380163,165000
2012-05-30,17.459999,17.559999,17.290001,17.309999,14.167364,183300
2012-05-31,17.320000,17.480000,17.260000,17.410000,14.249212,210900
2012-06-01,17.209999,17.420000,17.209999,17.360001,14.208289,172600
2012-06-04,17.410000,17.520000,17.360001,17.459999,14.290133,145900
2012-06-05,17.410000,17.620001,17.320000,17.559999,14.371982,155600
2012-06-06,17.629999,17.740000,17.410000,17.719999,14.502930,136200
2012-06-07,17.840000,17.840000,17.610001,17.650000,14.445637,167900
2012-06-08,17.590000,17.850000,17.469999,17.850000,14.609327,250900
2012-06-11,17.969999,17.969999,17.570000,17.570000,14.380163,209100
2012-06-12,17.610001,17.670000,17.400000,17.650000,14.445637,189100
2012-06-13,17.680000,17.840000,17.530001,17.719999,14.502930,161600
2012-06-14,17.760000,17.900000,17.730000,17.889999,14.642066,111800
2012-06-15,17.920000,18.000000,17.809999,17.850000,14.609327,489500
2012-06-18,17.799999,17.990000,17.799999,17.950001,14.691173,122600
2012-06-19,17.969999,18.150000,17.910000,17.990000,14.723910,288000
2012-06-20,17.920000,18.070000,17.889999,17.900000,14.650253,142900
2012-06-21,17.959999,17.990000,17.670000,17.700001,14.486559,162600
2012-06-22,17.799999,17.980000,17.680000,17.930000,14.674801,777100
2012-06-25,17.740000,17.850000,17.670000,17.760000,14.535668,154200
2012-06-26,17.809999,18.090000,17.670000,17.959999,14.699359,225100
2012-06-27,17.799999,18.350000,17.799999,18.350000,15.018556,205800
2012-06-28,18.260000,18.459999,18.200001,18.459999,15.108578,165400
2012-06-29,18.549999,18.600000,18.379999,18.469999,15.116768,201000
2012-07-02,18.510000,18.600000,18.400000,18.510000,15.149507,234800
2012-07-03,18.549999,18.879999,18.520000,18.879999,15.452330,140800
2012-07-05,18.780001,18.969999,18.760000,18.930000,15.493254,159200
2012-07-06,18.799999,18.930000,18.680000,18.690001,15.296828,127200
2012-07-09,18.660000,18.760000,18.580000,18.709999,15.313194,109900
2012-07-10,18.719999,18.830000,18.680000,18.770000,15.362303,123000
2012-07-11,18.750000,18.870001,18.750000,18.850000,15.427778,115600
2012-07-12,18.770000,18.870001,18.639999,18.790001,15.378672,103200
2012-07-13,18.879999,19.049999,18.860001,19.000000,15.550553,211800
2012-07-16,19.000000,19.000000,18.760000,18.799999,15.386855,188900
2012-07-17,18.840000,18.910000,18.629999,18.790001,15.378672,218200
2012-07-18,18.780001,18.990000,18.740000,18.830000,15.411411,146200
2012-07-19,18.879999,18.900000,18.639999,18.799999,15.386855,281700
2012-07-20,18.629999,18.799999,18.629999,18.770000,15.362303,249400
2012-07-23,18.520000,18.740000,18.520000,18.639999,15.255902,186700
2012-07-24,18.639999,18.690001,18.530001,18.629999,15.247715,161000
2012-07-25,18.740000,18.770000,18.469999,18.650000,15.264090,248700
2012-07-26,18.760000,18.760000,18.330000,18.340000,15.010367,247600
2012-07-27,18.330000,18.750000,18.330000,18.650000,15.264090,212100
2012-07-30,18.580000,18.760000,18.459999,18.719999,15.321377,263300
2012-07-31,18.700001,18.740000,18.450001,18.469999,15.116768,260500
2012-08-01,18.459999,18.760000,18.330000,18.330000,15.002186,285400
2012-08-02,18.100000,18.240000,17.930000,18.059999,14.909720,264300
2012-08-03,18.200001,18.690001,18.139999,18.650000,15.396804,301500
2012-08-06,18.620001,18.740000,18.490000,18.590000,15.347273,145700
2012-08-07,18.629999,18.820000,18.549999,18.660000,15.405064,217600
2012-08-08,18.600000,18.670000,18.420000,18.570000,15.330755,229400
2012-08-09,18.639999,18.870001,18.490000,18.780001,15.504132,234000
2012-08-10,18.770000,18.820000,18.650000,18.799999,15.520639,129600
2012-08-13,18.700001,18.790001,18.570000,18.740000,15.471110,154600
2012-08-14,18.760000,18.860001,18.680000,18.750000,15.479361,132600
2012-08-15,18.700001,18.860001,18.660000,18.750000,15.479361,125200
2012-08-16,18.740000,18.879999,18.680000,18.870001,15.578425,141400
2012-08-17,18.850000,19.000000,18.809999,19.000000,15.685756,173600
2012-08-20,18.980000,19.000000,18.870001,18.930000,15.627963,126700
2012-08-21,18.959999,19.030001,18.879999,18.910000,15.611452,114600
2012-08-22,18.830000,18.969999,18.740000,18.760000,15.487617,252800
2012-08-23,18.770000,18.799999,18.540001,18.620001,15.372038,101100
2012-08-24,18.559999,18.790001,18.559999,18.610001,15.363781,231400
2012-08-27,18.610001,18.740000,18.580000,18.620001,15.372038,132600
2012-08-28,18.650000,18.740000,18.510000,18.650000,15.396804,182200
2012-08-29,18.700001,18.790001,18.650000,18.719999,15.454596,101700
2012-08-30,18.639999,18.650000,18.270000,18.280001,15.091345,242900
2012-08-31,18.420000,18.420000,18.219999,18.290001,15.099603,153800
2012-09-04,18.340000,18.580000,18.200001,18.500000,15.272966,249900
2012-09-05,18.570000,18.580000,18.309999,18.360001,15.157392,151400
2012-09-06,18.410000,18.540001,18.370001,18.540001,15.305994,161200
2012-09-07,18.620001,18.620001,18.299999,18.309999,15.116115,177400
2012-09-10,18.340000,18.430000,18.309999,18.379999,15.173900,98000
2012-09-11,18.400000,18.450001,18.270000,18.340000,15.140874,118000
2012-09-12,18.389999,18.389999,18.090000,18.110001,14.950998,289800
2012-09-13,18.110001,18.600000,18.100000,18.549999,15.314247,217000
2012-09-14,18.530001,18.610001,18.400000,18.410000,15.198668,222600
2012-09-17,18.400000,18.500000,18.250000,18.350000,15.149136,121000
2012-09-18,18.250000,18.410000,18.219999,18.360001,15.157392,137100
2012-09-19,18.400000,18.459999,18.260000,18.330000,15.132623,145600
2012-09-20,18.250000,18.420000,18.250000,18.370001,15.165648,143400
2012-09-21,18.469999,18.620001,18.400000,18.440001,15.223438,263600
2012-09-24,18.450001,18.879999,18.450001,18.780001,15.504132,163300
2012-09-25,18.790001,18.950001,18.549999,18.559999,15.322505,157800
2012-09-26,18.610001,18.809999,18.549999,18.600000,15.355525,99200
2012-09-27,18.570000,18.570000,18.340000,18.469999,15.248201,125600
2012-09-28,18.400000,18.680000,18.400000,18.650000,15.396804,137100
2012-10-01,18.690001,18.770000,18.500000,18.510000,15.281225,150000
2012-10-02,18.610001,18.690001,18.450001,18.639999,15.388552,160000
2012-10-03,18.639999,18.770000,18.580000,18.660000,15.405064,79000
2012-10-04,18.660000,18.870001,18.610001,18.820000,15.537153,94300
2012-10-05,18.820000,18.879999,18.520000,18.590000,15.347273,195600
2012-10-08,18.549999,18.670000,18.500000,18.670000,15.413318,89800
2012-10-09,18.700001,18.709999,18.379999,18.570000,15.330755,157100
2012-10-10,18.570000,18.709999,18.440001,18.600000,15.355525,132000
2012-10-11,18.670000,18.670000,18.510000,18.600000,15.355525,106400
2012-10-12,18.629999,18.660000,18.530001,18.580000,15.339014,116800
2012-10-15,18.620001,18.690001,18.500000,18.580000,15.339014,163700
2012-10-16,18.629999,18.750000,18.559999,18.740000,15.471110,139200
2012-10-17,18.740000,18.889999,18.639999,18.889999,15.594939,85700
2012-10-18,18.870001,18.900000,18.740000,18.740000,15.471110,87100
2012-10-19,18.680000,18.750000,18.490000,18.510000,15.281225,206600
2012-10-22,18.510000,18.520000,18.360001,18.510000,15.281225,108900
2012-10-23,18.360001,18.469999,18.260000,18.370001,15.165648,137600
2012-10-24,18.400000,18.420000,18.260000,18.330000,15.132623,81700
2012-10-25,18.480000,18.490000,18.280001,18.469999,15.248201,103700
2012-10-26,18.500000,18.540001,18.340000,18.430000,15.215178,76200
2012-10-31,18.410000,18.510000,18.270000,18.420000,15.206923,136900
2012-11-01,18.440001,18.459999,18.309999,18.309999,15.116115,100000
2012-11-02,18.430000,18.430000,18.059999,18.059999,14.909720,150000
2012-11-05,18.100000,18.340000,18.100000,18.110001,14.950998,142500
2012-11-06,18.150000,18.850000,18.150000,18.590000,15.347273,332800
2012-11-07,18.379999,18.440001,17.040001,17.430000,14.512961,819500
2012-11-08,17.809999,17.809999,17.400000,17.430000,14.512961,226200
2012-11-09,17.400000,17.719999,17.400000,17.610001,14.662835,217900
2012-11-12,17.660000,17.730000,17.549999,17.600000,14.654515,143400
2012-11-13,17.530001,17.700001,17.480000,17.480000,14.554592,137000
2012-11-14,17.549999,17.590000,17.280001,17.350000,14.446351,137700
2012-11-15,17.299999,17.400000,17.180000,17.219999,14.338111,207600
2012-11-16,17.190001,17.309999,16.900000,17.280001,14.388069,268300
2012-11-19,17.450001,17.459999,16.840000,17.290001,14.396395,184100
2012-11-20,17.190001,17.400000,17.110001,17.389999,14.479656,163300
2012-11-21,17.370001,17.420000,17.250000,17.420000,14.504630,110500
2012-11-23,17.450001,17.520000,17.379999,17.500000,14.571243,105800
2012-11-26,17.500000,17.700001,17.389999,17.670000,14.712795,164200
2012-11-27,17.650000,17.830000,17.590000,17.709999,14.746102,134300
2012-11-28,17.700001,17.879999,17.600000,17.879999,14.887653,172500
2012-11-29,17.959999,18.080000,17.770000,17.990000,14.979245,149700
2012-11-30,18.010000,18.010000,17.790001,18.000000,14.987567,187600
2012-12-03,18.030001,18.049999,17.820000,17.980000,14.970915,124700
2012-12-04,17.990000,18.049999,17.840000,17.969999,14.962590,107400
2012-12-05,17.990000,18.100000,17.760000,17.959999,14.954262,167800
2012-12-06,17.940001,18.010000,17.770000,17.980000,14.970915,158000
2012-12-07,18.000000,18.040001,17.889999,17.969999,14.962590,124400
2012-12-10,18.059999,18.059999,17.950001,18.020000,15.004226,122500
2012-12-11,18.010000,18.139999,17.980000,18.139999,15.104139,185100
2012-12-12,18.150000,18.219999,18.010000,18.020000,15.004226,124900
2012-12-13,18.070000,18.120001,17.930000,18.020000,15.004226,133000
2012-12-14,17.950001,18.070000,17.940001,17.959999,14.954262,122600
2012-12-17,17.990000,18.230000,17.990000,18.230000,15.179073,183000
2012-12-18,18.209999,18.350000,18.129999,18.340000,15.270662,131600
2012-12-19,18.340000,18.340000,18.150000,18.150000,15.112467,158200
2012-12-20,18.190001,18.340000,18.170000,18.290001,15.229037,136900
2012-12-21,18.180000,18.360001,18.139999,18.190001,15.145771,710500
2012-12-24,18.190001,18.350000,18.049999,18.250000,15.195725,123100
2012-12-26,18.309999,18.320000,18.180000,18.260000,15.204059,120200
2012-12-27,18.240000,18.280001,17.969999,18.219999,15.170747,138500
2012-12-28,18.150000,18.340000,18.120001,18.209999,15.162427,163200
2012-12-31,18.170000,18.370001,18.070000,18.350000,15.278996,263900
2013-01-02,18.490000,18.680000,18.459999,18.639999,15.520462,266000
2013-01-03,18.639999,18.680000,18.459999,18.549999,15.445524,114400
2013-01-04,18.610001,18.709999,18.549999,18.610001,15.495478,109900
2013-01-07,18.580000,18.600000,18.459999,18.480000,15.387239,122200
2013-01-08,18.500000,18.590000,18.420000,18.580000,15.470502,163700
2013-01-09,18.590000,18.770000,18.540001,18.760000,15.620377,202800
2013-01-10,18.799999,18.879999,18.670000,18.830000,15.678662,168600
2013-01-11,18.889999,19.120001,18.840000,19.070000,15.878500,215700
2013-01-14,19.100000,19.170000,19.030001,19.150000,15.945108,236700
2013-01-15,19.129999,19.129999,19.000000,19.110001,15.911801,110300
2013-01-16,19.110001,19.150000,19.000000,19.010000,15.828539,195000
2013-01-17,19.070000,19.170000,19.020000,19.120001,15.920126,102600
2013-01-18,19.160000,19.190001,19.090000,19.160000,15.953436,178000
2013-01-22,19.200001,19.490000,19.180000,19.389999,16.144945,310200
2013-01-23,19.410000,19.420000,19.309999,19.350000,16.111631,201800
2013-01-24,19.500000,19.629999,19.389999,19.500000,16.236530,215700
2013-01-25,19.530001,19.559999,19.260000,19.350000,16.111631,206600
2013-01-28,19.370001,19.520000,19.290001,19.410000,16.161598,248800
2013-01-29,19.459999,19.559999,19.400000,19.540001,16.269840,159000
2013-01-30,19.559999,19.610001,19.459999,19.520000,16.253187,189700
2013-01-31,19.549999,19.700001,19.480000,19.500000,16.236530,285700
2013-02-01,19.580000,19.870001,19.570000,19.809999,16.494652,166900
2013-02-04,19.629999,19.680000,19.190001,19.330000,16.094990,370500
2013-02-05,19.430000,19.520000,19.290001,19.370001,16.128292,156100
2013-02-06,19.299999,19.650000,19.270000,19.600000,16.319798,118300
2013-02-07,19.530001,19.850000,19.350000,19.570000,16.428925,157900
2013-02-08,19.610001,19.620001,19.490000,19.559999,16.420534,107200
2013-02-11,19.620001,19.730000,19.540001,19.620001,16.470907,148400
2013-02-12,19.610001,19.840000,19.570000,19.809999,16.630411,136300
2013-02-13,19.889999,19.940001,19.750000,19.940001,16.739544,171900
2013-02-14,19.889999,19.940001,19.860001,19.920000,16.722755,113100
2013-02-15,19.879999,20.040001,19.850000,19.950001,16.747936,168100
2013-02-19,20.000000,20.200001,19.940001,20.190001,16.949419,197000
2013-02-20,20.200001,20.400000,20.030001,20.030001,16.815102,180700
2013-02-21,20.030001,20.240000,19.950001,20.100000,16.873863,116700
2013-02-22,20.190001,20.309999,20.110001,20.299999,17.041763,119700
2013-02-25,20.330000,20.400000,20.020000,20.030001,16.815102,149100
2013-02-26,20.110001,20.270000,19.920000,20.020000,16.806705,226900
2013-02-27,20.040001,20.219999,19.940001,20.100000,16.873863,223400
2013-02-28,20.129999,20.160000,19.340000,20.059999,16.840282,371400
2013-03-01,20.059999,20.510000,19.930000,20.450001,17.167690,236900
2013-03-04,20.350000,20.680000,20.270000,20.650000,17.335587,231700
2013-03-05,20.760000,20.950001,20.540001,20.620001,17.310406,185100
2013-03-06,20.660000,20.740000,20.510000,20.629999,17.318798,131900
2013-03-07,20.600000,21.000000,20.600000,20.780001,17.444719,200300
2013-03-08,20.910000,21.150000,20.809999,21.110001,17.721758,199100
2013-03-11,21.010000,21.219999,20.969999,21.080000,17.696568,146900
2013-03-12,20.850000,20.900000,20.559999,20.559999,17.260029,301200
2013-03-13,20.530001,20.799999,20.530001,20.670000,17.352375,247000
2013-03-14,20.660000,20.760000,20.620001,20.719999,17.394348,199300
2013-03-15,20.690001,20.790001,20.340000,20.340000,17.075340,656900
2013-03-18,20.200001,20.389999,19.950001,20.090000,16.865473,354100
2013-03-19,20.160000,20.410000,20.090000,20.370001,17.100525,266100
2013-03-20,20.389999,20.700001,19.700001,19.730000,16.563251,825600
2013-03-21,19.250000,19.820000,19.200001,19.700001,16.538067,4631000
2013-03-22,19.700001,19.860001,19.610001,19.690001,16.529675,458000
2013-03-25,19.680000,19.900000,19.660000,19.770000,16.596834,348000
2013-03-26,19.860001,19.930000,19.469999,19.600000,16.454117,377900
2013-03-27,19.620001,19.850000,19.459999,19.799999,16.622019,372000
2013-03-28,19.850000,19.920000,19.790001,19.900000,16.705965,636900
2013-04-01,19.870001,19.870001,19.440001,19.629999,16.479303,418200
2013-04-02,19.680000,19.799999,19.660000,19.730000,16.563251,314400
2013-04-03,19.840000,19.840000,19.610001,19.690001,16.529675,333100
2013-04-04,19.760000,19.760000,19.520000,19.680000,16.521276,201900
2013-04-05,19.490000,19.750000,19.490000,19.740000,16.571650,236600
2013-04-08,19.820000,19.870001,19.639999,19.870001,16.680784,264800
2013-04-09,19.950001,19.950001,19.709999,19.750000,16.580040,259200
2013-04-10,19.820000,20.230000,19.790001,20.209999,16.966208,232000
2013-04-11,20.120001,20.240000,20.070000,20.160000,16.924242,165300
2013-04-12,20.059999,20.110001,19.930000,19.980000,16.773123,198700
2013-04-15,19.969999,19.980000,19.400000,19.410000,16.294615,322800
2013-04-16,19.510000,19.730000,19.379999,19.690001,16.529675,344300
2013-04-17,19.520000,19.700001,19.320000,19.670000,16.512884,472900
2013-04-18,19.670000,19.790001,19.520000,19.660000,16.504484,270700
2013-04-19,19.639999,19.870001,19.580000,19.820000,16.638803,243200
2013-04-22,19.790001,19.799999,19.410000,19.680000,16.521276,239900
2013-04-23,19.719999,19.940001,19.540001,19.709999,16.546459,269800
2013-04-24,19.650000,19.830000,19.549999,19.799999,16.622019,203900
2013-04-25,19.900000,19.900000,19.719999,19.780001,16.605230,186800
2013-04-26,19.719999,19.860001,19.600000,19.629999,16.479303,241600
2013-04-29,19.629999,20.139999,19.610001,20.100000,16.873863,323000
2013-04-30,20.040001,20.120001,19.820000,20.049999,16.831890,295600
2013-05-01,20.040001,20.110001,19.660000,19.709999,16.546459,422100
2013-05-02,19.209999,19.430000,18.540001,19.240000,16.284090,1082100
2013-05-03,19.709999,20.469999,19.709999,20.150000,17.054279,683300
2013-05-06,20.219999,20.250000,19.980000,20.110001,17.020430,301100
2013-05-07,20.120001,20.379999,19.969999,20.270000,17.155848,303600
2013-05-08,20.180000,20.379999,20.180000,20.370001,17.240479,233200
2013-05-09,20.260000,20.360001,19.840000,20.010000,16.935791,235700
2013-05-10,20.070000,20.070000,19.770000,20.010000,16.935791,232900
2013-05-13,20.040001,20.040001,19.809999,19.860001,16.808838,135900
2013-05-14,19.820000,20.070000,19.820000,20.030001,16.952715,172100
2013-05-15,20.070000,20.299999,20.070000,20.200001,17.096596,165200
2013-05-16,20.200001,20.290001,20.040001,20.150000,17.054279,125600
2013-05-17,20.270000,20.400000,20.120001,20.370001,17.240479,255500
2013-05-20,20.260000,20.440001,20.260000,20.400000,17.265869,268000
2013-05-21,20.320000,20.450001,20.309999,20.400000,17.265869,102400
2013-05-22,20.420000,20.549999,19.770000,19.900000,16.842693,287700
2013-05-23,19.680000,19.930000,19.629999,19.860001,16.808838,134300
2013-05-24,19.790001,20.190001,19.680000,20.180000,17.079668,229900
2013-05-28,20.389999,20.840000,20.120001,20.270000,17.155848,265700
2013-05-29,20.160000,20.170000,19.730000,19.820000,16.774979,139600
2013-05-30,19.879999,20.250000,19.879999,20.010000,16.935791,112200
2013-05-31,19.950001,20.080000,19.700001,19.730000,16.698809,122400
2013-06-03,19.790001,20.209999,19.709999,20.180000,17.079668,355300
2013-06-04,20.139999,20.280001,19.700001,19.870001,16.817299,209100
2013-06-05,19.870001,19.870001,19.620001,19.690001,16.664955,212700
2013-06-06,19.740000,19.889999,19.620001,19.889999,16.834225,159800
2013-06-07,20.040001,20.040001,19.600000,19.780001,16.741123,216400
2013-06-10,19.770000,19.900000,19.660000,19.900000,16.842693,114900
2013-06-11,19.709999,19.870001,19.600000,19.740000,16.707275,81800
2013-06-12,19.860001,19.930000,19.500000,19.670000,16.648026,146100
2013-06-13,19.650000,19.940001,19.570000,19.910000,16.851154,179700
2013-06-14,19.889999,19.969999,19.719999,19.879999,16.825756,109200
2013-06-17,20.000000,20.160000,19.879999,19.959999,16.893471,217100
2013-06-18,19.959999,20.400000,19.959999,20.350000,17.223557,254700
2013-06-19,20.280001,20.309999,19.700001,19.719999,16.690340,345800
2013-06-20,19.540001,19.650000,19.170000,19.270000,16.309477,335600
2013-06-21,19.230000,19.389999,18.680000,19.240000,16.284090,965900
2013-06-24,19.040001,19.240000,18.770000,19.139999,16.199453,212900
2013-06-25,19.190001,19.330000,18.959999,19.280001,16.317942,209200
2013-06-26,19.350000,19.480000,19.330000,19.340000,16.368723,134100
2013-06-27,19.450001,19.480000,19.320000,19.440001,16.453363,172500
2013-06-28,19.420000,19.610001,19.330000,19.510000,16.512615,767200
2013-07-01,19.590000,19.610001,19.299999,19.379999,16.402578,174300
2013-07-02,19.320000,19.700001,19.320000,19.570000,16.563387,220600
2013-07-03,19.410000,19.620001,19.360001,19.590000,16.580320,56000
2013-07-05,19.820000,19.830000,19.389999,19.650000,16.631098,91000
2013-07-08,19.740000,19.940001,19.580000,19.870001,16.817299,118500
2013-07-09,19.940001,20.100000,19.860001,20.100000,17.011963,207000
2013-07-10,20.090000,20.480000,20.059999,20.420000,17.282801,417500
2013-07-11,20.549999,20.730000,20.389999,20.680000,17.502853,303600
2013-07-12,20.610001,20.809999,20.360001,20.780001,17.587496,249400
2013-07-15,20.740000,21.240000,20.719999,21.209999,17.951429,190200
2013-07-16,21.209999,21.280001,20.850000,20.940001,17.722914,332100
2013-07-17,21.059999,21.280001,20.930000,20.990000,17.765232,189000
2013-07-18,20.980000,21.219999,20.969999,21.160000,17.909115,131700
2013-07-19,21.100000,21.459999,21.049999,21.389999,18.103775,142900
2013-07-22,21.360001,21.610001,21.360001,21.500000,18.196875,131000
2013-07-23,21.540001,21.750000,21.510000,21.610001,18.289978,132900
2013-07-24,21.709999,21.709999,21.219999,21.260000,17.993744,140000
2013-07-25,21.170000,21.860001,21.170000,21.850000,18.493107,154300
2013-07-26,21.760000,21.990000,21.660000,21.930000,18.560820,181300
2013-07-29,21.900000,21.969999,21.700001,21.799999,18.450785,104400
2013-07-30,21.930000,21.969999,21.660000,21.799999,18.450785,88100
2013-07-31,21.840000,22.000000,21.760000,21.799999,18.450785,206500
2013-08-01,21.980000,22.340000,21.500000,21.940001,18.569277,285400
2013-08-02,21.959999,22.250000,21.889999,21.950001,18.577744,163500
2013-08-05,21.969999,22.070000,21.870001,21.940001,18.569277,112100
2013-08-06,21.950001,21.990000,21.670000,21.809999,18.459249,150200
2013-08-07,21.740000,21.990000,21.709999,21.860001,18.501564,322200
2013-08-08,21.830000,21.959999,21.549999,21.730000,18.527143,200500
2013-08-09,21.740000,21.840000,21.549999,21.629999,18.441885,203200
2013-08-12,21.410000,21.719999,21.379999,21.639999,18.450413,121500
2013-08-13,21.719999,21.719999,21.510000,21.559999,18.382204,93700
2013-08-14,21.639999,21.780001,21.320000,21.350000,18.203156,170300
2013-08-15,21.180000,21.250000,21.049999,21.150000,18.032635,171400
2013-08-16,21.040001,21.139999,20.900000,21.049999,17.947371,165600
2013-08-19,21.030001,21.070000,20.799999,20.799999,17.734221,190400
2013-08-20,20.770000,21.160000,20.770000,20.799999,17.734221,121300
2013-08-21,20.680000,20.740000,20.370001,20.540001,17.512547,90900
2013-08-22,20.620001,20.809999,20.500000,20.660000,17.614859,126700
2013-08-23,20.719999,20.920000,20.510000,20.900000,17.819481,109100
2013-08-26,20.879999,21.000000,20.639999,20.709999,17.657488,82300
2013-08-27,20.520000,20.660000,20.410000,20.420000,17.410231,146100
2013-08-28,20.389999,20.490000,20.200001,20.420000,17.410231,95900
2013-08-29,20.370001,20.520000,20.230000,20.309999,17.316450,119900
2013-08-30,20.379999,20.379999,19.879999,19.950001,17.009506,172800
2013-09-03,20.200001,20.200001,19.600000,19.660000,16.762249,112000
2013-09-04,19.620001,19.790001,19.360001,19.520000,16.642887,251300
2013-09-05,19.480000,19.559999,19.280001,19.450001,16.583204,100800
2013-09-06,19.590000,19.680000,19.360001,19.549999,16.668461,130800
2013-09-09,19.490000,19.660000,19.360001,19.610001,16.719625,111100
2013-09-10,19.660000,19.770000,19.549999,19.760000,16.847509,140700
2013-09-11,19.799999,20.129999,19.670000,19.770000,16.856037,235100
2013-09-12,19.780001,19.860001,19.400000,19.420000,16.557627,121600
2013-09-13,19.270000,19.450001,19.000000,19.080000,16.267738,428800
2013-09-16,19.080000,19.400000,18.870001,19.129999,16.310369,572500
2013-09-17,19.129999,19.270000,19.070000,19.219999,16.387102,201100
2013-09-18,19.170000,19.590000,19.080000,19.490000,16.617311,262100
2013-09-19,19.500000,19.590000,19.309999,19.370001,16.514999,263500
2013-09-20,19.360001,19.549999,19.240000,19.450001,16.583204,812800
2013-09-23,19.400000,19.820000,19.340000,19.799999,16.881615,188800
2013-09-24,19.799999,19.900000,19.719999,19.790001,16.873087,154800
2013-09-25,19.770000,20.100000,19.709999,20.049999,17.094765,299100
2013-09-26,20.120001,20.400000,20.120001,20.320000,17.324972,298800
2013-09-27,20.230000,20.379999,20.139999,20.150000,17.180027,111800
2013-09-30,20.000000,20.320000,19.990000,20.320000,17.324972,177100
2013-10-01,20.320000,20.370001,20.190001,20.370001,17.367598,179600
2013-10-02,20.240000,20.290001,20.100000,20.219999,17.239708,133900
2013-10-03,20.150000,20.209999,19.900000,19.940001,17.000982,158200
2013-10-04,19.930000,20.049999,19.870001,19.950001,17.009506,130100
2013-10-07,19.840000,19.920000,19.650000,19.780001,16.864559,134600
2013-10-08,19.780001,19.910000,19.680000,19.730000,16.821932,189600
2013-10-09,19.770000,20.040001,19.700001,19.790001,16.873087,149600
2013-10-10,19.950001,20.270000,19.770000,20.209999,17.231190,120800
2013-10-11,20.100000,20.469999,20.070000,20.430000,17.418756,124500
2013-10-14,20.299999,20.320000,20.030001,20.200001,17.222652,158300
2013-10-15,20.200001,20.230000,19.900000,19.900000,16.966879,132000
2013-10-16,19.950001,20.049999,19.850000,20.000000,17.052137,97800
2013-10-17,19.990000,20.440001,19.930000,20.389999,17.384655,1033900
2013-10-18,20.570000,20.990000,20.440001,20.910000,17.828011,362700
2013-10-21,20.900000,21.129999,20.840000,21.080000,17.972948,143200
2013-10-22,21.090000,21.490000,21.090000,21.230000,18.100845,176800
2013-10-23,21.190001,21.459999,21.129999,21.280001,18.143476,179000
2013-10-24,21.270000,21.379999,21.170000,21.250000,18.117893,111400
2013-10-25,21.340000,21.490000,21.180000,21.440001,18.279888,123000
2013-10-28,21.490000,21.660000,21.340000,21.660000,18.467466,140300
2013-10-29,21.700001,21.840000,21.500000,21.700001,18.501574,178700
2013-10-30,21.750000,21.820000,21.490000,21.559999,18.382204,126500
2013-10-31,22.000000,22.420000,21.760000,21.799999,18.586828,375500
2013-11-01,21.959999,21.959999,21.340000,21.370001,18.220213,325100
2013-11-04,21.400000,21.600000,21.280001,21.590000,18.407782,145000
2013-11-05,21.469999,21.650000,21.309999,21.480000,18.313988,104600
2013-11-06,21.600000,22.650000,21.389999,22.540001,19.217758,222100
2013-11-07,22.440001,22.780001,22.100000,22.160000,19.028843,243800
2013-11-08,22.129999,22.389999,21.770000,22.389999,19.226347,281100
2013-11-11,22.389999,22.549999,22.059999,22.410000,19.243517,354700
2013-11-12,22.400000,22.549999,22.240000,22.379999,19.217756,141900
2013-11-13,22.290001,22.590000,22.160000,22.490000,19.312214,349000
2013-11-14,22.549999,22.670000,22.430000,22.549999,19.363739,124100
2013-11-15,22.610001,22.709999,22.420000,22.670000,19.466785,109900
2013-11-18,22.760000,22.830000,22.600000,22.639999,19.441013,88400
2013-11-19,22.580000,22.730000,22.360001,22.430000,19.260695,103900
2013-11-20,22.450001,22.620001,22.209999,22.299999,19.149065,119400
2013-11-21,22.340000,22.799999,22.290001,22.700001,19.492542,99700
2013-11-22,22.760000,22.840000,22.559999,22.629999,19.432436,130800
2013-11-25,22.730000,22.840000,22.559999,22.590000,19.398083,96500
2013-11-26,22.660000,22.690001,22.250000,22.639999,19.441013,166000
2013-11-27,22.709999,22.920000,22.540001,22.850000,19.621351,98900
2013-11-29,23.000000,23.139999,22.790001,22.860001,19.629934,88700
2013-12-02,22.799999,22.799999,21.680000,21.900000,18.805584,289400
2013-12-03,21.930000,22.219999,21.889999,22.110001,18.985909,169600
2013-12-04,22.059999,22.260000,21.790001,22.070000,18.951567,123900
2013-12-05,22.070000,22.250000,21.910000,22.129999,19.003082,89600
2013-12-06,22.330000,22.500000,22.240000,22.410000,19.243517,87600
2013-12-09,22.469999,22.469999,22.010000,22.120001,18.994495,160800
2013-12-10,22.120001,22.230000,21.709999,21.879999,18.788408,167600
2013-12-11,21.900000,22.059999,21.440001,21.549999,18.505035,173100
2013-12-12,21.580000,21.930000,21.530001,21.840000,18.754061,151100
2013-12-13,21.830000,21.889999,21.520000,21.830000,18.745474,197100
2013-12-16,21.860001,21.969999,21.620001,21.940001,18.839930,236500
2013-12-17,21.980000,22.150000,21.850000,22.150000,19.020256,152300
2013-12-18,22.209999,22.400000,21.830000,22.370001,19.209169,284100
2013-12-19,22.370001,22.389999,22.080000,22.150000,19.020256,291000
2013-12-20,22.290001,22.799999,22.160000,22.620001,19.423847,894200
2013-12-23,22.770000,23.309999,22.549999,23.230000,19.947653,259600
2013-12-24,23.320000,23.430000,23.120001,23.209999,19.930481,103200
2013-12-26,23.250000,23.350000,23.040001,23.049999,19.793089,154500
2013-12-27,23.200001,23.280001,23.030001,23.190001,19.913309,122200
2013-12-30,23.200001,23.330000,23.049999,23.090000,19.827438,116800
2013-12-31,23.170000,23.190001,22.959999,23.070000,19.810263,127200
2014-01-02,22.990000,22.990000,22.280001,22.379999,19.217756,143100
2014-01-03,22.370001,22.459999,22.129999,22.260000,19.114714,183900
2014-01-06,22.360001,22.500000,22.160000,22.430000,19.260695,230200
2014-01-07,22.559999,22.690001,22.370001,22.469999,19.295042,191800
2014-01-08,22.420000,22.559999,22.080000,22.250000,19.106127,179500
2014-01-09,22.360001,22.440001,22.129999,22.320000,19.166239,157900
2014-01-10,22.379999,22.610001,22.209999,22.410000,19.243517,131900
2014-01-13,22.299999,22.440001,21.990000,22.100000,18.977322,178800
2014-01-14,22.219999,22.330000,22.020000,22.219999,19.080366,120500
2014-01-15,22.299999,22.620001,22.230000,22.490000,19.312214,180600
2014-01-16,22.510000,22.559999,22.330000,22.410000,19.243517,103300
2014-01-17,22.459999,22.570000,22.400000,22.480000,19.303631,93500
2014-01-21,22.520000,22.980000,22.480000,22.969999,19.724392,246000
2014-01-22,22.920000,22.980000,22.610001,22.629999,19.432436,174100
2014-01-23,22.600000,23.209999,22.580000,23.200001,19.921894,222400
2014-01-24,23.090000,23.200001,22.950001,23.129999,19.861788,268900
2014-01-27,23.120001,23.719999,23.000000,23.520000,20.196678,340100
2014-01-28,23.520000,23.610001,22.850000,23.049999,19.793089,383600
2014-01-29,22.920000,23.049999,22.670000,22.709999,19.501127,177500
2014-01-30,22.830000,23.620001,22.629999,23.510000,20.188087,256500
2014-01-31,23.290001,23.650000,23.160000,23.290001,19.999174,322900
2014-02-03,23.320000,23.580000,22.709999,22.799999,19.578411,332500
2014-02-04,22.860001,22.860001,22.530001,22.590000,19.398083,368400
2014-02-05,22.500000,22.540001,21.910000,21.930000,18.831348,288300
2014-02-06,21.879999,21.930000,21.690001,21.850000,18.903151,225000
2014-02-07,21.889999,21.959999,21.750000,21.940001,18.981010,193700
2014-02-10,21.950001,21.950001,21.629999,21.850000,18.903151,136800
2014-02-11,21.860001,22.510000,21.860001,22.430000,19.404926,161200
2014-02-12,22.410000,22.590000,22.270000,22.469999,19.439531,224800
2014-02-13,22.340000,23.020000,22.230000,23.020000,19.915356,159600
2014-02-14,23.030001,23.150000,22.709999,23.030001,19.924013,237800
2014-02-18,23.040001,23.110001,22.760000,23.040001,19.932653,204100
2014-02-19,23.000000,23.120001,22.650000,22.670000,19.612558,193600
2014-02-20,22.620001,23.440001,22.559999,23.389999,20.235453,237200
2014-02-21,23.510000,23.750000,23.280001,23.590000,20.408474,249500
2014-02-24,23.590000,23.950001,23.540001,23.650000,20.460386,231100
2014-02-25,23.680000,23.850000,23.309999,23.400000,20.244106,160000
2014-02-26,23.480000,23.549999,22.959999,23.080000,19.967264,233000
2014-02-27,23.080000,23.639999,23.040001,23.629999,20.443081,230000
2014-02-28,23.709999,23.809999,23.420000,23.510000,20.339266,305500
2014-03-03,23.299999,23.299999,22.820000,23.080000,19.967264,249200
2014-03-04,23.260000,23.900000,23.260000,23.610001,20.425781,316500
2014-03-05,23.559999,23.559999,23.160000,23.260000,20.122980,139300
2014-03-06,23.240000,23.240000,23.040001,23.120001,20.001865,115600
2014-03-07,23.180000,23.180000,22.790001,22.840000,19.759634,120700
2014-03-10,22.790001,22.980000,22.760000,22.980000,19.880747,304300
2014-03-11,22.969999,23.030001,22.670000,22.750000,19.681768,250900
2014-03-12,22.620001,22.799999,22.620001,22.770000,19.699076,312500
2014-03-13,22.870001,23.160000,22.820000,23.030001,19.924013,273400
2014-03-14,23.020000,23.549999,23.020000,23.469999,20.304663,144600
2014-03-17,23.520000,23.700001,23.370001,23.500000,20.330620,218700
2014-03-18,23.490000,23.820000,23.420000,23.709999,20.512293,159700
2014-03-19,23.750000,23.830000,23.389999,23.480000,20.313316,134900
2014-03-20,23.430000,23.910000,23.280001,23.820000,20.607460,163500
2014-03-21,23.959999,24.600000,23.840000,24.110001,20.858347,674500
2014-03-24,24.139999,24.330000,23.520000,23.750000,20.546902,161400
2014-03-25,23.900000,24.150000,23.799999,24.139999,20.884304,133600
2014-03-26,24.320000,24.320000,23.650000,23.660000,20.469036,124200
2014-03-27,23.639999,23.799999,23.440001,23.570000,20.391178,131500
2014-03-28,23.570000,23.820000,23.480000,23.530001,20.356569,86700
2014-03-31,23.719999,24.070000,23.610001,23.940001,20.711273,182600
2014-04-01,24.040001,24.070000,23.680000,23.930000,20.702623,153800
2014-04-02,23.910000,24.000000,23.680000,23.850000,20.633413,87700
2014-04-03,23.820000,23.930000,23.549999,23.680000,20.486341,112400
2014-04-04,23.850000,23.900000,23.219999,23.410000,20.252754,187000
2014-04-07,23.360001,23.500000,23.190001,23.350000,20.200848,88700
2014-04-08,23.330000,23.660000,23.240000,23.490000,20.321966,83900
2014-04-09,23.590000,23.620001,23.240000,23.430000,20.270060,78000
2014-04-10,23.430000,23.510000,22.740000,22.870001,19.785585,136500
2014-04-11,22.690001,22.940001,22.490000,22.530001,19.491442,126300
2014-04-14,22.760000,22.850000,22.370001,22.580000,19.534698,100100
2014-04-15,22.580000,22.780001,22.219999,22.530001,19.491442,126000
2014-04-16,22.690001,22.820000,22.570000,22.809999,19.733671,111300
2014-04-17,22.709999,22.990000,22.709999,22.870001,19.785585,113900
2014-04-21,22.950001,23.209999,22.830000,23.010000,19.906704,99000
2014-04-22,23.030001,23.190001,22.920000,23.190001,20.062429,115000
2014-04-23,23.120001,23.530001,23.000000,23.270000,20.131634,150100
2014-04-24,23.450001,23.450001,22.980000,23.110001,19.993214,94000
2014-04-25,23.000000,23.219999,22.660000,22.750000,19.681768,139100
2014-04-28,22.760000,23.020000,22.350000,22.600000,19.552000,85400
2014-04-29,22.719999,22.830000,22.389999,22.540001,19.500093,150000
2014-04-30,22.510000,22.680000,22.410000,22.500000,19.465488,192200
2014-05-01,22.379999,22.450001,21.379999,22.270000,19.266504,348000
2014-05-02,22.240000,22.350000,21.760000,21.870001,18.920456,256400
2014-05-05,21.700001,21.920000,21.549999,21.690001,18.764734,193900
2014-05-06,21.570000,21.780001,21.570000,21.680000,18.756077,228800
2014-05-07,21.770000,21.870001,21.520000,21.629999,18.712820,167400
2014-05-08,21.450001,21.570000,20.990000,21.020000,18.323166,178800
2014-05-09,20.860001,21.520000,20.850000,21.500000,18.741583,263700
2014-05-12,21.530001,21.830000,21.530001,21.639999,18.863623,202200
2014-05-13,21.639999,21.680000,21.190001,21.190001,18.471363,202900
2014-05-14,21.090000,21.200001,20.420000,20.440001,17.817583,212700
2014-05-15,20.330000,21.520000,20.330000,21.250000,18.523661,493900
2014-05-16,21.200001,21.209999,20.639999,20.920000,18.235996,306400
2014-05-19,20.879999,21.090000,20.850000,21.090000,18.384182,158900
2014-05-20,21.049999,21.190001,20.639999,20.709999,18.052940,229900
2014-05-21,20.830000,20.900000,20.660000,20.840000,18.166258,177100
2014-05-22,20.900000,21.219999,20.900000,21.100000,18.392904,128200
2014-05-23,21.200001,21.340000,21.049999,21.299999,18.567244,114200
2014-05-27,21.510000,21.790001,21.410000,21.730000,18.942076,145500
2014-05-28,21.730000,21.770000,21.540001,21.760000,18.968233,165800
2014-05-29,21.629999,21.750000,21.450001,21.670000,18.889776,104300
2014-05-30,21.740000,22.070000,21.549999,22.059999,19.229736,258500
2014-06-02,22.150000,22.150000,21.780001,21.820000,19.020529,115200
2014-06-03,21.780001,21.799999,21.469999,21.500000,18.741583,153900
2014-06-04,21.500000,22.100000,21.290001,22.020000,19.194868,346700
2014-06-05,22.000000,23.170000,21.910000,22.920000,19.979404,435200
2014-06-06,23.000000,23.040001,22.600000,22.629999,19.726610,113100
2014-06-09,22.559999,22.790001,22.510000,22.740000,19.822495,172700
2014-06-10,22.670000,22.780001,22.570000,22.660000,19.752760,126800
2014-06-11,22.520000,23.040001,22.520000,22.980000,20.031704,254600
2014-06-12,22.930000,22.969999,22.639999,22.840000,19.909668,206500
2014-06-13,22.980000,23.240000,22.900000,23.139999,20.171179,197200
2014-06-16,23.139999,23.280001,23.040001,23.270000,20.284494,128300
2014-06-17,23.190001,23.740000,23.190001,23.430000,20.423969,162400
2014-06-18,23.490000,23.809999,23.440001,23.780001,20.729061,106900
2014-06-19,23.790001,23.969999,23.600000,23.780001,20.729061,116600
2014-06-20,23.820000,23.990000,23.510000,23.549999,20.528570,350500
2014-06-23,23.660000,23.660000,23.150000,23.350000,20.354235,95600
2014-06-24,23.270000,23.730000,23.240000,23.330000,20.336796,125800
2014-06-25,23.219999,23.590000,23.150000,23.570000,20.546009,129400
2014-06-26,23.590000,23.639999,23.410000,23.580000,20.554726,109500
2014-06-27,23.410000,24.340000,23.410000,24.270000,21.156202,407700
2014-06-30,24.180000,24.370001,24.010000,24.200001,21.095179,294800
2014-07-01,24.309999,24.780001,24.200001,24.540001,21.391556,175200
2014-07-02,24.530001,24.530001,23.809999,23.820000,20.763933,136500
2014-07-03,23.790001,23.900000,23.660000,23.870001,20.807518,69500
2014-07-07,23.750000,23.940001,23.590000,23.600000,20.572155,111400
2014-07-08,23.559999,23.830000,23.510000,23.820000,20.763933,142100
2014-07-09,23.809999,23.900000,23.559999,23.650000,20.615738,88100
2014-07-10,23.290001,23.709999,23.270000,23.670000,20.633183,163800
2014-07-11,23.730000,23.850000,23.420000,23.580000,20.554726,155500
2014-07-14,23.740000,23.879999,23.490000,23.520000,20.502422,179400
2014-07-15,23.639999,23.719999,23.230000,23.330000,20.336796,102600
2014-07-16,23.450001,23.450001,22.990000,23.129999,20.162464,87900
2014-07-17,22.980000,23.160000,22.730000,22.770000,19.848648,107100
2014-07-18,22.719999,23.480000,22.690001,23.469999,20.458838,152600
2014-07-21,23.370001,23.370001,23.150000,23.260000,20.275778,80900
2014-07-22,23.410000,23.450001,23.200001,23.370001,20.371670,84700
2014-07-23,23.389999,23.440001,23.219999,23.340000,20.345512,94200
2014-07-24,23.350000,23.420000,22.980000,23.230000,20.249626,102100
2014-07-25,23.030001,23.090000,22.690001,22.709999,19.796341,118200
2014-07-28,22.740000,22.990000,22.610001,22.930000,19.988117,81600
2014-07-29,22.969999,23.010000,22.709999,22.790001,19.866081,88400
2014-07-30,22.870001,22.870001,22.410000,22.620001,19.717888,128000
2014-07-31,22.430000,23.590000,22.430000,22.770000,19.848648,217400
2014-08-01,22.830000,23.129999,22.760000,23.040001,20.084007,177900
2014-08-04,23.150000,23.240000,22.600000,23.170000,20.197329,221000
2014-08-05,23.100000,23.629999,22.879999,23.030001,20.075293,211800
2014-08-06,22.969999,23.459999,22.969999,23.440001,20.432686,123300
2014-08-07,23.299999,23.410000,22.990000,23.110001,20.286093,128800
2014-08-08,23.100000,23.709999,23.100000,23.590000,20.707438,123100
2014-08-11,23.760000,23.980000,23.610001,23.760000,20.856672,85400
2014-08-12,23.629999,23.809999,23.230000,23.400000,20.540657,120500
2014-08-13,23.549999,23.790001,23.510000,23.709999,20.812777,96800
2014-08-14,23.740000,24.020000,23.740000,23.959999,21.032221,72200
2014-08-15,24.209999,24.350000,23.850000,23.980000,21.049782,146800
2014-08-18,24.219999,24.350000,24.040001,24.160000,21.207788,102500
2014-08-19,24.250000,24.430000,24.190001,24.379999,21.400909,64800
2014-08-20,24.320000,24.340000,23.860001,24.010000,21.076118,94600
2014-08-21,24.030001,24.129999,23.850000,24.040001,21.102453,259300
2014-08-22,24.070000,24.200001,23.870001,24.160000,21.207788,143400
2014-08-25,24.250000,24.260000,23.799999,23.990000,21.058565,129000
2014-08-26,24.000000,24.250000,24.000000,24.180000,21.225346,99300
2014-08-27,24.100000,24.240000,23.969999,24.219999,21.260458,120400
2014-08-28,24.230000,24.260000,24.000000,24.049999,21.111237,78100
2014-08-29,24.170000,24.420000,23.969999,24.360001,21.383352,209100
2014-09-02,24.469999,24.469999,23.959999,24.100000,21.155127,129600
2014-09-03,24.139999,24.309999,23.969999,24.110001,21.163900,116700
2014-09-04,24.090000,24.230000,24.000000,24.110001,21.163900,120800
2014-09-05,24.020000,24.299999,24.020000,24.260000,21.295570,79400
2014-09-08,24.190001,24.219999,23.910000,23.980000,21.049782,61800
2014-09-09,24.020000,24.020000,23.559999,23.620001,20.733774,109200
2014-09-10,23.650000,23.650000,23.360001,23.530001,20.654770,85500
2014-09-11,23.510000,23.930000,23.379999,23.889999,20.970779,118700
2014-09-12,23.860001,23.889999,23.540001,23.690001,20.795221,149700
2014-09-15,23.799999,23.980000,23.500000,23.510000,20.637215,106400
2014-09-16,23.400000,23.750000,23.400000,23.680000,20.786446,95600
2014-09-17,23.680000,23.750000,23.430000,23.520000,20.645994,81000
2014-09-18,23.600000,23.610001,23.370001,23.400000,20.540657,121300
2014-09-19,23.420000,23.549999,23.030001,23.180000,20.347540,350100
2014-09-22,23.180000,23.230000,23.010000,23.170000,20.338760,87800
2014-09-23,23.160000,23.230000,23.000000,23.000000,20.189537,129700
2014-09-24,22.980000,23.110001,22.790001,22.930000,20.128084,92600
2014-09-25,22.969999,22.969999,22.490000,22.570000,19.812082,131500
2014-09-26,22.580000,22.700001,22.410000,22.690001,19.917412,117200
2014-09-29,22.650000,22.959999,22.530001,22.840000,20.049088,153900
2014-09-30,22.799999,22.980000,22.410000,22.440001,19.697960,198800
2014-10-01,22.530001,22.629999,21.980000,22.170000,19.460955,365000
2014-10-02,22.080000,23.100000,22.080000,22.990000,20.180756,201300
2014-10-03,23.180000,23.360001,22.820000,23.150000,20.321207,113700
2014-10-06,23.170000,23.350000,22.860001,22.920000,20.119314,111500
2014-10-07,22.840000,23.000000,22.680000,22.740000,19.961304,84900
2014-10-08,22.700001,23.559999,22.510000,23.450001,20.584547,149100
2014-10-09,23.360001,23.490000,23.000000,23.049999,20.233427,99200
2014-10-10,22.920000,23.530001,22.920000,23.180000,20.347540,126000
2014-10-13,23.290001,24.000000,23.260000,23.889999,20.970779,200600
2014-10-14,23.990000,24.420000,23.959999,24.110001,21.163900,249100
2014-10-15,24.080000,24.400000,23.809999,24.190001,21.234123,214600
2014-10-16,23.930000,24.650000,23.799999,24.410000,21.427238,201100
2014-10-17,24.600000,24.709999,23.910000,23.910000,20.988338,147700
2014-10-20,23.910000,24.299999,23.910000,24.299999,21.330683,120900
2014-10-21,24.320000,24.530001,24.209999,24.330000,21.357016,107900
2014-10-22,24.400000,24.690001,24.080000,24.160000,21.207788,153400
2014-10-23,24.320000,24.639999,24.240000,24.410000,21.427238,150300
2014-10-24,24.430000,24.590000,24.270000,24.290001,21.321905,83700
2014-10-27,24.309999,24.410000,24.080000,24.360001,21.383352,110900
2014-10-28,24.400000,25.020000,24.400000,25.000000,21.945148,306600
2014-10-29,25.080000,25.180000,24.709999,25.000000,21.945148,199400
2014-10-30,25.240000,25.660000,24.870001,25.459999,22.348940,292100
2014-10-31,25.879999,26.070000,25.320000,26.030001,22.849281,288200
2014-11-03,26.059999,26.320000,25.950001,26.080000,22.893177,189300
2014-11-04,26.090000,26.370001,25.990000,26.090000,22.901953,218100
2014-11-05,26.290001,26.290001,25.870001,25.959999,22.787836,149500
2014-11-06,25.730000,26.049999,25.620001,25.750000,22.746319,121800
2014-11-07,25.740000,25.950001,25.660000,25.910000,22.887655,151500
2014-11-10,25.860001,25.860001,25.389999,25.629999,22.640316,160000
2014-11-11,25.690001,25.690001,25.280001,25.520000,22.543156,132500
2014-11-12,25.340000,25.549999,25.190001,25.500000,22.525486,135600
2014-11-13,25.590000,25.760000,24.860001,24.889999,21.986639,121800
2014-11-14,24.860001,25.020000,24.690001,24.740000,21.854137,95000
2014-11-17,24.650000,24.889999,24.590000,24.680000,21.801136,146500
2014-11-18,24.760000,25.160000,24.750000,24.959999,22.048471,261100
2014-11-19,24.860001,25.000000,24.350000,24.709999,21.827633,127800
2014-11-20,24.709999,24.840000,24.469999,24.680000,21.801136,116500
2014-11-21,25.090000,25.090000,24.580000,24.600000,21.730469,139500
2014-11-24,24.600000,24.780001,24.520000,24.770000,21.880638,173600
2014-11-25,24.870001,25.110001,24.719999,25.049999,22.127972,219600
2014-11-26,24.910000,25.530001,24.910000,25.469999,22.498981,123800
2014-11-28,25.559999,25.770000,25.059999,25.070000,22.145647,149600
2014-12-01,25.080000,25.250000,24.809999,24.840000,21.942471,140300
2014-12-02,24.840000,25.400000,24.780001,25.049999,22.127972,308500
2014-12-03,25.000000,25.219999,24.290001,24.290001,21.456629,322500
2014-12-04,24.350000,24.490000,23.990000,24.139999,21.324123,352900
2014-12-05,24.059999,24.330000,23.959999,24.299999,21.465458,361300
2014-12-08,24.200001,24.950001,23.809999,23.820000,21.041452,374000
2014-12-09,23.690001,24.830000,23.639999,24.830000,21.933640,273500
2014-12-10,24.680000,24.790001,24.090000,24.090000,21.279957,191100
2014-12-11,24.129999,24.290001,23.950001,23.990000,21.191624,139400
2014-12-12,23.700001,23.809999,23.480000,23.500000,20.758781,130600
2014-12-15,23.700001,23.709999,23.290001,23.510000,20.767612,248200
2014-12-16,23.500000,23.639999,23.290001,23.330000,20.608606,483200
2014-12-17,23.350000,23.709999,23.280001,23.540001,20.794113,447300
2014-12-18,23.750000,24.440001,23.690001,24.410000,21.562628,621700
2014-12-19,24.379999,24.530001,24.059999,24.209999,21.385954,490800
2014-12-22,24.190001,24.549999,23.959999,24.540001,21.677467,175800
2014-12-23,24.740000,24.799999,24.309999,24.620001,21.748135,209100
2014-12-24,24.660000,25.040001,24.660000,24.959999,22.048471,58900
2014-12-26,25.040001,25.360001,25.040001,25.190001,22.251646,122400
2014-12-29,25.240000,25.760000,25.080000,25.600000,22.613817,321400
2014-12-30,25.580000,25.639999,25.139999,25.170000,22.233980,141300
2014-12-31,25.299999,25.299999,24.600000,24.610001,21.739300,100500
2015-01-02,24.770000,24.809999,24.280001,24.629999,21.756968,103200
2015-01-05,24.430000,24.650000,24.299999,24.340000,21.500797,147100
2015-01-06,24.440001,24.650000,23.940001,24.080000,21.271122,141200
2015-01-07,24.260000,24.410000,24.059999,24.330000,21.491959,98900
2015-01-08,24.600000,24.690001,24.129999,24.400000,21.553799,233200
2015-01-09,24.360001,24.430000,24.049999,24.110001,21.297625,109000
2015-01-12,24.170000,24.270000,23.660000,24.129999,21.315290,163500
2015-01-13,24.230000,24.980000,24.129999,24.500000,21.642126,440200
2015-01-14,24.299999,24.870001,24.299999,24.709999,21.827633,168300
2015-01-15,24.820000,24.830000,24.290001,24.590000,21.721634,500200
2015-01-16,24.469999,25.230000,24.469999,25.170000,22.233980,185500
2015-01-20,25.240000,25.360001,24.990000,25.080000,22.154472,150000
2015-01-21,25.030001,25.280001,24.809999,25.030001,22.110306,138200
2015-01-22,25.209999,25.480000,24.980000,25.480000,22.507814,155800
2015-01-23,25.430000,25.840000,25.309999,25.709999,22.710989,154700
2015-01-26,25.610001,25.670000,25.280001,25.660000,22.666815,235600
2015-01-27,25.430000,25.700001,25.430000,25.540001,22.560823,170300
2015-01-28,25.660000,25.680000,25.010000,25.150000,22.216312,135900
2015-01-29,25.160000,25.990000,25.160000,25.959999,22.931824,146700
2015-01-30,25.760000,25.950001,24.510000,24.540001,21.677467,254600
2015-02-02,24.530001,25.080000,24.400000,25.020000,22.101479,254400
2015-02-03,25.000000,25.590000,24.760000,25.580000,22.596151,214400
2015-02-04,25.490000,25.620001,24.910000,24.990000,22.074972,179800
2015-02-05,24.879999,25.400000,24.879999,25.230000,22.437822,312500
2015-02-06,25.160000,25.160000,24.250000,24.459999,21.753035,194300
2015-02-09,24.459999,24.760000,24.209999,24.290001,21.601851,128100
2015-02-10,24.330000,24.700001,24.160000,24.590000,21.868649,295800
2015-02-11,24.570000,24.600000,24.020000,24.120001,21.450663,78100
2015-02-12,24.200001,24.270000,23.969999,24.010000,21.352839,141600
2015-02-13,23.980000,24.160000,23.670000,23.910000,21.263905,154600
2015-02-17,23.969999,24.030001,23.680000,23.850000,21.210546,279200
2015-02-18,23.760000,24.500000,23.760000,24.480000,21.770823,242800
2015-02-19,24.500000,24.570000,23.900000,23.950001,21.299482,179000
2015-02-20,23.990000,24.070000,23.629999,23.950001,21.299482,231500
2015-02-23,23.950001,24.400000,23.709999,24.400000,21.699678,166400
2015-02-24,24.360001,24.830000,24.209999,24.540001,21.824183,187900
2015-02-25,24.540001,25.000000,24.400000,24.610001,21.886433,217300
2015-02-26,25.000000,25.410000,24.620001,25.320000,22.517860,227100
2015-02-27,25.280001,25.570000,25.230000,25.430000,22.615690,416000
2015-03-02,25.469999,25.469999,24.660000,24.680000,21.948690,301700
2015-03-03,24.559999,24.780001,24.180000,24.299999,21.610739,231900
2015-03-04,24.120001,24.700001,24.059999,24.540001,21.824183,192100
2015-03-05,24.549999,24.820000,24.379999,24.530001,21.815292,183300
2015-03-06,24.270000,24.389999,23.709999,23.910000,21.263905,271500
2015-03-09,23.940001,24.260000,23.940001,24.129999,21.459557,205200
2015-03-10,23.940001,24.209999,23.879999,23.980000,21.326157,146100
2015-03-11,24.059999,24.730000,23.950001,24.540001,21.824183,495500
2015-03-12,24.750000,25.160000,24.650000,24.850000,22.099878,168200
2015-03-13,24.900000,24.969999,24.590000,24.809999,22.064302,234400
2015-03-16,24.969999,25.219999,24.790001,24.860001,22.108767,206000
2015-03-17,24.760000,25.000000,24.740000,24.900000,22.144342,169700
2015-03-18,24.889999,25.290001,24.820000,25.290001,22.491180,239900
2015-03-19,25.190001,25.590000,25.110001,25.389999,22.580116,201100
2015-03-20,25.549999,25.830000,25.400000,25.450001,22.633478,576800
2015-03-23,25.450001,25.620001,25.219999,25.430000,22.615690,153200
2015-03-24,25.389999,25.680000,25.209999,25.270000,22.473394,116800
2015-03-25,25.309999,25.530001,24.980000,25.030001,22.259951,129000
2015-03-26,25.000000,25.180000,24.570000,24.610001,21.886433,130700
2015-03-27,24.670000,24.850000,24.510000,24.629999,21.904222,200300
2015-03-30,24.740000,24.980000,24.620001,24.809999,22.064302,181300
2015-03-31,24.719999,24.889999,24.160000,24.510000,21.797504,579000
2015-04-01,24.420000,24.740000,24.250000,24.730000,21.993155,225800
2015-04-02,24.719999,24.930000,24.450001,24.840000,22.090979,162700
2015-04-06,24.850000,25.150000,24.850000,25.110001,22.331099,211300
2015-04-07,25.080000,25.299999,24.750000,24.760000,22.019833,200500
2015-04-08,24.809999,25.070000,24.200001,24.459999,21.753035,224800
2015-04-09,24.490000,24.490000,24.120001,24.170000,21.495134,120900
2015-04-10,24.320000,24.480000,24.230000,24.469999,21.761934,120800
2015-04-13,24.500000,24.639999,24.430000,24.549999,21.833073,179100
2015-04-14,24.590000,25.240000,24.350000,24.790001,22.046518,261300
2015-04-15,24.850000,25.000000,24.379999,24.490000,21.779718,152500
2015-04-16,24.480000,24.520000,24.250000,24.459999,21.753035,101000
2015-04-17,24.280001,24.480000,24.070000,24.129999,21.459557,227100
2015-04-20,24.330000,24.590000,24.200001,24.490000,21.779718,208100
2015-04-21,24.559999,24.709999,24.230000,24.270000,21.584063,149800
2015-04-22,24.209999,24.500000,24.090000,24.370001,21.672997,261300
2015-04-23,24.379999,24.450001,24.219999,24.260000,21.575169,292500
2015-04-24,24.340000,24.840000,24.340000,24.730000,21.993155,150700
2015-04-27,24.860001,24.980000,24.290001,24.500000,21.788607,173800
2015-04-28,24.530001,24.940001,24.360001,24.910000,22.153236,136400
2015-04-29,24.770000,24.830000,24.200001,24.450001,21.744144,280100
2015-04-30,24.400000,24.670000,23.730000,23.870001,21.228331,306000
2015-05-01,23.940001,23.969999,23.500000,23.850000,21.210546,209900
2015-05-04,24.620001,24.879999,24.340000,24.530001,21.815292,302400
2015-05-05,24.540001,24.740000,23.750000,23.940001,21.290581,298800
2015-05-06,24.000000,24.080000,23.760000,23.910000,21.263905,274000
2015-05-07,23.730000,23.870001,23.530001,23.660000,21.190462,269900
2015-05-08,23.799999,23.809999,23.530001,23.750000,21.271074,317500
2015-05-11,23.590000,24.150000,23.590000,24.059999,21.548714,231500
2015-05-12,23.889999,23.889999,23.510000,23.750000,21.271074,167100
2015-05-13,23.799999,23.910000,23.469999,23.559999,21.100904,236500
2015-05-14,23.709999,24.030001,23.629999,23.900000,21.405411,162000
2015-05-15,23.969999,24.230000,23.750000,23.900000,21.405411,292800
2015-05-18,23.770000,24.070000,23.760000,24.049999,21.539759,194500
2015-05-19,23.980000,24.090000,23.719999,24.059999,21.548714,199200
2015-05-20,24.049999,24.190001,23.959999,24.150000,21.629322,122400
2015-05-21,24.150000,24.219999,23.950001,24.170000,21.647236,118400
2015-05-22,24.170000,24.170000,23.850000,24.010000,21.503933,165100
2015-05-26,23.850000,23.900000,23.469999,23.549999,21.091946,113000
2015-05-27,23.590000,23.860001,23.410000,23.820000,21.333761,142700
2015-05-28,23.830000,23.870001,23.580000,23.870001,21.378542,172200
2015-05-29,23.820000,23.920000,23.530001,23.889999,21.396456,288200
2015-06-01,23.900000,24.209999,23.700001,24.139999,21.620363,162300
2015-06-02,24.000000,24.379999,23.840000,24.340000,21.799486,195100
2015-06-03,24.309999,24.340000,24.020000,24.139999,21.620363,193900
2015-06-04,24.000000,24.209999,23.700001,23.700001,21.226292,292300
2015-06-05,23.629999,23.840000,23.340000,23.830000,21.342724,300700
2015-06-08,23.760000,23.820000,23.549999,23.660000,21.190462,118600
2015-06-09,23.650000,23.780001,23.530001,23.660000,21.190462,102000
2015-06-10,23.770000,24.090000,23.719999,23.860001,21.369589,175200
2015-06-11,23.959999,23.959999,23.709999,23.860001,21.369589,169400
2015-06-12,23.809999,23.879999,23.650000,23.830000,21.342724,110500
2015-06-15,23.580000,23.580000,22.680000,22.920000,20.527702,401800
2015-06-16,22.870001,23.059999,22.580000,22.900000,20.509789,263700
2015-06-17,22.920000,23.219999,22.889999,23.000000,20.599352,163300
2015-06-18,22.990000,23.450001,22.959999,23.400000,20.957602,224300
2015-06-19,23.410000,23.510000,23.129999,23.240000,20.814299,603800
2015-06-22,23.290001,23.590000,23.209999,23.340000,20.903866,189100
2015-06-23,23.360001,23.520000,23.100000,23.490000,21.038210,182300
2015-06-24,23.469999,23.510000,23.230000,23.430000,20.984472,153700
2015-06-25,23.480000,23.480000,23.190001,23.209999,20.787436,165200
2015-06-26,23.240000,23.549999,23.110001,23.510000,21.056118,329600
2015-06-29,23.420000,23.520000,23.040001,23.070000,20.662045,193500
2015-06-30,23.209999,23.209999,22.809999,22.850000,20.465010,209200
2015-07-01,22.930000,23.240000,22.860001,23.110001,20.697868,190700
2015-07-02,23.270000,23.469999,23.110001,23.240000,20.814299,99100
2015-07-06,23.219999,23.590000,23.030001,23.540001,21.082991,243800
2015-07-07,23.600000,23.780001,23.459999,23.700001,21.226292,135600
2015-07-08,23.590000,23.770000,23.440001,23.590000,21.127766,120900
2015-07-09,23.740000,23.879999,23.219999,23.240000,20.814299,139300
2015-07-10,23.360001,23.740000,23.309999,23.629999,21.163593,151400
2015-07-13,23.680000,23.799999,23.520000,23.650000,21.181507,89800
2015-07-14,23.650000,23.700001,23.420000,23.629999,21.163593,195800
2015-07-15,23.680000,23.680000,23.430000,23.629999,21.163593,149200
2015-07-16,23.780001,24.360001,23.780001,24.200001,21.674101,175600
2015-07-17,24.200001,24.230000,23.799999,23.910000,21.414370,126000
2015-07-20,23.969999,23.969999,23.559999,23.629999,21.163593,91200
2015-07-21,23.660000,23.670000,23.100000,23.190001,20.769524,172400
2015-07-22,23.180000,23.570000,23.170000,23.299999,20.868040,105400
2015-07-23,23.350000,23.350000,22.790001,22.840000,20.456057,148600
2015-07-24,22.820000,23.030001,22.690001,22.780001,20.402311,137900
2015-07-27,22.790001,23.100000,22.760000,22.920000,20.527702,157800
2015-07-28,23.020000,23.049999,22.520000,22.770000,20.393360,246100
2015-07-29,22.770000,22.840000,22.549999,22.730000,20.357534,187100
2015-07-30,22.250000,22.660000,20.270000,20.420000,18.288643,662800
2015-07-31,20.100000,22.180000,19.900000,21.530001,19.282785,530600
2015-08-03,21.500000,21.760000,21.280001,21.730000,19.461908,342900
2015-08-04,21.750000,21.850000,21.100000,21.480000,19.237999,327200
2015-08-05,21.510000,21.940001,21.330000,21.600000,19.345478,273200
2015-08-06,21.500000,21.680000,21.150000,21.320000,19.244383,195500
2015-08-07,21.150000,21.290001,21.010000,21.160000,19.099958,167100
2015-08-10,21.209999,21.430000,20.830000,20.950001,18.910402,237600
2015-08-11,20.879999,21.350000,20.879999,21.290001,19.217304,254100
2015-08-12,21.270000,21.910000,21.270000,21.790001,19.668623,302800
2015-08-13,21.730000,22.270000,21.719999,22.110001,19.957470,258500
2015-08-14,22.100000,22.580000,21.940001,22.540001,20.345610,244800
2015-08-17,22.490000,22.490000,22.020000,22.120001,19.966499,167200
2015-08-18,22.180000,22.350000,21.969999,22.040001,19.894287,239500
2015-08-19,22.030001,22.450001,21.920000,22.340000,20.165077,174400
2015-08-20,22.209999,22.490000,21.900000,21.910000,19.776941,140300
2015-08-21,21.530001,22.660000,21.420000,22.200001,20.038712,320300
2015-08-24,21.370001,21.570000,20.900000,20.940001,18.901379,317500
2015-08-25,21.450001,21.450001,20.309999,20.350000,18.368816,376500
2015-08-26,20.639999,20.760000,20.260000,20.490000,18.495182,311600
2015-08-27,20.629999,20.750000,20.260000,20.680000,18.666691,211000
2015-08-28,20.670000,20.820000,20.540001,20.750000,18.729876,140300
2015-08-31,20.670000,20.700001,20.170000,20.629999,18.621555,393200
2015-09-01,20.350000,20.450001,19.940001,20.000000,18.052895,223700
2015-09-02,20.209999,20.320000,19.889999,20.010000,18.061916,199000
2015-09-03,20.040001,20.180000,19.910000,19.940001,17.998734,124100
2015-09-04,19.730000,19.870001,19.549999,19.680000,17.764044,149800
2015-09-08,19.910000,20.120001,19.740000,20.059999,18.107046,174800
2015-09-09,20.170000,20.170000,19.940001,19.969999,18.025812,292200
2015-09-10,19.940001,20.360001,19.940001,20.049999,18.098021,146500
2015-09-11,19.990000,20.320000,19.860001,20.320000,18.341740,139000
2015-09-14,20.330000,20.600000,20.160000,20.549999,18.549345,248900
2015-09-15,20.580000,21.080000,20.549999,20.959999,18.919426,215100
2015-09-16,20.940001,21.200001,20.870001,20.900000,18.865267,148900
2015-09-17,20.879999,21.469999,20.730000,21.170000,19.108982,140200
2015-09-18,20.940001,21.469999,20.860001,21.250000,19.181196,483100
2015-09-21,21.340000,21.760000,21.270000,21.549999,19.451990,293900
2015-09-22,21.389999,21.600000,21.190001,21.370001,19.289513,306800
2015-09-23,21.410000,21.910000,21.370001,21.730000,19.614466,359400
2015-09-24,21.660000,22.040001,21.629999,22.010000,19.867210,242500
2015-09-25,22.080000,22.309999,21.900000,21.969999,19.831099,250600
2015-09-28,21.870001,22.100000,21.760000,22.000000,19.858181,255200
2015-09-29,22.000000,22.250000,21.930000,22.059999,19.912338,174300
2015-09-30,22.129999,22.230000,21.900000,22.120001,19.966499,260900
2015-10-01,22.160000,22.290001,21.639999,22.150000,19.993574,332700
2015-10-02,22.090000,22.290001,21.940001,22.290001,20.119949,356100
2015-10-05,22.350000,22.780001,22.270000,22.700001,20.490032,192300
2015-10-06,22.650000,22.799999,22.440001,22.480000,20.291451,232700
2015-10-07,22.530001,22.809999,22.389999,22.500000,20.309502,237100
2015-10-08,22.440001,22.820000,22.379999,22.709999,20.499056,174500
2015-10-09,22.719999,22.809999,22.280001,22.389999,20.210209,201700
2015-10-12,22.410000,22.740000,22.370001,22.690001,20.481003,130000
2015-10-13,22.660000,22.770000,22.559999,22.559999,20.363659,96500
2015-10-14,22.570000,22.820000,22.570000,22.590000,20.390741,132500
2015-10-15,22.650000,23.139999,22.629999,23.139999,20.887196,212500
2015-10-16,23.209999,23.360001,23.000000,23.230000,20.968430,227300
2015-10-19,23.150000,23.549999,23.129999,23.500000,21.212151,131800
2015-10-20,23.469999,23.860001,23.309999,23.830000,21.510021,284600
2015-10-21,23.889999,24.000000,23.290001,23.340000,21.067724,393800
2015-10-22,23.450001,23.799999,23.110001,23.770000,21.455856,216900
2015-10-23,23.799999,23.799999,23.540001,23.790001,21.473917,184700
2015-10-26,23.799999,23.870001,23.690001,23.799999,21.482941,178600
2015-10-27,23.690001,24.010000,23.570000,23.940001,21.609308,207700
2015-10-28,23.940001,24.350000,23.920000,24.350000,21.979395,314400
2015-10-29,24.049999,24.049999,22.610001,22.820000,20.598347,378900
2015-10-30,22.590000,22.820000,22.240000,22.360001,20.183138,378000
2015-11-02,22.360001,22.540001,21.969999,22.510000,20.318531,365400
2015-11-03,22.410000,22.680000,22.090000,22.610001,20.408794,266000
2015-11-04,22.600000,22.830000,22.500000,22.719999,20.508083,224500
2015-11-05,22.520000,22.730000,22.350000,22.719999,20.660856,250400
2015-11-06,22.500000,22.610001,21.690001,21.850000,19.869705,384600
2015-11-09,21.750000,22.049999,21.600000,21.879999,19.896992,227800
2015-11-10,21.900000,22.209999,21.690001,21.830000,19.851519,224000
2015-11-11,21.830000,21.969999,21.670000,21.719999,19.751486,164100
2015-11-12,21.670000,21.770000,21.400000,21.500000,19.551428,210700
2015-11-13,21.410000,21.750000,21.340000,21.350000,19.415024,244600
2015-11-16,21.350000,21.610001,21.290001,21.600000,19.642365,162800
2015-11-17,21.580000,21.690001,21.209999,21.219999,19.296808,127700
2015-11-18,21.200001,21.360001,21.010000,21.330000,19.396833,184700
2015-11-19,21.379999,21.830000,21.379999,21.790001,19.815142,207600
2015-11-20,21.860001,22.170000,21.809999,21.900000,19.915176,209900
2015-11-23,21.860001,22.010000,21.730000,21.790001,19.815142,131800
2015-11-24,21.709999,21.760000,21.340000,21.709999,19.742395,117400
2015-11-25,21.730000,21.969999,21.530001,21.910000,19.924265,170400
2015-11-27,21.870001,22.520000,21.870001,22.510000,20.469891,138800
2015-11-30,22.520000,22.770000,22.379999,22.530001,20.488083,241900
2015-12-01,22.600000,22.760000,22.330000,22.590000,20.542643,232200
2015-12-02,22.520000,22.709999,22.450001,22.530001,20.488083,206100
2015-12-03,22.500000,22.730000,22.469999,22.549999,20.506264,199000
2015-12-04,22.559999,22.879999,22.490000,22.820000,20.751791,157200
2015-12-07,22.760000,22.840000,22.540001,22.650000,20.597206,179400
2015-12-08,22.610001,22.780001,22.320000,22.730000,20.669954,122500
2015-12-09,22.660000,22.799999,22.459999,22.580000,20.533545,100400
2015-12-10,22.580000,22.580000,22.260000,22.469999,20.433516,197900
2015-12-11,22.160000,22.610001,22.160000,22.360001,20.333490,231500
2015-12-14,22.360001,22.490000,22.090000,22.440001,20.406233,316400
2015-12-15,22.510000,22.719999,22.469999,22.660000,20.606295,184900
2015-12-16,22.780001,23.350000,22.700001,23.340000,21.224667,131100
2015-12-17,23.350000,23.610001,23.270000,23.440001,21.315603,164900
2015-12-18,23.410000,23.570000,23.049999,23.290001,21.179199,439300
2015-12-21,23.360001,23.480000,23.150000,23.360001,21.242851,180400
2015-12-22,23.420000,23.610001,23.180000,23.570000,21.433823,113300
2015-12-23,23.639999,23.740000,23.510000,23.620001,21.479290,92500
2015-12-24,23.639999,23.900000,23.590000,23.790001,21.633883,52300
2015-12-28,23.740000,23.950001,23.670000,23.920000,21.752096,121000
2015-12-29,24.000000,24.200001,23.950001,24.100000,21.915792,79600
2015-12-30,24.030001,24.049999,23.860001,23.879999,21.715723,183500
2015-12-31,23.809999,23.809999,23.250000,23.270000,21.161011,147800
2016-01-04,23.049999,23.250000,22.830000,23.150000,21.051888,283000
2016-01-05,23.129999,23.299999,22.860001,23.240000,21.133728,199900
2016-01-06,23.030001,23.540001,23.030001,23.510000,21.379257,202800
2016-01-07,23.170000,23.420000,23.100000,23.230000,21.124632,139000
2016-01-08,23.309999,23.570000,23.120001,23.420000,21.297417,252000
2016-01-11,23.480000,23.700001,23.350000,23.510000,21.379257,164700
2016-01-12,23.600000,23.660000,23.000000,23.400000,21.279228,327200
2016-01-13,23.400000,23.620001,23.350000,23.400000,21.279228,289100
2016-01-14,23.410000,23.870001,23.410000,23.570000,21.433823,162500
2016-01-15,23.090000,23.200001,22.480000,22.959999,20.879105,236600
2016-01-19,23.080000,23.480000,22.879999,23.260000,21.151917,157500
2016-01-20,23.080000,23.430000,22.680000,23.299999,21.188293,223300
2016-01-21,23.320000,23.469999,22.969999,23.309999,21.197388,345000
2016-01-22,23.389999,24.090000,23.230000,23.879999,21.715723,195800
2016-01-25,23.850000,24.049999,23.719999,23.809999,21.652067,145200
2016-01-26,23.889999,24.040001,23.620001,23.700001,21.552042,156000
2016-01-27,23.700001,23.910000,23.590000,23.740000,21.588411,242100
2016-01-28,23.870001,24.590000,23.730000,24.450001,22.234072,180800
2016-01-29,24.610001,25.139999,24.450001,25.090000,22.816063,232000
2016-02-01,24.990000,25.440001,24.950001,25.180000,22.897905,258200
2016-02-02,25.049999,25.110001,24.760000,24.959999,22.697840,248700
2016-02-03,25.080000,25.379999,24.840000,24.980000,22.716032,264200
2016-02-04,24.700001,24.799999,23.990000,24.000000,21.977053,238600
2016-02-05,23.930000,24.049999,23.530001,23.530001,21.546665,350400
2016-02-08,23.420000,24.290001,23.309999,24.250000,22.205978,261500
2016-02-09,24.120001,24.580000,23.980000,24.549999,22.480692,219900
2016-02-10,24.600000,25.120001,24.420000,24.830000,22.737093,193900
2016-02-11,24.559999,25.000000,24.559999,24.879999,22.782877,185300
2016-02-12,24.870001,25.250000,24.620001,25.090000,22.975180,238300
2016-02-16,25.360001,25.500000,24.830000,25.469999,23.323143,228800
2016-02-17,25.500000,25.830000,25.240000,25.580000,23.423876,262000
2016-02-18,25.570000,25.860001,25.219999,25.690001,23.524603,279400
2016-02-19,25.700001,25.860001,25.290001,25.360001,23.222418,501700
2016-02-22,25.180000,25.180000,23.770000,24.730000,22.645517,537700
2016-02-23,24.610001,24.959999,24.500000,24.719999,22.636364,310200
2016-02-24,24.650000,25.070000,24.570000,24.879999,22.782877,225300
2016-02-25,24.200001,25.030001,24.200001,24.969999,22.865292,338900
2016-02-26,24.170000,24.660000,23.200001,23.629999,21.638237,1087100
2016-02-29,24.580000,25.820000,24.500000,24.719999,22.636364,1120200
2016-03-01,24.820000,25.230000,24.719999,25.170000,23.048437,508300
2016-03-02,25.120001,25.950001,24.770000,25.930000,23.744375,731200
2016-03-03,25.870001,26.290001,25.670000,26.150000,23.945831,632100
2016-03-04,26.240000,26.480000,26.020000,26.250000,24.037405,808800
2016-03-07,25.750000,26.219999,25.510000,26.049999,23.854259,5972500
2016-03-08,26.530001,26.549999,26.030001,26.250000,24.037405,596200
2016-03-09,26.309999,26.440001,26.090000,26.420000,24.193073,628500
2016-03-10,26.440001,26.580000,26.040001,26.250000,24.037405,316100
2016-03-11,26.379999,26.490000,25.860001,25.980000,23.790159,551500
2016-03-14,25.889999,26.059999,25.850000,25.889999,23.707745,436200
2016-03-15,25.879999,26.129999,25.870001,25.930000,23.744375,423000
2016-03-16,25.900000,25.900000,25.240000,25.690001,23.524603,541500
2016-03-17,25.629999,26.219999,25.600000,26.180000,23.973301,390700
2016-03-18,26.290001,26.299999,25.799999,25.830000,23.652802,708600
2016-03-21,25.709999,25.889999,25.420000,25.660000,23.497129,318900
2016-03-22,25.610001,25.889999,25.530001,25.820000,23.643646,285500
2016-03-23,25.840000,25.840000,25.580000,25.629999,23.469660,303100
2016-03-24,25.639999,26.260000,25.549999,26.219999,24.009928,356700
2016-03-28,26.200001,26.280001,25.680000,25.920000,23.735214,680000
2016-03-29,25.910000,27.190001,25.910000,27.080000,24.797441,372000
2016-03-30,27.080000,27.330000,26.860001,27.059999,24.779123,328700
2016-03-31,27.030001,27.190001,26.709999,26.719999,24.467785,326500
2016-04-01,26.690001,26.950001,26.250000,26.830000,24.568516,298200
2016-04-04,26.379999,27.080000,26.219999,27.010000,24.733343,308500
2016-04-05,26.940001,26.940001,26.580000,26.590000,24.348743,255600
2016-04-06,26.620001,26.790001,26.440001,26.629999,24.385366,218600
2016-04-07,26.520000,26.750000,26.520000,26.719999,24.467785,208800
2016-04-08,26.809999,27.309999,26.809999,27.190001,24.898167,272800
2016-04-11,27.290001,27.440001,27.110001,27.280001,24.980583,155600
2016-04-12,27.260000,27.610001,27.200001,27.370001,25.063004,144000
2016-04-13,27.549999,27.570000,27.219999,27.559999,25.236980,279700
2016-04-14,27.530001,27.709999,27.350000,27.620001,25.291925,198000
2016-04-15,27.570000,28.010000,27.469999,28.000000,25.639894,181900
2016-04-18,27.990000,28.139999,27.780001,28.090000,25.722303,275200
2016-04-19,27.530001,28.030001,27.160000,27.940001,25.584955,305400
2016-04-20,27.900000,27.969999,27.570000,27.629999,25.301079,180200
2016-04-21,27.610001,27.650000,27.240000,27.309999,25.008057,250400
2016-04-22,27.270000,27.629999,27.270000,27.459999,25.145414,944300
2016-04-25,27.440001,27.709999,27.340000,27.629999,25.301079,240000
2016-04-26,27.629999,28.040001,27.440001,27.930000,25.575796,413000
2016-04-27,27.930000,28.230000,27.900000,28.059999,25.694838,358400
2016-04-28,27.600000,28.459999,27.580000,27.799999,25.456749,294900
2016-04-29,27.700001,28.230000,27.430000,27.930000,25.575796,282500
2016-05-02,28.010000,28.719999,27.900000,28.430000,26.033649,455500
2016-05-03,28.400000,28.740000,28.309999,28.510000,26.106905,236600
2016-05-04,28.520000,29.080000,28.250000,28.990000,26.546452,334600
2016-05-05,28.820000,29.020000,28.230000,28.230000,26.005697,356200
2016-05-06,28.170000,28.760000,28.000000,28.760000,26.493938,355100
2016-05-09,28.760000,28.969999,28.469999,28.740000,26.475513,230100
2016-05-10,28.879999,28.910000,28.650000,28.730000,26.466303,161800
2016-05-11,28.770000,28.879999,28.510000,28.740000,26.475513,125800
2016-05-12,28.790001,28.900000,28.480000,28.570000,26.318911,256500
2016-05-13,28.590000,28.709999,28.280001,28.680000,26.420244,169200
2016-05-16,28.809999,28.950001,28.549999,28.750000,26.484728,235300
2016-05-17,28.730000,28.730000,27.530001,27.639999,25.462183,244300
2016-05-18,27.490000,27.980000,27.049999,27.450001,25.287153,179300
2016-05-19,27.420000,27.900000,27.190001,27.840000,25.646429,159200
2016-05-20,27.969999,28.219999,27.750000,28.219999,25.996490,333000
2016-05-23,28.209999,28.270000,27.860001,28.000000,25.793819,175200
2016-05-24,28.170000,28.709999,28.170000,28.700001,26.438667,220200
2016-05-25,28.730000,28.730000,28.250000,28.320000,26.088612,115100
2016-05-26,28.459999,28.910000,28.450001,28.850000,26.576851,115900
2016-05-27,28.600000,29.080000,28.600000,29.080000,26.788723,151400
2016-05-31,29.160000,29.240000,28.959999,29.150000,26.853210,190300
2016-06-01,29.240000,29.520000,29.139999,29.520000,27.194057,222100
2016-06-02,29.530001,29.570000,29.170000,29.559999,27.230904,147500
2016-06-03,29.730000,30.150000,29.610001,29.969999,27.608599,209900
2016-06-06,30.000000,30.139999,29.540001,29.830000,27.479630,237900
2016-06-07,29.879999,30.190001,29.809999,30.160000,27.783632,127300
2016-06-08,30.209999,30.990000,30.020000,30.969999,28.529810,177400
2016-06-09,30.969999,31.510000,30.809999,31.459999,28.981201,178700
2016-06-10,31.389999,31.930000,31.170000,31.910000,29.395746,197800
2016-06-13,31.900000,32.160000,31.809999,31.920000,29.404951,180800
2016-06-14,31.840000,32.299999,31.670000,32.290001,29.745806,265900
2016-06-15,32.389999,32.389999,31.459999,31.670000,29.174650,248900
2016-06-16,31.639999,31.950001,31.570000,31.900000,29.386528,248800
2016-06-17,31.980000,31.990000,31.520000,31.900000,29.386528,705500
2016-06-20,32.110001,32.139999,31.700001,31.930000,29.414171,164100
2016-06-21,31.950001,32.299999,31.719999,32.189999,29.653681,145700
2016-06-22,32.169998,32.230000,31.770000,32.119999,29.589193,300100
2016-06-23,32.139999,32.720001,32.000000,32.720001,30.141926,269600
2016-06-24,31.620001,33.610001,31.620001,33.450001,30.814413,1346900
2016-06-27,33.500000,34.150002,33.049999,34.040001,31.357916,403600
2016-06-28,34.020000,34.150002,33.549999,34.080002,31.394766,412700
2016-06-29,34.410000,34.590000,33.439999,33.540001,30.897314,499800
2016-06-30,33.720001,34.950001,33.650002,34.930000,32.177795,502100
2016-07-01,35.000000,35.150002,34.230000,34.480000,31.763245,304100
2016-07-05,34.599998,35.450001,34.599998,35.439999,32.647602,388000
2016-07-06,35.439999,35.619999,34.830002,34.959999,32.205429,301200
2016-07-07,34.740002,34.869999,33.549999,33.730000,31.072346,300400
2016-07-08,33.689999,34.119999,33.349998,34.099998,31.413187,385500
2016-07-11,34.070000,34.070000,33.599998,34.000000,31.321072,335900
2016-07-12,33.980000,34.049999,33.400002,33.480000,30.842035,399200
2016-07-13,33.529999,33.889999,33.480000,33.650002,30.998648,315700
2016-07-14,33.650002,33.650002,32.639999,32.650002,30.077442,467700
2016-07-15,32.810001,33.090000,32.770000,33.009998,30.409075,238200
2016-07-18,32.910000,33.189999,32.700001,32.830002,30.243258,191300
2016-07-19,32.880001,33.029999,32.680000,32.930000,30.335373,200800
2016-07-20,32.860001,33.070000,32.709999,33.040001,30.436710,252300
2016-07-21,32.930000,33.119999,32.779999,33.070000,30.464346,164500
2016-07-22,33.060001,33.619999,33.060001,33.470001,30.832825,122800
2016-07-25,33.529999,33.560001,33.209999,33.560001,30.915733,96500
2016-07-26,33.570000,33.730000,33.310001,33.419998,30.786766,100700
2016-07-27,33.389999,33.389999,32.799999,33.060001,30.455137,313000
2016-07-28,32.750000,33.500000,32.750000,33.150002,30.538042,271600
2016-07-29,33.230000,34.369999,33.119999,33.730000,31.072346,262100
2016-08-01,33.680000,34.220001,33.500000,33.970001,31.293436,344700
2016-08-02,33.980000,33.980000,33.189999,33.200001,30.584105,245600
2016-08-03,33.110001,33.110001,32.419998,32.560001,29.994528,231400
2016-08-04,32.500000,32.709999,32.110001,32.330002,29.941736,295200
2016-08-05,32.340000,32.470001,32.080002,32.180000,29.802818,226100
2016-08-08,32.220001,32.290001,31.490000,31.600000,29.265667,217100
2016-08-09,31.500000,31.610001,31.320000,31.430000,29.108223,272500
2016-08-10,31.540001,31.549999,31.299999,31.500000,29.173052,222000
2016-08-11,31.540001,31.680000,31.350000,31.680000,29.339756,201700
2016-08-12,31.770000,32.020000,31.610001,31.690001,29.349014,108900
2016-08-15,31.809999,32.029999,31.379999,31.389999,29.071177,130000
2016-08-16,31.389999,31.389999,30.480000,30.910000,28.626638,333400
2016-08-17,30.860001,31.410000,30.570000,31.270000,28.960047,320000
2016-08-18,31.270000,31.660000,31.270000,31.559999,29.228621,198900
2016-08-19,31.480000,31.670000,31.309999,31.650000,29.311972,257300
2016-08-22,31.730000,31.809999,31.510000,31.740000,29.395325,110000
2016-08-23,31.690001,31.959999,31.400000,31.400000,29.080441,159400
2016-08-24,31.430000,31.430000,31.040001,31.360001,29.043396,154100
2016-08-25,31.430000,31.709999,31.160000,31.580000,29.247143,97500
2016-08-26,31.750000,31.980000,30.969999,31.010000,28.719250,104500
2016-08-29,31.110001,31.379999,30.940001,31.090000,28.793343,108800
2016-08-30,31.110001,31.139999,30.530001,30.730000,28.459932,109700
2016-08-31,30.830000,30.830000,30.200001,30.490000,28.237661,180100
2016-09-01,30.459999,30.559999,30.190001,30.340000,28.098743,103800
2016-09-02,30.510000,31.040001,30.440001,31.040001,28.747032,114900
2016-09-06,31.059999,31.280001,30.920000,31.170000,28.867428,123700
2016-09-07,31.250000,31.980000,31.010000,31.980000,29.617594,216100
2016-09-08,31.930000,32.240002,31.889999,32.020000,29.654640,219700
2016-09-09,31.700001,31.799999,30.559999,30.570000,28.311752,258200
2016-09-12,30.379999,30.809999,30.270000,30.719999,28.450672,221500
2016-09-13,30.650000,30.760000,30.129999,30.139999,27.913519,245000
2016-09-14,30.309999,30.379999,29.940001,30.049999,27.830164,154900
2016-09-15,29.930000,30.540001,29.930000,30.530001,28.274710,116200
2016-09-16,30.610001,31.040001,30.430000,31.030001,28.737776,502000
2016-09-19,31.250000,31.930000,31.200001,31.930000,29.571289,117500
2016-09-20,32.160000,32.349998,31.950001,32.200001,29.821342,128900
2016-09-21,32.410000,33.009998,32.209999,32.930000,30.497412,185400
2016-09-22,33.119999,33.869999,32.880001,33.680000,31.192019,302600
2016-09-23,33.439999,33.730000,32.970001,33.110001,30.664124,167600
2016-09-26,33.070000,33.200001,32.840000,32.889999,30.460371,120000
2016-09-27,33.029999,33.070000,32.529999,32.650002,30.238102,124000
2016-09-28,32.650002,32.740002,32.230000,32.560001,30.154753,111700
2016-09-29,32.419998,32.419998,31.900000,32.130001,29.756512,130200
2016-09-30,32.480000,32.480000,31.969999,32.090000,29.719467,199600
2016-10-03,32.009998,32.009998,31.209999,31.760000,29.413849,189900
2016-10-04,31.680000,31.830000,30.860001,30.959999,28.672945,126600
2016-10-05,31.100000,31.180000,30.740000,30.840000,28.561808,148900
2016-10-06,30.639999,30.980000,30.410000,30.490000,28.237661,219000
2016-10-07,30.760000,31.049999,30.270000,30.280001,28.043177,166900
2016-10-10,30.830000,32.189999,30.830000,31.750000,29.404583,255400
2016-10-11,31.860001,31.980000,31.400000,31.959999,29.599072,266300
2016-10-12,32.000000,32.509998,32.000000,32.380001,29.988049,129000
2016-10-13,32.490002,32.830002,32.439999,32.529999,30.126966,181300
2016-10-14,32.110001,32.520000,32.110001,32.209999,29.830605,179500
2016-10-17,32.000000,32.299999,31.950001,32.110001,29.737995,113000
2016-10-18,32.299999,32.650002,32.099998,32.450001,30.052877,91500
2016-10-19,32.599998,32.700001,32.299999,32.500000,30.099184,134000
2016-10-20,32.650002,32.779999,32.400002,32.500000,30.099184,132000
2016-10-21,32.250000,32.599998,32.099998,32.250000,29.867647,130900
2016-10-24,32.349998,32.939999,32.349998,32.700001,30.284405,100800
2016-10-25,32.599998,32.849998,32.500000,32.849998,30.423328,119600
2016-10-26,32.650002,33.099998,32.400002,32.430000,30.034355,163100
2016-10-27,31.850000,32.849998,31.850000,32.200001,29.821342,157500
2016-10-28,31.650000,31.700001,29.250000,30.400000,28.154310,504600
2016-10-31,30.299999,31.100000,30.250000,31.000000,28.709991,316600
2016-11-01,31.049999,31.500000,30.799999,31.000000,28.709991,294900
2016-11-02,31.100000,31.100000,30.600000,30.850000,28.571068,187200
2016-11-03,30.549999,30.950001,30.500000,30.700001,28.592487,166400
2016-11-04,30.799999,31.150000,30.200001,30.299999,28.219954,285000
2016-11-07,30.400000,30.900000,30.049999,30.650000,28.545925,325100
2016-11-08,30.750000,31.500000,30.740000,31.250000,29.104736,131000
2016-11-09,30.799999,31.500000,30.400000,31.350000,29.197872,235900
2016-11-10,31.400000,31.650000,30.049999,31.100000,28.965033,238400
2016-11-11,31.000000,32.799999,31.000000,32.549999,30.315495,290800
2016-11-14,32.549999,33.150002,32.150002,33.049999,30.781170,210000
2016-11-15,33.200001,33.599998,33.049999,33.500000,31.200275,152300
2016-11-16,33.299999,34.450001,33.049999,34.450001,32.085060,303800
2016-11-17,34.450001,34.849998,34.200001,34.299999,31.945354,157000
2016-11-18,34.450001,34.880001,34.000000,34.549999,32.178188,246300
2016-11-21,34.849998,35.000000,34.480000,34.860001,32.466915,144600
2016-11-22,35.000000,36.849998,34.750000,36.799999,34.273739,269000
2016-11-23,35.950001,36.000000,34.000000,34.200001,31.852217,255300
2016-11-25,34.150002,35.400002,34.150002,35.400002,32.969841,68200
2016-11-28,35.549999,36.200001,35.450001,36.000000,33.528648,174100
2016-11-29,36.099998,36.549999,35.650002,36.099998,33.621788,170900
2016-11-30,35.700001,36.099998,34.250000,34.549999,32.178188,222000
2016-12-01,34.450001,35.000000,33.630001,34.349998,31.991922,213200
2016-12-02,34.650002,35.049999,34.099998,34.349998,31.991922,228100
2016-12-05,34.549999,34.950001,34.099998,34.799999,32.411034,237500
2016-12-06,34.750000,35.000000,34.150002,34.450001,32.085060,254900
2016-12-07,34.400002,34.799999,34.400002,34.500000,32.131618,270800
2016-12-08,34.400002,35.200001,33.950001,34.849998,32.457600,290900
2016-12-09,34.950001,35.099998,34.580002,34.900002,32.504169,276500
2016-12-12,34.750000,35.299999,34.450001,34.950001,32.550732,425700
2016-12-13,35.150002,35.500000,34.169998,34.750000,32.364464,355500
2016-12-14,34.750000,35.099998,33.630001,33.750000,31.433115,216500
2016-12-15,33.799999,34.450001,33.650002,33.950001,31.619383,354300
2016-12-16,34.099998,34.599998,33.849998,34.099998,31.759081,1694000
2016-12-19,34.299999,34.700001,34.150002,34.349998,31.991922,413400
2016-12-20,34.400002,34.500000,34.000000,34.200001,31.852217,298300
2016-12-21,34.250000,34.500000,34.000000,34.000000,31.665953,196400
2016-12-22,34.049999,34.250000,33.299999,33.500000,31.200275,216100
2016-12-23,33.700001,34.099998,33.200001,34.099998,31.759081,215600
2016-12-27,33.900002,34.799999,33.849998,34.450001,32.085060,217100
2016-12-28,34.750000,34.750000,33.849998,33.950001,31.619383,129300
2016-12-29,33.950001,34.400002,33.950001,34.299999,31.945354,138100
2016-12-30,34.299999,34.299999,33.799999,33.900002,31.572811,141400
2017-01-03,34.000000,34.000000,33.450001,33.750000,31.433115,225600
2017-01-04,33.599998,34.299999,33.599998,34.299999,31.945354,288000
2017-01-05,34.250000,34.250000,33.799999,34.000000,31.665953,167400
2017-01-06,33.950001,34.099998,33.400002,33.450001,31.153711,165000
2017-01-09,33.500000,33.500000,32.450001,32.500000,30.268921,162600
2017-01-10,32.599998,33.099998,32.450001,33.000000,30.734604,177000
2017-01-11,32.900002,33.450001,32.900002,33.349998,31.060575,184000
2017-01-12,33.250000,33.349998,32.549999,32.650002,30.408627,109700
2017-01-13,32.750000,33.000000,32.650002,33.000000,30.734604,146700
2017-01-17,32.900002,33.200001,32.849998,33.049999,30.781170,91200
2017-01-18,32.950001,33.200001,32.779999,33.099998,30.827736,119000
2017-01-19,32.900002,33.099998,32.669998,32.950001,30.688032,134300
2017-01-20,32.900002,33.599998,32.900002,33.400002,31.107138,170500
2017-01-23,33.450001,33.709999,33.299999,33.549999,31.246838,107100
2017-01-24,33.549999,34.230000,33.400002,34.049999,31.712515,147300
2017-01-25,34.299999,35.150002,34.049999,35.099998,32.690437,243500
2017-01-26,35.200001,35.500000,34.750000,34.849998,32.457600,162200
2017-01-27,35.000000,35.000000,34.450001,34.750000,32.364464,113500
2017-01-30,34.700001,34.700001,33.900002,33.950001,31.619383,144500
2017-01-31,34.000000,34.599998,33.750000,34.500000,32.131618,159900
2017-02-01,34.450001,34.650002,33.549999,33.650002,31.339977,160100
2017-02-02,33.500000,34.150002,33.500000,33.900002,31.742605,132500
2017-02-03,34.049999,34.150002,33.700001,34.000000,31.836252,140800
2017-02-06,34.000000,34.099998,33.630001,33.750000,31.602163,196700
2017-02-07,33.750000,33.900002,33.400002,33.799999,31.648975,101900
2017-02-08,33.599998,34.150002,33.549999,33.849998,31.695786,93700
2017-02-09,33.849998,34.200001,33.700001,34.150002,31.976709,100200
2017-02-10,34.250000,34.750000,34.099998,34.650002,32.444885,93300
2017-02-13,34.549999,35.049999,34.400002,35.000000,32.772606,135900
2017-02-14,35.150002,35.150002,34.349998,34.450001,32.257610,180000
2017-02-15,34.099998,34.750000,33.919998,34.750000,32.538521,127900
2017-02-16,34.650002,34.849998,34.250000,34.599998,32.398064,147200
2017-02-17,34.700001,35.099998,34.250000,34.900002,32.678974,523700
2017-02-21,34.900002,35.549999,34.730000,35.549999,33.287605,139400
2017-02-22,35.599998,35.599998,35.150002,35.500000,33.240788,107300
2017-02-23,35.599998,37.599998,35.299999,37.599998,35.207146,238200
2017-02-24,36.250000,37.599998,35.049999,37.000000,34.645332,366700
2017-02-27,36.950001,37.330002,36.700001,36.950001,34.598507,232900
2017-02-28,36.900002,37.080002,36.599998,36.750000,34.411232,229000
2017-03-01,36.799999,37.349998,36.599998,37.000000,34.645332,313700
2017-03-02,36.950001,37.500000,36.369999,37.099998,34.738964,174500
2017-03-03,37.150002,37.200001,36.200001,36.500000,34.177155,156200
2017-03-06,36.349998,36.450001,36.000000,36.000000,33.708969,122000
2017-03-07,36.000000,36.150002,35.650002,35.650002,33.381233,146500
2017-03-08,35.650002,35.650002,34.500000,34.549999,32.351238,138800
2017-03-09,34.450001,34.860001,34.299999,34.299999,32.117157,121800
2017-03-10,34.549999,34.599998,34.150002,34.450001,32.257610,161800
2017-03-13,34.450001,34.799999,34.299999,34.549999,32.351238,135300
2017-03-14,34.500000,34.549999,34.250000,34.450001,32.257610,130900
2017-03-15,34.549999,35.299999,34.549999,34.900002,32.678974,441300
2017-03-16,34.950001,34.950001,34.299999,34.450001,32.257610,301500
2017-03-17,34.450001,35.049999,34.349998,34.750000,32.538521,655300
2017-03-20,34.900002,35.150002,34.599998,34.900002,32.678974,166100
2017-03-21,34.900002,35.349998,34.549999,34.900002,32.678974,166300
2017-03-22,35.049999,35.200001,34.500000,34.900002,32.678974,141600
2017-03-23,34.900002,35.500000,34.599998,34.799999,32.585339,164600
2017-03-24,34.799999,35.299999,34.700001,35.049999,32.819424,147900
2017-03-27,35.049999,35.200001,34.450001,34.700001,32.491699,150700
2017-03-28,34.549999,34.549999,34.049999,34.549999,32.351238,287500
2017-03-29,34.549999,35.150002,34.330002,35.000000,32.772606,122000
2017-03-30,35.000000,35.150002,34.599998,35.049999,32.819424,157400
2017-03-31,35.000000,35.950001,35.000000,35.849998,33.568516,290200
2017-04-03,36.000000,36.000000,34.799999,34.950001,32.725792,212500
2017-04-04,35.000000,35.599998,35.000000,35.400002,33.147152,159200
2017-04-05,35.250000,36.080002,35.200001,36.049999,33.755783,222900
2017-04-06,35.950001,36.029999,35.250000,36.000000,33.708969,173700
2017-04-07,36.049999,36.349998,35.900002,35.900002,33.615334,159900
2017-04-10,35.950001,36.150002,35.750000,36.150002,33.849430,107300
2017-04-11,36.099998,36.799999,35.950001,36.599998,34.270782,133700
2017-04-12,36.700001,36.849998,36.200001,36.799999,34.458054,96000
2017-04-13,36.849998,36.900002,36.349998,36.349998,34.036694,113700
2017-04-17,36.599998,36.900002,36.400002,36.849998,34.504879,130400
2017-04-18,36.849998,36.950001,36.549999,36.799999,34.458054,156400
2017-04-19,36.950001,36.950001,36.599998,36.750000,34.411232,151800
2017-04-20,36.750000,36.950001,36.500000,36.900002,34.551689,136200
2017-04-21,36.849998,37.599998,36.849998,37.349998,34.973049,179900
2017-04-24,37.599998,37.950001,37.400002,37.400002,35.019867,193500
2017-04-25,37.450001,37.830002,37.400002,37.650002,35.253960,124500
2017-04-26,37.700001,38.650002,37.250000,38.299999,35.862598,189400
2017-04-27,37.299999,39.400002,37.150002,37.150002,34.785789,226000
2017-04-28,37.000000,37.049999,35.500000,35.700001,33.428066,229000
2017-05-01,35.900002,36.000000,35.150002,35.400002,33.147152,131900
2017-05-02,35.450001,35.799999,35.349998,35.799999,33.521702,242800
2017-05-03,35.750000,35.750000,34.900002,35.150002,32.913063,160400
2017-05-04,34.950001,35.000000,34.150002,34.549999,32.517765,121300
2017-05-05,34.599998,35.150002,34.599998,34.900002,32.847183,159800
2017-05-08,34.900002,35.250000,34.049999,34.200001,32.188354,135500
2017-05-09,34.099998,34.150002,32.750000,33.250000,31.294233,302200
2017-05-10,33.250000,34.349998,33.250000,34.150002,32.141304,146800
2017-05-11,34.049999,34.200001,33.549999,34.150002,32.141304,104700
2017-05-12,34.200001,34.349998,33.849998,34.099998,32.094234,83500
2017-05-15,34.299999,34.700001,34.200001,34.500000,32.470707,146500
2017-05-16,34.650002,34.650002,34.049999,34.349998,32.329529,138400
2017-05-17,34.349998,34.349998,33.500000,33.799999,31.811882,162400
2017-05-18,33.799999,34.099998,33.299999,33.599998,31.623646,161200
2017-05-19,33.700001,34.299999,33.450001,34.200001,32.188354,194100
2017-05-22,34.200001,34.450001,33.849998,33.900002,31.905991,182100
2017-05-23,34.099998,34.650002,33.930000,34.599998,32.564823,179700
2017-05-24,34.650002,35.250000,34.299999,34.299999,32.282471,87400
2017-05-25,34.400002,34.950001,34.250000,34.849998,32.800125,159100
2017-05-26,34.849998,34.950001,34.400002,34.450001,32.423653,69600
2017-05-30,34.400002,34.700001,34.150002,34.400002,32.376587,65700
2017-05-31,34.549999,34.849998,34.220001,34.650002,32.611889,79900
2017-06-01,34.599998,35.549999,34.500000,35.500000,33.411884,121200
2017-06-02,35.700001,36.250000,35.500000,35.750000,33.647186,143700
2017-06-05,35.650002,36.049999,35.400002,35.500000,33.411884,74200
2017-06-06,35.349998,35.950001,35.150002,35.799999,33.694248,130300
2017-06-07,35.799999,36.080002,35.700001,36.000000,33.882477,85700
2017-06-08,36.049999,36.380001,35.549999,36.349998,34.211887,120400
2017-06-09,36.400002,37.650002,36.049999,37.500000,35.294247,175600
2017-06-12,37.450001,38.400002,36.799999,36.950001,34.776600,161800
2017-06-13,37.000000,37.549999,36.799999,37.250000,35.058949,87700
2017-06-14,37.450001,37.849998,37.349998,37.599998,35.388367,96100
2017-06-15,37.349998,37.849998,37.330002,37.349998,35.153065,154300
2017-06-16,37.150002,37.700001,36.450001,37.450001,35.247196,438300
2017-06-19,37.650002,37.650002,36.950001,37.049999,34.870712,108400
2017-06-20,36.950001,36.950001,36.200001,36.250000,34.117767,157200
2017-06-21,36.299999,36.450001,35.799999,35.799999,33.694248,81600
2017-06-22,35.849998,36.549999,35.650002,36.299999,34.164825,122900
2017-06-23,36.349998,36.700001,36.250000,36.450001,34.306011,214400
2017-06-26,36.349998,36.400002,35.900002,36.250000,34.117767,102600
2017-06-27,36.049999,36.200001,35.349998,35.900002,33.788361,172700
2017-06-28,36.150002,36.500000,35.950001,36.049999,33.929535,157100
2017-06-29,35.950001,36.400002,35.650002,36.299999,34.164825,139500
2017-06-30,36.400002,37.049999,36.400002,36.799999,34.635422,275700
2017-07-03,37.049999,37.099998,36.650002,36.849998,34.682480,95500
2017-07-05,36.700001,37.000000,36.500000,36.799999,34.635422,183300
2017-07-06,36.650002,36.849998,36.400002,36.799999,34.635422,204700
2017-07-07,36.900002,37.150002,36.599998,36.900002,34.729538,94800
2017-07-10,36.900002,37.000000,36.650002,36.799999,34.635422,134000
2017-07-11,36.900002,37.250000,36.599998,37.099998,34.917774,163700
2017-07-12,37.349998,37.900002,37.150002,37.700001,35.482487,145700
2017-07-13,37.750000,37.750000,36.799999,37.200001,35.011902,132300
2017-07-14,37.250000,37.549999,37.000000,37.349998,35.153065,134000
2017-07-17,37.200001,37.500000,37.000000,37.250000,35.058949,114200
2017-07-18,37.150002,37.700001,36.900002,37.650002,35.435425,83100
2017-07-19,37.650002,38.169998,37.599998,38.150002,35.906010,83300
2017-07-20,38.250000,39.000000,38.200001,38.799999,36.517784,105200
2017-07-21,39.599998,39.650002,38.799999,39.500000,37.176605,222100
2017-07-24,39.450001,39.500000,38.099998,38.400002,36.141312,128900
2017-07-25,38.450001,38.799999,38.330002,38.450001,36.188370,161200
2017-07-26,38.400002,38.750000,38.200001,38.500000,36.235428,117700
2017-07-27,38.500000,39.349998,37.450001,38.250000,36.000126,188700
2017-07-28,38.200001,39.299999,38.000000,39.150002,36.847191,137200
2017-07-31,39.250000,39.250000,38.650002,38.900002,36.611900,136900
2017-08-01,39.099998,39.299999,38.750000,39.150002,36.847191,102000
2017-08-02,38.950001,39.150002,38.299999,38.299999,36.047192,133900
2017-08-03,38.099998,38.700001,38.099998,38.500000,36.406525,99500
2017-08-04,38.500000,39.099998,38.500000,38.849998,36.737503,118800
2017-08-07,38.900002,39.000000,38.450001,38.500000,36.406525,131700
2017-08-08,38.450001,39.049999,38.299999,38.650002,36.548370,185500
2017-08-09,38.500000,38.599998,38.250000,38.400002,36.311970,160100
2017-08-10,38.250000,38.650002,38.200001,38.250000,36.170120,117000
2017-08-11,38.000000,38.450001,37.330002,37.900002,35.839153,165300
2017-08-14,37.900002,38.650002,37.889999,38.599998,36.501087,92500
2017-08-15,38.500000,38.750000,38.200001,38.349998,36.264683,71000
2017-08-16,38.450001,38.509998,37.849998,37.950001,35.886440,79600
2017-08-17,37.849998,38.049999,37.049999,37.150002,35.129944,120700
2017-08-18,36.849998,37.139999,36.650002,36.799999,34.798969,213300
2017-08-21,36.849998,37.049999,36.700001,36.900002,34.893528,184200
2017-08-22,37.000000,37.000000,36.400002,36.599998,34.609844,215400
2017-08-23,36.500000,36.700001,36.299999,36.599998,34.609844,173500
2017-08-24,36.650002,37.099998,36.650002,37.000000,34.988094,91800
2017-08-25,37.099998,37.099998,36.549999,36.650002,34.657127,108900
2017-08-28,36.750000,36.950001,36.349998,36.700001,34.704414,275300
2017-08-29,36.700001,37.200001,36.669998,37.000000,34.988094,134000
2017-08-30,36.900002,37.049999,36.590000,37.000000,34.988094,100400
2017-08-31,36.950001,37.549999,36.650002,37.450001,35.413631,181500
2017-09-01,37.549999,37.750000,37.070000,37.250000,35.224499,67700
2017-09-05,37.200001,37.250000,36.750000,36.950001,34.940815,142400
2017-09-06,37.000000,37.049999,36.700001,36.849998,34.846249,106400
2017-09-07,36.799999,37.400002,36.650002,37.299999,35.271774,142700
2017-09-08,37.250000,37.830002,37.049999,37.700001,35.650036,154600
2017-09-11,37.799999,38.549999,37.799999,38.400002,36.311970,94700
2017-09-12,38.450001,38.450001,36.900002,37.000000,34.988094,114600
2017-09-13,36.950001,37.439999,36.799999,36.900002,34.893528,82700
2017-09-14,36.950001,37.580002,36.650002,37.549999,35.508186,73900
2017-09-15,37.650002,37.950001,37.299999,37.599998,35.555473,390400
2017-09-18,37.599998,38.150002,37.500000,38.049999,35.980999,115900
2017-09-19,37.950001,38.299999,37.849998,38.200001,36.122849,122500
2017-09-20,38.299999,38.549999,37.750000,38.049999,35.980999,114300
2017-09-21,38.150002,38.299999,37.700001,37.799999,35.744595,96500
2017-09-22,38.000000,38.450001,37.799999,38.049999,35.980999,71500
2017-09-25,37.950001,38.700001,37.900002,38.599998,36.501087,123100
2017-09-26,38.599998,38.900002,38.349998,38.549999,36.453819,86900
2017-09-27,38.500000,38.580002,37.549999,37.849998,35.791878,241600
2017-09-28,37.849998,38.299999,37.349998,38.250000,36.170120,123700
2017-09-29,38.349998,38.400002,38.000000,38.150002,36.075562,188500
2017-10-02,38.250000,39.599998,38.150002,39.599998,37.446712,133700
2017-10-03,39.500000,39.849998,39.099998,39.650002,37.493992,160400
2017-10-04,39.750000,40.529999,39.599998,40.200001,38.014091,109300
2017-10-05,40.299999,40.599998,39.900002,40.549999,38.345058,80500
2017-10-06,40.349998,40.650002,40.150002,40.599998,38.392349,111300
2017-10-09,40.599998,41.250000,40.599998,40.950001,38.723309,120300
2017-10-10,41.150002,41.650002,40.779999,41.349998,39.101566,179900
2017-10-11,41.349998,41.950001,41.349998,41.750000,39.479809,121900
2017-10-12,41.849998,42.400002,41.500000,41.750000,39.479809,144000
2017-10-13,41.900002,42.049999,41.250000,41.349998,39.101566,130400
2017-10-16,41.599998,41.799999,41.250000,41.750000,39.479809,118100
2017-10-17,41.750000,42.450001,41.750000,42.200001,39.905346,71400
2017-10-18,42.200001,42.950001,42.099998,42.900002,40.567280,82300
2017-10-19,42.849998,43.450001,42.849998,43.349998,40.992805,102400
2017-10-20,43.549999,43.750000,42.799999,43.250000,40.898247,165200
2017-10-23,43.150002,43.450001,42.849998,42.900002,40.567280,74500
2017-10-24,43.000000,43.150002,41.750000,41.799999,39.527092,148600
2017-10-25,41.750000,41.750000,41.099998,41.650002,39.385239,224200
2017-10-26,41.950001,42.900002,41.320000,42.549999,40.236309,194700
2017-10-27,42.799999,43.250000,42.650002,43.049999,40.709118,253700
2017-10-30,43.099998,43.250000,41.950001,42.349998,40.047180,179600
2017-10-31,42.500000,42.599998,41.799999,42.000000,39.716213,279300
2017-11-01,42.200001,42.750000,42.099998,42.450001,40.141750,119500
2017-11-02,42.500000,43.650002,42.400002,43.450001,41.087372,99800
2017-11-03,43.200001,43.500000,42.950001,43.000000,40.830982,90100
2017-11-06,43.000000,43.750000,42.799999,43.549999,41.353249,150000
2017-11-07,43.750000,43.750000,42.700001,43.000000,40.830982,288900
2017-11-08,42.849998,43.450001,42.299999,43.450001,41.258289,115700
2017-11-09,43.150002,43.700001,42.689999,42.900002,40.736034,82400
2017-11-10,42.900002,43.099998,42.700001,42.900002,40.736034,91700
2017-11-13,42.950001,43.299999,42.630001,43.000000,40.830982,225100
2017-11-14,43.000000,43.430000,43.000000,43.400002,41.210812,223800
2017-11-15,43.349998,44.299999,43.349998,43.400002,41.210812,248900
2017-11-16,43.400002,44.150002,43.099998,43.950001,41.733067,131500
2017-11-17,43.599998,44.200001,43.450001,44.099998,41.875504,348000
2017-11-20,44.400002,44.400002,43.349998,44.049999,41.828022,234800
2017-11-21,44.299999,44.950001,44.099998,44.750000,42.492718,195300
2017-11-22,44.750000,44.750000,44.200001,44.450001,42.207851,121600
2017-11-24,44.500000,44.700001,43.900002,44.000000,41.780544,64700
2017-11-27,44.000000,44.480000,44.000000,44.000000,41.780544,143000
2017-11-28,44.200001,44.599998,44.049999,44.599998,42.350285,145200
2017-11-29,44.599998,45.650002,44.400002,45.349998,43.062450,173400
2017-11-30,45.549999,46.150002,45.480000,45.599998,43.299839,170600
2017-12-01,45.750000,45.750000,44.130001,45.000000,42.730106,243500
2017-12-04,45.400002,45.400002,44.549999,44.900002,42.635151,141800
2017-12-05,44.799999,44.799999,43.500000,43.650002,41.448200,127600
2017-12-06,43.650002,44.150002,43.650002,43.799999,41.590633,95700
2017-12-07,43.700001,44.150002,43.349998,43.799999,41.590633,236800
2017-12-08,44.000000,44.000000,43.500000,43.750000,41.543156,96000
2017-12-11,43.700001,43.799999,43.049999,43.299999,41.115852,154800
2017-12-12,43.250000,43.400002,42.500000,42.500000,40.356209,239500
2017-12-13,42.500000,43.200001,42.500000,42.799999,40.641071,179100
2017-12-14,42.650002,43.049999,42.200001,42.349998,40.213772,180500
2017-12-15,42.400002,44.099998,42.400002,43.700001,41.495678,878800
2017-12-18,43.950001,44.250000,43.150002,43.849998,41.638111,298200
2017-12-19,43.650002,43.799999,42.500000,42.599998,40.451164,124900
2017-12-20,42.750000,43.500000,42.700001,43.200001,41.020893,108100
2017-12-21,43.200001,43.880001,43.049999,43.650002,41.448200,132500
2017-12-22,43.849998,43.900002,43.400002,43.849998,41.638111,115200
2017-12-26,43.849998,44.450001,43.849998,44.299999,42.065418,158000
2017-12-27,44.500000,45.349998,44.380001,44.799999,42.540199,171800
2017-12-28,44.900002,45.430000,44.349998,45.299999,43.014973,241500
2017-12-29,45.500000,45.750000,45.250000,45.349998,43.062450,189000
2018-01-02,45.700001,45.849998,44.450001,44.700001,42.445240,346600
2018-01-03,44.500000,44.849998,43.700001,44.250000,42.017937,203800
2018-01-04,43.900002,44.700001,43.750000,43.849998,41.638111,152600
2018-01-05,43.849998,44.150002,43.000000,43.500000,41.305767,195900
2018-01-08,43.450001,44.200001,43.349998,44.150002,41.922985,226100
2018-01-09,44.150002,44.200001,43.599998,43.650002,41.448200,150600
2018-01-10,43.500000,43.599998,42.549999,42.599998,40.451164,225100
2018-01-11,42.549999,43.400002,42.500000,43.099998,40.925945,197600
2018-01-12,43.200001,43.299999,42.549999,42.849998,40.688549,235900
2018-01-16,43.150002,44.150002,43.000000,43.349998,41.163330,281600
2018-01-17,42.950001,43.599998,42.500000,43.250000,41.068378,393600
2018-01-18,43.150002,43.299999,42.500000,42.750000,40.593605,258700
2018-01-19,42.700001,43.799999,42.700001,43.799999,41.590633,256400
2018-01-22,43.950001,44.049999,43.549999,43.900002,41.685589,278800
2018-01-23,43.900002,45.150002,43.900002,44.700001,42.445240,325600
2018-01-24,44.900002,45.750000,44.450001,45.099998,42.825066,445400
2018-01-25,45.400002,45.750000,42.500000,43.349998,41.163330,624400
2018-01-26,43.299999,43.400002,41.450001,41.700001,39.596565,382600
2018-01-29,41.599998,41.900002,41.200001,41.450001,39.359177,299200
2018-01-30,41.250000,41.750000,40.950001,41.049999,38.979355,337300
2018-01-31,41.299999,41.299999,40.500000,40.700001,38.647007,3893200
2018-02-01,40.849998,42.250000,40.830002,41.450001,39.359177,470300
2018-02-02,41.049999,41.900002,41.049999,41.549999,39.454128,256100
2018-02-05,41.450001,41.799999,40.099998,40.150002,38.124748,262900
2018-02-06,39.549999,40.029999,38.400002,39.750000,37.744926,428700
2018-02-07,39.700001,40.279999,38.799999,38.950001,36.985279,481400
2018-02-08,38.950001,39.250000,37.200001,37.250000,35.371037,493000
2018-02-09,37.250000,38.349998,36.700001,37.849998,36.123074,624500
2018-02-12,37.900002,38.450001,37.349998,38.200001,36.457115,348200
2018-02-13,38.099998,38.250000,37.700001,38.099998,36.361671,251600
2018-02-14,37.799999,38.450001,37.450001,38.150002,36.409393,287400
2018-02-15,38.299999,38.900002,37.910000,38.799999,37.029732,210300
2018-02-16,38.799999,39.900002,38.669998,39.500000,37.697800,434000
2018-02-20,39.400002,39.549999,38.700001,39.049999,37.268333,304800
2018-02-21,39.099998,39.799999,38.650002,38.900002,37.125175,262500
2018-02-22,39.049999,39.669998,38.950001,39.200001,37.411488,132100
2018-02-23,39.450001,40.150002,39.450001,40.150002,38.318138,107800
2018-02-26,40.150002,40.500000,40.000000,40.450001,38.604450,106000
2018-02-27,40.450001,40.650002,39.049999,39.099998,37.316048,292700
2018-02-28,39.200001,39.299999,37.900002,37.950001,36.218517,266900
2018-03-01,38.400002,38.849998,37.650002,37.950001,36.218517,231000
2018-03-02,38.049999,38.130001,36.099998,36.400002,34.739243,328000
2018-03-05,36.150002,36.950001,35.730000,36.700001,35.025551,1115100
2018-03-06,36.950001,37.250000,35.250000,35.400002,33.784863,707600
2018-03-07,35.349998,37.400002,35.349998,37.299999,35.598175,372600
2018-03-08,37.099998,37.200001,36.349998,37.000000,35.311859,291700
2018-03-09,37.299999,38.150002,36.900002,37.750000,36.027645,427700
2018-03-12,37.799999,38.849998,37.650002,38.500000,36.743423,281400
2018-03-13,38.599998,38.900002,37.450001,37.599998,35.884480,242600
2018-03-14,37.799999,38.099998,36.799999,37.099998,35.407303,725200
2018-03-15,37.200001,37.549999,36.450001,37.099998,35.407303,610000
2018-03-16,37.200001,38.000000,36.450001,37.400002,35.693611,1646100
2018-03-19,37.400002,38.049999,37.049999,37.599998,35.884480,432600
2018-03-20,37.650002,38.650002,37.650002,38.500000,36.743423,580600
2018-03-21,38.500000,38.599998,37.900002,38.099998,36.361671,213500
2018-03-22,38.049999,38.349998,37.650002,37.700001,35.979927,604500
2018-03-23,37.400002,37.849998,35.900002,35.950001,34.309765,443600
2018-03-26,36.549999,36.980000,36.000000,36.900002,35.216423,321800
2018-03-27,37.099998,37.500000,36.450001,36.799999,35.120987,305000
2018-03-28,36.900002,37.209999,36.650002,36.900002,35.216423,273100
2018-03-29,37.000000,37.750000,37.000000,37.250000,35.550457,277600
2018-04-02,37.250000,37.380001,35.599998,35.650002,34.023460,298400
2018-04-03,36.099998,36.700001,35.849998,36.500000,34.834675,311200
2018-04-04,36.049999,36.950001,35.950001,36.750000,35.073269,169600
2018-04-05,36.849998,37.599998,36.360001,37.500000,35.789051,189400
2018-04-06,37.349998,37.650002,36.700001,37.000000,35.311859,240600
2018-04-09,37.099998,37.299999,36.750000,36.849998,35.168705,218800
2018-04-10,37.099998,37.450001,36.889999,37.200001,35.502735,173400
2018-04-11,37.000000,37.750000,36.650002,37.549999,35.836765,195300
2018-04-12,37.650002,37.650002,36.799999,37.099998,35.407303,191000
2018-04-13,37.150002,37.750000,37.150002,37.650002,35.932205,215200
2018-04-16,37.849998,38.450001,37.680000,38.349998,36.600262,327200
2018-04-17,38.500000,39.450001,38.250000,39.250000,37.459206,196400
2018-04-18,39.200001,39.599998,39.150002,39.299999,37.506924,589300
2018-04-19,39.150002,39.549999,38.849998,39.450001,37.650082,236200
2018-04-20,39.200001,39.549999,39.049999,39.549999,37.745518,183200
2018-04-23,39.450001,40.200001,39.349998,39.950001,38.127266,328200
2018-04-24,40.099998,40.299999,39.549999,39.849998,38.031830,257100
2018-04-25,39.799999,40.099998,39.099998,39.250000,37.459206,261200
2018-04-26,39.049999,39.900002,37.700001,39.799999,37.984108,804400
2018-04-27,39.650002,40.000000,38.330002,38.599998,36.838860,345700
2018-04-30,38.650002,39.250000,38.349998,38.750000,36.982021,2412900
2018-05-01,38.650002,39.700001,38.650002,39.650002,37.840961,383500
2018-05-02,39.400002,40.000000,38.799999,39.900002,38.079544,629100
2018-05-03,39.700001,40.299999,38.950001,40.000000,38.174980,364200
2018-05-04,39.700001,40.250000,39.400002,40.049999,38.403198,287600
2018-05-07,40.099998,40.299999,39.599998,39.750000,38.115536,189500
2018-05-08,39.599998,39.599998,38.750000,39.150002,37.540207,221800
2018-05-09,39.200001,39.450001,38.849998,39.150002,37.540207,267000
2018-05-10,39.250000,39.849998,39.099998,39.750000,38.115536,192100
2018-05-11,39.700001,39.950001,39.500000,39.650002,38.019653,179400
2018-05-14,39.650002,39.700001,38.799999,38.900002,37.300484,165700
2018-05-15,38.750000,38.799999,38.299999,38.500000,36.916931,164700
2018-05-16,38.549999,38.840000,38.150002,38.549999,36.964878,233700
2018-05-17,38.549999,38.650002,38.250000,38.450001,36.868992,143500
2018-05-18,38.549999,39.099998,38.549999,38.900002,37.300484,446200
2018-05-21,39.099998,39.650002,39.000000,39.549999,37.923759,224300
2018-05-22,39.599998,39.759998,39.299999,39.349998,37.731987,137600
2018-05-23,39.349998,39.950001,39.250000,39.900002,38.259365,158200
2018-05-24,39.950001,40.700001,39.799999,40.549999,38.882633,333700
2018-05-25,40.549999,40.799999,39.799999,40.750000,39.074417,145600
2018-05-29,40.500000,41.549999,40.500000,41.250000,39.553860,366800
2018-05-30,41.500000,41.650002,41.200001,41.299999,39.601791,257600
2018-05-31,41.200001,41.279999,40.200001,40.250000,38.594971,193700
2018-06-01,40.549999,40.549999,39.900002,40.000000,38.355255,216100
2018-06-04,40.200001,40.450001,39.529999,39.900002,38.259365,329300
2018-06-05,39.750000,39.849998,39.450001,39.549999,37.923759,163500
2018-06-06,39.549999,39.650002,38.599998,38.900002,37.300484,175500
2018-06-07,39.000000,39.250000,38.700001,39.099998,37.492256,147600
2018-06-08,39.150002,39.549999,38.799999,39.049999,37.444317,181800
2018-06-11,39.000000,39.200001,38.450001,38.750000,37.156654,153200
2018-06-12,38.799999,39.299999,38.799999,39.099998,37.492256,160000
2018-06-13,39.049999,39.250000,38.599998,38.750000,37.156654,147900
2018-06-14,38.799999,39.299999,38.650002,39.250000,37.636089,150000
2018-06-15,39.250000,39.599998,39.000000,39.549999,37.923759,301000
2018-06-18,39.549999,39.799999,39.250000,39.700001,38.067596,164300
2018-06-19,39.500000,40.000000,39.500000,39.849998,38.211422,180200
2018-06-20,39.900002,40.169998,39.700001,40.000000,38.355255,169700
2018-06-21,40.049999,40.049999,39.599998,39.900002,38.259365,137400
2018-06-22,40.049999,40.250000,39.680000,40.000000,38.355255,417600
2018-06-25,40.000000,40.150002,39.700001,39.900002,38.259365,240900
2018-06-26,39.849998,40.349998,39.549999,40.000000,38.355255,168900
2018-06-27,39.900002,39.900002,39.250000,39.299999,37.684032,198700
2018-06-28,39.299999,39.750000,38.950001,39.150002,37.540207,163200
2018-06-29,39.150002,39.349998,38.750000,38.950001,37.348431,166800
2018-07-02,38.849998,39.950001,38.849998,39.900002,38.259365,192000
2018-07-03,39.950001,40.599998,39.750000,40.450001,38.786755,121000
2018-07-05,40.500000,41.450001,40.299999,41.400002,39.697689,240000
2018-07-06,41.500000,42.250000,41.250000,42.049999,40.320957,138400
2018-07-09,42.150002,42.250000,40.799999,40.900002,39.218246,204700
2018-07-10,40.799999,41.200001,40.650002,41.099998,39.410023,209900
2018-07-11,41.099998,41.500000,40.900002,40.950001,39.266193,131900
2018-07-12,41.049999,41.049999,40.410000,40.750000,39.074417,126800
2018-07-13,40.709999,41.150002,40.650002,40.950001,39.266193,99500
2018-07-16,41.000000,41.099998,40.549999,41.000000,39.314129,135800
2018-07-17,40.950001,41.450001,40.650002,40.700001,39.026474,100100
2018-07-18,40.599998,40.849998,40.299999,40.700001,39.026474,96600
2018-07-19,40.500000,41.400002,40.500000,41.150002,39.457970,121200
2018-07-20,41.200001,41.250000,40.630001,40.650002,38.978523,95400
2018-07-23,40.549999,41.400002,40.450001,41.150002,39.457970,176100
2018-07-24,41.000000,41.349998,40.650002,41.200001,39.505913,177100
2018-07-25,41.099998,41.450001,40.669998,41.000000,39.314129,228800
2018-07-26,40.599998,42.250000,40.500000,41.950001,40.225067,271000
2018-07-27,41.849998,42.150002,40.950001,41.099998,39.410023,243900
2018-07-30,41.000000,41.150002,40.330002,40.500000,38.834702,231700
2018-07-31,40.650002,41.599998,40.450001,41.099998,39.410023,1235200
2018-08-01,40.900002,40.900002,39.849998,40.200001,38.547031,297600
2018-08-02,40.000000,41.080002,40.000000,40.900002,39.218246,151700
2018-08-03,40.799999,41.000000,39.900002,39.950001,38.484207,172900
2018-08-06,40.150002,40.599998,40.150002,40.500000,39.014023,146500
2018-08-07,40.549999,40.549999,39.950001,40.150002,38.676868,248200
2018-08-08,40.049999,40.750000,39.900002,40.599998,39.110359,188400
2018-08-09,40.599998,40.849998,40.450001,40.700001,39.206684,116500
2018-08-10,40.599998,40.950001,40.450001,40.500000,39.014023,106000
2018-08-13,40.400002,40.400002,39.849998,40.049999,38.580528,142600
2018-08-14,40.200001,40.700001,40.049999,40.700001,39.206684,120300
2018-08-15,40.650002,40.779999,40.250000,40.349998,38.869526,133400
2018-08-16,40.349998,40.750000,40.099998,40.650002,39.158524,100800
2018-08-17,40.549999,41.200001,40.200001,41.049999,39.543846,436400
2018-08-20,41.250000,41.480000,41.049999,41.450001,39.929169,183300
2018-08-21,41.400002,41.799999,41.349998,41.450001,39.929169,198900
2018-08-22,41.349998,41.650002,40.900002,41.099998,39.592014,156700
2018-08-23,41.000000,41.250000,40.849998,40.950001,39.447514,153100
2018-08-24,41.000000,41.299999,40.849998,41.099998,39.592014,178200
2018-08-27,41.250000,41.400002,40.650002,40.849998,39.351181,151300
2018-08-28,40.750000,41.000000,40.150002,40.250000,38.773201,128200
2018-08-29,40.400002,40.750000,40.250000,40.650002,39.158524,152500
2018-08-30,40.599998,41.099998,40.549999,40.900002,39.399349,100500
2018-08-31,40.950001,41.200001,40.700001,41.150002,39.640179,152100
2018-09-04,41.000000,41.349998,40.750000,41.150002,39.640179,153800
2018-09-05,41.099998,41.849998,41.099998,41.700001,40.169994,208200
2018-09-06,41.750000,42.200001,41.500000,42.000000,40.458992,153600
2018-09-07,41.750000,42.000000,41.500000,41.750000,40.218163,145800
2018-09-10,41.849998,42.099998,41.500000,41.650002,40.121834,124000
2018-09-11,41.500000,41.700001,41.250000,41.500000,39.977337,156200
2018-09-12,41.500000,41.650002,41.250000,41.250000,39.736504,117800
2018-09-13,41.299999,42.000000,41.200001,42.000000,40.458992,113700
2018-09-14,41.849998,42.700001,41.750000,42.500000,40.940647,160200
2018-09-17,42.099998,42.150002,41.049999,41.400002,39.881004,220900
2018-09-18,41.500000,41.549999,41.099998,41.250000,39.736504,169000
2018-09-19,41.299999,41.299999,40.250000,40.799999,39.303017,355400
2018-09-20,40.849998,41.349998,40.599998,41.000000,39.495682,202900
2018-09-21,41.000000,41.599998,41.000000,41.450001,39.929169,779000
2018-09-24,41.450001,41.799999,40.950001,41.750000,40.218163,207700
2018-09-25,41.750000,41.750000,41.450001,41.650002,40.121834,135500
2018-09-26,41.849998,41.950001,41.400002,41.500000,39.977337,183300
2018-09-27,41.750000,42.299999,41.450001,41.549999,40.025505,153500
2018-09-28,41.599998,42.950001,41.599998,42.900002,41.325970,212200
2018-10-01,42.880001,42.880001,41.880001,42.090000,40.545685,163100
2018-10-02,42.040001,42.400002,41.560001,41.930000,40.391560,132700
2018-10-03,41.919998,42.450001,41.860001,42.389999,40.834675,127400
2018-10-04,42.230000,42.320000,41.639999,41.810001,40.275959,192400
2018-10-05,41.720001,42.200001,41.720001,42.029999,40.487892,180500
2018-10-08,42.070000,42.540001,41.939999,42.330002,40.776886,122300
2018-10-09,42.360001,42.910000,42.270000,42.590000,41.027348,198700
2018-10-10,42.470001,43.299999,42.389999,42.509998,40.950279,284600
2018-10-11,42.250000,42.459999,40.959999,40.970001,39.466778,274000
2018-10-12,41.230000,41.410000,40.209999,40.480000,38.994759,157100
2018-10-15,40.480000,40.740002,40.099998,40.470001,38.985126,148500
2018-10-16,40.660000,41.970001,40.380001,41.889999,40.353024,136000
2018-10-17,41.840000,41.950001,41.459999,41.720001,40.189262,154300
2018-10-18,41.660000,42.139999,41.520000,41.970001,40.430092,164200
2018-10-19,41.860001,42.650002,41.860001,42.310001,40.757610,199300
2018-10-22,42.290001,42.720001,42.150002,42.580002,41.017704,141900
2018-10-23,42.500000,42.500000,41.669998,41.900002,40.362659,252500
2018-10-24,41.939999,42.330002,41.660000,41.669998,40.141098,167800
2018-10-25,41.660000,42.470001,41.240002,42.080002,40.536057,293800
2018-10-26,42.009998,42.220001,41.000000,41.740002,40.208523,314700
2018-10-29,41.959999,42.869999,41.880001,42.250000,40.699814,193900
2018-10-30,42.259998,43.160000,42.029999,43.110001,41.528263,215900
2018-10-31,43.299999,43.549999,41.650002,42.000000,40.458992,1309600
2018-11-01,41.849998,42.619999,41.610001,41.889999,40.353024,224500
2018-11-02,41.959999,42.130001,41.320000,42.049999,40.507156,329000
2018-11-05,42.130001,42.910000,42.130001,42.720001,41.152573,207300
2018-11-06,42.619999,43.910000,42.619999,43.889999,42.279640,189300
2018-11-07,44.160000,44.970001,44.160000,44.889999,43.242958,215900
2018-11-08,44.680000,44.680000,43.560001,44.040001,42.602566,126800
2018-11-09,43.900002,44.250000,43.750000,44.209999,42.767014,149000
2018-11-12,44.000000,44.490002,43.910000,43.970001,42.534847,154200
2018-11-13,44.119999,44.380001,43.660000,43.869999,42.438110,130600
2018-11-14,43.849998,44.290001,43.400002,43.439999,42.022141,114700
2018-11-15,43.270000,44.490002,42.910000,44.470001,43.018528,183600
2018-11-16,44.439999,45.450001,44.369999,45.389999,43.908497,324600
2018-11-19,45.480000,45.799999,45.040001,45.380001,43.898819,138600
2018-11-20,45.299999,45.889999,45.299999,45.389999,43.908497,141400
2018-11-21,45.459999,45.680000,45.110001,45.200001,43.724697,95900
2018-11-23,45.180000,45.930000,44.869999,45.599998,44.111637,111000
2018-11-26,45.830002,46.470001,45.500000,46.330002,44.817818,116000
2018-11-27,46.200001,46.480000,46.110001,46.299999,44.788792,148200
2018-11-28,46.360001,46.790001,46.029999,46.580002,45.059662,177000
2018-11-29,46.520000,46.650002,45.630001,45.730000,44.237408,160200
2018-11-30,45.700001,46.080002,45.369999,45.720001,44.227730,341500
2018-12-03,45.860001,45.860001,44.849998,45.380001,43.898819,352700
2018-12-04,45.230000,45.599998,43.380001,43.610001,42.186600,356300
2018-12-06,43.900002,45.330002,43.889999,45.290001,43.811768,343500
2018-12-07,45.290001,45.930000,45.250000,45.910000,44.411526,288100
2018-12-10,45.939999,47.310001,45.279999,46.639999,45.117699,319200
2018-12-11,46.880001,47.439999,46.439999,47.330002,45.785179,175000
2018-12-12,47.680000,48.310001,47.389999,47.799999,46.239834,182100
2018-12-13,47.869999,48.939999,47.730000,48.549999,46.965355,266700
2018-12-14,48.380001,49.070000,48.380001,48.770000,47.178173,375700
2018-12-17,48.700001,48.869999,46.820000,47.320000,45.775501,440900
2018-12-18,47.619999,47.810001,46.970001,47.189999,45.649742,207000
2018-12-19,47.200001,47.740002,46.549999,47.009998,45.475620,238000
2018-12-20,46.919998,47.980000,46.509998,47.560001,46.007679,273400
2018-12-21,47.610001,48.660000,46.720001,46.860001,45.330517,716500
2018-12-24,46.770000,46.770000,44.520000,44.529999,43.076569,114100
2018-12-26,44.720001,46.080002,44.450001,46.029999,44.527607,214200
2018-12-27,45.660000,46.820000,45.279999,46.779999,45.253124,195300
2018-12-28,46.790001,47.700001,46.750000,47.160000,45.620724,199700
2018-12-31,47.310001,47.770000,46.680000,47.660000,46.104404,191100
2019-01-02,47.340000,47.340000,45.779999,46.320000,44.808140,240100
2019-01-03,46.189999,46.509998,45.770000,46.090000,44.585648,181600
2019-01-04,46.099998,46.990002,45.650002,45.860001,44.363159,226100
2019-01-07,45.549999,45.759998,44.599998,44.860001,43.395798,268300
2019-01-08,44.950001,46.060001,44.919998,45.990002,44.488918,216800
2019-01-09,46.020000,46.250000,45.419998,45.939999,44.440544,183400
2019-01-10,45.770000,46.230000,45.650002,45.970001,44.469566,189500
2019-01-11,45.869999,46.070000,45.500000,45.880001,44.382504,133500
2019-01-14,45.669998,45.919998,45.060001,45.169998,43.695675,130500
2019-01-15,45.169998,46.009998,45.169998,45.599998,44.111637,149200
2019-01-16,45.509998,46.080002,45.250000,46.029999,44.527607,142800
2019-01-17,45.860001,46.900002,45.860001,46.779999,45.253124,199700
2019-01-18,46.820000,47.270000,46.820000,47.240002,45.698120,193800
2019-01-22,47.169998,47.490002,46.160000,46.720001,45.195084,166700
2019-01-23,46.720001,47.340000,46.599998,47.330002,45.785179,156000
2019-01-24,47.259998,48.090000,46.730000,48.090000,46.520370,155400
2019-01-25,48.169998,48.169998,46.740002,46.860001,45.330517,121400
2019-01-28,46.730000,47.060001,46.240002,46.419998,44.904873,190300
2019-01-29,46.720001,47.040001,46.290001,46.310001,44.798477,95500
2019-01-30,46.349998,46.910000,46.330002,46.810001,45.282154,149800
2019-01-31,47.840000,49.750000,47.090000,49.520000,47.903694,990800
2019-02-01,49.430000,49.580002,48.189999,48.689999,47.100780,228500
2019-02-04,48.840000,49.189999,48.320000,49.189999,47.584457,225900
2019-02-05,49.549999,49.669998,48.880001,49.470001,47.855335,154300
2019-02-06,49.549999,49.709999,49.090000,49.320000,47.710228,121400
2019-02-07,49.299999,50.669998,49.220001,50.480000,48.832363,179300
2019-02-08,50.150002,51.520000,50.080002,51.099998,49.626778,214100
2019-02-11,51.110001,51.700001,51.070000,51.540001,50.054096,237400
2019-02-12,51.599998,52.220001,51.599998,51.820000,50.326023,158000
2019-02-13,51.820000,51.970001,50.779999,50.830002,49.364567,212100
2019-02-14,50.919998,51.480000,50.549999,50.849998,49.383987,282300
2019-02-15,51.110001,51.270000,50.700001,50.930000,49.461678,190500
2019-02-19,50.750000,51.369999,50.750000,51.169998,49.694759,199100
2019-02-20,51.020000,51.619999,50.779999,51.599998,50.112366,171300
2019-02-21,51.500000,52.150002,51.169998,51.990002,50.491119,106400
2019-02-22,51.950001,52.939999,51.900002,52.900002,51.374889,190500
2019-02-25,52.980000,52.980000,52.110001,52.180000,50.675644,146800
2019-02-26,52.500000,52.500000,51.419998,51.610001,50.122082,115200
2019-02-27,51.439999,52.160000,51.330002,51.759998,50.267750,103200
2019-02-28,51.759998,52.660000,51.150002,52.020000,50.520252,190300
2019-03-01,52.580002,52.660000,51.680000,52.529999,51.015553,211100
2019-03-04,52.459999,52.910000,52.200001,52.799999,51.277767,227300
2019-03-05,52.950001,53.400002,52.619999,52.830002,51.306904,145900
2019-03-06,52.959999,52.990002,51.939999,52.049999,50.549389,122900
2019-03-07,52.110001,53.090000,52.020000,52.400002,50.889301,161300
2019-03-08,52.509998,52.919998,52.130001,52.560001,51.044693,125300
2019-03-11,53.270000,53.880001,52.700001,53.799999,52.248940,154300
2019-03-12,53.840000,54.119999,53.590000,53.919998,52.365479,149700
2019-03-13,53.930000,54.250000,53.840000,54.130001,52.569427,171100
2019-03-14,54.070000,54.529999,53.660000,53.689999,52.142109,110100
2019-03-15,53.860001,54.349998,53.730000,53.889999,52.336342,428000
2019-03-18,53.990002,54.349998,53.570000,54.009998,52.452885,209400
2019-03-19,54.000000,54.009998,52.939999,53.009998,51.481712,209200
2019-03-20,53.029999,54.240002,52.840000,53.759998,52.210087,202200
2019-03-21,53.730000,54.950001,53.730000,54.580002,53.006454,207900
2019-03-22,54.549999,55.049999,53.720001,53.730000,52.180950,148900
2019-03-25,53.660000,54.439999,53.490002,53.970001,52.414040,239700
2019-03-26,54.090000,54.869999,54.009998,54.669998,53.093857,146800
2019-03-27,53.900002,54.450001,53.830002,54.110001,52.550003,207000
2019-03-28,54.119999,54.250000,53.560001,54.130001,52.569427,150500
2019-03-29,54.290001,54.459999,53.880001,54.279999,52.715099,307800
2019-04-01,54.560001,54.560001,52.419998,52.869999,51.345749,251100
2019-04-02,52.880001,52.959999,52.130001,52.410000,50.899014,174300
2019-04-03,52.570000,52.700001,51.950001,52.099998,50.597950,127400
2019-04-04,52.150002,52.150002,51.290001,51.570000,50.083229,237300
2019-04-05,51.529999,51.869999,51.169998,51.720001,50.228901,253300
2019-04-08,51.419998,51.419998,50.389999,50.930000,49.461678,274000
2019-04-09,50.860001,51.009998,50.619999,50.799999,49.335430,213600
2019-04-10,51.049999,51.549999,50.700001,51.130001,49.655914,233600
2019-04-11,51.209999,51.209999,50.150002,50.560001,49.102348,249400
2019-04-12,50.459999,50.750000,49.810001,50.619999,49.160618,198300
2019-04-15,50.580002,50.599998,50.049999,50.250000,48.801285,162600
2019-04-16,50.330002,50.369999,49.349998,49.520000,48.092331,196200
2019-04-17,49.720001,49.790001,49.060001,49.430000,48.004925,254800
2019-04-18,49.410000,50.340000,49.220001,50.150002,48.704170,205000
2019-04-22,49.849998,50.130001,49.290001,49.480000,48.053482,234000
2019-04-23,49.480000,49.820000,49.160000,49.520000,48.092331,249300
2019-04-24,49.419998,50.290001,49.340000,49.950001,48.509933,256800
2019-04-25,48.509998,50.400002,48.000000,49.889999,48.451660,627100
2019-04-26,50.099998,50.630001,49.630001,49.790001,48.354546,359000
2019-04-29,49.750000,50.650002,49.549999,49.799999,48.364254,438500
2019-04-30,49.750000,50.630001,49.360001,50.389999,48.937244,402700
2019-05-01,50.389999,50.810001,49.709999,49.810001,48.373966,558700
2019-05-02,49.799999,50.160000,49.540001,49.720001,48.286564,163400
2019-05-03,49.720001,50.560001,49.540001,50.360001,49.103661,243100
2019-05-06,50.150002,50.529999,50.020000,50.299999,49.045155,177200
2019-05-07,50.029999,50.459999,49.759998,50.099998,48.850140,289900
2019-05-08,50.029999,50.389999,49.259998,49.270000,48.040848,194200
2019-05-09,49.189999,49.509998,48.810001,49.049999,47.826344,158900
2019-05-10,49.049999,50.020000,48.930000,49.990002,48.742893,259100
2019-05-13,49.669998,50.590000,49.669998,50.400002,49.142658,252900
2019-05-14,50.520000,50.730000,50.130001,50.180000,48.928150,300500
2019-05-15,50.080002,50.660000,50.080002,50.240002,48.986652,104400
2019-05-16,50.169998,50.959999,50.169998,50.400002,49.142658,264200
2019-05-17,50.230000,50.590000,50.119999,50.410000,49.152412,205000
2019-05-20,50.430000,50.520000,50.070000,50.430000,49.171909,285900
2019-05-21,50.689999,51.209999,50.599998,50.669998,49.405926,234900
2019-05-22,50.759998,51.119999,50.590000,51.060001,49.786198,181800
2019-05-23,50.970001,51.240002,50.480000,50.750000,49.483932,164500
2019-05-24,50.830002,51.110001,50.619999,50.689999,49.425430,172000
2019-05-28,50.660000,51.029999,50.189999,50.220001,48.967148,152200
2019-05-29,50.169998,50.360001,49.080002,49.189999,47.962849,274600
2019-05-30,49.259998,49.639999,48.790001,49.049999,47.826344,148900
2019-05-31,49.040001,49.400002,48.770000,49.220001,47.992100,334400
2019-06-03,49.220001,49.820000,49.169998,49.790001,48.547878,249200
2019-06-04,49.970001,50.180000,48.889999,49.660000,48.421120,149500
2019-06-05,49.580002,50.509998,49.490002,50.330002,49.074413,200300
2019-06-06,50.470001,50.869999,50.299999,50.540001,49.279175,127200
2019-06-07,50.930000,51.330002,50.200001,50.200001,48.947655,168800
2019-06-10,49.930000,50.470001,49.220001,49.740002,48.499126,198200
2019-06-11,49.799999,49.970001,49.230000,49.770000,48.528378,246900
2019-06-12,49.840000,50.889999,49.599998,50.779999,49.513184,158400
2019-06-13,50.930000,51.290001,50.070000,50.279999,49.025654,183300
2019-06-14,50.150002,51.220001,50.150002,50.970001,49.698444,168900
2019-06-17,51.029999,51.259998,49.830002,50.070000,48.820892,147900
2019-06-18,50.389999,50.529999,49.380001,49.799999,48.557625,330100
2019-06-19,49.720001,50.340000,49.470001,50.230000,48.976906,244000
2019-06-20,50.299999,50.580002,49.720001,50.320000,49.064659,136000
2019-06-21,50.090000,50.830002,49.990002,50.330002,49.074413,340100
2019-06-24,50.400002,50.599998,49.939999,50.080002,48.830643,222900
2019-06-25,50.099998,50.380001,49.950001,50.189999,48.937897,226300
2019-06-26,50.209999,50.549999,49.320000,49.480000,48.245609,206400
2019-06-27,49.490002,49.740002,49.220001,49.590000,48.352871,197300
2019-06-28,49.560001,50.759998,49.560001,50.630001,49.366928,1728600
2019-07-01,50.610001,50.759998,49.520000,49.990002,48.742893,438100
2019-07-02,50.000000,51.240002,50.000000,51.049999,49.776440,160700
2019-07-03,51.139999,51.860001,51.029999,51.369999,50.088459,104800
2019-07-05,51.080002,51.389999,50.160000,51.369999,50.088459,120900
2019-07-08,51.000000,51.490002,50.950001,51.470001,50.185966,173500
2019-07-09,51.369999,51.400002,50.939999,51.380001,50.098213,180100
2019-07-10,51.689999,51.730000,51.209999,51.590000,50.302975,134400
2019-07-11,51.639999,51.880001,50.759998,50.939999,49.669193,223600
2019-07-12,51.099998,51.430000,50.570000,50.939999,49.669193,177500
2019-07-15,51.009998,51.090000,50.500000,50.750000,49.483932,185600
2019-07-16,50.910000,51.430000,50.799999,51.430000,50.146969,165200
2019-07-17,51.970001,52.459999,51.580002,52.160000,50.858753,313600
2019-07-18,52.150002,53.509998,51.759998,53.509998,52.175079,314800
2019-07-19,53.320000,53.750000,52.500000,52.599998,51.287777,350800
2019-07-22,52.750000,52.830002,52.250000,52.799999,51.482788,283900
2019-07-23,52.799999,53.119999,52.340000,53.029999,51.707050,250800
2019-07-24,53.099998,53.430000,52.570000,53.369999,52.038563,226300
2019-07-25,53.220001,53.580002,52.529999,52.660000,51.346275,243100
2019-07-26,52.680000,53.380001,52.549999,53.020000,51.697300,223200
2019-07-29,53.060001,53.160000,52.730000,53.029999,51.707050,245000
2019-07-30,52.880001,53.610001,52.880001,53.180000,51.853310,267700
2019-07-31,53.139999,54.230000,53.139999,53.389999,52.058071,621300
2019-08-01,52.860001,53.779999,52.540001,53.320000,51.989819,404500
2019-08-02,53.130001,54.060001,53.040001,53.580002,52.243328,271400
2019-08-05,53.430000,53.529999,51.410000,51.779999,50.488232,317000
2019-08-06,51.919998,52.389999,51.279999,52.270000,50.966011,222000
2019-08-07,52.130001,52.830002,51.849998,52.400002,51.092766,409300
2019-08-08,52.380001,54.110001,52.189999,53.810001,52.467594,298700
2019-08-09,53.560001,54.540001,53.480000,54.189999,53.033253,181300
2019-08-12,53.970001,54.509998,53.970001,54.070000,52.915813,92500
2019-08-13,53.880001,54.580002,53.610001,53.830002,52.680943,221500
2019-08-14,53.770000,54.419998,53.389999,53.650002,52.504780,203500
2019-08-15,53.700001,55.240002,53.700001,55.080002,53.904255,195900
2019-08-16,55.150002,55.970001,55.040001,55.840000,54.648037,274400
2019-08-19,56.180000,56.500000,55.599998,55.630001,54.442513,215600
2019-08-20,55.639999,55.919998,55.279999,55.549999,54.364223,167700
2019-08-21,55.680000,55.919998,55.270000,55.700001,54.511021,177600
2019-08-22,55.750000,55.970001,55.330002,55.689999,54.501232,125700
2019-08-23,55.730000,56.290001,54.599998,54.730000,53.561726,286000
2019-08-26,54.990002,55.410000,54.509998,55.340000,54.158707,308900
2019-08-27,55.610001,56.110001,55.410000,55.450001,54.266357,176800
2019-08-28,55.430000,55.900002,55.430000,55.799999,54.608891,131100
2019-08-29,56.080002,56.470001,55.990002,56.250000,55.049282,117300
2019-08-30,56.360001,56.720001,55.930000,56.439999,55.235222,401800
2019-09-03,56.490002,57.430000,56.439999,56.919998,55.704975,290000
2019-09-04,57.279999,57.480000,56.639999,57.020000,55.802849,157500
2019-09-05,56.990002,57.209999,56.029999,56.180000,54.980778,245700
2019-09-06,56.200001,56.349998,54.380001,54.689999,53.522579,264800
2019-09-09,54.299999,54.320000,52.630001,53.599998,52.455849,227500
2019-09-10,53.639999,53.639999,52.580002,53.009998,51.878441,242900
2019-09-11,53.200001,54.680000,53.200001,54.389999,53.228985,217300
2019-09-12,54.740002,55.099998,54.020000,54.310001,53.150696,213100
2019-09-13,54.349998,54.619999,53.650002,54.099998,52.945171,209200
2019-09-16,54.439999,54.549999,53.520000,53.650002,52.504780,212100
2019-09-17,53.669998,54.700001,53.500000,54.369999,53.209412,175900
2019-09-18,54.750000,54.790001,53.860001,54.139999,52.984322,162200
2019-09-19,54.540001,54.959999,54.200001,54.549999,53.385571,259400
2019-09-20,54.430000,54.500000,52.799999,53.080002,51.946953,578100
2019-09-23,53.150002,53.740002,52.790001,52.820000,51.692497,241900
2019-09-24,53.049999,53.860001,52.950001,53.340000,52.201393,306900
2019-09-25,53.299999,54.009998,53.200001,53.709999,52.563499,222300
2019-09-26,54.029999,54.259998,53.279999,53.529999,52.387344,186300
2019-09-27,53.759998,53.860001,52.900002,53.189999,52.054596,133500
2019-09-30,53.330002,53.490002,52.759998,52.930000,51.800156,242400
2019-10-01,52.919998,53.389999,52.540001,52.740002,51.614208,188700
2019-10-02,52.709999,53.240002,51.630001,51.709999,50.606186,210200
2019-10-03,51.820000,52.369999,51.400002,52.200001,51.085735,174300
2019-10-04,52.330002,52.720001,51.790001,52.630001,51.506554,158600
2019-10-07,52.610001,52.990002,52.389999,52.720001,51.594627,222800
2019-10-08,52.529999,52.630001,51.990002,52.139999,51.027012,202200
2019-10-09,52.410000,52.799999,52.070000,52.560001,51.438053,201600
2019-10-10,52.509998,53.270000,52.160000,53.040001,51.907803,253000
2019-10-11,53.299999,55.029999,53.040001,54.529999,53.365993,255500
2019-10-14,54.689999,54.849998,54.080002,54.509998,53.346424,195000
2019-10-15,54.650002,54.730000,53.810001,53.910000,52.759235,162100
2019-10-16,53.939999,54.680000,53.509998,54.639999,53.473648,181100
2019-10-17,54.639999,55.560001,54.639999,55.509998,54.325073,231200
2019-10-18,55.400002,55.430000,54.230000,54.939999,53.767246,298800
2019-10-21,55.139999,55.419998,54.139999,54.869999,53.698738,209100
2019-10-22,54.889999,55.240002,54.330002,55.070000,53.894470,191500
2019-10-23,55.180000,55.869999,54.799999,55.060001,53.884689,185000
2019-10-24,55.160000,55.959999,54.470001,54.680000,53.512791,183700
2019-10-25,54.619999,54.779999,54.040001,54.349998,53.189835,212800
2019-10-28,54.230000,54.490002,53.799999,53.900002,52.749447,127000
2019-10-29,53.720001,54.349998,53.610001,54.200001,53.043041,180600
2019-10-30,54.150002,54.910000,54.150002,54.720001,53.551941,326400
2019-10-31,54.720001,56.439999,54.040001,55.970001,54.775257,557400
2019-11-01,56.080002,56.490002,55.060001,56.099998,54.902485,315600
2019-11-04,55.990002,56.080002,54.090000,54.560001,53.395359,280200
2019-11-05,54.470001,54.709999,53.360001,53.560001,52.416706,212600
2019-11-06,53.820000,54.259998,53.240002,53.340000,52.201393,321000
2019-11-07,52.970001,53.099998,50.759998,51.459999,50.549171,265100
2019-11-08,51.619999,51.650002,50.310001,50.549999,49.655273,407100
2019-11-11,50.610001,50.930000,50.220001,50.490002,49.596340,195700
2019-11-12,50.310001,50.919998,50.150002,50.389999,49.498108,277700
2019-11-13,50.500000,50.709999,50.150002,50.459999,49.566868,184800
2019-11-14,50.560001,50.619999,49.770000,49.919998,49.036427,440300
2019-11-15,50.000000,50.259998,48.779999,50.250000,49.360588,322300
2019-11-18,50.169998,50.779999,50.169998,50.419998,49.527576,293000
2019-11-19,50.599998,51.009998,50.389999,50.880001,49.979435,237900
2019-11-20,50.750000,51.730000,50.750000,51.180000,50.274128,229500
2019-11-21,51.169998,51.169998,50.090000,50.189999,49.301647,126600
2019-11-22,50.290001,50.290001,49.369999,49.849998,48.967667,182400
2019-11-25,50.070000,50.360001,49.619999,50.259998,49.370411,218300
2019-11-26,50.270000,51.369999,50.209999,51.090000,50.185719,229700
2019-11-27,51.150002,51.410000,51.000000,51.160000,50.254478,111300
2019-11-29,51.259998,51.509998,51.180000,51.400002,50.490231,102300
2019-12-02,51.270000,51.270000,50.509998,50.720001,49.822269,184200
2019-12-03,50.880001,51.380001,50.669998,51.009998,50.107136,174900
2019-12-04,50.910000,51.880001,50.910000,51.650002,50.735809,177600
2019-12-05,51.450001,52.130001,51.439999,52.049999,51.128727,191500
2019-12-06,51.990002,52.580002,51.720001,51.889999,50.971561,239300
2019-12-09,52.000000,52.000000,51.470001,51.470001,50.558994,178000
2019-12-10,51.439999,51.660000,51.029999,51.189999,50.283947,166500
2019-12-11,51.439999,51.529999,51.099998,51.349998,50.441116,178300
2019-12-12,51.230000,51.590000,50.259998,50.320000,49.429352,279100
2019-12-13,50.389999,50.470001,49.110001,49.330002,48.456871,429700
2019-12-16,49.480000,51.070000,49.450001,51.029999,50.126781,512800
2019-12-17,51.130001,51.680000,50.980000,51.160000,50.254478,426300
2019-12-18,51.299999,51.490002,50.790001,51.270000,50.362537,332500
2019-12-19,51.369999,51.669998,50.740002,50.799999,49.900852,219700
2019-12-20,50.900002,51.049999,50.360001,50.910000,50.008904,545800
2019-12-23,51.009998,51.130001,49.840000,50.389999,49.498108,156300
2019-12-24,50.570000,50.820000,50.209999,50.689999,49.792805,72300
2019-12-26,50.680000,51.200001,50.500000,50.860001,49.959793,121100
2019-12-27,50.889999,51.610001,50.810001,51.520000,50.608112,192100
2019-12-30,51.509998,52.130001,51.310001,51.520000,50.608112,353300
2019-12-31,51.529999,51.900002,51.419998,51.560001,50.647400,268600
2020-01-02,51.720001,51.720001,50.150002,50.630001,49.733868,208600
2020-01-03,50.439999,51.639999,50.439999,51.000000,50.097317,305500
2020-01-06,51.029999,51.320000,50.410000,50.480000,49.586517,288400
2020-01-07,50.500000,50.599998,49.770000,49.930000,49.046249,248600
2020-01-08,49.779999,50.099998,49.299999,49.419998,48.545273,375800
2020-01-09,49.439999,50.000000,49.389999,49.730000,48.849792,247100
2020-01-10,49.799999,50.009998,49.590000,49.740002,48.859615,176100
2020-01-13,49.720001,50.630001,49.720001,50.220001,49.331120,254100
2020-01-14,50.220001,50.320000,49.299999,49.500000,48.623867,277600
2020-01-15,49.610001,50.549999,49.610001,50.310001,49.419525,378900
2020-01-16,50.470001,51.220001,50.470001,51.009998,50.107136,281300
2020-01-17,51.119999,51.980000,51.119999,51.720001,50.804569,292400
2020-01-21,51.820000,52.419998,51.689999,52.330002,51.403770,219900
2020-01-22,52.540001,53.400002,52.540001,53.029999,52.091381,307400
2020-01-23,53.080002,53.630001,52.880001,53.540001,52.592361,290100
2020-01-24,53.599998,53.990002,53.290001,53.549999,52.602177,171300
2020-01-27,53.500000,53.820000,52.750000,52.860001,51.924397,237100
2020-01-28,52.930000,53.320000,52.730000,53.189999,52.248547,159700
2020-01-29,53.119999,53.590000,52.860001,53.459999,52.513767,131800
2020-01-30,53.599998,53.990002,53.250000,53.889999,52.936161,202500
2020-01-31,53.740002,54.240002,52.259998,52.560001,51.629707,592200
2020-02-03,52.610001,53.549999,52.610001,53.490002,52.543240,259400
2020-02-04,53.630001,54.169998,53.480000,53.500000,52.553062,293900
2020-02-05,53.389999,54.209999,53.389999,53.860001,52.906693,262700
2020-02-06,54.180000,54.290001,53.820000,54.020000,53.063862,158300
2020-02-07,54.009998,54.669998,53.700001,54.290001,53.540188,154400
2020-02-10,54.490002,55.049999,54.349998,54.970001,54.210800,148600
2020-02-11,55.200001,55.689999,55.049999,55.049999,54.289692,138900
2020-02-12,55.000000,55.209999,54.430000,55.070000,54.309414,257800
2020-02-13,54.889999,56.000000,54.799999,55.910000,55.137814,141600
2020-02-14,55.980000,56.869999,55.770000,56.770000,55.985935,330500
2020-02-18,56.959999,57.360001,56.480000,56.799999,56.015518,335900
2020-02-19,56.660000,56.779999,55.369999,55.520000,54.753201,268500
2020-02-20,55.290001,55.360001,54.009998,54.480000,53.727562,204700
2020-02-21,54.610001,54.840000,54.290001,54.500000,53.747284,209700
2020-02-24,53.910000,54.490002,53.650002,54.270000,53.520466,150800
2020-02-25,54.439999,54.439999,52.810001,52.889999,52.159523,201500
2020-02-26,53.029999,53.720001,52.669998,52.669998,51.942562,253500
2020-02-27,52.380001,52.490002,49.919998,49.919998,49.230541,338200
2020-02-28,48.290001,48.509998,45.240002,47.959999,47.297615,792700
2020-03-02,47.959999,50.509998,47.730000,50.340000,49.644741,520900
2020-03-03,50.529999,52.709999,49.950001,51.410000,50.699963,436900
2020-03-04,52.169998,54.590000,52.169998,54.549999,53.796600,261700
2020-03-05,53.669998,54.160000,53.060001,53.990002,53.244335,229900
2020-03-06,52.230000,54.450001,52.040001,54.369999,53.619080,291300
2020-03-09,51.950001,53.040001,50.279999,52.150002,51.429749,321200
2020-03-10,52.849998,53.770000,50.130001,52.380001,51.656570,645200
2020-03-11,51.380001,51.380001,47.220001,48.410000,47.741398,351600
2020-03-12,44.060001,47.340000,43.560001,44.619999,44.003742,477000
2020-03-13,46.529999,46.529999,42.910000,45.790001,45.157585,409700
2020-03-16,41.509998,44.099998,39.740002,42.849998,42.258186,531400
2020-03-17,43.709999,56.639999,43.509998,55.430000,54.664444,649800
2020-03-18,52.549999,56.310001,50.290001,54.119999,53.372536,735200
2020-03-19,54.180000,56.680000,50.610001,55.450001,54.684170,649400
2020-03-20,56.169998,57.299999,50.060001,53.000000,52.268005,1158100
2020-03-23,51.750000,52.740002,43.139999,47.330002,46.676315,848700
2020-03-24,49.279999,49.279999,44.330002,48.029999,47.366646,459600
2020-03-25,47.669998,48.330002,45.020000,45.660000,45.029381,550800
2020-03-26,45.279999,49.410000,43.450001,48.740002,48.066837,532400
2020-03-27,47.439999,50.259998,45.450001,47.959999,47.297615,303900
2020-03-30,48.799999,52.939999,48.009998,52.320000,51.597393,465000
2020-03-31,51.790001,52.020000,48.820000,50.320000,49.625019,290400
2020-04-01,48.570000,48.570000,44.279999,45.009998,44.388355,262500
2020-04-02,44.139999,47.119999,44.139999,46.009998,45.374542,208900
2020-04-03,45.830002,47.220001,44.759998,46.259998,45.621094,262600
2020-04-06,47.830002,51.150002,47.610001,50.770000,50.068806,260600
2020-04-07,51.680000,51.830002,48.599998,49.150002,48.471176,282300
2020-04-08,49.959999,51.160000,49.110001,50.509998,49.812393,276700
2020-04-09,51.500000,54.180000,50.570000,54.049999,53.303501,181700
2020-04-13,53.189999,54.169998,51.980000,52.869999,52.139801,215000
2020-04-14,54.270000,54.660000,52.660000,54.450001,53.697979,271200
2020-04-15,52.630001,53.759998,51.279999,51.540001,50.828167,261500
2020-04-16,52.110001,52.740002,50.820000,52.169998,51.449467,270100
2020-04-17,53.049999,53.980000,52.549999,53.630001,52.889305,190200
2020-04-20,52.549999,53.169998,49.330002,50.029999,49.339020,233200
2020-04-21,48.810001,50.660000,48.759998,49.270000,48.589520,183800
2020-04-22,50.419998,51.020000,49.070000,50.119999,49.427784,176500
2020-04-23,50.139999,50.259998,48.860001,49.029999,48.352833,270800
2020-04-24,49.459999,49.759998,48.740002,49.000000,48.323250,348300
2020-04-27,49.410000,49.660000,48.610001,48.639999,47.968220,230900
2020-04-28,49.830002,50.830002,49.410000,49.730000,49.043167,256800
2020-04-29,50.900002,51.330002,48.540001,50.549999,49.851841,347400
2020-04-30,50.139999,50.139999,44.919998,44.919998,44.299595,1293100
2020-05-01,46.790001,47.720001,45.400002,46.279999,45.640816,516400
2020-05-04,45.570000,46.310001,44.840000,45.619999,44.989933,313500
2020-05-05,45.919998,47.119999,45.650002,46.389999,45.749298,254800
2020-05-06,46.250000,46.290001,44.509998,44.630001,44.013607,192600
2020-05-07,45.189999,45.700001,44.590000,45.119999,44.496834,231000
2020-05-08,45.360001,45.770000,44.939999,45.360001,44.945702,187700
2020-05-11,44.860001,45.810001,43.779999,45.240002,44.826797,313600
2020-05-12,45.369999,45.549999,43.790001,43.849998,43.449490,252300
2020-05-13,43.680000,44.000000,42.919998,43.869999,43.469307,414500
2020-05-14,43.360001,43.599998,41.900002,43.389999,42.993694,299200
2020-05-15,44.000000,44.000000,42.230000,43.139999,42.745975,527800
2020-05-18,44.700001,45.639999,44.389999,45.240002,44.826797,339000
2020-05-19,45.119999,45.310001,43.570000,43.580002,43.181957,187500
2020-05-20,43.810001,44.540001,43.110001,44.240002,43.835930,230800
2020-05-21,44.070000,45.330002,44.029999,45.099998,44.688076,240500
2020-05-22,45.400002,45.419998,44.599998,45.169998,44.757435,199000
2020-05-26,46.049999,46.320000,45.419998,45.529999,45.114147,262200
2020-05-27,46.450001,46.459999,44.869999,45.860001,45.441132,242600
2020-05-28,46.439999,47.290001,45.980000,46.520000,46.095104,248400
2020-05-29,46.119999,47.299999,45.779999,47.000000,46.570721,311000
2020-06-01,46.669998,47.290001,46.240002,46.240002,45.817661,252400
2020-06-02,46.340000,46.830002,45.880001,46.689999,46.263550,193800
2020-06-03,47.180000,47.900002,46.889999,47.310001,46.877892,188200
2020-06-04,46.919998,47.410000,46.610001,47.299999,46.867981,234700
2020-06-05,48.160000,49.200001,47.660000,48.450001,48.007477,302100
2020-06-08,48.250000,48.619999,47.549999,48.009998,47.571495,250200
2020-06-09,47.500000,47.970001,46.750000,47.500000,47.066154,208700
2020-06-10,47.330002,48.020000,46.930000,47.580002,47.145424,344700
2020-06-11,46.810001,47.209999,45.290001,45.490002,45.074512,324700
2020-06-12,46.400002,46.400002,45.220001,45.950001,45.530312,390600
2020-06-15,45.380001,47.910000,45.279999,47.310001,46.877892,429800
2020-06-16,48.169998,48.750000,46.619999,47.020000,46.590538,308700
2020-06-17,47.099998,47.360001,46.360001,46.759998,46.332909,265500
2020-06-18,46.410000,47.290001,46.259998,46.900002,46.471634,217100
2020-06-19,47.230000,47.750000,45.730000,45.830002,45.411411,563500
2020-06-22,45.610001,46.869999,45.419998,46.430000,46.005928,213000
2020-06-23,46.810001,47.049999,45.650002,45.900002,45.480770,185200
2020-06-24,45.369999,45.959999,44.779999,45.570000,45.153782,235000
2020-06-25,45.459999,45.580002,44.680000,45.380001,44.965519,238100
2020-06-26,45.369999,46.400002,44.099998,44.279999,43.875565,644100
2020-06-29,44.790001,46.660000,44.560001,46.389999,45.966290,230500
2020-06-30,46.290001,47.889999,46.290001,47.700001,47.264328,303200
2020-07-01,47.790001,48.639999,47.570000,48.029999,47.591312,162900
2020-07-02,48.330002,48.980000,48.150002,48.349998,47.908386,140800
2020-07-06,48.869999,49.560001,48.150002,48.189999,47.749851,198000
2020-07-07,47.450001,47.820000,47.090000,47.790001,47.353504,262600
2020-07-08,47.639999,48.040001,47.150002,47.689999,47.254414,195300
2020-07-09,47.509998,47.509998,45.680000,46.709999,46.283371,200300
2020-07-10,47.029999,48.029999,46.799999,47.990002,47.551678,222600
2020-07-13,47.590000,48.040001,46.720001,46.950001,46.521179,239600
2020-07-14,47.049999,47.830002,47.049999,47.470001,47.036427,152400
2020-07-15,48.169998,48.990002,47.799999,48.000000,47.561584,252400
2020-07-16,47.930000,48.599998,47.700001,48.279999,47.839027,198300
2020-07-17,48.439999,49.389999,48.430000,49.320000,48.869530,174200
2020-07-20,49.119999,49.330002,48.209999,48.549999,48.106564,152300
2020-07-21,48.860001,49.700001,48.860001,49.669998,49.216335,238600
2020-07-22,49.080002,50.270000,48.980000,50.020000,49.563137,229800
2020-07-23,50.029999,50.840000,49.950001,50.540001,50.078388,219000
2020-07-24,50.549999,50.779999,49.029999,49.720001,49.265877,227700
2020-07-27,49.820000,50.060001,48.930000,49.250000,48.800167,241200
2020-07-28,49.119999,49.570000,48.910000,48.950001,48.502911,315900
2020-07-29,49.450001,50.290001,48.980000,49.380001,48.928986,308400
2020-07-30,48.830002,50.189999,47.630001,48.040001,47.601223,299100
2020-07-31,47.910000,48.520000,46.520000,46.869999,46.441910,961100
2020-08-03,46.720001,47.009998,46.009998,46.980000,46.550903,289000
2020-08-04,46.740002,46.840000,45.950001,46.650002,46.223919,254400
2020-08-05,46.650002,46.980000,46.200001,46.910000,46.481541,252000
2020-08-06,46.990002,47.139999,46.520000,46.959999,46.531082,210000
2020-08-07,46.540001,48.900002,46.540001,48.820000,48.593990,222800
2020-08-10,49.099998,49.930000,48.779999,48.980000,48.753250,237600
2020-08-11,49.040001,49.360001,47.700001,47.930000,47.708111,160100
2020-08-12,48.389999,49.380001,48.200001,48.630001,48.404873,303500
2020-08-13,48.410000,48.740002,48.009998,48.369999,48.146072,187500
2020-08-14,48.150002,48.639999,47.900002,48.439999,48.215748,143200
2020-08-17,48.520000,48.660000,48.049999,48.240002,48.016678,162300
2020-08-18,48.070000,48.340000,47.680000,48.160000,47.937046,181100
2020-08-19,48.259998,48.320000,47.119999,47.200001,46.981491,190400
2020-08-20,47.000000,47.450001,46.799999,47.110001,46.891907,216200
2020-08-21,46.849998,47.360001,46.400002,46.630001,46.414131,290900
2020-08-24,46.680000,47.209999,46.220001,47.119999,46.901859,159800
2020-08-25,47.189999,47.680000,47.049999,47.410000,47.190517,196100
2020-08-26,47.209999,47.209999,46.099998,46.250000,46.035889,215600
2020-08-27,46.500000,47.200001,46.299999,46.700001,46.483807,252000
2020-08-28,45.000000,46.200001,44.090000,46.049999,45.836815,307200
2020-08-31,46.049999,46.340000,45.310001,45.340000,45.130100,292300
2020-09-01,45.240002,45.240002,44.430000,44.860001,44.652325,244600
2020-09-02,44.779999,46.259998,44.779999,45.959999,45.747231,174600
2020-09-03,46.209999,46.880001,45.560001,45.950001,45.737278,202800
2020-09-04,46.340000,46.549999,45.200001,45.880001,45.667603,261800
2020-09-08,45.990002,45.990002,44.669998,45.160000,44.950935,291100
2020-09-09,45.270000,45.849998,44.419998,44.919998,44.712044,219700
2020-09-10,45.029999,45.040001,44.240002,44.259998,44.055099,232100
2020-09-11,44.599998,44.650002,43.590000,43.709999,43.507648,267000
2020-09-14,43.910000,44.060001,43.619999,43.750000,43.547462,236600
2020-09-15,43.939999,44.049999,43.070000,43.189999,42.990055,160200
2020-09-16,43.189999,43.770000,43.090000,43.189999,42.990055,286300
2020-09-17,43.000000,43.000000,41.910000,42.270000,42.074314,307300
2020-09-18,42.650002,42.650002,41.189999,41.849998,41.656258,667500
2020-09-21,41.480000,42.919998,41.340000,42.790001,42.591908,359200
2020-09-22,42.889999,43.250000,42.160000,42.869999,42.671535,319800
2020-09-23,42.939999,43.070000,41.619999,41.660000,41.467136,207100
2020-09-24,41.709999,42.560001,41.619999,42.230000,42.034500,209000
2020-09-25,42.029999,42.779999,42.009998,42.730000,42.532185,175300
2020-09-28,42.959999,43.980000,42.860001,43.549999,43.348389,243200
2020-09-29,43.619999,43.849998,42.820000,43.439999,43.238895,291300
2020-09-30,43.830002,43.939999,42.950001,43.450001,43.248852,382300
2020-10-01,43.459999,44.650002,43.450001,44.639999,44.433342,243300
2020-10-02,44.189999,45.119999,44.049999,44.900002,44.692139,187400
2020-10-05,45.200001,45.200001,44.400002,44.830002,44.622463,132000
2020-10-06,45.139999,45.700001,44.779999,45.020000,44.811584,228300
2020-10-07,45.119999,45.139999,44.259998,44.630001,44.423389,209100
2020-10-08,44.980000,45.560001,44.570000,45.009998,44.801628,191800
2020-10-09,44.919998,45.189999,44.270000,44.930000,44.722000,171300
2020-10-12,44.900002,46.590000,44.900002,46.430000,46.215057,219600
2020-10-13,45.869999,46.360001,45.259998,45.720001,45.508343,206600
2020-10-14,45.570000,46.040001,45.139999,45.360001,45.150009,188000
2020-10-15,45.060001,45.790001,45.060001,45.709999,45.498386,197800
2020-10-16,45.720001,46.459999,45.040001,46.270000,46.055798,323300
2020-10-19,46.330002,46.630001,45.599998,45.660000,45.448620,150800
2020-10-20,45.970001,46.270000,45.459999,46.160000,45.946304,250100
2020-10-21,46.279999,46.959999,46.160000,46.689999,46.473850,160600
2020-10-22,46.700001,47.700001,46.700001,47.549999,47.329868,201600
2020-10-23,47.680000,48.220001,47.529999,48.180000,47.956955,158200
2020-10-26,47.869999,48.099998,47.160000,47.340000,47.120842,185200
2020-10-27,47.320000,47.889999,46.990002,47.299999,47.081028,164300
2020-10-28,46.779999,47.060001,45.639999,45.720001,45.508343,177400
2020-10-29,45.549999,46.459999,44.500000,45.380001,45.169918,216000
2020-10-30,45.439999,45.669998,44.259998,44.570000,44.363667,521100
2020-11-02,44.849998,45.880001,44.610001,45.730000,45.518295,220100
2020-11-03,46.310001,46.759998,45.799999,46.540001,46.324547,171400
2020-11-04,45.880001,46.849998,45.150002,45.480000,45.269451,156200
2020-11-05,45.750000,46.830002,45.450001,46.009998,45.796997,127700
2020-11-06,46.919998,47.209999,46.020000,46.660000,46.660000,194400
2020-11-09,48.299999,51.430000,48.299999,50.630001,50.630001,335500
2020-11-10,51.220001,53.669998,50.970001,53.349998,53.349998,381100
2020-11-11,53.450001,53.450001,51.779999,53.169998,53.169998,171700
2020-11-12,52.570000,52.570000,50.549999,51.529999,51.529999,213100
2020-11-13,51.990002,52.450001,51.270000,52.380001,52.380001,174800
2020-11-16,53.000000,53.549999,52.189999,53.520000,53.520000,211400
2020-11-17,52.689999,52.740002,51.160000,51.980000,51.980000,275000
2020-11-18,52.110001,52.169998,50.099998,50.230000,50.230000,172800
2020-11-19,50.290001,50.290001,49.380001,50.040001,50.040001,136500
2020-11-20,49.720001,50.740002,49.720001,50.340000,50.340000,230900
2020-11-23,50.750000,50.959999,50.250000,50.529999,50.529999,216100
2020-11-24,51.220001,51.849998,50.919998,51.160000,51.160000,404500
2020-11-25,51.160000,51.349998,50.360001,50.980000,50.980000,114200
2020-11-27,50.680000,50.770000,49.990002,50.360001,50.360001,72200
2020-11-30,50.180000,50.180000,49.119999,49.480000,49.480000,251500
2020-12-01,49.959999,50.330002,49.130001,49.459999,49.459999,200000
2020-12-02,49.560001,49.910000,48.880001,49.619999,49.619999,156500
2020-12-03,49.500000,50.139999,48.970001,49.099998,49.099998,144100
2020-12-04,48.990002,49.570000,48.900002,49.459999,49.459999,172400
2020-12-07,49.459999,49.900002,49.040001,49.820000,49.820000,158200
2020-12-08,49.790001,50.119999,49.250000,49.919998,49.919998,159000
2020-12-09,50.150002,50.889999,50.000000,50.840000,50.840000,221900
2020-12-10,50.919998,51.310001,50.419998,51.200001,51.200001,151400
2020-12-11,51.009998,52.410000,51.000000,52.279999,52.279999,215300