Date,Open,High,Low,Close,Adj Close,Volume
2010-10-27,20.000000,20.010000,20.000000,20.010000,8.651550,372800
2010-10-28,20.010000,20.010000,20.000000,20.010000,8.651550,35600
2010-10-29,20.010000,20.010000,20.000000,20.010000,8.651550,44900
2010-11-01,20.010000,20.020000,20.000000,20.020000,8.655869,68100
2010-11-02,20.020000,20.020000,20.000000,20.010000,8.651550,33500
2010-11-03,20.020000,20.030001,20.000000,20.020000,8.655869,21400
2010-11-04,20.030001,20.049999,20.000000,20.010000,8.651550,34000
2010-11-05,20.010000,20.010000,20.000000,20.000000,8.647233,31300
2010-11-08,20.020000,20.020000,20.000000,20.000000,8.647233,40500
2010-11-09,20.010000,20.010000,20.000000,20.000000,8.647233,29400
2010-11-10,20.000000,20.010000,20.000000,20.010000,8.651550,16800
2010-11-11,20.000000,20.010000,20.000000,20.000000,8.647233,13500
2010-11-12,20.000000,20.010000,20.000000,20.010000,8.651550,21000
2010-11-15,20.020000,20.020000,20.000000,20.000000,8.647233,15000
2010-11-16,20.000000,20.010000,20.000000,20.000000,8.647233,43000
2010-11-17,20.010000,20.010000,20.000000,20.000000,8.647233,52100
2010-11-18,20.000000,20.010000,20.000000,20.000000,8.647233,46700
2010-11-19,20.000000,20.010000,20.000000,20.000000,8.647233,15100
2010-11-22,20.000000,20.010000,20.000000,20.000000,8.647233,17700
2010-11-23,20.010000,20.010000,20.000000,20.000000,8.647233,25600
2010-11-24,19.980000,20.010000,19.920000,20.000000,8.647233,36300
2010-11-26,20.000000,20.000000,20.000000,20.000000,8.647233,0
2010-11-29,20.000000,20.010000,19.990000,20.000000,8.647233,786600
2010-11-30,20.000000,20.010000,20.000000,20.000000,8.647233,96000
2010-12-01,20.000000,20.010000,20.000000,20.000000,8.647233,139600
2010-12-02,20.000000,20.010000,20.000000,20.000000,8.647233,107800
2010-12-03,20.010000,20.030001,20.000000,20.000000,8.647233,61700
2010-12-06,20.000000,20.010000,20.000000,20.000000,8.647233,42800
2010-12-07,20.000000,20.010000,20.000000,20.000000,8.647233,85100
2010-12-08,20.000000,20.010000,20.000000,20.000000,8.647233,126500
2010-12-09,20.000000,20.020000,20.000000,20.000000,8.647233,106700
2010-12-10,20.000000,20.020000,19.360001,19.639999,8.491580,304800
2010-12-13,19.620001,19.620001,19.049999,19.100000,8.258101,132800
2010-12-14,19.250000,19.250000,18.770000,18.870001,8.158655,128500
2010-12-15,18.750000,19.020000,18.420000,18.629999,8.118134,167700
2010-12-16,18.580000,18.580000,17.940001,18.400000,8.017913,188300
2010-12-17,18.400000,19.000000,18.260000,19.000000,8.279361,161000
2010-12-20,18.850000,18.850000,18.160000,18.480000,8.052768,142100
2010-12-21,18.500000,18.500000,18.070000,18.100000,7.887184,170900
2010-12-22,18.000000,18.500000,18.000000,18.180000,7.922048,192000
2010-12-23,18.200001,18.379999,18.200001,18.250000,7.952544,135800
2010-12-27,18.400000,18.520000,18.200001,18.280001,7.965618,110200
2010-12-28,18.299999,18.459999,18.110001,18.110001,7.891544,170400
2010-12-29,18.150000,18.340000,18.070000,18.170000,7.917684,141600
2010-12-30,17.950001,18.200001,17.950001,18.150000,7.908972,138100
2010-12-31,18.120001,18.270000,18.110001,18.270000,7.961259,175100
2011-01-03,18.340000,18.480000,18.230000,18.270000,7.961259,90400
2011-01-04,18.309999,18.540001,18.290001,18.490000,8.057129,47400
2011-01-05,18.520000,18.600000,18.320000,18.500000,8.061484,68600
2011-01-06,18.559999,18.559999,18.420000,18.559999,8.087628,60100
2011-01-07,18.530001,18.760000,18.480000,18.760000,8.174781,78000
2011-01-10,18.709999,18.790001,18.650000,18.719999,8.157354,50600
2011-01-11,18.690001,18.719999,18.650000,18.709999,8.152996,50200
2011-01-12,18.730000,18.790001,18.690001,18.740000,8.166065,43000
2011-01-13,18.770000,18.940001,18.709999,18.940001,8.253217,71600
2011-01-14,18.940001,19.180000,18.910000,19.170000,8.353438,66500
2011-01-18,19.180000,19.180000,19.059999,19.150000,8.344727,66900
2011-01-19,18.990000,19.090000,18.940001,19.080000,8.378542,56400
2011-01-20,19.110001,19.120001,18.740000,19.000000,8.343409,92100
2011-01-21,18.980000,19.139999,18.950001,19.100000,8.387325,70300
2011-01-24,19.129999,19.129999,18.600000,18.959999,8.325847,91900
2011-01-25,18.990000,19.070000,18.809999,19.000000,8.343409,98000
2011-01-26,18.969999,18.990000,18.650000,18.900000,8.299499,85500
2011-01-27,18.940001,19.040001,18.910000,18.990000,8.339020,32600
2011-01-28,19.049999,19.049999,18.709999,18.760000,8.238020,43000
2011-01-31,18.900000,18.969999,18.670000,18.950001,8.321450,60400
2011-02-01,18.809999,19.059999,18.809999,19.000000,8.343409,64100
2011-02-02,18.969999,19.160000,18.860001,19.129999,8.400497,45300
2011-02-03,19.070000,19.160000,19.010000,19.150000,8.409277,29500
2011-02-04,19.120001,19.160000,18.959999,19.160000,8.413673,34900
2011-02-07,19.190001,19.190001,19.090000,19.150000,8.409277,35700
2011-02-08,19.190001,19.230000,19.129999,19.180000,8.422453,49700
2011-02-09,19.180000,19.190001,19.110001,19.180000,8.422453,33500
2011-02-10,19.170000,19.240000,19.120001,19.240000,8.448801,44000
2011-02-11,19.250000,19.250000,19.080000,19.209999,8.435625,40600
2011-02-14,19.240000,19.379999,19.180000,19.379999,8.510272,84200
2011-02-15,19.410000,19.410000,19.160000,19.230000,8.444408,57400
2011-02-16,19.110001,19.139999,18.990000,19.010000,8.412104,71700
2011-02-17,19.030001,19.250000,19.010000,19.100000,8.451933,106200
2011-02-18,19.150000,19.200001,19.059999,19.110001,8.456357,42100
2011-02-22,19.059999,19.240000,18.840000,18.930000,8.376699,73500
2011-02-23,18.900000,19.020000,18.750000,18.959999,8.389980,98600
2011-02-24,19.049999,19.059999,18.740000,18.820000,8.328026,62100
2011-02-25,18.850000,19.020000,18.850000,18.950001,8.385555,33800
2011-02-28,19.000000,19.000000,18.780001,18.870001,8.350155,49000
2011-03-01,18.879999,18.990000,18.700001,18.809999,8.323606,70200
2011-03-02,18.799999,18.959999,18.570000,18.790001,8.314755,88800
2011-03-03,18.809999,18.889999,18.680000,18.750000,8.297053,60400
2011-03-04,18.780001,18.830000,18.670000,18.680000,8.266078,60300
2011-03-07,18.709999,18.830000,18.570000,18.600000,8.230675,67800
2011-03-08,18.600000,18.790001,18.590000,18.790001,8.314755,71900
2011-03-09,18.680000,18.799999,18.680000,18.750000,8.297053,63400
2011-03-10,18.700001,18.700001,18.600000,18.620001,8.239527,78400
2011-03-11,18.660000,18.760000,18.639999,18.740000,8.292627,39000
2011-03-14,18.740000,18.809999,18.660000,18.750000,8.297053,53300
2011-03-15,18.370001,18.690001,18.350000,18.690001,8.270502,93200
2011-03-16,18.520000,18.620001,18.230000,18.230000,8.130898,63400
2011-03-17,18.299999,18.450001,18.250000,18.450001,8.229030,61400
2011-03-18,18.430000,18.559999,18.299999,18.320000,8.171041,74400
2011-03-21,18.389999,18.590000,18.299999,18.559999,8.278082,51300
2011-03-22,18.480000,18.680000,18.480000,18.680000,8.331610,52900
2011-03-23,18.690001,18.799999,18.670000,18.799999,8.385125,106000
2011-03-24,18.799999,18.830000,18.660000,18.780001,8.376208,82800
2011-03-25,18.770000,18.950001,18.660000,18.700001,8.340528,79400
2011-03-28,18.809999,18.879999,18.610001,18.760000,8.367288,91800
2011-03-29,18.840000,18.840000,18.709999,18.840000,8.402973,48400
2011-03-30,18.900000,18.950001,18.760000,18.820000,8.394048,76500
2011-03-31,18.830000,18.990000,18.830000,18.990000,8.469870,75100
2011-04-01,18.990000,19.000000,18.910000,18.990000,8.469870,47600
2011-04-04,18.980000,18.980000,18.809999,18.940001,8.447570,60500
2011-04-05,18.940001,18.990000,18.820000,18.959999,8.456489,46200
2011-04-06,18.920000,19.000000,18.920000,19.000000,8.474333,56300
2011-04-07,19.000000,19.080000,18.969999,19.020000,8.483252,53300
2011-04-08,19.000000,19.049999,18.980000,18.990000,8.469870,60000
2011-04-11,18.990000,18.990000,18.879999,18.900000,8.429730,51900
2011-04-12,18.900000,18.980000,18.780001,18.809999,8.389592,64500
2011-04-13,18.879999,18.930000,18.830000,18.930000,8.443110,44900
2011-04-14,18.900000,18.980000,18.900000,18.950001,8.452028,47000
2011-04-15,18.990000,18.990000,18.900000,18.910000,8.434189,63200
2011-04-18,18.910000,18.959999,18.780001,18.910000,8.434189,87300
2011-04-19,18.820000,18.940001,18.730000,18.920000,8.504766,70400
2011-04-20,18.920000,18.969999,18.809999,18.920000,8.504766,50900
2011-04-21,18.870001,18.990000,18.870001,18.900000,8.495773,62900
2011-04-25,18.950001,18.969999,18.660000,18.750000,8.428349,165000
2011-04-26,18.830000,18.920000,18.719999,18.840000,8.468807,177400
2011-04-27,18.830000,19.010000,18.830000,19.000000,8.540724,81300
2011-04-28,18.990000,18.990000,18.900000,18.940001,8.513752,76900
2011-04-29,18.980000,19.120001,18.980000,19.100000,8.585677,102000
2011-05-02,19.180000,19.190001,19.090000,19.139999,8.603659,77000
2011-05-03,19.139999,19.209999,19.040001,19.180000,8.621635,77000
2011-05-04,19.180000,19.180000,19.010000,19.129999,8.599164,67000
2011-05-05,19.070000,19.110001,18.959999,19.010000,8.545218,77600
2011-05-06,18.969999,19.120001,18.940001,19.090000,8.581182,114200
2011-05-09,19.090000,19.250000,19.090000,19.150000,8.608149,83000
2011-05-10,19.240000,19.299999,19.150000,19.209999,8.635122,95600
2011-05-11,19.250000,19.280001,19.139999,19.230000,8.644113,54700
2011-05-12,19.200001,19.450001,19.200001,19.379999,8.711532,86000
2011-05-13,19.420000,19.440001,19.389999,19.440001,8.738510,45600
2011-05-16,19.400000,19.500000,19.379999,19.500000,8.765479,61100
2011-05-17,19.500000,19.590000,19.450001,19.559999,8.792452,125600
2011-05-18,19.500000,19.530001,19.340000,19.360001,8.768448,92900
2011-05-19,19.480000,19.500000,19.290001,19.290001,8.736739,90700
2011-05-20,19.309999,19.430000,19.309999,19.430000,8.800151,60800
2011-05-23,19.400000,19.500000,19.260000,19.260000,8.723159,74200
2011-05-24,19.290001,19.400000,19.200001,19.299999,8.741272,132900
2011-05-25,19.230000,19.400000,19.230000,19.360001,8.768448,90500
2011-05-26,19.370001,19.440001,19.340000,19.430000,8.800151,71700
2011-05-27,19.459999,19.639999,19.430000,19.570000,8.863560,62400
2011-05-31,19.610001,19.650000,19.559999,19.600000,8.877145,74600
2011-06-01,19.530001,19.610001,19.520000,19.559999,8.859025,51900
2011-06-02,19.650000,19.690001,19.590000,19.600000,8.877145,65800
2011-06-03,19.520000,19.750000,19.520000,19.719999,8.931496,90700
2011-06-06,19.600000,19.740000,19.500000,19.549999,8.854498,105800
2011-06-07,19.600000,19.639999,19.450001,19.459999,8.813743,85900
2011-06-08,19.459999,19.530001,19.379999,19.379999,8.777499,54300
2011-06-09,19.360001,19.680000,19.360001,19.639999,8.895266,98300
2011-06-10,19.670000,19.670000,19.340000,19.370001,8.772981,129400
2011-06-13,19.480000,19.670000,19.340000,19.480000,8.822796,116700
2011-06-14,19.549999,19.690001,19.469999,19.580000,8.868085,114000
2011-06-15,19.430000,19.520000,19.150000,19.209999,8.766324,22800
2011-06-16,19.280001,19.459999,19.000000,19.030001,8.684179,28400
2011-06-17,19.170000,19.230000,18.900000,19.000000,8.670489,53900
2011-06-20,19.080000,19.150000,18.770000,18.830000,8.592914,76800
2011-06-21,18.900000,19.030001,18.770000,18.850000,8.602042,134500
2011-06-22,18.879999,18.969999,18.840000,18.850000,8.602042,77200
2011-06-23,18.799999,19.110001,18.719999,19.110001,8.720690,62700
2011-06-24,19.180000,19.200001,19.030001,19.200001,8.761759,51800
2011-06-27,19.240000,19.290001,19.110001,19.280001,8.798270,48500
2011-06-28,19.280001,19.400000,19.260000,19.389999,8.848467,35600
2011-06-29,19.420000,19.440001,19.209999,19.309999,8.811959,98100
2011-06-30,19.309999,19.480000,19.200001,19.400000,8.853031,90400
2011-07-01,19.410000,19.570000,19.110001,19.559999,8.926040,65600
2011-07-05,19.559999,19.770000,19.500000,19.650000,8.967119,71300
2011-07-06,19.799999,19.799999,19.610001,19.629999,8.957985,70400
2011-07-07,19.750000,19.750000,19.490000,19.610001,8.948861,87500
2011-07-08,19.610001,19.660000,19.510000,19.660000,8.971681,72000
2011-07-11,19.660000,19.660000,19.510000,19.559999,8.926040,45200
2011-07-12,19.520000,19.590000,19.379999,19.570000,8.930606,75400
2011-07-13,19.600000,19.620001,19.469999,19.600000,8.944297,42900
2011-07-14,19.700001,19.700001,19.400000,19.400000,8.853031,75300
2011-07-15,19.600000,19.600000,19.270000,19.379999,8.843897,58000
2011-07-18,19.480000,19.590000,19.270000,19.330000,8.821091,64700
2011-07-19,19.420000,19.530001,19.260000,19.520000,8.907791,62400
2011-07-20,19.440001,19.740000,19.410000,19.510000,8.970781,28800
2011-07-21,19.690001,19.690001,19.350000,19.440001,8.938598,77700
2011-07-22,19.549999,19.549999,19.350000,19.379999,8.911003,74100
2011-07-25,19.450001,19.469999,19.049999,19.049999,8.759271,87300
2011-07-26,19.110001,19.160000,18.790001,18.799999,8.644319,118700
2011-07-27,18.870001,18.889999,18.559999,18.799999,8.644319,108400
2011-07-28,18.809999,19.000000,18.680000,18.959999,8.717888,70400
2011-07-29,18.889999,18.910000,18.750000,18.840000,8.662718,68300
2011-08-01,18.990000,19.260000,18.990000,19.260000,8.855835,64800
2011-08-02,19.280001,19.320000,19.180000,19.190001,8.823645,40700
2011-08-03,19.190001,19.299999,19.049999,19.190001,8.823645,73700
2011-08-04,19.230000,19.230000,18.110001,18.190001,8.363839,186900
2011-08-05,18.280001,18.280001,17.160000,17.440001,8.018989,191500
2011-08-08,16.410000,16.910000,15.660000,16.160000,7.430443,308600
2011-08-09,15.500000,17.389999,15.500000,17.280001,7.945424,198000
2011-08-10,17.250000,17.370001,17.100000,17.200001,7.908636,96200
2011-08-11,17.290001,17.709999,17.219999,17.530001,8.060372,66200
2011-08-12,17.730000,17.809999,17.570000,17.650000,8.115542,56800
2011-08-15,17.610001,18.100000,17.610001,18.049999,8.299470,64900
2011-08-16,18.090000,18.100000,17.879999,18.040001,8.294871,81900
2011-08-17,18.080000,18.370001,17.990000,18.160000,8.418647,14800
2011-08-18,18.000000,18.000000,17.709999,17.879999,8.288843,12600
2011-08-19,17.840000,18.139999,17.809999,18.020000,8.353746,13600
2011-08-22,18.340000,18.340000,17.750000,17.799999,8.251756,88700
2011-08-23,17.990000,18.240000,17.790001,18.000000,8.344477,49200
2011-08-24,18.139999,18.139999,17.780001,17.969999,8.330570,53100
2011-08-25,18.090000,18.190001,17.959999,17.969999,8.330570,74800
2011-08-26,18.059999,18.180000,17.930000,18.120001,8.400101,56100
2011-08-29,18.320000,18.320000,18.030001,18.209999,8.441830,41300
2011-08-30,18.270000,18.340000,18.170000,18.309999,8.488180,54300
2011-08-31,18.410000,18.580000,18.290001,18.430000,8.543818,82800
2011-09-01,18.530001,18.570000,18.450001,18.500000,8.576262,50100
2011-09-02,18.490000,18.830000,18.490000,18.670000,8.655075,53100
2011-09-06,18.440001,18.680000,18.340000,18.590000,8.617986,47900
2011-09-07,18.680000,18.770000,18.459999,18.559999,8.604080,50300
2011-09-08,18.590000,18.620001,18.450001,18.500000,8.576262,31500
2011-09-09,18.540001,18.700001,18.410000,18.420000,8.539176,25400
2011-09-12,18.420000,18.440001,18.180000,18.330000,8.497456,41500
2011-09-13,18.459999,18.480000,18.309999,18.440001,8.548448,49600
2011-09-14,18.520000,18.620001,18.370001,18.410000,8.534540,78900
2011-09-15,18.430000,18.480000,18.059999,18.150000,8.414011,53500
2011-09-16,18.299999,18.299999,18.070000,18.180000,8.427919,28000
2011-09-19,18.230000,18.290001,18.030001,18.030001,8.358385,36900
2011-09-20,18.110001,18.129999,17.850000,18.020000,8.353746,55800
2011-09-21,18.010000,18.209999,17.969999,18.120001,8.469190,14200
2011-09-22,18.080000,18.270000,17.280001,17.450001,8.156042,103300
2011-09-23,17.379999,17.740000,17.230000,17.540001,8.198104,58500
2011-09-26,17.690001,17.690001,17.209999,17.219999,8.048536,53400
2011-09-27,17.500000,17.639999,17.040001,17.090000,7.987775,74200
2011-09-28,17.219999,17.610001,17.209999,17.209999,8.043864,62100
2011-09-29,17.320000,17.510000,16.920000,17.129999,8.006471,54200
2011-09-30,17.129999,17.150000,16.559999,16.559999,7.740060,83800
2011-10-03,16.559999,16.680000,16.200001,16.330000,7.632562,49800
2011-10-04,16.350000,16.350000,15.330000,15.610000,7.296031,116800
2011-10-05,15.620000,16.010000,15.580000,16.010000,7.482993,59700
2011-10-06,15.970000,16.230000,15.920000,16.230000,7.585815,75000
2011-10-07,16.270000,16.490000,16.270000,16.389999,7.660594,48700
2011-10-10,16.450001,17.309999,16.450001,17.010000,7.950389,125600
2011-10-11,17.080000,17.309999,16.910000,17.250000,8.062564,60500
2011-10-12,17.320000,17.580000,17.320000,17.500000,8.179403,52700
2011-10-13,17.440001,17.510000,17.320000,17.360001,8.113976,32000
2011-10-14,17.490000,17.650000,17.230000,17.639999,8.244842,33100
2011-10-17,17.690001,17.690001,17.030001,17.080000,7.983101,84100
2011-10-18,17.160000,17.350000,16.990000,17.309999,8.090604,54400
2011-10-19,17.320000,17.360001,16.770000,16.860001,7.947767,61600
2011-10-20,16.940001,17.150000,16.879999,16.900000,7.966626,97300
2011-10-21,17.000000,17.170000,16.980000,17.090000,8.056189,60700
2011-10-24,17.070000,17.320000,16.930000,17.219999,8.117471,56600
2011-10-25,17.080000,17.650000,16.980000,17.510000,8.254177,101100
2011-10-26,17.650000,17.660000,17.320000,17.430000,8.216468,66900
2011-10-27,17.549999,17.730000,17.360001,17.379999,8.192895,139900
2011-10-28,17.490000,17.809999,17.459999,17.760000,8.372024,58000
2011-10-31,17.740000,17.830000,17.660000,17.799999,8.390882,54600
2011-11-01,17.799999,17.920000,17.719999,17.850000,8.414455,108600
2011-11-02,17.950001,18.150000,17.879999,17.930000,8.452164,76300
2011-11-03,18.030001,18.090000,17.910000,18.049999,8.508728,57700
2011-11-04,18.070000,18.160000,17.910000,18.150000,8.555872,52500
2011-11-07,18.120001,18.200001,17.860001,17.889999,8.433309,66100
2011-11-08,17.940001,18.160000,17.940001,18.049999,8.508728,41500
2011-11-09,18.049999,18.250000,17.799999,18.059999,8.513448,38400
2011-11-10,18.020000,18.209999,17.900000,18.040001,8.504019,59200
2011-11-11,18.230000,18.250000,17.920000,17.930000,8.452164,42700
2011-11-14,18.000000,18.010000,17.650000,17.690001,8.339030,63500
2011-11-15,17.790001,17.790001,17.459999,17.709999,8.348456,76200
2011-11-16,17.600000,17.650000,17.520000,17.580000,8.356537,84700
2011-11-17,17.780001,17.780001,17.309999,17.350000,8.247213,59900
2011-11-18,17.540001,17.559999,17.350000,17.450001,8.294745,40200
2011-11-21,17.389999,17.410000,17.090000,17.100000,8.128373,76300
2011-11-22,17.120001,17.320000,17.049999,17.170000,8.161650,111100
2011-11-23,17.139999,17.219999,17.070000,17.160000,8.156893,80100
2011-11-25,17.240000,17.309999,17.240000,17.299999,8.223443,28600
2011-11-28,17.830000,17.830000,17.500000,17.520000,8.328020,45000
2011-11-29,17.440001,17.450001,17.200001,17.299999,8.223443,86100
2011-11-30,17.379999,17.420000,17.270000,17.389999,8.266223,65000
2011-12-01,17.389999,17.389999,17.240000,17.309999,8.228196,54500
2011-12-02,17.379999,17.549999,17.379999,17.500000,8.318508,35400
2011-12-05,17.500000,17.610001,17.400000,17.490000,8.313760,74100
2011-12-06,17.520000,17.549999,17.420000,17.440001,8.289990,58900
2011-12-07,17.440001,17.540001,17.400000,17.480000,8.309004,62100
2011-12-08,17.490000,17.660000,17.480000,17.660000,8.394568,87000
2011-12-09,17.660000,17.730000,17.549999,17.600000,8.366047,104500
2011-12-12,17.600000,17.600000,17.490000,17.490000,8.313760,59000
2011-12-13,17.690001,17.700001,17.440001,17.520000,8.328020,99200
2011-12-14,17.400000,17.400000,17.049999,17.090000,8.192357,18000
2011-12-15,17.190001,17.200001,16.700001,16.790001,8.048547,102100
2011-12-16,16.879999,17.080000,16.840000,17.059999,8.177978,70100
2011-12-19,16.969999,17.139999,16.500000,16.540001,7.928711,181500
2011-12-20,16.610001,16.690001,16.570000,16.620001,7.967054,153500
2011-12-21,16.719999,16.719999,16.270000,16.309999,7.818454,210800
2011-12-22,16.459999,16.520000,16.420000,16.459999,7.890358,99500
2011-12-23,16.469999,16.559999,16.370001,16.510000,7.914328,177600
2011-12-27,16.600000,16.620001,16.280001,16.490000,7.904735,108900
2011-12-28,16.500000,16.549999,16.370001,16.400000,7.861594,95900
2011-12-29,16.420000,16.490000,16.420000,16.459999,7.890358,88100
2011-12-30,16.430000,16.600000,16.430000,16.559999,7.938296,151800
2012-01-03,16.879999,16.950001,16.700001,16.950001,8.125249,70500
2012-01-04,16.990000,17.030001,16.809999,16.990000,8.144421,71700
2012-01-05,17.030001,17.299999,17.000000,17.299999,8.293028,70300
2012-01-06,17.410000,17.420000,17.290001,17.410000,8.345756,71500
2012-01-09,17.490000,17.580000,17.350000,17.559999,8.417659,78100
2012-01-10,17.660000,17.670000,17.510000,17.660000,8.465597,78700
2012-01-11,17.770000,17.850000,17.670000,17.850000,8.556680,82800
2012-01-12,18.000000,18.030001,17.770000,18.030001,8.642962,75400
2012-01-13,18.100000,18.120001,17.910000,18.090000,8.671720,65800
2012-01-17,18.290001,18.360001,18.150000,18.250000,8.748419,85900
2012-01-18,18.209999,18.209999,18.040001,18.170000,8.780797,25400
2012-01-19,18.170000,18.270000,17.760000,17.799999,8.601994,91400
2012-01-20,17.900000,18.090000,17.900000,18.000000,8.698645,59800
2012-01-23,18.100000,18.240000,18.030001,18.209999,8.800134,80300
2012-01-24,18.250000,18.510000,18.219999,18.360001,8.872623,75300
2012-01-25,18.440001,18.740000,18.389999,18.740000,9.056258,95000
2012-01-26,18.740000,18.930000,18.690001,18.879999,9.123910,100700
2012-01-27,19.000000,19.000000,18.760000,18.850000,9.109421,121400
2012-01-30,18.870001,18.889999,18.600000,18.790001,9.080422,91600
2012-01-31,18.870001,19.100000,18.799999,18.990000,9.177068,98600
2012-02-01,19.000000,19.309999,19.000000,19.309999,9.331715,161300
2012-02-02,19.350000,19.400000,19.219999,19.260000,9.307557,91900
2012-02-03,19.360001,19.389999,19.219999,19.260000,9.307557,61900
2012-02-06,19.340000,19.379999,19.219999,19.350000,9.351044,79000
2012-02-07,19.340000,19.340000,19.139999,19.180000,9.268888,69200
2012-02-08,19.250000,19.389999,19.160000,19.260000,9.307557,76900
2012-02-09,19.400000,19.410000,19.010000,19.080000,9.220566,77300
2012-02-10,19.190001,19.190001,19.000000,19.010000,9.186739,75100
2012-02-13,19.150000,19.250000,19.059999,19.139999,9.249564,59700
2012-02-14,19.200001,19.290001,19.070000,19.270000,9.312386,65900
2012-02-15,19.280001,19.290001,18.959999,19.010000,9.257356,18600
2012-02-16,19.100000,19.110001,18.940001,19.040001,9.271964,14200
2012-02-17,19.139999,19.150000,18.870001,18.959999,9.233008,113500
2012-02-21,19.000000,19.100000,18.590000,18.850000,9.179442,250700
2012-02-22,18.950001,19.000000,18.690001,18.790001,9.150224,261100
2012-02-23,18.850000,18.950001,18.639999,18.740000,9.125875,188100
2012-02-24,18.840000,19.020000,18.700001,18.990000,9.247619,92600
2012-02-27,19.090000,19.090000,18.799999,18.809999,9.159965,218200
2012-02-28,18.900000,18.990000,18.750000,18.930000,9.218397,114300
2012-02-29,19.000000,19.110001,18.850000,18.879999,9.194044,60100
2012-03-01,18.950001,19.000000,18.830000,19.000000,9.252488,75000
2012-03-02,19.000000,19.000000,18.920000,19.000000,9.252488,61800
2012-03-05,19.000000,19.120001,18.900000,18.990000,9.247619,57900
2012-03-06,18.959999,18.959999,18.700001,18.820000,9.164831,98200
2012-03-07,18.830000,19.100000,18.820000,19.100000,9.301183,61300
2012-03-08,19.170000,19.270000,19.129999,19.270000,9.383968,49100
2012-03-09,19.270000,19.340000,19.110001,19.330000,9.413185,70500
2012-03-12,19.420000,19.420000,19.219999,19.360001,9.427794,87800
2012-03-13,19.250000,19.350000,19.090000,19.270000,9.383968,111500
2012-03-14,19.360001,19.360001,18.980000,19.010000,9.257356,103600
2012-03-15,18.889999,19.160000,18.889999,18.990000,9.247619,82900
2012-03-16,19.100000,19.160000,18.610001,18.700001,9.106397,109800
2012-03-19,18.799999,18.980000,18.670000,18.980000,9.242748,139200
2012-03-20,19.000000,19.150000,19.000000,19.120001,9.310925,117800
2012-03-21,19.120001,19.180000,18.950001,19.000000,9.324170,42000
2012-03-22,19.049999,19.090000,18.910000,19.059999,9.353619,141700
2012-03-23,19.059999,19.100000,18.780001,18.879999,9.265282,252100
2012-03-26,18.950001,19.040001,18.820000,19.020000,9.333988,175900
2012-03-27,19.070000,19.299999,18.920000,19.299999,9.471396,229700
2012-03-28,19.350000,19.450001,19.219999,19.450001,9.545009,96100
2012-03-29,19.250000,19.600000,19.250000,19.600000,9.618622,120200
2012-03-30,19.700001,19.860001,19.450001,19.690001,9.662786,185500
2012-04-02,19.750000,19.809999,19.549999,19.570000,9.603897,97100
2012-04-03,19.690001,19.690001,19.400000,19.540001,9.589175,86900
2012-04-04,19.600000,19.600000,19.129999,19.260000,9.451765,76200
2012-04-05,19.400000,19.420000,18.900000,18.930000,9.289822,79200
2012-04-09,19.000000,19.000000,18.709999,18.770000,9.211303,63300
2012-04-10,18.770000,18.850000,18.129999,18.559999,9.108243,157400
2012-04-11,18.650000,18.820000,18.500000,18.540001,9.098428,49500
2012-04-12,18.490000,18.820000,18.480000,18.799999,9.226023,38700
2012-04-13,18.700001,18.770000,18.500000,18.570000,9.113155,69200
2012-04-16,18.670000,18.840000,18.580000,18.840000,9.245655,62800
2012-04-17,18.780001,19.000000,18.770000,18.850000,9.250560,84500
2012-04-18,18.700001,18.700001,18.469999,18.510000,9.155104,22000
2012-04-19,18.559999,18.639999,18.370001,18.400000,9.100698,88400
2012-04-20,18.430000,18.650000,18.410000,18.500000,9.150155,84200
2012-04-23,18.490000,18.540001,18.270000,18.320000,9.061130,109900
2012-04-24,18.250000,18.420000,18.250000,18.260000,9.031453,95400
2012-04-25,18.299999,18.450001,18.260000,18.280001,9.041343,75700
2012-04-26,18.330000,18.410000,18.260000,18.389999,9.095750,72600
2012-04-27,18.450001,18.570000,18.389999,18.490000,9.145212,63800
2012-04-30,18.549999,18.570000,18.459999,18.480000,9.140265,56000
2012-05-01,18.469999,18.629999,18.440001,18.629999,9.214452,84700
2012-05-02,18.639999,18.690001,18.530001,18.590000,9.194670,85000
2012-05-03,18.639999,18.639999,18.530001,18.610001,9.204564,56000
2012-05-04,18.549999,18.650000,18.500000,18.530001,9.164995,32900
2012-05-07,18.480000,18.570000,18.459999,18.500000,9.150155,62000
2012-05-08,18.530001,18.590000,18.360001,18.469999,9.135320,68600
2012-05-09,18.469999,18.650000,18.350000,18.600000,9.199619,94400
2012-05-10,18.670000,18.760000,18.549999,18.760000,9.278753,59200
2012-05-11,18.750000,18.910000,18.670000,18.790001,9.293595,106000
2012-05-14,18.760000,18.930000,18.680000,18.860001,9.328213,171500
2012-05-15,18.850000,18.889999,18.709999,18.820000,9.308430,77000
2012-05-16,18.760000,18.760000,18.620001,18.650000,9.296968,19400
2012-05-17,18.660000,18.660000,18.180000,18.219999,9.082611,367000
2012-05-18,18.219999,18.440001,17.809999,17.940001,8.943033,472800
2012-05-21,17.990000,18.400000,17.990000,18.180000,9.062667,337100
2012-05-22,18.299999,18.320000,18.080000,18.170000,9.057680,194000
2012-05-23,18.110001,18.309999,18.080000,18.290001,9.117508,283000
2012-05-24,18.230000,18.510000,18.120001,18.139999,9.042731,214500
2012-05-25,18.299999,18.360001,18.160000,18.250000,9.097566,87500
2012-05-29,18.350000,18.480000,18.219999,18.360001,9.152401,247600
2012-05-30,18.360001,18.410000,18.170000,18.330000,9.137443,183500
2012-05-31,18.389999,18.420000,18.219999,18.330000,9.137443,90200
2012-06-01,18.290001,18.360001,17.799999,18.250000,9.097566,148000
2012-06-04,18.270000,18.370001,17.990000,18.120001,9.032761,244600
2012-06-05,18.129999,18.219999,17.930000,18.040001,8.992883,132300
2012-06-06,18.180000,18.469999,18.129999,18.299999,9.122492,117000
2012-06-07,18.400000,18.459999,18.170000,18.240000,9.092579,113600
2012-06-08,18.240000,18.629999,18.240000,18.629999,9.286991,138300
2012-06-11,18.629999,18.670000,18.440001,18.660000,9.301950,194300
2012-06-12,18.600000,19.000000,18.600000,19.000000,9.471438,83800
2012-06-13,18.940001,18.990000,18.730000,18.830000,9.386694,62800
2012-06-14,18.830000,19.040001,18.830000,19.010000,9.476423,45700
2012-06-15,19.040001,19.250000,18.660000,18.799999,9.371737,139700
2012-06-18,18.709999,18.750000,18.520000,18.639999,9.291982,96400
2012-06-19,18.690001,18.879999,18.660000,18.750000,9.346819,78100
2012-06-20,18.750000,18.870001,18.709999,18.809999,9.449801,97400
2012-06-21,18.830000,18.940001,18.730000,18.879999,9.484966,89600
2012-06-22,18.930000,19.180000,18.740000,18.780001,9.434732,115200
2012-06-25,18.770000,18.770000,18.530001,18.549999,9.319184,81900
2012-06-26,18.620001,18.750000,18.309999,18.420000,9.253873,217400
2012-06-27,18.530001,18.950001,18.530001,18.920000,9.505066,100800
2012-06-28,18.920000,18.920000,18.750000,18.830000,9.459852,74100
2012-06-29,19.000000,19.080000,18.709999,18.760000,9.424686,123300
2012-07-02,18.860001,18.860001,18.740000,18.799999,9.444777,40900
2012-07-03,18.840000,18.850000,18.760000,18.790001,9.439756,16400
2012-07-05,18.719999,18.850000,18.719999,18.830000,9.459852,33500
2012-07-06,18.760000,18.930000,18.760000,18.900000,9.495015,45800
2012-07-09,18.940001,19.290001,18.910000,19.280001,9.685925,70800
2012-07-10,19.080000,19.379999,19.080000,19.379999,9.736155,57300
2012-07-11,19.330000,19.549999,19.330000,19.510000,9.801473,52200
2012-07-12,19.500000,19.600000,19.360001,19.379999,9.736155,58600
2012-07-13,19.480000,19.650000,19.469999,19.590000,9.841660,42800
2012-07-16,19.639999,19.750000,19.610001,19.670000,9.881849,64300
2012-07-17,19.620001,19.629999,19.420000,19.559999,9.826590,67300
2012-07-18,19.420000,19.430000,19.280001,19.350000,9.793692,60700
2012-07-19,19.230000,19.400000,19.080000,19.200001,9.717766,65600
2012-07-20,19.059999,19.330000,19.040001,19.219999,9.727891,50300
2012-07-23,19.389999,19.389999,19.059999,19.230000,9.732953,50500
2012-07-24,19.150000,19.290001,19.150000,19.200001,9.717766,33000
2012-07-25,19.129999,19.180000,18.920000,18.969999,9.601360,38700
2012-07-26,19.010000,19.090000,18.940001,19.090000,9.662098,27900
2012-07-27,19.240000,19.240000,18.980000,19.129999,9.682334,67100
2012-07-30,19.129999,19.190001,19.030001,19.030001,9.631729,53500
2012-07-31,19.000000,19.080000,18.980000,19.000000,9.616539,36300
2012-08-01,19.059999,19.290001,19.049999,19.290001,9.763323,46100
2012-08-02,19.280001,19.500000,19.280001,19.400000,9.818995,47500
2012-08-03,19.410000,19.469999,19.350000,19.469999,9.854426,21400
2012-08-06,19.469999,19.469999,19.129999,19.440001,9.839242,64800
2012-08-07,19.469999,19.469999,19.139999,19.410000,9.824060,65700
2012-08-08,19.459999,19.670000,19.250000,19.440001,9.839242,53200
2012-08-09,19.350000,19.590000,19.350000,19.430000,9.834183,65600
2012-08-10,19.500000,19.700001,19.400000,19.440001,9.839242,60500
2012-08-13,19.379999,19.510000,19.139999,19.219999,9.727891,159600
2012-08-14,19.160000,19.370001,19.160000,19.290001,9.763323,57400
2012-08-15,19.299999,19.459999,19.150000,19.400000,9.818995,69100
2012-08-16,19.480000,19.530001,19.350000,19.420000,9.829123,51700
2012-08-17,19.350000,19.580000,19.350000,19.480000,9.859487,51800
2012-08-20,19.570000,19.570000,19.309999,19.330000,9.783566,67200
2012-08-21,19.370001,19.620001,19.370001,19.500000,9.869613,58700
2012-08-22,19.450001,19.469999,19.200001,19.280001,9.831366,52900
2012-08-23,19.370001,19.410000,19.170000,19.309999,9.846665,98300
2012-08-24,19.370001,19.370001,19.240000,19.370001,9.877258,45100
2012-08-27,19.430000,19.440001,19.350000,19.350000,9.867064,51300
2012-08-28,19.370001,19.480000,19.290001,19.440001,9.912952,71400
2012-08-29,19.480000,19.620001,19.459999,19.610001,9.999641,29900
2012-08-30,19.610001,19.709999,19.490000,19.670000,10.030237,108600
2012-08-31,19.740000,19.740000,19.600000,19.740000,10.065933,68400
2012-09-04,19.719999,19.850000,19.660000,19.770000,10.081232,86600
2012-09-05,19.770000,19.850000,19.750000,19.850000,10.122025,48600
2012-09-06,19.850000,19.879999,19.700001,19.790001,10.091433,109100
2012-09-07,19.820000,19.950001,19.790001,19.900000,10.147521,73600
2012-09-10,19.850000,19.969999,19.600000,19.639999,10.014938,81500
2012-09-11,19.690001,19.770000,19.670000,19.750000,10.071030,60800
2012-09-12,19.750000,19.969999,19.750000,19.889999,10.142421,85500
2012-09-13,19.850000,19.850000,19.580000,19.610001,9.999641,103000
2012-09-14,19.700001,19.830000,19.629999,19.670000,10.030237,69400
2012-09-17,19.610001,19.629999,19.500000,19.520000,9.953747,74900
2012-09-18,19.540001,19.660000,19.540001,19.629999,10.009841,42300
2012-09-19,19.549999,19.620001,19.440001,19.549999,10.043235,47100
2012-09-20,19.600000,19.610001,19.480000,19.520000,10.027817,53100
2012-09-21,19.520000,19.600000,19.469999,19.570000,10.053504,47300
2012-09-24,19.610001,19.770000,19.590000,19.770000,10.156253,79100
2012-09-25,19.750000,19.790001,19.490000,19.620001,10.079200,93700
2012-09-26,19.690001,19.730000,19.590000,19.660000,10.099740,73500
2012-09-27,19.780001,19.860001,19.700001,19.830000,10.187071,86800
2012-09-28,19.879999,19.900000,19.750000,19.780001,10.161390,68900
2012-10-01,19.850000,19.850000,19.719999,19.820000,10.181935,72200
2012-10-02,19.820000,19.879999,19.700001,19.719999,10.130568,62300
2012-10-03,19.719999,19.740000,19.670000,19.719999,10.130568,45400
2012-10-04,19.639999,19.660000,19.559999,19.620001,10.079200,44600
2012-10-05,19.690001,19.719999,19.549999,19.559999,10.048370,56000
2012-10-08,19.629999,19.660000,19.490000,19.500000,10.017545,46500
2012-10-09,19.590000,19.600000,19.420000,19.510000,10.022681,93400
2012-10-10,19.520000,19.520000,19.120001,19.129999,9.827464,76200
2012-10-11,19.180000,19.340000,19.139999,19.200001,9.863425,51500
2012-10-12,19.299999,19.490000,19.280001,19.379999,9.955898,48400
2012-10-15,19.450001,19.459999,19.330000,19.340000,9.935352,48500
2012-10-16,19.400000,19.430000,19.299999,19.370001,9.950761,65800
2012-10-17,19.250000,19.440001,19.230000,19.340000,10.010286,33600
2012-10-18,19.260000,19.389999,19.250000,19.250000,9.963701,44600
2012-10-19,19.320000,19.320000,19.049999,19.129999,9.901587,72400
2012-10-22,19.040001,19.219999,19.040001,19.120001,9.896413,52600
2012-10-23,19.209999,19.209999,18.969999,19.040001,9.855006,68600
2012-10-24,19.110001,19.129999,19.030001,19.059999,9.865360,51500
2012-10-25,19.090000,19.120001,18.900000,18.940001,9.803245,65300
2012-10-26,18.959999,19.020000,18.650000,18.870001,9.767014,106800
2012-10-31,18.990000,18.990000,18.580000,18.580000,9.616919,78200
2012-11-01,18.490000,18.690001,18.490000,18.629999,9.642795,83600
2012-11-02,18.690001,18.770000,18.620001,18.680000,9.668671,49900
2012-11-05,18.580000,18.700001,18.580000,18.690001,9.673849,77200
2012-11-06,18.740000,18.830000,18.690001,18.809999,9.735959,37500
2012-11-07,18.780001,18.780001,18.620001,18.660000,9.658321,53400
2012-11-08,18.620001,18.709999,18.600000,18.680000,9.668671,79300
2012-11-09,18.629999,18.740000,18.540001,18.620001,9.637621,60400
2012-11-12,18.610001,18.680000,18.500000,18.580000,9.616919,61500
2012-11-13,18.549999,18.549999,18.280001,18.280001,9.461634,78300
2012-11-14,18.270000,18.290001,17.879999,17.990000,9.311529,139400
2012-11-15,17.910000,17.910000,17.280001,17.580000,9.099319,152000
2012-11-16,17.559999,18.020000,17.549999,17.990000,9.311529,105300
2012-11-19,18.200001,18.340000,18.090000,18.250000,9.446108,123600
2012-11-20,18.110001,18.299999,18.040001,18.240000,9.516545,81400
2012-11-21,18.320000,18.410000,18.260000,18.410000,9.605234,85900
2012-11-23,18.459999,18.540001,18.389999,18.490000,9.646977,37900
2012-11-26,18.490000,18.490000,18.320000,18.360001,9.579151,46900
2012-11-27,18.350000,18.450001,18.260000,18.299999,9.547847,62400
2012-11-28,18.330000,18.370001,18.190001,18.260000,9.526975,59500
2012-11-29,18.299999,18.379999,18.219999,18.360001,9.579151,80300
2012-11-30,18.360001,18.370001,18.280001,18.350000,9.573935,72900
2012-12-03,18.330000,18.590000,18.280001,18.500000,9.652192,80300
2012-12-04,18.459999,18.600000,18.370001,18.370001,9.584368,158300
2012-12-05,18.410000,18.620001,18.389999,18.610001,9.709584,113100
2012-12-06,18.670000,18.740000,18.500000,18.740000,9.777414,71100
2012-12-07,18.700001,18.740000,18.260000,18.360001,9.579151,224800
2012-12-10,18.299999,18.410000,18.240000,18.340000,9.568709,148500
2012-12-11,18.490000,18.490000,18.350000,18.430000,9.615676,56400
2012-12-12,18.309999,18.309999,18.129999,18.180000,9.557841,11600
2012-12-13,18.139999,18.139999,17.990000,18.010000,9.468466,20800
2012-12-14,18.000000,18.049999,17.950001,18.049999,9.489496,230400
2012-12-17,18.040001,18.040001,17.900000,17.990000,9.457952,121800
2012-12-18,17.990000,18.070000,17.910000,18.049999,9.489496,128700
2012-12-19,17.990000,18.120001,17.959999,18.080000,9.505272,86400
2012-12-20,18.120001,18.299999,18.010000,18.200001,9.568356,57500
2012-12-21,18.070000,18.250000,18.030001,18.240000,9.589388,96700
2012-12-24,18.120001,18.190001,18.070000,18.160000,9.547329,44900
2012-12-26,18.160000,18.209999,18.070000,18.190001,9.563102,39900
2012-12-27,18.230000,18.290001,18.100000,18.290001,9.615674,117800
2012-12-28,18.160000,18.260000,18.160000,18.260000,9.599898,72500
2012-12-31,18.299999,18.410000,18.020000,18.330000,9.636704,117900
2013-01-02,18.600000,18.690001,18.500000,18.670000,9.815447,127000
2013-01-03,18.700001,18.719999,18.549999,18.650000,9.804937,59900
2013-01-04,18.570000,18.799999,18.570000,18.799999,9.883801,85600
2013-01-07,18.770000,18.860001,18.700001,18.790001,9.878532,89900
2013-01-08,18.809999,18.959999,18.809999,18.920000,9.946884,87100
2013-01-09,18.959999,19.000000,18.879999,18.940001,9.957401,55400
2013-01-10,19.010000,19.120001,18.969999,19.080000,10.030998,58200
2013-01-11,19.080000,19.090000,18.990000,19.090000,10.036265,33900
2013-01-14,19.150000,19.150000,18.920000,19.110001,10.046774,46900
2013-01-15,19.080000,19.240000,18.940001,19.040001,10.009976,89900
2013-01-16,18.910000,19.059999,18.840000,19.049999,10.089417,20400
2013-01-17,19.049999,19.090000,19.000000,19.080000,10.105303,91500
2013-01-18,19.080000,19.100000,18.990000,19.100000,10.115903,49500
2013-01-22,19.180000,19.180000,19.030001,19.100000,10.115903,74300
2013-01-23,19.090000,19.170000,18.930000,18.980000,10.052345,106600
2013-01-24,19.010000,19.180000,19.010000,19.180000,10.158267,149700
2013-01-25,19.209999,19.260000,19.040001,19.090000,10.110607,80500
2013-01-28,19.139999,19.139999,18.940001,18.980000,10.052345,90600
2013-01-29,19.020000,19.030001,18.840000,18.900000,10.009975,141200
2013-01-30,18.959999,19.049999,18.790001,18.809999,9.962310,70100
2013-01-31,18.900000,18.900000,18.709999,18.760000,9.935826,71100
2013-02-01,18.910000,18.910000,18.770000,18.900000,10.009975,36800
2013-02-04,19.040001,19.090000,18.700001,18.900000,10.009975,102700
2013-02-05,19.010000,19.090000,18.809999,18.940001,10.031158,93400
2013-02-06,19.000000,19.000000,18.770000,18.850000,9.983490,102200
2013-02-07,18.879999,18.900000,18.770000,18.850000,9.983490,51900
2013-02-08,18.850000,18.870001,18.750000,18.870001,9.994089,83000
2013-02-11,18.900000,18.910000,18.770000,18.850000,9.983490,67300
2013-02-12,18.809999,18.930000,18.780001,18.900000,10.009975,162700
2013-02-13,18.799999,18.820000,18.680000,18.820000,10.041988,78300
2013-02-14,18.760000,18.830000,18.709999,18.740000,9.999299,85200
2013-02-15,18.830000,18.879999,18.780001,18.840000,10.052663,67600
2013-02-19,18.850000,18.870001,18.780001,18.809999,10.036658,68800
2013-02-20,18.879999,18.879999,18.740000,18.820000,10.041988,93200
2013-02-21,18.809999,18.850000,18.709999,18.760000,10.009976,102500
2013-02-22,18.840000,18.840000,18.700001,18.770000,10.015315,80100
2013-02-25,18.840000,18.850000,18.680000,18.690001,9.972624,77300
2013-02-26,18.719999,18.799999,18.590000,18.760000,10.009976,104400
2013-02-27,18.760000,18.850000,18.719999,18.740000,9.999299,118800
2013-02-28,18.750000,18.790001,18.610001,18.660000,9.956612,237600
2013-03-01,18.660000,18.799999,18.660000,18.790001,10.025978,78200
2013-03-04,18.760000,18.870001,18.650000,18.870001,10.068672,91500
2013-03-05,18.840000,19.070000,18.820000,19.070000,10.175376,142000
2013-03-06,19.070000,19.070000,18.920000,19.000000,10.138034,49700
2013-03-07,19.000000,19.059999,18.850000,18.950001,10.111353,93200
2013-03-08,19.100000,19.100000,18.850000,18.889999,10.079336,94300
2013-03-11,18.990000,19.049999,18.940001,19.049999,10.164712,86300
2013-03-12,19.010000,19.059999,18.950001,19.049999,10.164712,54900
2013-03-13,18.969999,18.980000,18.910000,18.959999,10.188900,18800
2013-03-14,18.990000,18.990000,18.870001,18.959999,10.188900,73100
2013-03-15,18.930000,18.950001,18.530001,18.690001,10.043797,123000
2013-03-18,18.670000,18.940001,18.660000,18.940001,10.178148,79000
2013-03-19,18.940001,19.010000,18.870001,19.010000,10.215761,82400
2013-03-20,19.070000,19.070000,18.870001,19.000000,10.210390,67900
2013-03-21,19.000000,19.090000,18.990000,19.090000,10.258758,80300
2013-03-22,19.150000,19.150000,18.950001,19.120001,10.274879,53400
2013-03-25,19.120001,19.150000,19.020000,19.090000,10.258758,61900
2013-03-26,19.070000,19.129999,18.910000,18.920000,10.167400,92300
2013-03-27,18.950001,19.000000,18.870001,19.000000,10.210390,78900
2013-03-28,18.969999,19.010000,18.879999,18.990000,10.205017,105200
2013-04-01,19.040001,19.090000,18.959999,19.090000,10.258758,51200
2013-04-02,19.049999,19.129999,19.020000,19.100000,10.264128,94900
2013-04-03,19.020000,19.070000,18.860001,19.059999,10.242628,101600
2013-04-04,19.100000,19.139999,19.000000,19.120001,10.274879,62200
2013-04-05,19.059999,19.180000,18.969999,19.059999,10.242628,91700
2013-04-08,19.100000,19.100000,18.930000,18.980000,10.199644,71600
2013-04-09,19.100000,19.170000,19.070000,19.170000,10.301749,80200
2013-04-10,19.190001,19.219999,19.160000,19.209999,10.323242,92500
2013-04-11,19.270000,19.270000,19.120001,19.160000,10.296372,61800
2013-04-12,19.180000,19.250000,19.170000,19.200001,10.317868,62400
2013-04-15,19.209999,19.209999,19.010000,19.010000,10.215761,61800
2013-04-16,19.139999,19.170000,19.059999,19.120001,10.274879,63600
2013-04-17,19.000000,19.059999,18.930000,18.980000,10.272172,16600
2013-04-18,19.020000,19.160000,18.910000,19.160000,10.369587,133900
2013-04-19,19.180000,19.219999,19.070000,19.150000,10.364176,110000
2013-04-22,19.180000,19.200001,19.059999,19.070000,10.320880,65000
2013-04-23,19.180000,19.219999,19.139999,19.209999,10.396648,65600
2013-04-24,19.219999,19.360001,19.180000,19.360001,10.477833,88100
2013-04-25,19.379999,19.379999,19.219999,19.379999,10.488650,81800
2013-04-26,19.389999,19.480000,19.299999,19.480000,10.542776,95200
2013-04-29,19.490000,19.510000,19.430000,19.500000,10.553602,84300
2013-04-30,19.500000,19.530001,19.370001,19.530001,10.569838,95000
2013-05-01,19.530001,19.600000,19.480000,19.600000,10.607723,124500
2013-05-02,19.629999,19.670000,19.450001,19.600000,10.607723,80600
2013-05-03,19.629999,19.629999,19.400000,19.590000,10.602306,91700
2013-05-06,19.590000,19.600000,19.459999,19.540001,10.575246,56200
2013-05-07,19.559999,19.620001,19.480000,19.600000,10.607723,81700
2013-05-08,19.600000,19.660000,19.480000,19.600000,10.607723,132200
2013-05-09,19.629999,19.629999,19.559999,19.600000,10.607723,55500
2013-05-10,19.610001,19.620001,19.559999,19.620001,10.618543,55000
2013-05-13,19.600000,19.660000,19.540001,19.590000,10.602306,55400
2013-05-14,19.600000,19.610001,19.559999,19.610001,10.613127,64700
2013-05-15,19.629999,19.690001,19.590000,19.680000,10.651014,70200
2013-05-16,19.709999,19.740000,19.620001,19.629999,10.623954,78200
2013-05-17,19.719999,19.730000,19.559999,19.620001,10.618543,79000
2013-05-20,19.570000,19.610001,19.480000,19.520000,10.564425,88500
2013-05-21,19.559999,19.590000,19.480000,19.549999,10.580660,79900
2013-05-22,19.490000,19.490000,19.299999,19.309999,10.523439,25800
2013-05-23,19.209999,19.350000,19.209999,19.320000,10.528886,79700
2013-05-24,19.320000,19.400000,19.129999,19.170000,10.447144,76100
2013-05-28,19.150000,19.260000,18.969999,19.000000,10.354498,108800
2013-05-29,19.000000,19.000000,18.590000,18.740000,10.212803,127200
2013-05-30,18.820000,18.959999,18.650000,18.700001,10.191005,68600
2013-05-31,18.809999,18.809999,18.350000,18.379999,10.016608,120200
2013-06-03,18.480000,18.500000,18.190001,18.420000,10.038409,96200
2013-06-04,18.549999,18.740000,18.250000,18.410000,10.032962,313100
2013-06-05,18.400000,18.590000,18.370001,18.540001,10.103807,144800
2013-06-06,18.520000,18.520000,18.270000,18.440001,10.049312,74300
2013-06-07,18.530001,18.600000,18.250000,18.299999,9.973014,76900
2013-06-10,18.400000,18.450001,18.070000,18.120001,9.874919,114400
2013-06-11,17.920000,18.059999,17.670000,17.799999,9.700525,170400
2013-06-12,17.900000,17.940001,17.500000,17.520000,9.547937,128300
2013-06-13,17.500000,17.830000,17.480000,17.799999,9.700525,125500
2013-06-14,17.980000,18.040001,17.799999,17.980000,9.798627,103700
2013-06-17,18.110001,18.200001,17.910000,17.950001,9.782274,81300
2013-06-18,18.000000,18.020000,17.799999,17.930000,9.771379,70800
2013-06-19,17.879999,17.920000,17.580000,17.650000,9.689035,97100
2013-06-20,17.570000,17.570000,17.280001,17.360001,9.529840,135400
2013-06-21,17.450001,17.660000,17.320000,17.469999,9.590220,109500
2013-06-24,17.250000,17.410000,16.780001,17.379999,9.540813,214600
2013-06-25,17.379999,17.530001,17.350000,17.459999,9.584734,187100
2013-06-26,17.590000,17.639999,17.480000,17.520000,9.617669,127200
2013-06-27,17.559999,17.940001,17.559999,17.620001,9.672560,144300
2013-06-28,17.690001,17.750000,17.610001,17.680000,9.705500,50200
2013-07-01,17.799999,17.980000,17.799999,17.879999,9.815289,62800
2013-07-02,17.930000,17.959999,17.680000,17.709999,9.721968,43700
2013-07-03,17.690001,17.809999,17.520000,17.730000,9.732951,53300
2013-07-05,17.690001,17.809999,17.350000,17.469999,9.590220,67400
2013-07-08,17.670000,17.670000,17.320000,17.450001,9.579242,132600
2013-07-09,17.500000,17.590000,17.340000,17.360001,9.529840,180300
2013-07-10,17.440001,17.469999,17.400000,17.440001,9.573756,100100
2013-07-11,17.580000,17.799999,17.500000,17.700001,9.716475,138000
2013-07-12,17.780001,17.790001,17.660000,17.730000,9.732951,74100
2013-07-15,17.770000,17.830000,17.670000,17.680000,9.705500,78200
2013-07-16,17.639999,17.740000,17.510000,17.549999,9.634138,76200
2013-07-17,17.549999,17.629999,17.500000,17.629999,9.750276,70100
2013-07-18,17.600000,17.700001,17.559999,17.700001,9.788992,65700
2013-07-19,17.719999,17.719999,17.510000,17.510000,9.683910,76300
2013-07-22,17.600000,17.650000,17.510000,17.610001,9.739217,104500
2013-07-23,17.670000,17.870001,17.650000,17.830000,9.860888,176500
2013-07-24,17.969999,17.969999,17.590000,17.620001,9.744746,126000
2013-07-25,17.620001,17.780001,17.580000,17.770000,9.827707,86700
2013-07-26,17.670000,18.090000,17.670000,18.080000,9.999152,185500
2013-07-29,18.150000,18.150000,17.900000,17.980000,9.943847,47400
2013-07-30,18.030001,18.030001,17.750000,17.889999,9.894070,83600
2013-07-31,17.950001,17.950001,17.760000,17.940001,9.921724,82300
2013-08-01,18.080000,18.080000,17.580000,17.600000,9.733685,93500
2013-08-02,17.650000,17.820000,17.629999,17.629999,9.750276,86500
2013-08-05,17.719999,17.719999,17.410000,17.459999,9.656260,98100
2013-08-06,17.510000,17.510000,17.309999,17.469999,9.661786,83500
2013-08-07,17.500000,17.500000,17.330000,17.450001,9.650729,60500
2013-08-08,17.600000,17.600000,17.410000,17.500000,9.678383,81900
2013-08-09,17.570000,17.580000,17.440001,17.549999,9.706033,88300
2013-08-12,17.549999,17.770000,17.500000,17.610001,9.739217,63000
2013-08-13,17.670000,17.670000,17.500000,17.559999,9.711566,79600
2013-08-14,17.450001,17.580000,17.450001,17.559999,9.711566,55200
2013-08-15,17.549999,17.549999,17.379999,17.520000,9.689441,103500
2013-08-16,17.620001,17.620001,17.350000,17.440001,9.645200,68100
2013-08-19,17.500000,17.520000,17.160000,17.250000,9.540114,109900
2013-08-20,17.230000,17.370001,17.170000,17.309999,9.573305,101200
2013-08-21,17.180000,17.299999,17.020000,17.070000,9.512011,122100
2013-08-22,17.049999,17.240000,17.049999,17.160000,9.562155,88500
2013-08-23,17.200001,17.240000,17.129999,17.180000,9.573303,78900
2013-08-26,17.370001,17.639999,17.370001,17.510000,9.757187,263800
2013-08-27,17.530001,17.780001,17.480000,17.719999,9.874207,147400
2013-08-28,17.660000,17.760000,17.600000,17.620001,9.818482,82100
2013-08-29,17.559999,17.639999,17.500000,17.600000,9.807340,74800
2013-08-30,17.660000,17.730000,17.559999,17.650000,9.835200,43700
2013-09-03,17.799999,17.850000,17.459999,17.709999,9.868635,70400
2013-09-04,17.629999,17.719999,17.500000,17.559999,9.785054,266100
2013-09-05,17.590000,17.629999,17.320000,17.320000,9.651309,119700
2013-09-06,17.330000,17.530001,17.320000,17.490000,9.746043,81900
2013-09-09,17.459999,17.580000,17.420000,17.500000,9.751619,77800
2013-09-10,17.559999,17.670000,17.530001,17.570000,9.790625,50200
2013-09-11,17.600000,17.680000,17.530001,17.559999,9.785054,58000
2013-09-12,17.570000,17.700001,17.430000,17.480000,9.740470,85000
2013-09-13,17.540001,17.540001,17.450001,17.469999,9.734898,41300
2013-09-16,17.660000,17.719999,17.600000,17.650000,9.835200,73800
2013-09-17,17.650000,17.670000,17.590000,17.650000,9.835200,80000
2013-09-18,17.520000,17.850000,17.450001,17.850000,10.020452,136200
2013-09-19,17.959999,17.959999,17.690001,17.730000,9.953088,97500
2013-09-20,17.799999,17.799999,17.629999,17.660000,9.913793,71300
2013-09-23,17.700001,17.799999,17.700001,17.750000,9.964318,55600
2013-09-24,17.820000,18.059999,17.750000,17.969999,10.087815,83600
2013-09-25,17.879999,17.950001,17.760000,17.870001,10.031679,96800
2013-09-26,17.900000,17.940001,17.830000,17.870001,10.031679,59900
2013-09-27,17.889999,17.959999,17.870001,17.940001,10.070977,61700
2013-09-30,17.930000,17.940001,17.730000,17.860001,10.026068,99900
2013-10-01,17.850000,17.950001,17.809999,17.930000,10.065364,34400
2013-10-02,17.709999,17.910000,17.709999,17.879999,10.037294,56200
2013-10-03,17.900000,18.120001,17.799999,18.040001,10.127114,69800
2013-10-04,18.040001,18.049999,17.809999,17.840000,10.014840,68600
2013-10-07,17.860001,17.879999,17.620001,17.629999,9.896953,81700
2013-10-08,17.690001,17.740000,17.549999,17.549999,9.852044,76800
2013-10-09,17.650000,17.750000,17.570000,17.680000,9.925022,47300
2013-10-10,17.740000,17.870001,17.690001,17.750000,9.964318,69400
2013-10-11,17.780001,17.850000,17.719999,17.790001,9.986771,44300
2013-10-14,17.809999,17.809999,17.719999,17.750000,9.964318,48000
2013-10-15,17.750000,17.770000,17.610001,17.610001,9.885724,99700
2013-10-16,17.600000,17.680000,17.480000,17.680000,9.998833,59800
2013-10-17,17.670000,17.820000,17.639999,17.820000,10.078012,67200
2013-10-18,17.900000,17.959999,17.650000,17.680000,9.998833,104200
2013-10-21,17.700001,17.700001,17.570000,17.620001,9.964900,107200
2013-10-22,17.639999,17.780001,17.639999,17.730000,10.027110,95500
2013-10-23,17.690001,17.969999,17.680000,17.870001,10.106285,109900
2013-10-24,17.930000,17.959999,17.820000,17.879999,10.111946,63800
2013-10-25,17.959999,18.000000,17.840000,17.900000,10.123256,87100
2013-10-28,17.980000,18.049999,17.900000,17.930000,10.140222,63600
2013-10-29,17.969999,18.049999,17.940001,17.990000,10.174154,50000
2013-10-30,18.059999,18.090000,17.910000,18.020000,10.191117,57800
2013-10-31,18.000000,18.059999,17.809999,17.830000,10.083665,85100
2013-11-01,17.830000,17.980000,17.830000,17.910000,10.128909,50800
2013-11-04,17.950001,18.030001,17.879999,18.000000,10.179811,51800
2013-11-05,17.930000,17.990000,17.900000,17.969999,10.162842,46200
2013-11-06,18.030001,18.049999,17.920000,17.969999,10.162842,64800
2013-11-07,17.959999,17.980000,17.860001,17.940001,10.145877,83600
2013-11-08,17.959999,17.959999,17.700001,17.760000,10.044076,81300
2013-11-11,17.760000,17.840000,17.690001,17.760000,10.044076,63500
2013-11-12,17.770000,17.830000,17.700001,17.750000,10.038422,34100
2013-11-13,17.830000,17.950001,17.719999,17.900000,10.123256,97100
2013-11-14,17.860001,17.900000,17.750000,17.850000,10.094975,74400
2013-11-15,17.850000,17.930000,17.799999,17.910000,10.128909,59100
2013-11-18,17.950001,17.950001,17.820000,17.940001,10.145877,74200
2013-11-19,17.980000,17.980000,17.850000,17.920000,10.134565,71100
2013-11-20,17.820000,17.900000,17.570000,17.639999,10.049110,82000
2013-11-21,17.690001,17.750000,17.320000,17.490000,9.963659,119300
2013-11-22,17.570000,17.570000,17.480000,17.490000,9.963659,59500
2013-11-25,17.459999,17.549999,17.350000,17.500000,9.969357,94500
2013-11-26,17.540001,17.549999,17.430000,17.549999,9.997843,92500
2013-11-27,17.580000,17.650000,17.469999,17.540001,9.992146,66500
2013-11-29,17.570000,17.610001,17.459999,17.590000,10.020628,51600
2013-12-02,17.639999,17.660000,17.530001,17.639999,10.049110,85400
2013-12-03,17.620001,17.620001,17.450001,17.549999,9.997843,118500
2013-12-04,17.500000,17.549999,17.450001,17.549999,9.997843,117900
2013-12-05,17.469999,17.559999,17.469999,17.540001,9.992146,109100
2013-12-06,17.500000,17.590000,17.469999,17.590000,10.020628,96900
2013-12-09,17.520000,17.600000,17.500000,17.570000,10.009233,104700
2013-12-10,17.540001,17.629999,17.450001,17.549999,9.997843,208700
2013-12-11,17.570000,17.580000,17.490000,17.540001,9.992146,92200
2013-12-12,17.549999,17.549999,17.430000,17.530001,9.986448,138400
2013-12-13,17.520000,17.520000,17.430000,17.510000,9.975055,102000
2013-12-16,17.500000,17.540001,17.459999,17.540001,9.992146,125700
2013-12-17,17.540001,17.600000,17.520000,17.600000,10.026326,52200
2013-12-18,17.480000,17.629999,17.400000,17.629999,10.115255,91800
2013-12-19,17.629999,17.629999,17.450001,17.540001,10.063622,136800
2013-12-20,17.540001,17.549999,17.459999,17.540001,10.063622,120200
2013-12-23,17.600000,17.799999,17.549999,17.790001,10.207056,289400
2013-12-24,17.790001,17.930000,17.730000,17.930000,10.287385,77900
2013-12-26,17.889999,17.950001,17.799999,17.870001,10.252956,52700
2013-12-27,17.820000,17.870001,17.629999,17.680000,10.143944,101300
2013-12-30,17.690001,17.740000,17.570000,17.620001,10.109522,168500
2013-12-31,17.549999,17.730000,17.549999,17.709999,10.161157,138200
2014-01-02,17.700001,17.860001,17.629999,17.860001,10.247222,72500
2014-01-03,17.719999,17.820000,17.709999,17.799999,10.212793,49300
2014-01-06,17.790001,17.870001,17.639999,17.700001,10.155421,85000
2014-01-07,17.790001,17.820000,17.700001,17.809999,10.218534,85300
2014-01-08,17.790001,17.830000,17.719999,17.780001,10.201317,100700
2014-01-09,17.790001,17.840000,17.780001,17.840000,10.235748,67700
2014-01-10,17.910000,17.910000,17.799999,17.840000,10.235748,76300
2014-01-13,17.799999,17.889999,17.799999,17.889999,10.264432,91300
2014-01-14,17.850000,17.900000,17.830000,17.889999,10.264432,85600
2014-01-15,17.900000,17.950001,17.870001,17.930000,10.287385,71400
2014-01-16,17.959999,18.030001,17.920000,18.030001,10.344759,99800
2014-01-17,18.049999,18.209999,18.010000,18.180000,10.430822,125300
2014-01-21,18.250000,18.320000,18.180000,18.290001,10.493935,160400
2014-01-22,18.190001,18.190001,18.049999,18.080000,10.444830,49500
2014-01-23,18.059999,18.150000,17.990000,18.100000,10.456385,62200
2014-01-24,18.059999,18.080000,17.910000,17.950001,10.369725,59500
2014-01-27,18.260000,18.260000,17.809999,17.910000,10.346623,110300
2014-01-28,18.010000,18.040001,17.799999,17.799999,10.283072,77600
2014-01-29,17.740000,17.809999,17.600000,17.660000,10.202192,95900
2014-01-30,17.650000,17.719999,17.610001,17.709999,10.231079,127700
2014-01-31,17.650000,17.680000,17.580000,17.639999,10.190638,146500
2014-02-03,17.690001,17.700001,17.580000,17.639999,10.190638,122400
2014-02-04,17.650000,17.760000,17.620001,17.709999,10.231079,64600
2014-02-05,17.650000,17.709999,17.620001,17.680000,10.213749,62400
2014-02-06,17.719999,17.840000,17.709999,17.790001,10.277297,68700
2014-02-07,17.790001,17.910000,17.790001,17.910000,10.346623,49900
2014-02-10,17.860001,18.000000,17.860001,18.000000,10.398616,37800
2014-02-11,17.959999,18.020000,17.950001,18.000000,10.398616,42300
2014-02-12,17.920000,18.000000,17.920000,17.950001,10.369725,36200
2014-02-13,17.950001,18.080000,17.889999,18.080000,10.444830,72600
2014-02-14,18.120001,18.139999,18.049999,18.100000,10.456385,49500
2014-02-18,18.100000,18.120001,18.030001,18.049999,10.427504,81900
2014-02-19,17.990000,17.990000,17.790001,17.820000,10.366417,101100
2014-02-20,17.820000,17.889999,17.809999,17.870001,10.395507,81300
2014-02-21,17.879999,17.920000,17.870001,17.910000,10.418777,59600
2014-02-24,17.950001,17.990000,17.850000,17.889999,10.407135,75700
2014-02-25,17.860001,17.959999,17.860001,17.879999,10.401320,79500
2014-02-26,17.840000,17.930000,17.840000,17.879999,10.401320,96400
2014-02-27,17.889999,18.000000,17.870001,18.000000,10.471130,112300
2014-02-28,17.940001,18.070000,17.940001,18.059999,10.506031,122000
2014-03-03,18.030001,18.270000,18.000000,18.230000,10.604930,197000
2014-03-04,18.170000,18.370001,18.170000,18.270000,10.628197,211300
2014-03-05,18.209999,18.280001,18.180000,18.270000,10.628197,127500
2014-03-06,18.250000,18.260000,18.139999,18.160000,10.564204,122000
2014-03-07,18.129999,18.160000,18.100000,18.110001,10.535118,137500
2014-03-10,18.120001,18.330000,18.090000,18.260000,10.622378,92300
2014-03-11,18.240000,18.290001,18.150000,18.150000,10.558386,53200
2014-03-12,18.110001,18.190001,18.110001,18.150000,10.558386,87100
2014-03-13,18.139999,18.219999,18.000000,18.020000,10.482763,105500
2014-03-14,18.020000,18.090000,18.000000,18.010000,10.476942,51400
2014-03-17,18.020000,18.139999,18.010000,18.030001,10.488581,75100
2014-03-18,18.040001,18.190001,18.040001,18.150000,10.558386,55700
2014-03-19,18.110001,18.120001,17.959999,17.959999,10.517396,83000
2014-03-20,17.879999,17.950001,17.799999,17.830000,10.441270,67400
2014-03-21,17.879999,18.010000,17.879999,18.010000,10.546673,51800
2014-03-24,17.980000,17.980000,17.799999,17.799999,10.423696,77300
2014-03-25,17.799999,17.930000,17.799999,17.930000,10.499830,86100
2014-03-26,17.920000,17.920000,17.879999,17.879999,10.470545,63500
2014-03-27,17.870001,17.900000,17.850000,17.870001,10.464695,57600
2014-03-28,17.870001,17.959999,17.870001,17.959999,10.517396,49400
2014-03-31,17.990000,18.000000,17.870001,17.879999,10.470545,75600
2014-04-01,17.840000,17.950001,17.840000,17.879999,10.470545,73900
2014-04-02,17.830000,17.910000,17.799999,17.830000,10.441270,94400
2014-04-03,17.809999,17.900000,17.809999,17.879999,10.470545,50500
2014-04-04,17.959999,17.969999,17.910000,17.959999,10.517396,70100
2014-04-07,17.930000,17.950001,17.900000,17.920000,10.493974,47600
2014-04-08,17.930000,18.020000,17.900000,18.020000,10.552531,79100
2014-04-09,18.049999,18.090000,18.020000,18.070000,10.581804,57600
2014-04-10,18.090000,18.090000,18.020000,18.020000,10.552531,47700
2014-04-11,18.000000,18.059999,18.000000,18.000000,10.540822,38100
2014-04-14,18.030001,18.040001,17.950001,17.959999,10.517396,70300
2014-04-15,17.900000,17.920000,17.820000,17.830000,10.511499,104700
2014-04-16,17.830000,17.910000,17.820000,17.900000,10.552770,68700
2014-04-17,17.930000,17.930000,17.850000,17.910000,10.558666,73500
2014-04-21,17.910000,17.990000,17.910000,17.930000,10.570459,45900
2014-04-22,17.930000,18.040001,17.930000,18.000000,10.611721,124300
2014-04-23,18.010000,18.059999,18.000000,18.030001,10.629409,71600
2014-04-24,18.059999,18.059999,17.969999,18.010000,10.617617,90000
2014-04-25,18.010000,18.040001,18.000000,18.030001,10.629409,57600
2014-04-28,18.040001,18.040001,18.000000,18.020000,10.623512,58100
2014-04-29,18.040001,18.059999,18.020000,18.049999,10.641202,34300
2014-04-30,18.030001,18.080000,18.020000,18.059999,10.647093,58400
2014-05-01,18.030001,18.059999,18.000000,18.000000,10.611721,97100
2014-05-02,18.020000,18.040001,18.010000,18.030001,10.629409,56700
2014-05-05,18.030001,18.040001,18.000000,18.020000,10.623512,65000
2014-05-06,18.020000,18.049999,18.010000,18.040001,10.635306,40400
2014-05-07,18.020000,18.049999,18.020000,18.049999,10.641202,37600
2014-05-08,18.030001,18.100000,18.030001,18.080000,10.658885,61000
2014-05-09,18.059999,18.139999,18.059999,18.129999,10.688361,52900
2014-05-12,18.150000,18.160000,18.100000,18.120001,10.682467,51800
2014-05-13,18.150000,18.150000,18.070000,18.080000,10.658885,53200
2014-05-14,18.070000,18.150000,18.070000,18.100000,10.670678,73300
2014-05-15,18.090000,18.090000,18.020000,18.030001,10.629409,37500
2014-05-16,18.030001,18.110001,18.030001,18.100000,10.670678,53100
2014-05-19,18.070000,18.110001,18.070000,18.090000,10.664782,51700
2014-05-20,18.070000,18.100000,18.000000,18.010000,10.617617,124600
2014-05-21,17.900000,17.950001,17.809999,17.850000,10.593881,137600
2014-05-22,17.930000,17.930000,17.809999,17.879999,10.611682,65600
2014-05-23,17.889999,17.900000,17.809999,17.850000,10.593881,142000
2014-05-27,17.850000,17.879999,17.770000,17.780001,10.552333,86100
2014-05-28,17.740000,17.790001,17.610001,17.740000,10.528593,184900
2014-05-29,17.709999,17.750000,17.690001,17.700001,10.504853,134800
2014-05-30,17.670000,17.719999,17.670000,17.700001,10.504853,126800
2014-06-02,17.680000,17.709999,17.629999,17.680000,10.492981,151100
2014-06-03,17.610001,17.639999,17.590000,17.629999,10.463312,430100
2014-06-04,17.600000,17.639999,17.590000,17.639999,10.469241,77900
2014-06-05,17.610001,17.650000,17.570000,17.629999,10.463312,90400
2014-06-06,17.610001,17.670000,17.610001,17.639999,10.469241,85200
2014-06-09,17.620001,17.660000,17.620001,17.650000,10.475182,69000
2014-06-10,17.650000,17.719999,17.650000,17.719999,10.516723,56500
2014-06-11,17.750000,17.750000,17.670000,17.750000,10.534529,96000
2014-06-12,17.750000,17.760000,17.709999,17.760000,10.540462,46700
2014-06-13,17.730000,17.799999,17.730000,17.799999,10.564198,35200
2014-06-16,17.809999,17.820000,17.790001,17.799999,10.564198,64700
2014-06-17,17.750000,17.820000,17.750000,17.799999,10.564198,82500
2014-06-18,17.700001,17.820000,17.700001,17.820000,10.641836,60500
2014-06-19,17.820000,17.820000,17.760000,17.809999,10.635863,69900
2014-06-20,17.820000,17.820000,17.780001,17.809999,10.635863,56500
2014-06-23,17.820000,17.840000,17.770000,17.840000,10.653784,87000
2014-06-24,17.840000,17.870001,17.830000,17.870001,10.671697,55200
2014-06-25,17.820000,17.870001,17.820000,17.850000,10.659752,52600
2014-06-26,17.840000,17.879999,17.840000,17.879999,10.677670,43400
2014-06-27,17.840000,17.900000,17.840000,17.900000,10.689614,62500
2014-06-30,17.900000,17.910000,17.879999,17.910000,10.695585,55500
2014-07-01,17.879999,17.910000,17.820000,17.850000,10.659752,92500
2014-07-02,17.830000,17.850000,17.760000,17.780001,10.617949,53800
2014-07-03,17.760000,17.760000,17.709999,17.719999,10.582115,52700
2014-07-07,17.680000,17.750000,17.680000,17.719999,10.582115,98200
2014-07-08,17.719999,17.750000,17.709999,17.740000,10.594060,68800
2014-07-09,17.740000,17.740000,17.690001,17.709999,10.576146,55400
2014-07-10,17.700001,17.719999,17.670000,17.680000,10.558229,49900
2014-07-11,17.690001,17.730000,17.680000,17.709999,10.576146,80100
2014-07-14,17.740000,17.780001,17.709999,17.770000,10.611980,83900
2014-07-15,17.760000,17.780001,17.760000,17.770000,10.611980,69300
2014-07-16,17.690001,17.690001,17.650000,17.660000,10.611977,83700
2014-07-17,17.680000,17.680000,17.549999,17.570000,10.557896,98800
2014-07-18,17.570000,17.680000,17.570000,17.629999,10.593949,111500
2014-07-21,17.600000,17.620001,17.549999,17.549999,10.545877,81300
2014-07-22,17.590000,17.620001,17.549999,17.620001,10.587941,56600
2014-07-23,17.629999,17.650000,17.620001,17.650000,10.605969,90400
2014-07-24,17.620001,17.680000,17.620001,17.670000,10.617987,64000
2014-07-25,17.670000,17.680000,17.650000,17.660000,10.611977,70500
2014-07-28,17.690001,17.690001,17.629999,17.629999,10.593949,97500
2014-07-29,17.620001,17.670000,17.620001,17.629999,10.593949,47300
2014-07-30,17.600000,17.629999,17.440001,17.450001,10.485788,118600
2014-07-31,17.389999,17.400000,17.180000,17.260000,10.371616,173100
2014-08-01,17.139999,17.230000,17.110001,17.139999,10.299506,107700
2014-08-04,17.100000,17.170000,17.100000,17.150000,10.305513,85900
2014-08-05,17.100000,17.120001,17.010000,17.020000,10.227395,101200
2014-08-06,17.000000,17.049999,16.650000,17.049999,10.245426,156000
2014-08-07,17.049999,17.100000,17.000000,17.000000,10.215382,106400
2014-08-08,16.990000,17.070000,16.920000,17.040001,10.239416,97500
2014-08-11,17.040001,17.160000,17.030001,17.139999,10.299506,78300
2014-08-12,17.120001,17.219999,17.120001,17.209999,10.341572,94700
2014-08-13,17.190001,17.240000,17.160000,17.180000,10.323543,82500
2014-08-14,17.190001,17.209999,17.170000,17.200001,10.335562,76900
2014-08-15,17.219999,17.260000,17.200001,17.200001,10.335562,103800
2014-08-18,17.240000,17.340000,17.230000,17.260000,10.371616,108400
2014-08-19,17.290001,17.340000,17.250000,17.340000,10.419691,85400
2014-08-20,17.260000,17.260000,17.180000,17.230000,10.419692,79400
2014-08-21,17.230000,17.250000,17.150000,17.150000,10.371306,145500
2014-08-22,17.139999,17.150000,17.080000,17.100000,10.341070,74500
2014-08-25,17.150000,17.150000,17.059999,17.120001,10.353166,91100
2014-08-26,17.080000,17.230000,17.080000,17.230000,10.419692,126600
2014-08-27,17.200001,17.270000,17.200001,17.240000,10.425736,78800
2014-08-28,17.150000,17.250000,17.150000,17.170000,10.383401,90900
2014-08-29,17.170000,17.209999,17.160000,17.170000,10.383401,64200
2014-09-02,17.200001,17.240000,17.200001,17.209999,10.407598,64000
2014-09-03,17.200001,17.230000,17.180000,17.230000,10.419692,61200
2014-09-04,17.200001,17.260000,17.190001,17.200001,10.401545,85700
2014-09-05,17.150000,17.180000,17.150000,17.160000,10.377355,57500
2014-09-08,17.150000,17.180000,17.059999,17.059999,10.316883,37900
2014-09-09,17.100000,17.100000,16.990000,17.040001,10.304787,77000
2014-09-10,17.070000,17.110001,17.049999,17.110001,10.347118,62300
2014-09-11,17.070000,17.100000,17.040001,17.100000,10.341070,32500
2014-09-12,17.090000,17.110001,17.020000,17.080000,10.328979,55300
2014-09-15,17.110001,17.110001,17.000000,17.020000,10.292689,24100
2014-09-16,17.020000,17.040001,16.959999,16.969999,10.262457,105400
2014-09-17,16.840000,16.920000,16.830000,16.900000,10.286804,81500
2014-09-18,16.900000,16.900000,16.870001,16.879999,10.274632,63100
2014-09-19,16.889999,16.930000,16.870001,16.900000,10.286804,86800
2014-09-22,16.879999,16.889999,16.719999,16.740000,10.189415,96900
2014-09-23,16.709999,16.820000,16.709999,16.750000,10.195498,66000
2014-09-24,16.730000,16.760000,16.709999,16.740000,10.189415,54600
2014-09-25,16.730000,16.740000,16.590000,16.610001,10.110281,81000
2014-09-26,16.600000,16.600000,16.469999,16.580000,10.092020,146600
2014-09-29,16.490000,16.549999,16.450001,16.549999,10.073765,124400
2014-09-30,16.480000,16.610001,16.469999,16.610001,10.110281,113800
2014-10-01,16.590000,16.680000,16.549999,16.670000,10.146810,94500
2014-10-02,16.570000,16.650000,16.510000,16.590000,10.098109,106500
2014-10-03,16.600000,16.639999,16.580000,16.580000,10.092020,98300
2014-10-06,16.600000,16.680000,16.600000,16.680000,10.152890,81000
2014-10-07,16.629999,16.639999,16.580000,16.610001,10.110281,95800
2014-10-08,16.520000,16.660000,16.510000,16.629999,10.122456,106600
2014-10-09,16.620001,16.639999,16.500000,16.520000,10.055503,125000
2014-10-10,16.510000,16.559999,16.430000,16.440001,10.006806,63200
2014-10-13,16.430000,16.469999,16.250000,16.250000,9.891159,75400
2014-10-14,16.240000,16.320000,16.200001,16.209999,9.866807,106700
2014-10-15,16.110001,16.150000,15.940000,16.139999,9.824201,107300
2014-10-16,15.960000,16.309999,15.960000,16.270000,9.903332,129800
2014-10-17,16.440001,16.600000,16.360001,16.559999,10.079848,101900
2014-10-20,16.549999,16.639999,16.549999,16.620001,10.116374,51400
2014-10-21,16.670000,16.760000,16.629999,16.760000,10.201586,73400
2014-10-22,16.690001,16.690001,16.559999,16.559999,10.146441,93100
2014-10-23,16.709999,16.730000,16.580000,16.590000,10.164824,74700
2014-10-24,16.610001,16.610001,16.540001,16.540001,10.134188,70900
2014-10-27,16.549999,16.549999,16.440001,16.500000,10.109681,59300
2014-10-28,16.469999,16.770000,16.450001,16.770000,10.275113,209900
2014-10-29,16.740000,16.750000,16.650000,16.700001,10.232222,74100
2014-10-30,16.680000,16.709999,16.629999,16.680000,10.219966,39900
2014-10-31,16.740000,16.740000,16.639999,16.680000,10.219966,56600
2014-11-03,16.700001,16.709999,16.629999,16.670000,10.213844,52400
2014-11-04,16.610001,16.639999,16.600000,16.639999,10.195457,30100
2014-11-05,16.690001,16.700001,16.540001,16.590000,10.164824,38600
2014-11-06,16.520000,16.590000,16.510000,16.559999,10.146441,63400
2014-11-07,16.540001,16.540001,16.440001,16.480000,10.097428,70500
2014-11-10,16.469999,16.490000,16.350000,16.400000,10.048410,78100
2014-11-11,16.389999,16.450001,16.389999,16.440001,10.072918,45300
2014-11-12,16.400000,16.440001,16.360001,16.440001,10.072918,96600
2014-11-13,16.420000,16.450001,16.330000,16.330000,10.005521,104300
2014-11-14,16.370001,16.389999,16.290001,16.299999,9.987137,60300
2014-11-17,16.299999,16.379999,16.209999,16.250000,9.956507,155300
2014-11-18,16.150000,16.250000,16.150000,16.240000,9.950376,107300
2014-11-19,16.129999,16.180000,16.059999,16.180000,9.981217,83400
2014-11-20,16.129999,16.160000,16.059999,16.139999,9.956545,86100
2014-11-21,16.170000,16.250000,16.170000,16.209999,9.999727,82600
2014-11-24,16.200001,16.250000,16.190001,16.200001,9.993561,68000
2014-11-25,16.170000,16.250000,16.170000,16.250000,10.024404,108700
2014-11-26,16.250000,16.299999,16.200001,16.299999,10.055248,118100
2014-11-28,16.299999,16.299999,16.209999,16.280001,10.042913,99200
2014-12-01,16.299999,16.309999,16.170000,16.200001,9.993561,96900
2014-12-02,16.170000,16.190001,16.139999,16.139999,9.956545,69200
2014-12-03,16.129999,16.160000,16.080000,16.120001,9.944207,74900
2014-12-04,16.090000,16.139999,16.059999,16.100000,9.931870,63700
2014-12-05,16.049999,16.110001,16.049999,16.059999,9.907196,74700
2014-12-08,16.020000,16.020000,15.900000,15.930000,9.827001,163900
2014-12-09,15.740000,15.860000,15.740000,15.810000,9.752975,124700
2014-12-10,15.750000,15.770000,15.670000,15.720000,9.697451,129600
2014-12-11,15.700000,15.770000,15.650000,15.680000,9.672777,125000
2014-12-12,15.640000,15.680000,15.530000,15.680000,9.672777,203900
2014-12-15,15.670000,15.710000,15.520000,15.580000,9.611092,159000
2014-12-16,15.510000,15.560000,15.350000,15.490000,9.555570,246200
2014-12-17,15.380000,15.650000,15.350000,15.640000,9.717108,176900
2014-12-18,15.740000,15.880000,15.710000,15.790000,9.810305,147000
2014-12-19,15.800000,15.840000,15.700000,15.810000,9.822728,272700
2014-12-22,15.800000,15.800000,15.630000,15.670000,9.735749,183700
2014-12-23,15.680000,15.760000,15.680000,15.730000,9.773025,145600
2014-12-24,15.720000,15.780000,15.640000,15.730000,9.773025,74800
2014-12-26,15.780000,15.860000,15.780000,15.820000,9.828941,52400
2014-12-29,15.790000,15.810000,15.700000,15.750000,9.785449,146800
2014-12-30,15.740000,15.740000,15.650000,15.690000,9.748169,171600
2014-12-31,15.690000,15.770000,15.650000,15.770000,9.797876,214900
2015-01-02,15.780000,15.810000,15.720000,15.740000,9.779238,53800
2015-01-05,15.660000,15.720000,15.540000,15.610000,9.698465,81800
2015-01-06,15.620000,15.660000,15.550000,15.570000,9.673615,71200
2015-01-07,15.610000,15.680000,15.580000,15.670000,9.735749,140700
2015-01-08,15.690000,15.960000,15.660000,15.960000,9.915921,263400
2015-01-09,15.970000,15.970000,15.820000,15.940000,9.903496,130600
2015-01-12,15.910000,15.920000,15.830000,15.860000,9.853790,117200
2015-01-13,15.830000,15.880000,15.800000,15.860000,9.853790,119000
2015-01-14,15.660000,15.750000,15.570000,15.700000,9.754385,121500
2015-01-15,15.690000,15.750000,15.660000,15.700000,9.754385,75400
2015-01-16,15.650000,15.750000,15.650000,15.740000,9.779238,110700
2015-01-20,15.790000,15.850000,15.690000,15.740000,9.779238,111600
2015-01-21,15.600000,15.670000,15.570000,15.650000,9.791749,126800
2015-01-22,15.690000,15.720000,15.640000,15.650000,9.791749,106200
2015-01-23,15.660000,15.770000,15.660000,15.730000,9.841805,119700
2015-01-26,15.720000,15.780000,15.660000,15.720000,9.835547,82000
2015-01-27,15.700000,15.730000,15.620000,15.710000,9.829292,110600
2015-01-28,15.690000,15.730000,15.610000,15.630000,9.779238,131900
2015-01-29,15.630000,15.750000,15.620000,15.750000,9.854317,111200
2015-01-30,15.660000,15.760000,15.660000,15.730000,9.841805,97800
2015-02-02,15.740000,15.760000,15.670000,15.730000,9.841805,108200
2015-02-03,15.760000,15.840000,15.750000,15.840000,9.910625,130000
2015-02-04,15.770000,15.840000,15.750000,15.800000,9.885601,127200
2015-02-05,15.800000,15.960000,15.800000,15.940000,9.973194,107800
2015-02-06,15.900000,16.000000,15.890000,15.980000,9.998220,147300
2015-02-09,15.870000,16.000000,15.870000,16.000000,10.010736,103900
2015-02-10,15.970000,16.120001,15.960000,16.120001,10.085814,214300
2015-02-11,16.049999,16.129999,16.049999,16.090000,10.067044,85400
2015-02-12,16.090000,16.129999,16.070000,16.080000,10.060787,60200
2015-02-13,16.120001,16.190001,16.080000,16.150000,10.104586,119100
2015-02-17,16.100000,16.110001,15.980000,16.020000,10.023250,183900
2015-02-18,15.950000,15.970000,15.870000,15.870000,9.998046,135000
2015-02-19,15.900000,15.900000,15.840000,15.840000,9.979147,114400
2015-02-20,15.840000,15.880000,15.840000,15.860000,9.991746,98600
2015-02-23,15.860000,15.950000,15.850000,15.950000,10.048450,171700
2015-02-24,15.940000,15.990000,15.910000,15.970000,10.061049,55000
2015-02-25,16.000000,16.030001,15.930000,15.980000,10.067348,85200
2015-02-26,16.000000,16.080000,15.960000,16.080000,10.130347,176000
2015-02-27,16.040001,16.080000,16.020000,16.059999,10.117743,53300
2015-03-02,16.040001,16.090000,16.040001,16.049999,10.111447,59500
2015-03-03,16.049999,16.059999,16.010000,16.030001,10.098849,42500
2015-03-04,16.000000,16.059999,16.000000,16.059999,10.117743,101800
2015-03-05,16.030001,16.100000,16.030001,16.080000,10.130347,66000
2015-03-06,16.030001,16.030001,15.950000,15.960000,10.054748,47800
2015-03-09,15.950000,15.960000,15.930000,15.960000,10.054748,72200
2015-03-10,15.900000,15.940000,15.840000,15.850000,9.985447,100900
2015-03-11,15.850000,15.880000,15.830000,15.830000,9.972848,93800
2015-03-12,15.850000,15.900000,15.830000,15.830000,9.972848,75300
2015-03-13,15.830000,15.850000,15.800000,15.810000,9.960249,26100
2015-03-16,15.970000,16.080000,15.910000,16.059999,10.117743,382600
2015-03-17,16.049999,16.110001,15.990000,16.059999,10.117743,360100
2015-03-18,15.980000,16.129999,15.930000,16.100000,10.212899,424600
2015-03-19,16.100000,16.120001,16.000000,16.000000,10.149468,226500
2015-03-20,16.020000,16.160000,16.010000,16.150000,10.244616,159600
2015-03-23,16.170000,16.200001,16.120001,16.150000,10.244616,212900
2015-03-24,16.170000,16.340000,16.139999,16.299999,10.339767,249900
2015-03-25,16.260000,16.370001,16.260000,16.320000,10.352454,283300
2015-03-26,16.270000,16.330000,16.260000,16.270000,10.320739,104500
2015-03-27,16.280001,16.290001,16.250000,16.250000,10.308051,163500
2015-03-30,16.320000,16.350000,16.260000,16.350000,10.371484,177700
2015-03-31,16.330000,16.370001,16.270000,16.350000,10.371484,149100
2015-04-01,16.320000,16.400000,16.299999,16.350000,10.371484,84200
2015-04-02,16.280001,16.360001,16.280001,16.340000,10.365143,107100
2015-04-06,16.290001,16.450001,16.290001,16.440001,10.428576,62900
2015-04-07,16.420000,16.469999,16.410000,16.469999,10.447605,95900
2015-04-08,16.450001,16.490000,16.450001,16.469999,10.447605,82100
2015-04-09,16.469999,16.530001,16.450001,16.480000,10.453947,115900
2015-04-10,16.469999,16.469999,16.420000,16.459999,10.441263,104000
2015-04-13,16.459999,16.549999,16.459999,16.510000,10.472975,139100
2015-04-14,16.469999,16.510000,16.469999,16.500000,10.466636,47200
2015-04-15,16.459999,16.520000,16.430000,16.480000,10.524109,111100
2015-04-16,16.490000,16.500000,16.450001,16.459999,10.511337,80900
2015-04-17,16.450001,16.500000,16.430000,16.459999,10.511337,67700
2015-04-20,16.490000,16.510000,16.469999,16.500000,10.536881,58200
2015-04-21,16.480000,16.629999,16.480000,16.629999,10.619897,58100
2015-04-22,16.580000,16.709999,16.580000,16.580000,10.587966,91800
2015-04-23,16.620001,16.650000,16.580000,16.629999,10.619897,57300
2015-04-24,16.629999,16.650000,16.600000,16.620001,10.613514,57600
2015-04-27,16.690001,16.750000,16.600000,16.629999,10.619897,145800
2015-04-28,16.650000,16.690001,16.610001,16.650000,10.632670,48900
2015-04-29,16.650000,16.650000,16.540001,16.559999,10.575195,109600
2015-04-30,16.549999,16.570000,16.510000,16.510000,10.543263,61600
2015-05-01,16.520000,16.549999,16.500000,16.500000,10.536881,57400
2015-05-04,16.600000,16.600000,16.469999,16.500000,10.536881,90300
2015-05-05,16.549999,16.549999,16.430000,16.459999,10.511337,84800
2015-05-06,16.420000,16.459999,16.350000,16.360001,10.447476,133500
2015-05-07,16.370001,16.400000,16.350000,16.389999,10.466637,45900
2015-05-08,16.389999,16.459999,16.389999,16.450001,10.504952,59500
2015-05-11,16.389999,16.400000,16.320000,16.320000,10.421934,55000
2015-05-12,16.250000,16.340000,16.230000,16.290001,10.402779,98000
2015-05-13,16.299999,16.330000,16.280001,16.309999,10.415546,32300
2015-05-14,16.340000,16.469999,16.320000,16.400000,10.473021,47700
2015-05-15,16.379999,16.450001,16.379999,16.410000,10.479405,49000
2015-05-18,16.440001,16.450001,16.400000,16.450001,10.504952,55300
2015-05-19,16.440001,16.510000,16.420000,16.510000,10.543263,53400
2015-05-20,16.450001,16.450001,16.299999,16.330000,10.498266,77700
2015-05-21,16.360001,16.360001,16.250000,16.250000,10.446833,54200
2015-05-22,16.270000,16.320000,16.270000,16.309999,10.485407,54800
2015-05-26,16.250000,16.260000,16.070000,16.070000,10.331114,129900
2015-05-27,16.070000,16.160000,15.990000,16.120001,10.363263,98800
2015-05-28,16.120001,16.139999,16.059999,16.120001,10.363263,58700
2015-05-29,16.120001,16.150000,16.070000,16.139999,10.376119,56800
2015-06-01,16.180000,16.190001,16.120001,16.120001,10.363263,51100
2015-06-02,16.120001,16.170000,16.120001,16.139999,10.376119,88500
2015-06-03,16.170000,16.170000,16.129999,16.129999,10.369688,41600
2015-06-04,16.139999,16.170000,16.049999,16.049999,10.318256,48100
2015-06-05,16.040001,16.049999,15.910000,15.950000,10.253968,77300
2015-06-08,15.950000,15.970000,15.920000,15.920000,10.234684,79800
2015-06-09,15.990000,16.010000,15.800000,15.820000,10.170392,101700
2015-06-10,15.850000,15.860000,15.810000,15.810000,10.163970,48400
2015-06-11,15.850000,15.900000,15.810000,15.850000,10.189681,77400
2015-06-12,15.830000,15.890000,15.810000,15.820000,10.170392,72900
2015-06-15,15.810000,15.870000,15.810000,15.870000,10.202538,33000
2015-06-16,15.870000,16.020000,15.850000,15.950000,10.253968,156500
2015-06-17,15.880000,15.890000,15.750000,15.770000,10.208660,82800
2015-06-18,15.800000,15.880000,15.770000,15.850000,10.260443,171300
2015-06-19,15.880000,15.900000,15.850000,15.860000,10.266914,37700
2015-06-22,15.890000,15.890000,15.750000,15.770000,10.208660,61700
2015-06-23,15.810000,15.930000,15.800000,15.890000,10.286336,81800
2015-06-24,15.880000,15.910000,15.740000,15.740000,10.189238,143500
2015-06-25,15.730000,15.770000,15.550000,15.560000,10.072714,101500
2015-06-26,15.610000,15.610000,15.490000,15.490000,10.027399,100100
2015-06-29,15.470000,15.470000,15.290000,15.290000,9.897926,89800
2015-06-30,15.260000,15.480000,15.220000,15.400000,9.969134,127100
2015-07-01,15.520000,15.540000,15.480000,15.490000,10.027399,62600
2015-07-02,15.470000,15.570000,15.420000,15.560000,10.072714,116400
2015-07-06,15.500000,15.580000,15.460000,15.550000,10.066239,88000
2015-07-07,15.590000,15.590000,15.370000,15.490000,10.027399,45800
2015-07-08,15.400000,15.400000,15.200000,15.260000,9.878511,232000
2015-07-09,15.350000,15.390000,15.310000,15.360000,9.943243,45100
2015-07-10,15.460000,15.460000,15.360000,15.370000,9.949717,35400
2015-07-13,15.400000,15.400000,15.320000,15.320000,9.917355,82300
2015-07-14,15.280000,15.320000,15.280000,15.300000,9.904405,49300
2015-07-15,15.250000,15.340000,15.250000,15.310000,9.910876,54900
2015-07-16,15.320000,15.430000,15.290000,15.420000,9.982082,54300
2015-07-17,15.400000,15.420000,15.370000,15.390000,9.962665,54200
2015-07-20,15.370000,15.380000,15.270000,15.290000,9.897926,39300
2015-07-21,15.260000,15.270000,15.210000,15.230000,9.859089,60600
2015-07-22,15.140000,15.160000,15.010000,15.020000,9.793881,89500
2015-07-23,15.050000,15.050000,14.920000,14.920000,9.728679,59000
2015-07-24,14.840000,14.880000,14.780000,14.790000,9.643910,142200
2015-07-27,14.790000,14.810000,14.650000,14.710000,9.591747,116400
2015-07-28,14.720000,14.900000,14.720000,14.900000,9.715634,141000
2015-07-29,14.890000,14.970000,14.840000,14.880000,9.702594,92900
2015-07-30,14.830000,14.980000,14.830000,14.980000,9.767801,41200
2015-07-31,15.010000,15.050000,14.980000,15.000000,9.780839,46400
2015-08-03,15.020000,15.040000,14.960000,15.020000,9.793881,50300
2015-08-04,14.930000,14.980000,14.930000,14.980000,9.767801,61400
2015-08-05,15.000000,15.070000,14.890000,14.960000,9.754763,81700
2015-08-06,14.990000,14.990000,14.760000,14.800000,9.650434,165200
2015-08-07,14.750000,14.760000,14.700000,14.710000,9.591747,129600
2015-08-10,14.720000,14.770000,14.670000,14.690000,9.578702,94600
2015-08-11,14.650000,14.700000,14.620000,14.700000,9.585225,73800
2015-08-12,14.650000,14.660000,14.600000,14.640000,9.546103,78700
2015-08-13,14.610000,14.670000,14.610000,14.640000,9.546103,36500
2015-08-14,14.610000,14.720000,14.600000,14.610000,9.526539,80700
2015-08-17,14.580000,14.670000,14.580000,14.620000,9.533061,89600
2015-08-18,14.590000,14.650000,14.570000,14.650000,9.552625,52200
2015-08-19,14.570000,14.570000,14.440000,14.490000,9.519773,85100
2015-08-20,14.410000,14.470000,14.310000,14.360000,9.434367,128000
2015-08-21,14.380000,14.390000,14.150000,14.160000,9.302965,118900
2015-08-24,13.800000,14.070000,13.550000,13.940000,9.158429,137900
2015-08-25,14.050000,14.200000,13.950000,14.020000,9.210988,239500
2015-08-26,14.100000,14.270000,14.100000,14.250000,9.362092,103400
2015-08-27,14.240000,14.350000,14.240000,14.280000,9.381804,123000
2015-08-28,14.330000,14.370000,14.310000,14.360000,9.434367,104400
2015-08-31,14.320000,14.460000,14.270000,14.460000,9.500061,98700
2015-09-01,14.320000,14.420000,14.320000,14.400000,9.460642,92500
2015-09-02,14.400000,14.500000,14.400000,14.500000,9.526340,67000
2015-09-03,14.450000,14.500000,14.370000,14.370000,9.440936,110500
2015-09-04,14.370000,14.440000,14.320000,14.420000,9.473785,75300
2015-09-08,14.420000,14.500000,14.350000,14.480000,9.513205,84800
2015-09-09,14.480000,14.480000,14.340000,14.350000,9.427795,73600
2015-09-10,14.350000,14.450000,14.350000,14.410000,9.467209,56100
2015-09-11,14.330000,14.440000,14.330000,14.440000,9.486922,48400
2015-09-14,14.440000,14.440000,14.300000,14.350000,9.427795,29600
2015-09-15,14.310000,14.330000,14.250000,14.250000,9.362092,71400
2015-09-16,14.180000,14.180000,14.080000,14.080000,9.322371,61500
2015-09-17,14.050000,14.250000,14.040000,14.160000,9.375337,53700
2015-09-18,14.090000,14.260000,14.090000,14.240000,9.428303,91400
2015-09-21,14.200000,14.300000,14.200000,14.250000,9.434924,93600
2015-09-22,14.140000,14.260000,14.140000,14.260000,9.441548,67200
2015-09-23,14.180000,14.300000,14.120000,14.120000,9.348852,89900
2015-09-24,14.000000,14.070000,13.980000,14.010000,9.276022,93800
2015-09-25,14.050000,14.150000,14.000000,14.150000,9.368718,89700
2015-09-28,14.140000,14.140000,13.880000,13.890000,9.196570,121700
2015-09-29,13.840000,13.920000,13.800000,13.850000,9.170087,82600
2015-09-30,13.850000,14.000000,13.770000,14.000000,9.269402,139500
2015-10-01,13.870000,13.920000,13.840000,13.910000,9.209811,70700
2015-10-02,13.760000,13.820000,13.550000,13.760000,9.110497,184500
2015-10-05,13.770000,13.890000,13.770000,13.890000,9.196570,78600
2015-10-06,13.860000,14.010000,13.860000,14.000000,9.269402,94800
2015-10-07,14.030000,14.110000,13.980000,14.080000,9.322371,76800
2015-10-08,14.090000,14.420000,14.060000,14.400000,9.534241,94500
2015-10-09,14.420000,14.480000,14.370000,14.480000,9.587210,128100
2015-10-12,14.490000,14.640000,14.460000,14.630000,9.686526,163700
2015-10-13,14.510000,14.620000,14.510000,14.520000,9.613692,77200
2015-10-14,14.500000,14.540000,14.450000,14.490000,9.593827,117300
2015-10-15,14.440000,14.600000,14.430000,14.580000,9.653419,106500
2015-10-16,14.570000,14.690000,14.540000,14.670000,9.713006,89400
2015-10-19,14.650000,14.740000,14.620000,14.690000,9.726248,74300
2015-10-20,14.610000,14.780000,14.610000,14.730000,9.752734,96800
2015-10-21,14.660000,14.660000,14.530000,14.600000,9.739393,85500
2015-10-22,14.570000,14.620000,14.540000,14.550000,9.706038,86300
2015-10-23,14.600000,14.670000,14.600000,14.670000,9.786086,107700
2015-10-26,14.660000,14.680000,14.620000,14.640000,9.766077,58300
2015-10-27,14.640000,14.720000,14.600000,14.690000,9.799430,147000
2015-10-28,14.690000,14.720000,14.620000,14.700000,9.806102,111200
2015-10-29,14.740000,14.740000,14.670000,14.720000,9.819442,80400
2015-10-30,14.740000,14.780000,14.700000,14.770000,9.852798,73800
2015-11-02,14.790000,14.870000,14.790000,14.860000,9.912828,105900
2015-11-03,14.810000,14.830000,14.750000,14.820000,9.886147,81400
2015-11-04,14.750000,14.790000,14.750000,14.750000,9.839458,39400
2015-11-05,14.770000,14.790000,14.750000,14.780000,9.859463,51800
2015-11-06,14.690000,14.750000,14.650000,14.720000,9.819442,82800
2015-11-09,14.710000,14.710000,14.500000,14.500000,9.672684,75000
2015-11-10,14.500000,14.580000,14.470000,14.580000,9.726051,78500
2015-11-11,14.580000,14.580000,14.450000,14.450000,9.639331,64600
2015-11-12,14.370000,14.420000,14.260000,14.270000,9.519255,98800
2015-11-13,14.230000,14.260000,14.160000,14.250000,9.505912,82300
2015-11-16,14.210000,14.290000,14.200000,14.240000,9.499242,115600
2015-11-17,14.290000,14.300000,14.180000,14.220000,9.485906,90700
2015-11-18,14.150000,14.190000,14.110000,14.150000,9.512793,111700
2015-11-19,14.120000,14.120000,13.970000,14.000000,9.411951,92900
2015-11-20,14.040000,14.080000,13.970000,14.050000,9.445564,98400
2015-11-23,14.060000,14.130000,14.060000,14.110000,9.485899,285200
2015-11-24,14.130000,14.170000,14.070000,14.100000,9.479178,214400
2015-11-25,14.090000,14.110000,14.080000,14.090000,9.472458,95100
2015-11-27,14.140000,14.140000,14.040000,14.070000,9.459010,200900
2015-11-30,14.130000,14.140000,14.040000,14.050000,9.445564,163700
2015-12-01,14.070000,14.160000,14.040000,14.150000,9.512793,90000
2015-12-02,14.110000,14.190000,14.100000,14.140000,9.506070,78800
2015-12-03,14.190000,14.190000,14.100000,14.150000,9.512793,53800
2015-12-04,14.140000,14.150000,14.020000,14.080000,9.465733,99800
2015-12-07,14.070000,14.070000,14.010000,14.060000,9.452291,138900
2015-12-08,13.970000,14.070000,13.960000,14.010000,9.418674,81500
2015-12-09,14.020000,14.170000,13.950000,13.970000,9.391780,103800
2015-12-10,14.000000,14.020000,13.920000,13.970000,9.391780,128700
2015-12-11,13.880000,13.890000,13.540000,13.660000,9.183375,384000
2015-12-14,13.690000,13.690000,13.410000,13.580000,9.129591,328700
2015-12-15,13.650000,13.810000,13.620000,13.810000,9.284218,162500
2015-12-16,13.810000,14.070000,13.780000,14.020000,9.501078,205000
2015-12-17,14.050000,14.110000,13.950000,14.090000,9.548515,165300
2015-12-18,14.030000,14.140000,14.020000,14.020000,9.501078,148100
2015-12-21,14.000000,14.070000,13.870000,13.890000,9.412976,214600
2015-12-22,13.870000,13.950000,13.770000,13.910000,9.426528,110500
2015-12-23,13.940000,14.020000,13.920000,14.000000,9.487521,98900
2015-12-24,14.050000,14.080000,14.000000,14.060000,9.528184,44500
2015-12-28,14.070000,14.090000,13.930000,13.960000,9.460412,98100
2015-12-29,14.000000,14.050000,13.920000,13.990000,9.480744,114000
2015-12-30,14.000000,14.060000,13.970000,13.970000,9.467192,129400
2015-12-31,14.000000,14.150000,13.980000,14.100000,9.555289,159600
2016-01-04,13.960000,14.060000,13.940000,14.060000,9.528184,95600
2016-01-05,14.050000,14.160000,14.010000,14.130000,9.575619,78000
2016-01-06,14.030000,14.070000,14.010000,14.040000,9.514626,79800
2016-01-07,13.980000,14.000000,13.960000,13.980000,9.473966,99700
2016-01-08,14.020000,14.020000,13.930000,13.990000,9.480744,65600
2016-01-11,13.980000,14.020000,13.820000,13.820000,9.365540,103800
2016-01-12,13.910000,13.910000,13.790000,13.820000,9.365540,52300
2016-01-13,13.870000,13.870000,13.580000,13.590000,9.209673,118400
2016-01-14,13.570000,13.610000,13.450000,13.550000,9.182562,138300
2016-01-15,13.270000,13.350000,13.200000,13.260000,8.986039,94900
2016-01-19,13.280000,13.290000,13.000000,13.020000,8.823394,148700
2016-01-20,12.870000,12.910000,12.540000,12.740000,8.707210,156700
2016-01-21,12.710000,12.990000,12.710000,12.890000,8.809724,115300
2016-01-22,13.020000,13.200000,13.020000,13.200000,9.021597,106400
2016-01-25,13.160000,13.160000,12.920000,12.950000,8.850733,83200
2016-01-26,12.950000,13.230000,12.950000,13.220000,9.035267,64500
2016-01-27,13.170000,13.310000,13.150000,13.190000,9.014764,67300
2016-01-28,13.310000,13.530000,13.290000,13.410000,9.165119,99700
2016-01-29,13.510000,13.520000,13.400000,13.420000,9.171952,122800
2016-02-01,13.440000,13.440000,13.260000,13.350000,9.124112,108800
2016-02-02,13.340000,13.340000,13.230000,13.240000,9.048934,48400
2016-02-03,13.260000,13.280000,13.180000,13.220000,9.035267,97700
2016-02-04,13.210000,13.290000,13.170000,13.240000,9.048934,61200
2016-02-05,13.270000,13.290000,13.180000,13.210000,9.028430,57300
2016-02-08,13.110000,13.140000,13.040000,13.070000,8.932749,60800
2016-02-09,13.000000,13.010000,12.790000,12.950000,8.850733,106200
2016-02-10,12.940000,12.990000,12.880000,12.910000,8.823394,90200
2016-02-11,12.850000,12.960000,12.810000,12.900000,8.816561,198100
2016-02-12,12.980000,13.130000,12.930000,13.130000,8.973755,46200
2016-02-16,13.160000,13.180000,13.100000,13.150000,8.987422,124300
2016-02-17,13.100000,13.180000,13.090000,13.140000,9.056348,71600
2016-02-18,13.170000,13.190000,13.120000,13.160000,9.070130,75900
2016-02-19,13.140000,13.230000,13.080000,13.200000,9.097699,35900
2016-02-22,13.280000,13.280000,13.150000,13.160000,9.070130,93700
2016-02-23,13.190000,13.230000,13.130000,13.180000,9.083914,87200
2016-02-24,13.140000,13.340000,13.060000,13.340000,9.194189,102900
2016-02-25,13.300000,13.390000,13.250000,13.330000,9.187300,113900
2016-02-26,13.400000,13.400000,13.300000,13.300000,9.166625,51100
2016-02-29,13.370000,13.490000,13.350000,13.440000,9.263113,162700
2016-03-01,13.480000,13.680000,13.460000,13.680000,9.428523,131400
2016-03-02,13.670000,13.670000,13.540000,13.550000,9.338924,109600
2016-03-03,13.540000,13.620000,13.540000,13.570000,9.352713,113400
2016-03-04,13.610000,13.810000,13.610000,13.810000,9.518124,101400
2016-03-07,13.800000,13.910000,13.750000,13.770000,9.490553,64100
2016-03-08,13.800000,13.890000,13.780000,13.860000,9.552580,102300
2016-03-09,13.880000,13.890000,13.850000,13.870000,9.559474,51400
2016-03-10,13.910000,13.960000,13.850000,13.930000,9.600827,62900
2016-03-11,13.950000,14.110000,13.950000,14.090000,9.711105,58600
2016-03-14,14.100000,14.100000,13.940000,13.940000,9.607719,57300
2016-03-15,13.940000,13.940000,13.770000,13.830000,9.531909,129400
2016-03-16,13.770000,13.880000,13.680000,13.870000,9.636118,94400
2016-03-17,13.860000,13.920000,13.840000,13.910000,9.663906,133500
2016-03-18,13.920000,13.980000,13.920000,13.940000,9.684749,110700
2016-03-21,13.940000,14.030000,13.940000,13.960000,9.698651,100100
2016-03-22,13.960000,14.000000,13.900000,13.940000,9.684749,155300
2016-03-23,13.950000,14.050000,13.940000,13.980000,9.712542,88400
2016-03-24,13.950000,13.950000,13.860000,13.910000,9.663906,85700
2016-03-28,13.980000,13.980000,13.790000,13.790000,9.580540,89500
2016-03-29,13.790000,13.890000,13.720000,13.860000,9.629169,133300
2016-03-30,13.880000,13.900000,13.860000,13.870000,9.636118,75300
2016-03-31,13.860000,14.020000,13.860000,13.940000,9.684749,158900
2016-04-01,13.920000,13.960000,13.880000,13.950000,9.691701,140400
2016-04-04,13.950000,13.950000,13.810000,13.860000,9.629169,96700
2016-04-05,13.810000,13.860000,13.730000,13.780000,9.573591,107100
2016-04-06,13.840000,13.910000,13.790000,13.910000,9.663906,79500
2016-04-07,13.880000,13.900000,13.780000,13.850000,9.622225,110800
2016-04-08,13.880000,13.900000,13.850000,13.890000,9.650016,43500
2016-04-11,13.970000,13.970000,13.910000,13.940000,9.684749,45700
2016-04-12,13.960000,14.000000,13.950000,13.980000,9.712542,83700
2016-04-13,13.980000,14.040000,13.960000,14.010000,9.733383,113000
2016-04-14,14.040000,14.060000,13.950000,13.990000,9.719489,118900
2016-04-15,14.010000,14.120000,14.000000,14.110000,9.802857,135600
2016-04-18,14.100000,14.180000,14.070000,14.170000,9.844543,134900
2016-04-19,14.190000,14.290000,14.180000,14.230000,9.886228,94000
2016-04-20,14.170000,14.240000,14.170000,14.210000,9.949243,93900
2016-04-21,14.240000,14.270000,14.180000,14.210000,9.949243,84500
2016-04-22,14.230000,14.270000,14.210000,14.210000,9.949243,50900
2016-04-25,14.200000,14.220000,14.060000,14.140000,9.900229,89900
2016-04-26,14.180000,14.230000,14.160000,14.230000,9.963243,61800
2016-04-27,14.190000,14.400000,14.190000,14.400000,10.082270,81200
2016-04-28,14.380000,14.430000,14.350000,14.430000,10.103275,105200
2016-04-29,14.420000,14.450000,14.360000,14.410000,10.089274,85700
2016-05-02,14.480000,14.480000,14.360000,14.400000,10.082270,84300
2016-05-03,14.380000,14.390000,14.310000,14.370000,10.061267,91700
2016-05-04,14.360000,14.380000,14.260000,14.330000,10.033259,97900
2016-05-05,14.360000,14.400000,14.290000,14.340000,10.040262,166900
2016-05-06,14.300000,14.360000,14.290000,14.320000,10.026255,117200
2016-05-09,14.300000,14.340000,14.280000,14.300000,10.012256,49300
2016-05-10,14.350000,14.390000,14.320000,14.370000,10.061267,72100
2016-05-11,14.370000,14.460000,14.350000,14.460000,10.124283,120600
2016-05-12,14.470000,14.480000,14.370000,14.410000,10.089274,82900
2016-05-13,14.440000,14.460000,14.390000,14.440000,10.110278,121300
2016-05-16,14.450000,14.570000,14.440000,14.570000,10.201299,116400
2016-05-17,14.560000,14.610000,14.520000,14.570000,10.201299,70600
2016-05-18,14.490000,14.630000,14.430000,14.500000,10.229518,86400
2016-05-19,14.410000,14.450000,14.300000,14.300000,10.088421,150300
2016-05-20,14.360000,14.520000,14.360000,14.520000,10.243627,89200
2016-05-23,14.520000,14.570000,14.420000,14.440000,10.187189,109300
2016-05-24,14.500000,14.520000,14.410000,14.420000,10.173080,74500
2016-05-25,14.460000,14.550000,14.460000,14.480000,10.215409,92000
2016-05-26,14.520000,14.610000,14.510000,14.570000,10.278901,148200
2016-05-27,14.600000,14.690000,14.590000,14.600000,10.300069,125700
2016-05-31,14.680000,14.790000,14.670000,14.710000,10.377666,99900
2016-06-01,14.720000,14.800000,14.670000,14.750000,10.405891,79900
2016-06-02,14.680000,14.710000,14.570000,14.570000,10.278901,135600
2016-06-03,14.600000,14.750000,14.600000,14.750000,10.405891,36500
2016-06-06,14.710000,14.790000,14.710000,14.780000,10.427053,82000
2016-06-07,14.820000,14.910000,14.800000,14.860000,10.483490,108000
2016-06-08,14.910000,14.920000,14.880000,14.910000,10.518769,75400
2016-06-09,14.910000,14.960000,14.900000,14.900000,10.511709,81800
2016-06-10,14.900000,14.940000,14.790000,14.790000,10.434106,226000
2016-06-13,14.790000,14.870000,14.760000,14.760000,10.412941,87700
2016-06-14,14.760000,14.780000,14.700000,14.730000,10.391780,68400
2016-06-15,14.660000,14.720000,14.640000,14.650000,10.413100,69900
2016-06-16,14.670000,14.670000,14.590000,14.600000,10.377563,98700
2016-06-17,14.660000,14.710000,14.650000,14.690000,10.441536,85400
2016-06-20,14.810000,14.810000,14.670000,14.670000,10.427318,68300
2016-06-21,14.700000,14.750000,14.700000,14.720000,10.462858,69200
2016-06-22,14.770000,14.850000,14.720000,14.800000,10.519723,74200
2016-06-23,14.890000,15.010000,14.880000,14.990000,10.654771,103300
2016-06-24,14.790000,14.970000,14.700000,14.850000,10.555262,165000
2016-06-27,14.820000,14.820000,14.600000,14.600000,10.377563,102100
2016-06-28,14.700000,14.790000,14.660000,14.790000,10.512614,200600
2016-06-29,14.860000,14.950000,14.790000,14.820000,10.533937,195300
2016-06-30,14.890000,15.020000,14.830000,15.020000,10.676095,84500
2016-07-01,15.020000,15.050000,14.940000,15.040000,10.690312,81100
2016-07-05,14.940000,14.960000,14.870000,14.940000,10.619231,97700
2016-07-06,14.940000,14.960000,14.870000,14.920000,10.605019,60200
2016-07-07,14.910000,15.020000,14.910000,14.980000,10.647663,124200
2016-07-08,15.000000,15.100000,15.000000,15.040000,10.690312,66300
2016-07-11,15.080000,15.190000,15.060000,15.070000,10.711635,77400
2016-07-12,15.140000,15.160000,15.010000,15.130000,10.754283,103300
2016-07-13,15.050000,15.070000,14.920000,14.920000,10.605019,172600
2016-07-14,14.990000,15.020000,14.930000,14.970000,10.640555,116700
2016-07-15,15.010000,15.060000,14.940000,15.050000,10.697418,77500
2016-07-18,15.080000,15.120000,15.020000,15.090000,10.725847,121300
2016-07-19,15.120000,15.130000,15.010000,15.060000,10.704525,85800
2016-07-20,15.000000,15.030000,14.910000,15.010000,10.747488,71200
2016-07-21,15.050000,15.090000,15.010000,15.090000,10.804771,97400
2016-07-22,15.100000,15.120000,15.010000,15.040000,10.768970,103900
2016-07-25,15.070000,15.070000,14.930000,14.930000,10.690206,94100
2016-07-26,14.970000,14.990000,14.890000,14.900000,10.668725,88200
2016-07-27,14.950000,14.990000,14.890000,14.920000,10.683046,83700
2016-07-28,14.900000,14.970000,14.900000,14.950000,10.704525,54500
2016-07-29,14.960000,15.140000,14.920000,15.100000,10.811931,86400
2016-08-01,15.140000,15.140000,14.950000,14.950000,10.704525,67200
2016-08-02,14.950000,14.990000,14.810000,14.810000,10.604287,113400
2016-08-03,14.790000,14.910000,14.790000,14.910000,10.675888,48000
2016-08-04,14.910000,14.990000,14.910000,14.990000,10.733167,45300
2016-08-05,15.020000,15.040000,15.000000,15.000000,10.740331,35700
2016-08-08,14.990000,15.060000,14.940000,14.980000,10.726007,84800
2016-08-09,14.950000,15.070000,14.950000,15.070000,10.790452,42300
2016-08-10,15.080000,15.090000,15.050000,15.060000,10.783289,117700
2016-08-11,15.080000,15.150000,15.080000,15.130000,10.833411,100400
2016-08-12,15.130000,15.200000,15.090000,15.170000,10.862050,94400
2016-08-15,15.200000,15.210000,15.180000,15.200000,10.883534,60900
2016-08-16,15.200000,15.250000,15.160000,15.250000,10.919333,56100
2016-08-17,15.190000,15.230000,15.100000,15.160000,10.933758,58900
2016-08-18,15.160000,15.230000,15.160000,15.230000,10.984243,63000
2016-08-19,15.240000,15.250000,15.190000,15.250000,10.998667,58700
2016-08-22,15.250000,15.250000,15.200000,15.240000,10.991457,40700
2016-08-23,15.250000,15.330000,15.240000,15.250000,10.998667,48900
2016-08-24,15.280000,15.290000,15.240000,15.290000,11.027516,49900
2016-08-25,15.280000,15.280000,15.200000,15.230000,10.984243,45500
2016-08-26,15.240000,15.320000,15.210000,15.240000,10.991457,74800
2016-08-29,15.270000,15.340000,15.270000,15.340000,11.063580,56000
2016-08-30,15.340000,15.340000,15.230000,15.230000,10.984243,76000
2016-08-31,15.290000,15.350000,15.250000,15.290000,11.027516,123800
2016-09-01,15.320000,15.340000,15.280000,15.340000,11.063580,83500
2016-09-02,15.340000,15.340000,15.270000,15.280000,11.020307,39400
2016-09-06,15.320000,15.410000,15.280000,15.410000,11.114067,69900
2016-09-07,15.370000,15.460000,15.280000,15.410000,11.114067,107300
2016-09-08,15.410000,15.450000,15.380000,15.400000,11.106853,83200
2016-09-09,15.360000,15.370000,15.140000,15.170000,10.940970,97900
2016-09-12,15.150000,15.150000,15.070000,15.140000,10.919334,71500
2016-09-13,15.100000,15.120000,14.920000,14.980000,10.803940,93600
2016-09-14,14.970000,15.030000,14.870000,14.910000,10.753454,116900
2016-09-15,14.860000,15.110000,14.860000,15.030000,10.839998,98000
2016-09-16,15.000000,15.040000,14.900000,14.900000,10.746240,50000
2016-09-19,14.920000,14.990000,14.910000,14.910000,10.753454,114700
2016-09-20,14.940000,15.040000,14.940000,15.000000,10.818362,107900
2016-09-21,15.000000,15.140000,14.950000,15.120000,10.985472,132900
2016-09-22,15.190000,15.190000,15.060000,15.080000,10.956405,74100
2016-09-23,15.090000,15.110000,15.060000,15.110000,10.978204,62300
2016-09-26,15.050000,15.110000,15.020000,15.030000,10.920078,60400
2016-09-27,15.060000,15.150000,15.050000,15.150000,11.007266,37900
2016-09-28,15.140000,15.300000,15.140000,15.290000,11.108983,51800
2016-09-29,15.280000,15.280000,15.220000,15.270000,11.094453,76700
2016-09-30,15.300000,15.420000,15.280000,15.410000,11.196169,77600
2016-10-03,15.390000,15.430000,15.350000,15.390000,11.181637,82500
2016-10-04,15.350000,15.380000,15.240000,15.360000,11.159841,53600
2016-10-05,15.350000,15.400000,15.320000,15.380000,11.174376,50800
2016-10-06,15.330000,15.390000,15.300000,15.360000,11.159841,38500
2016-10-07,15.390000,15.390000,15.280000,15.350000,11.152579,60800
2016-10-10,15.340000,15.350000,15.320000,15.350000,11.152579,72400
2016-10-11,15.310000,15.350000,15.300000,15.320000,11.130781,63200
2016-10-12,15.280000,15.300000,15.200000,15.220000,11.058125,73300
2016-10-13,15.180000,15.240000,15.130000,15.200000,11.043595,42900
2016-10-14,15.260000,15.260000,15.190000,15.220000,11.058125,42000
2016-10-17,15.210000,15.210000,14.970000,15.010000,10.905548,169500
2016-10-18,15.060000,15.090000,14.960000,14.990000,10.891020,143500
2016-10-19,14.900000,14.940000,14.890000,14.930000,10.927612,205100
2016-10-20,14.920000,15.000000,14.910000,14.940000,10.934931,230300
2016-10-21,14.960000,15.070000,14.950000,15.070000,11.030085,106000
2016-10-24,15.050000,15.120000,15.050000,15.120000,11.066682,56800
2016-10-25,15.080000,15.130000,15.070000,15.110000,11.059360,42500
2016-10-26,15.080000,15.130000,15.080000,15.100000,11.052043,37100
2016-10-27,15.130000,15.140000,15.070000,15.100000,11.052043,70400
2016-10-28,15.110000,15.120000,15.020000,15.020000,10.993487,48500
2016-10-31,15.070000,15.080000,14.970000,15.000000,10.978849,58400
2016-11-01,15.020000,15.030000,14.870000,14.890000,10.898341,47300
2016-11-02,14.890000,14.890000,14.620000,14.630000,10.708038,138400
2016-11-03,14.600000,14.660000,14.530000,14.560000,10.656805,114700
2016-11-04,14.520000,14.640000,14.520000,14.580000,10.671438,71700
2016-11-07,14.680000,14.720000,14.630000,14.660000,10.729992,86000
2016-11-08,14.640000,14.680000,14.610000,14.650000,10.722677,166600
2016-11-09,14.510000,14.590000,14.480000,14.500000,10.612888,152300
2016-11-10,14.520000,14.540000,14.330000,14.410000,10.547013,124900
2016-11-11,14.390000,14.390000,14.290000,14.300000,10.466505,72800
2016-11-14,14.320000,14.320000,14.210000,14.300000,10.466505,286300
2016-11-15,14.280000,14.540000,14.280000,14.490000,10.605570,99200
2016-11-16,14.400000,14.550000,14.370000,14.460000,10.664569,75700
2016-11-17,14.450000,14.550000,14.440000,14.530000,10.716199,47100
2016-11-18,14.560000,14.670000,14.550000,14.640000,10.797326,82900
2016-11-21,14.650000,14.760000,14.650000,14.750000,10.878451,80900
2016-11-22,14.780000,14.810000,14.760000,14.800000,10.915327,93700
2016-11-23,14.740000,14.780000,14.670000,14.740000,10.871078,46500
2016-11-25,14.800000,14.920000,14.760000,14.890000,10.981705,54800
2016-11-28,14.920000,14.940000,14.790000,14.830000,10.937450,107500
2016-11-29,14.760000,14.910000,14.760000,14.780000,10.900577,102000
2016-11-30,14.860000,14.890000,14.810000,14.850000,10.952203,151200
2016-12-01,14.850000,14.860000,14.780000,14.830000,10.937450,85200
2016-12-02,14.830000,14.840000,14.800000,14.820000,10.930079,57100
2016-12-05,14.860000,14.860000,14.850000,14.860000,10.959577,42100
2016-12-06,14.820000,15.000000,14.820000,15.000000,11.062832,88500
2016-12-07,15.000000,15.080000,15.000000,15.000000,11.062832,32200
2016-12-08,15.000000,15.030000,15.000000,15.020000,11.077581,57900
2016-12-09,15.030000,15.080000,14.970000,15.010000,11.070206,81400
2016-12-12,15.010000,15.030000,15.000000,15.030000,11.084958,47500
2016-12-13,15.000000,15.080000,15.000000,15.050000,11.099707,93400
2016-12-14,15.010000,15.050000,14.950000,14.950000,11.025955,115500
2016-12-15,14.910000,14.980000,14.910000,14.950000,11.025955,128300
2016-12-16,14.910000,15.070000,14.910000,15.070000,11.114460,96400
2016-12-19,15.090000,15.130000,15.080000,15.130000,11.158709,53400
2016-12-20,15.080000,15.110000,15.040000,15.070000,11.114460,38300
2016-12-21,14.990000,14.990000,14.920000,14.930000,11.086980,43000
2016-12-22,14.900000,15.010000,14.900000,15.010000,11.146386,44900
2016-12-23,15.000000,15.010000,14.910000,14.980000,11.124113,64400
2016-12-27,15.020000,15.060000,15.000000,15.000000,11.138964,40000
2016-12-28,14.980000,15.070000,14.980000,15.020000,11.153814,49100
2016-12-29,15.000000,15.070000,15.000000,15.040000,11.168667,79600
2016-12-30,15.120000,15.120000,15.030000,15.040000,11.168667,61600
2017-01-03,15.070000,15.180000,15.070000,15.110000,11.220651,96900
2017-01-04,15.170000,15.220000,15.170000,15.220000,11.302335,47500
2017-01-05,15.160000,15.210000,15.130000,15.160000,11.257778,135000
2017-01-06,15.190000,15.260000,15.140000,15.250000,11.324611,64800
2017-01-09,15.250000,15.260000,15.170000,15.180000,11.272630,77200
2017-01-10,15.220000,15.240000,15.180000,15.210000,11.294909,71600
2017-01-11,15.210000,15.230000,15.190000,15.210000,11.294909,112200
2017-01-12,15.230000,15.230000,15.170000,15.190000,11.280056,99100
2017-01-13,15.190000,15.250000,15.190000,15.250000,11.324611,110900
2017-01-17,15.220000,15.240000,15.220000,15.240000,11.317187,55800
2017-01-18,15.130000,15.170000,15.130000,15.150000,11.326906,45200
2017-01-19,15.120000,15.160000,15.110000,15.110000,11.297002,46300
2017-01-20,15.120000,15.140000,15.090000,15.110000,11.297002,60800
2017-01-23,15.100000,15.180000,15.100000,15.170000,11.341860,100200
2017-01-24,15.200000,15.220000,15.180000,15.220000,11.379245,65400
2017-01-25,15.260000,15.290000,15.220000,15.260000,11.409149,118600
2017-01-26,15.300000,15.320000,15.260000,15.320000,11.454005,45800
2017-01-27,15.340000,15.350000,15.290000,15.300000,11.439052,63900
2017-01-30,15.300000,15.310000,15.240000,15.310000,11.446535,57100
2017-01-31,15.250000,15.300000,15.250000,15.300000,11.439052,61700
2017-02-01,15.320000,15.360000,15.260000,15.360000,11.483913,100000
2017-02-02,15.320000,15.380000,15.320000,15.370000,11.491388,49300
2017-02-03,15.360000,15.390000,15.350000,15.370000,11.491388,54500
2017-02-06,15.390000,15.390000,15.310000,15.360000,11.483913,43000
2017-02-07,15.350000,15.410000,15.330000,15.410000,11.521295,135300
2017-02-08,15.410000,15.410000,15.270000,15.310000,11.446535,231100
2017-02-09,15.320000,15.750000,15.310000,15.380000,11.498866,242800
2017-02-10,15.370000,15.420000,15.360000,15.360000,11.483913,45300
2017-02-13,15.380000,15.460000,15.380000,15.430000,11.536246,51600
2017-02-14,15.450000,15.450000,15.360000,15.390000,11.506341,74700
2017-02-15,15.310000,15.310000,15.250000,15.300000,11.516124,84200
2017-02-16,15.330000,15.330000,15.280000,15.300000,11.516124,71800
2017-02-17,15.290000,15.320000,15.250000,15.270000,11.493546,49200
2017-02-21,15.280000,15.330000,15.270000,15.310000,11.523656,75300
2017-02-22,15.300000,15.330000,15.280000,15.290000,11.508600,45900
2017-02-23,15.320000,15.350000,15.310000,15.350000,11.553760,63200
2017-02-24,15.340000,15.380000,15.310000,15.380000,11.576342,58400
2017-02-27,15.400000,15.440000,15.370000,15.440000,11.621503,47400
2017-02-28,15.440000,15.500000,15.430000,15.470000,11.644082,36900
2017-03-01,15.550000,15.550000,15.520000,15.530000,11.689248,59400
2017-03-02,15.530000,15.540000,15.400000,15.410000,11.598922,48500
2017-03-03,15.420000,15.450000,15.250000,15.400000,11.591396,81800
2017-03-06,15.380000,15.380000,15.330000,15.370000,11.568814,32700
2017-03-07,15.390000,15.390000,15.280000,15.290000,11.508600,46900
2017-03-08,15.310000,15.310000,15.220000,15.250000,11.478491,57500
2017-03-09,15.200000,15.200000,15.010000,15.070000,11.343008,155700
2017-03-10,15.120000,15.150000,15.050000,15.090000,11.358060,112900
2017-03-13,15.100000,15.160000,15.090000,15.120000,11.380643,46600
2017-03-14,15.030000,15.050000,14.940000,14.990000,11.282794,94200
2017-03-15,14.970000,15.180000,14.970000,15.160000,11.410748,75300
2017-03-16,15.130000,15.220000,15.130000,15.140000,11.395698,57900
2017-03-17,15.190000,15.220000,15.140000,15.160000,11.410748,48900
2017-03-20,15.160000,15.180000,15.120000,15.170000,11.418279,65600
2017-03-21,15.180000,15.210000,15.050000,15.130000,11.388169,111700
2017-03-22,14.980000,15.080000,14.960000,15.060000,11.411660,149200
2017-03-23,15.050000,15.150000,15.050000,15.110000,11.449549,79000
2017-03-24,15.130000,15.180000,15.120000,15.150000,11.479855,42700
2017-03-27,15.110000,15.160000,15.050000,15.090000,11.434390,73600
2017-03-28,15.110000,15.180000,15.110000,15.180000,11.502591,45900
2017-03-29,15.200000,15.260000,15.150000,15.250000,11.555631,58500
2017-03-30,15.280000,15.350000,15.260000,15.350000,11.631405,130500
2017-03-31,15.350000,15.360000,15.280000,15.360000,11.638985,93100
2017-04-03,15.370000,15.410000,15.300000,15.410000,11.676870,77600
2017-04-04,15.370000,15.380000,15.300000,15.310000,11.601099,65100
2017-04-05,15.290000,15.360000,15.280000,15.280000,11.578365,88400
2017-04-06,15.290000,15.380000,15.290000,15.360000,11.638985,61300
2017-04-07,15.340000,15.420000,15.340000,15.390000,11.661716,38500
2017-04-10,15.410000,15.450000,15.400000,15.450000,11.707181,24700
2017-04-11,15.430000,15.440000,15.420000,15.440000,11.699603,39400
2017-04-12,15.460000,15.510000,15.430000,15.450000,11.707181,88000
2017-04-13,15.470000,15.510000,15.470000,15.500000,11.745066,42900
2017-04-17,15.550000,15.600000,15.550000,15.580000,11.805688,39500
2017-04-18,15.580000,15.660000,15.540000,15.660000,11.866305,240600
2017-04-19,15.550000,15.550000,15.370000,15.400000,11.745046,107900
2017-04-20,15.430000,15.440000,15.380000,15.400000,11.745046,120400
2017-04-21,15.420000,15.420000,15.360000,15.390000,11.737417,57700
2017-04-24,15.460000,15.480000,15.390000,15.420000,11.760298,81700
2017-04-25,15.430000,15.500000,15.430000,15.480000,11.806055,134600
2017-04-26,15.500000,15.510000,15.450000,15.510000,11.828940,94900
2017-04-27,15.500000,15.530000,15.470000,15.530000,11.844191,41500
2017-04-28,15.540000,15.550000,15.520000,15.550000,11.859444,27700
2017-05-01,15.530000,15.600000,15.530000,15.590000,11.889951,53300
2017-05-02,15.620000,15.620000,15.560000,15.600000,11.897579,31500
2017-05-03,15.600000,15.600000,15.560000,15.560000,11.867068,28400
2017-05-04,15.570000,15.570000,15.350000,15.470000,11.798431,65700
2017-05-05,15.490000,15.500000,15.420000,15.500000,11.821311,54600
2017-05-08,15.510000,15.510000,15.470000,15.470000,11.798431,45100
2017-05-09,15.480000,15.500000,15.440000,15.440000,11.775551,51000
2017-05-10,15.470000,15.520000,15.460000,15.520000,11.836564,58000
2017-05-11,15.520000,15.520000,15.470000,15.500000,11.821311,53700
2017-05-12,15.520000,15.590000,15.510000,15.590000,11.889951,57000
2017-05-15,15.600000,15.630000,15.570000,15.590000,11.889951,52600
2017-05-16,15.630000,15.690000,15.560000,15.670000,11.950965,56700
2017-05-17,15.550000,15.560000,15.400000,15.440000,11.851941,145300
2017-05-18,15.410000,15.760000,15.340000,15.390000,11.813562,102200
2017-05-19,15.410000,15.460000,15.330000,15.330000,11.767506,168200
2017-05-22,15.390000,15.430000,15.360000,15.380000,11.805886,88900
2017-05-23,15.420000,15.440000,15.390000,15.420000,11.836588,40400
2017-05-24,15.470000,15.500000,15.420000,15.480000,11.882646,64300
2017-05-25,15.530000,15.530000,15.440000,15.460000,11.867294,50000
2017-05-26,15.520000,15.520000,15.450000,15.500000,11.897997,68900
2017-05-30,15.500000,15.510000,15.430000,15.500000,11.897997,74200
2017-05-31,15.470000,15.480000,15.420000,15.440000,11.851941,72300
2017-06-01,15.550000,15.550000,15.470000,15.500000,11.897997,98400
2017-06-02,15.580000,15.580000,15.490000,15.540000,11.928703,131200
2017-06-05,15.530000,15.560000,15.520000,15.560000,11.944056,41000
2017-06-06,15.550000,15.560000,15.500000,15.550000,11.936381,36900
2017-06-07,15.590000,15.590000,15.510000,15.570000,11.951731,58100
2017-06-08,15.530000,15.580000,15.480000,15.480000,11.882646,73300
2017-06-09,15.540000,15.540000,15.460000,15.510000,11.905676,62600
2017-06-12,15.470000,16.139999,15.450000,15.450000,11.859618,50900
2017-06-13,15.460000,15.510000,15.460000,15.510000,11.905676,38800
2017-06-14,15.520000,15.540000,15.490000,15.540000,11.928703,27900
2017-06-15,15.540000,15.580000,15.490000,15.580000,11.959405,49500
2017-06-16,15.580000,15.580000,15.470000,15.520000,11.913350,36700
2017-06-19,15.600000,15.600000,15.490000,15.580000,11.959405,58400
2017-06-20,15.540000,15.570000,15.490000,15.520000,11.913350,53500
2017-06-21,15.470000,15.470000,15.330000,15.360000,11.866996,67700
2017-06-22,15.400000,15.400000,15.230000,15.320000,11.836094,57900
2017-06-23,15.360000,15.360000,15.230000,15.310000,11.828367,47300
2017-06-26,15.320000,15.380000,15.250000,15.250000,11.782010,58100
2017-06-27,15.250000,15.320000,15.220000,15.270000,11.797460,164600
2017-06-28,15.290000,15.370000,15.260000,15.340000,11.851542,90500
2017-06-29,15.340000,15.340000,15.170000,15.230000,11.766558,57200
2017-06-30,15.300000,15.340000,15.240000,15.280000,11.805188,52100
2017-07-03,15.360000,15.440000,15.330000,15.400000,11.897902,47300
2017-07-05,15.380000,15.380000,15.260000,15.300000,11.820639,64000
2017-07-06,15.300000,15.320000,15.220000,15.220000,11.758835,81800
2017-07-07,15.250000,15.270000,15.220000,15.230000,11.766558,35100
2017-07-10,15.240000,15.370000,15.240000,15.370000,11.874721,53800
2017-07-11,15.420000,15.450000,15.350000,15.450000,11.936529,62800
2017-07-12,15.500000,15.520000,15.430000,15.490000,11.967430,53500
2017-07-13,15.900000,15.900000,15.480000,15.540000,12.006064,54200
2017-07-14,15.520000,15.610000,15.510000,15.610000,12.060144,60100
2017-07-17,15.690000,15.690000,15.550000,15.610000,12.060144,50000
2017-07-18,15.650000,15.650000,15.560000,15.620000,12.067869,62300
2017-07-19,15.570000,15.590000,15.510000,15.590000,12.122297,59500
2017-07-20,15.630000,15.630000,15.510000,15.550000,12.091198,37600
2017-07-21,15.590000,15.590000,15.540000,15.560000,12.098971,39300
2017-07-24,15.590000,15.590000,15.530000,15.560000,12.098971,40100
2017-07-25,15.550000,15.640000,15.540000,15.560000,12.098971,93600
2017-07-26,15.590000,15.650000,15.540000,15.550000,12.091198,81500
2017-07-27,15.570000,15.590000,15.490000,15.540000,12.083424,63800
2017-07-28,15.540000,15.590000,15.510000,15.520000,12.067866,33900
2017-07-31,15.560000,15.640000,15.550000,15.630000,12.153401,38600
2017-08-01,15.650000,15.660000,15.590000,15.610000,12.137850,56300
2017-08-02,15.660000,15.700000,15.620000,15.700000,12.207831,62700
2017-08-03,15.700000,15.700000,15.650000,15.700000,12.207831,52400
2017-08-04,15.740000,15.740000,15.680000,15.740000,12.238930,69000
2017-08-07,15.680000,15.720000,15.600000,15.630000,12.153401,68600
2017-08-08,15.640000,15.650000,15.460000,15.510000,12.060094,81400
2017-08-09,15.480000,15.510000,15.420000,15.440000,12.005663,55700
2017-08-10,15.450000,15.450000,15.140000,15.180000,11.803496,115700
2017-08-11,14.880000,15.320000,14.880000,15.300000,11.896804,155700
2017-08-14,15.340000,15.370000,15.270000,15.290000,11.889027,57100
2017-08-15,15.320000,15.350000,15.270000,15.350000,11.935680,61300
2017-08-16,15.360000,15.390000,15.320000,15.380000,11.959011,75100
2017-08-17,15.380000,15.380000,15.260000,15.270000,11.873477,53200
2017-08-18,15.290000,15.340000,15.260000,15.330000,11.920133,40900
2017-08-21,15.340000,15.340000,15.250000,15.310000,11.904582,60200
2017-08-22,15.310000,15.360000,15.290000,15.350000,11.935680,34700
2017-08-23,15.240000,15.280000,15.210000,15.280000,11.959164,60400
2017-08-24,15.300000,15.300000,15.230000,15.270000,11.951337,40000
2017-08-25,15.280000,15.300000,15.260000,15.280000,11.959164,58500
2017-08-28,15.290000,15.320000,15.280000,15.320000,11.990471,36300
2017-08-29,15.290000,15.350000,15.290000,15.350000,12.013950,43400
2017-08-30,15.350000,15.350000,15.300000,15.300000,11.974816,22800
2017-08-31,15.310000,15.370000,15.310000,15.350000,12.013950,40400
2017-09-01,15.370000,15.400000,15.340000,15.400000,12.053084,33800
2017-09-05,15.390000,15.390000,15.290000,15.300000,11.974816,102900
2017-09-06,15.320000,15.380000,15.310000,15.370000,12.029602,70800
2017-09-07,15.380000,15.400000,15.330000,15.380000,12.037428,43200
2017-09-08,15.350000,15.380000,15.310000,15.340000,12.006123,52000
2017-09-11,15.380000,15.400000,15.350000,15.390000,12.045255,41600
2017-09-12,15.400000,15.420000,15.370000,15.380000,12.037428,70800
2017-09-13,15.390000,15.410000,15.320000,15.380000,12.037428,32100
2017-09-14,15.360000,15.380000,15.320000,15.360000,12.021776,29900
2017-09-15,15.370000,15.450000,15.370000,15.450000,12.092217,41000
2017-09-18,15.500000,15.500000,15.460000,15.500000,12.131348,62000
2017-09-19,15.510000,15.510000,15.470000,15.490000,12.123521,36800
2017-09-20,15.520000,15.540000,15.480000,15.530000,12.154832,48600
2017-09-21,15.480000,15.480000,15.370000,15.390000,12.119390,44300
2017-09-22,15.370000,15.470000,15.370000,15.460000,12.174519,52500
2017-09-25,15.470000,15.470000,15.410000,15.420000,12.143020,41100
2017-09-26,15.420000,15.500000,15.420000,15.470000,12.182392,54400
2017-09-27,15.480000,15.510000,15.390000,15.500000,12.206017,68500
2017-09-28,15.500000,15.550000,15.460000,15.550000,12.245392,49500
2017-09-29,15.520000,15.550000,15.470000,15.550000,12.245392,48200
2017-10-02,15.550000,15.550000,15.500000,15.540000,12.237516,56800
2017-10-03,15.600000,15.600000,15.530000,15.530000,12.229640,78900
2017-10-04,15.490000,15.540000,15.490000,15.540000,12.237516,55600
2017-10-05,15.500000,15.540000,15.490000,15.500000,12.206017,44800
2017-10-06,15.500000,15.510000,15.470000,15.510000,12.213893,52100
2017-10-09,15.520000,15.550000,15.500000,15.510000,12.213893,25400
2017-10-10,15.520000,15.600000,15.500000,15.580000,12.269014,50800
2017-10-11,15.610000,15.650000,15.570000,15.610000,12.292639,43600
2017-10-12,15.620000,15.640000,15.540000,15.560000,12.253263,45700
2017-10-13,15.590000,15.710000,15.570000,15.710000,12.371390,34900
2017-10-16,15.730000,15.730000,15.650000,15.700000,12.363513,39800
2017-10-17,15.720000,15.720000,15.590000,15.640000,12.316265,43400
2017-10-18,15.640000,15.680000,15.630000,15.630000,12.308390,47500
2017-10-19,15.540000,15.580000,15.500000,15.580000,12.344044,38800
2017-10-20,15.550000,15.580000,15.530000,15.570000,12.336120,39300
2017-10-23,15.570000,15.600000,15.490000,15.520000,12.296505,49500
2017-10-24,15.500000,15.600000,15.500000,15.560000,12.328197,73800
2017-10-25,15.540000,15.540000,15.340000,15.390000,12.193504,54300
2017-10-26,15.410000,15.420000,15.290000,15.370000,12.177658,51000
2017-10-27,15.400000,15.400000,15.320000,15.400000,12.201430,36500
2017-10-30,15.380000,15.480000,15.380000,15.470000,12.256891,57100
2017-10-31,15.440000,15.470000,15.390000,15.460000,12.248968,47000
2017-11-01,15.450000,15.500000,15.380000,15.430000,12.225199,48900
2017-11-02,15.470000,15.470000,15.380000,15.430000,12.225199,58500
2017-11-03,15.440000,15.440000,15.350000,15.410000,12.209351,49900
2017-11-06,15.400000,15.500000,15.400000,15.490000,12.272735,46200
2017-11-07,15.480000,15.500000,15.400000,15.440000,12.233120,40300
2017-11-08,15.430000,15.430000,15.220000,15.290000,12.114274,133600
2017-11-09,15.140000,15.210000,15.100000,15.150000,12.003355,98000
2017-11-10,15.070000,15.170000,15.070000,15.170000,12.019198,62300
2017-11-13,15.100000,15.140000,15.050000,15.070000,11.939968,53900
2017-11-14,15.050000,15.060000,14.950000,15.010000,11.892433,71400
2017-11-15,14.960000,15.020000,14.860000,15.000000,11.884510,115500
2017-11-16,15.070000,15.160000,15.060000,15.130000,11.987507,133800
2017-11-17,15.110000,15.190000,15.110000,15.190000,12.035045,92400
2017-11-20,15.230000,15.230000,15.100000,15.140000,11.995432,40100
2017-11-21,15.180000,15.180000,15.090000,15.120000,11.979587,66700
2017-11-22,15.020000,15.100000,14.990000,15.100000,12.039382,37300
2017-11-24,15.100000,15.170000,15.090000,15.170000,12.095192,21600
2017-11-27,15.150000,15.150000,14.990000,15.010000,11.967625,61400
2017-11-28,15.060000,15.140000,15.020000,15.140000,12.071276,207300
2017-11-29,15.100000,15.130000,14.990000,15.000000,11.959650,85700
2017-11-30,15.050000,15.120000,14.990000,15.010000,11.967625,208300
2017-12-01,15.040000,15.160000,14.980000,15.160000,12.087222,145600
2017-12-04,15.230000,15.230000,15.140000,15.190000,12.111141,79900
2017-12-05,15.190000,15.230000,15.180000,15.230000,12.143032,38700
2017-12-06,15.240000,15.320000,15.210000,15.300000,12.198844,232500
2017-12-07,15.260000,15.330000,15.260000,15.270000,12.174929,110000
2017-12-08,15.270000,15.280000,15.210000,15.240000,12.151007,22200
2017-12-11,15.210000,15.260000,15.200000,15.230000,12.143032,52200
2017-12-12,15.210000,15.260000,15.210000,15.220000,12.135061,31100
2017-12-13,15.220000,15.350000,15.220000,15.350000,12.238712,113900
2017-12-14,15.320000,15.350000,15.250000,15.310000,12.206817,33200
2017-12-15,15.320000,15.340000,15.290000,15.330000,12.222765,43800
2017-12-18,15.360000,15.360000,15.250000,15.270000,12.174929,83100
2017-12-19,15.320000,15.330000,15.200000,15.210000,12.127086,83100
2017-12-20,15.210000,15.260000,15.170000,15.170000,12.095192,76400
2017-12-21,15.060000,15.090000,15.010000,15.040000,12.063111,127100
2017-12-22,15.070000,15.090000,15.030000,15.060000,12.079154,121600
2017-12-26,15.050000,15.150000,15.050000,15.100000,12.111237,57500
2017-12-27,15.120000,15.150000,15.100000,15.140000,12.143316,37400
2017-12-28,15.170000,15.170000,15.110000,15.130000,12.135295,54400
2017-12-29,15.120000,15.180000,15.100000,15.120000,12.127278,97200
2018-01-02,15.140000,15.230000,15.110000,15.210000,12.199462,56100
2018-01-03,15.260000,15.260000,15.170000,15.260000,12.239566,81700
2018-01-04,15.250000,15.270000,15.210000,15.220000,12.207485,95500
2018-01-05,15.250000,15.260000,15.240000,15.260000,12.239566,42500
2018-01-08,15.280000,15.290000,15.220000,15.240000,12.223526,46400
2018-01-09,15.260000,15.260000,15.140000,15.180000,12.175400,116200
2018-01-10,15.170000,15.190000,15.090000,15.180000,12.175400,129100
2018-01-11,15.190000,15.290000,15.170000,15.230000,12.215503,68500
2018-01-12,15.220000,15.250000,15.150000,15.170000,12.167379,112000
2018-01-16,15.290000,15.290000,15.200000,15.220000,12.207485,59100
2018-01-17,15.250000,15.260000,15.240000,15.250000,12.231544,50600
2018-01-18,15.110000,15.140000,15.030000,15.050000,12.142797,84000
2018-01-19,15.050000,15.080000,15.040000,15.050000,12.142797,74500
2018-01-22,15.050000,15.110000,15.050000,15.090000,12.175070,55400
2018-01-23,15.110000,15.110000,15.100000,15.100000,12.183140,69200
2018-01-24,15.150000,15.200000,15.140000,15.190000,12.255749,110000
2018-01-25,15.190000,15.220000,15.140000,15.140000,12.215410,62000
2018-01-26,15.140000,15.230000,15.140000,15.230000,12.288022,60200
2018-01-29,15.210000,15.210000,15.120000,15.150000,12.223477,59500
2018-01-30,15.140000,15.140000,15.030000,15.050000,12.142797,119600
2018-01-31,15.060000,15.110000,15.040000,15.080000,12.167000,101100
2018-02-01,15.060000,15.130000,15.020000,15.020000,12.118590,68300
2018-02-02,14.990000,15.010000,14.920000,14.940000,12.054045,99500
2018-02-05,14.900000,14.900000,14.570000,14.650000,11.820061,94400
2018-02-06,14.570000,14.740000,14.570000,14.700000,11.860405,81000
2018-02-07,14.750000,14.840000,14.690000,14.770000,11.916880,59700
2018-02-08,14.780000,14.780000,14.660000,14.680000,11.844266,82400
2018-02-09,14.720000,14.720000,14.490000,14.630000,11.803926,125400
2018-02-12,14.650000,14.800000,14.630000,14.800000,11.941087,73000
2018-02-13,14.820000,14.850000,14.720000,14.850000,11.981431,67300
2018-02-14,14.830000,14.830000,14.760000,14.790000,11.933022,73800
2018-02-15,14.750000,14.750000,14.650000,14.700000,11.933022,54800
2018-02-16,14.680000,14.770000,14.650000,14.740000,11.965490,63600
2018-02-20,14.710000,14.900000,14.710000,14.880000,12.079138,238700
2018-02-21,14.910000,14.910000,14.810000,14.850000,12.054786,76200
2018-02-22,14.890000,14.920000,14.820000,14.870000,12.071018,55500
2018-02-23,14.870000,14.900000,14.810000,14.850000,12.054786,49400
2018-02-26,14.850000,14.880000,14.840000,14.860000,12.062901,37900
2018-02-27,14.850000,14.880000,14.780000,14.790000,12.006076,68800
2018-02-28,14.840000,14.910000,14.820000,14.840000,12.046668,64700
2018-03-01,14.910000,14.910000,14.790000,14.800000,12.014194,114100
2018-03-02,14.800000,14.820000,14.770000,14.800000,12.014194,26700
2018-03-05,14.800000,14.860000,14.780000,14.810000,12.022314,27900
2018-03-06,14.860000,14.860000,14.770000,14.810000,12.022314,49500
2018-03-07,14.750000,14.860000,14.750000,14.860000,12.062901,93300
2018-03-08,14.880000,14.890000,14.780000,14.850000,12.054786,52100
2018-03-09,14.890000,14.890000,14.840000,14.840000,12.046668,37200
2018-03-12,14.880000,14.920000,14.830000,14.880000,12.079138,55300
2018-03-13,14.920000,14.920000,14.800000,14.820000,12.030431,29600
2018-03-14,14.850000,14.850000,14.800000,14.810000,12.022314,29800
2018-03-15,14.830000,14.880000,14.810000,14.870000,12.071018,55800
2018-03-16,14.870000,14.870000,14.780000,14.800000,12.014194,30000
2018-03-19,14.770000,14.770000,14.690000,14.740000,11.965490,28000
2018-03-20,14.730000,14.730000,14.580000,14.580000,11.835608,69000
2018-03-21,14.620000,14.640000,14.570000,14.640000,11.884313,96600
2018-03-22,14.470000,14.540000,14.470000,14.490000,11.834085,80600
2018-03-23,14.550000,14.580000,14.520000,14.530000,11.866754,78200
2018-03-26,14.560000,14.610000,14.560000,14.610000,11.932089,38000
2018-03-27,14.600000,14.640000,14.550000,14.580000,11.907589,49000
2018-03-28,14.630000,14.630000,14.540000,14.590000,11.915755,67900
2018-03-29,14.600000,14.650000,14.580000,14.600000,11.923925,65100
2018-04-02,14.640000,14.640000,14.530000,14.550000,11.883086,66600
2018-04-03,14.590000,14.590000,14.540000,14.570000,11.899422,68400
2018-04-04,14.500000,14.650000,14.500000,14.630000,11.948424,98100
2018-04-05,14.720000,14.720000,14.590000,14.650000,11.964758,67400
2018-04-06,14.610000,14.660000,14.600000,14.600000,11.923925,47700
2018-04-09,14.640000,14.700000,14.640000,14.680000,11.989259,25500
2018-04-10,14.690000,14.720000,14.650000,14.670000,11.981092,40500
2018-04-11,14.670000,14.680000,14.650000,14.680000,11.989259,35100
2018-04-12,14.680000,14.710000,14.630000,14.630000,11.948424,33000
2018-04-13,14.640000,14.690000,14.630000,14.630000,11.948424,53000
2018-04-16,14.710000,14.770000,14.630000,14.770000,12.062762,46000
2018-04-17,14.740000,14.820000,14.740000,14.740000,12.038264,83200
2018-04-18,14.750000,14.760000,14.700000,14.760000,12.054595,46000
2018-04-19,14.650000,14.650000,14.540000,14.580000,11.979417,46500
2018-04-20,14.580000,14.600000,14.510000,14.530000,11.938335,36100
2018-04-23,14.540000,14.550000,14.510000,14.530000,11.938335,33700
2018-04-24,14.580000,14.600000,14.560000,14.600000,11.995851,74900
2018-04-25,14.620000,14.630000,14.550000,14.630000,12.020498,76300
2018-04-26,14.650000,14.690000,14.610000,14.690000,12.069794,54500
2018-04-27,14.700000,14.730000,14.670000,14.710000,12.086229,60900
2018-04-30,14.750000,14.780000,14.720000,14.770000,12.135528,57400
2018-05-01,14.790000,14.850000,14.780000,14.850000,12.201260,91500
2018-05-02,14.940000,14.940000,14.870000,14.890000,12.234124,69700
2018-05-03,14.890000,14.910000,14.810000,14.820000,12.176608,42500
2018-05-04,14.810000,14.810000,14.800000,14.810000,12.168394,26400
2018-05-07,14.810000,14.870000,14.760000,14.760000,12.127307,52300
2018-05-08,14.820000,14.820000,14.760000,14.770000,12.135528,30100
2018-05-09,14.730000,14.810000,14.730000,14.750000,12.119095,36900
2018-05-10,14.800000,14.820000,14.750000,14.750000,12.119095,20900
2018-05-11,14.740000,14.820000,14.690000,14.690000,12.069794,30600
2018-05-14,14.690000,14.710000,14.640000,14.670000,12.053364,53600
2018-05-15,14.640000,14.660000,14.620000,14.630000,12.020498,57900
2018-05-16,14.690000,14.690000,14.610000,14.650000,12.036930,89700
2018-05-17,14.640000,14.670000,14.640000,14.670000,12.053364,72400
2018-05-18,14.640000,14.660000,14.640000,14.640000,12.028714,51600
2018-05-21,14.690000,14.690000,14.640000,14.650000,12.036930,39700
2018-05-22,14.640000,14.660000,14.570000,14.570000,11.971200,52500
2018-05-23,14.600000,14.630000,14.540000,14.550000,11.954765,66600
2018-05-24,14.440000,14.510000,14.410000,14.440000,11.936996,79300
2018-05-25,14.460000,14.570000,14.460000,14.510000,11.994862,103100
2018-05-29,14.490000,14.520000,14.470000,14.510000,11.994862,42700
2018-05-30,14.500000,14.550000,14.490000,14.540000,12.019661,68100
2018-05-31,14.540000,14.560000,14.520000,14.550000,12.027925,51700
2018-06-01,14.570000,14.580000,14.540000,14.550000,12.027925,59000
2018-06-04,14.580000,14.620000,14.560000,14.580000,12.052728,61500
2018-06-05,14.620000,14.640000,14.610000,14.620000,12.085792,34100
2018-06-06,14.610000,14.630000,14.580000,14.590000,12.060995,45900
2018-06-07,14.610000,14.660000,14.600000,14.660000,12.118861,32800
2018-06-08,14.660000,14.690000,14.620000,14.650000,12.110595,25100
2018-06-11,14.630000,14.680000,14.610000,14.620000,12.085792,42200
2018-06-12,14.640000,14.650000,14.590000,14.590000,12.060995,43500
2018-06-13,14.600000,14.630000,14.570000,14.580000,12.052728,57900
2018-06-14,14.610000,14.630000,14.600000,14.620000,12.085792,54900
2018-06-15,14.610000,14.620000,14.570000,14.620000,12.085792,75600
2018-06-18,14.580000,14.620000,14.580000,14.620000,12.085792,85800
2018-06-19,14.600000,14.690000,14.600000,14.690000,12.143660,53800
2018-06-20,14.690000,14.700000,14.610000,14.650000,12.110595,64500
2018-06-21,14.620000,14.620000,14.510000,14.510000,12.067761,26200
2018-06-22,14.570000,14.580000,14.550000,14.550000,12.101029,36100
2018-06-25,14.570000,14.580000,14.510000,14.520000,12.076078,56200
2018-06-26,14.570000,14.590000,14.540000,14.550000,12.101029,30000
2018-06-27,14.550000,14.590000,14.550000,14.560000,12.109345,41100
2018-06-28,14.540000,14.570000,14.510000,14.570000,12.117662,37100
2018-06-29,14.580000,14.610000,14.550000,14.590000,12.134296,41500
2018-07-02,14.600000,14.600000,14.510000,14.520000,12.076078,36200
2018-07-03,14.560000,14.560000,14.470000,14.480000,12.042811,44000
2018-07-05,14.460000,14.520000,14.460000,14.460000,12.026177,34200
2018-07-06,14.470000,14.480000,14.460000,14.480000,12.042811,32600
2018-07-09,14.490000,14.510000,14.430000,14.430000,12.001227,68800
2018-07-10,14.450000,14.520000,14.410000,14.520000,12.076078,45100
2018-07-11,14.520000,14.540000,14.500000,14.520000,12.076078,31000
2018-07-12,14.540000,14.560000,14.500000,14.530000,12.084394,39100
2018-07-13,14.520000,14.520000,14.460000,14.460000,12.026177,37800
2018-07-16,14.500000,14.500000,14.460000,14.460000,12.026177,34100
2018-07-17,14.470000,14.570000,14.460000,14.570000,12.117662,50400
2018-07-18,14.540000,14.550000,14.470000,14.470000,12.034494,46200
2018-07-19,14.430000,14.500000,14.410000,14.490000,12.125287,47400
2018-07-20,14.450000,14.520000,14.440000,14.490000,12.125287,34600
2018-07-23,14.460000,14.520000,14.460000,14.470000,12.108551,47100
2018-07-24,14.490000,14.530000,14.490000,14.510000,12.142022,49500
2018-07-25,14.490000,14.510000,14.410000,14.440000,12.083447,93900
2018-07-26,14.460000,14.470000,14.420000,14.420000,12.066713,30400
2018-07-27,14.450000,14.460000,14.410000,14.410000,12.058344,44400
2018-07-30,14.430000,14.440000,14.400000,14.400000,12.049972,47600
2018-07-31,14.400000,14.450000,14.400000,14.410000,12.058344,78300
2018-08-01,14.400000,14.420000,14.390000,14.390000,12.041607,48300
2018-08-02,14.390000,14.410000,14.370000,14.410000,12.058344,59700
2018-08-03,14.390000,14.450000,14.370000,14.430000,12.075080,40300
2018-08-06,14.440000,14.510000,14.440000,14.490000,12.125287,47100
2018-08-07,14.440000,14.590000,14.440000,14.570000,12.192231,52400
2018-08-08,14.530000,14.570000,14.500000,14.500000,12.133654,60100
2018-08-09,14.500000,14.560000,14.490000,14.560000,12.183864,56200
2018-08-10,14.530000,14.530000,14.470000,14.470000,12.108551,31400
2018-08-13,14.470000,14.500000,14.420000,14.460000,12.100183,34900
2018-08-14,14.470000,14.490000,14.420000,14.450000,12.091817,49800
2018-08-15,14.420000,14.450000,14.380000,14.380000,12.033239,28200
2018-08-16,14.390000,14.460000,14.390000,14.400000,12.049972,24700
2018-08-17,14.430000,14.450000,14.400000,14.430000,12.075080,61200
2018-08-20,14.430000,14.470000,14.430000,14.450000,12.091817,36400
2018-08-21,14.460000,14.550000,14.460000,14.540000,12.167127,63500
2018-08-22,14.520000,14.610000,14.520000,14.600000,12.217334,54900
2018-08-23,14.540000,14.560000,14.520000,14.550000,12.249748,60600
2018-08-24,14.540000,14.570000,14.540000,14.560000,12.258170,27700
2018-08-27,14.560000,14.590000,14.510000,14.520000,12.224492,36000
2018-08-28,14.520000,14.520000,14.500000,14.500000,12.207652,36000
2018-08-29,14.500000,14.500000,14.430000,14.430000,12.148721,69700
2018-08-30,14.440000,14.440000,14.410000,14.430000,12.148721,77000
2018-08-31,14.450000,14.500000,14.430000,14.480000,12.190816,47700
2018-09-04,14.480000,14.480000,14.410000,14.410000,12.131882,45900
2018-09-05,14.450000,14.450000,14.320000,14.340000,12.072948,120900
2018-09-06,14.360000,14.360000,14.310000,14.340000,12.072948,86600
2018-09-07,14.350000,14.350000,14.220000,14.220000,11.971920,97200
2018-09-10,14.230000,14.300000,14.230000,14.260000,12.005596,61500
2018-09-11,14.270000,14.340000,14.260000,14.320000,12.056109,40300
2018-09-12,14.290000,14.400000,14.290000,14.400000,12.123463,56400
2018-09-13,14.420000,14.440000,14.360000,14.400000,12.123463,109100
2018-09-14,14.420000,14.440000,14.360000,14.440000,12.157138,65300
2018-09-17,14.440000,14.460000,14.410000,14.440000,12.157138,127200
2018-09-18,14.450000,14.470000,14.400000,14.450000,12.165559,77000
2018-09-19,14.460000,14.460000,14.430000,14.460000,12.173979,33200
2018-09-20,14.380000,14.430000,14.350000,14.430000,12.223533,44700
2018-09-21,14.440000,14.460000,14.410000,14.420000,12.215064,22700
2018-09-24,14.390000,14.450000,14.390000,14.430000,12.223533,47300
2018-09-25,14.440000,14.450000,14.410000,14.440000,12.232003,49800
2018-09-26,14.450000,14.470000,14.420000,14.470000,12.257416,80600
2018-09-27,14.470000,14.530000,14.470000,14.530000,12.308243,115000
2018-09-28,14.540000,14.550000,14.490000,14.550000,12.325180,68600
2018-10-01,14.580000,14.590000,14.540000,14.580000,12.350594,52100
2018-10-02,14.580000,14.670000,14.560000,14.560000,12.333654,73200
2018-10-03,14.560000,14.640000,14.520000,14.520000,12.299771,38000
2018-10-04,14.510000,14.550000,14.390000,14.420000,12.215064,56900
2018-10-05,14.420000,14.440000,14.300000,14.360000,12.164234,106000
2018-10-08,14.260000,14.340000,14.230000,14.250000,12.071055,57600
2018-10-09,14.330000,14.390000,14.250000,14.390000,12.189651,64100
2018-10-10,14.360000,14.380000,14.250000,14.300000,12.113412,61800
2018-10-11,14.300000,14.390000,14.250000,14.350000,12.155767,97500
2018-10-12,14.350000,14.490000,14.340000,14.450000,12.240475,65600
2018-10-15,14.430000,14.460000,14.360000,14.450000,12.240475,64100
2018-10-16,14.430000,14.580000,14.410000,14.580000,12.350594,61100
2018-10-17,14.540000,14.640000,14.430000,14.640000,12.401423,153600
2018-10-18,14.480000,14.480000,14.210000,14.400000,12.272306,171200
2018-10-19,14.400000,14.470000,14.370000,14.370000,12.246741,70200
2018-10-22,14.380000,14.420000,14.250000,14.250000,12.144468,39400
2018-10-23,14.250000,14.430000,14.220000,14.320000,12.204127,71800
2018-10-24,14.290000,14.350000,14.290000,14.290000,12.178560,51800
2018-10-25,14.360000,14.360000,14.120000,14.200000,12.101858,188700
2018-10-26,14.170000,14.170000,14.010000,14.050000,11.974022,61100
2018-10-29,14.060000,14.110000,13.980000,13.980000,11.914362,51400
2018-10-30,13.960000,14.030000,13.910000,13.910000,11.854707,86600
2018-10-31,13.940000,14.030000,13.940000,13.990000,11.922888,31300
2018-11-01,14.030000,14.030000,13.950000,13.990000,11.922888,103900
2018-11-02,14.070000,14.070000,13.860000,13.940000,11.880275,98900
2018-11-05,13.940000,14.060000,13.940000,14.060000,11.982543,45300
2018-11-06,14.050000,14.190000,14.030000,14.180000,12.084813,68200
2018-11-07,14.230000,14.260000,14.130000,14.130000,12.042204,54800
2018-11-08,14.110000,14.200000,14.060000,14.090000,12.008112,44000
2018-11-09,14.090000,14.090000,13.940000,13.970000,11.905843,52700
2018-11-12,13.970000,14.040000,13.940000,14.030000,11.956976,91100
2018-11-13,14.010000,14.040000,13.970000,13.970000,11.905843,58500
2018-11-14,13.970000,13.980000,13.860000,13.940000,11.880275,120100
2018-11-15,13.930000,13.990000,13.820000,13.970000,11.905843,66200
2018-11-16,13.910000,13.940000,13.760000,13.760000,11.726871,86400
2018-11-19,13.660000,13.800000,13.660000,13.750000,11.718349,64700
2018-11-20,13.670000,13.760000,13.650000,13.720000,11.692780,64100
2018-11-21,13.670000,13.730000,13.660000,13.700000,11.751538,48700
2018-11-23,13.710000,13.770000,13.710000,13.770000,11.811583,11300
2018-11-26,13.800000,13.820000,13.680000,13.810000,11.845894,87100
2018-11-27,13.780000,13.790000,13.690000,13.720000,11.768693,58400
2018-11-28,13.750000,13.770000,13.650000,13.760000,11.803004,106200
2018-11-29,13.780000,13.830000,13.750000,13.830000,11.863049,71100
2018-11-30,13.840000,13.850000,13.800000,13.830000,11.863049,67600
2018-12-03,13.890000,13.970000,13.890000,13.960000,11.974562,61300
2018-12-04,13.960000,14.030000,13.870000,13.960000,11.974562,150600
2018-12-06,13.840000,13.850000,13.680000,13.750000,11.794427,124200
2018-12-07,13.800000,13.820000,13.700000,13.730000,11.777271,67100
2018-12-10,13.680000,13.710000,13.650000,13.690000,11.742962,65700
2018-12-11,13.710000,13.760000,13.610000,13.620000,11.682914,184500
2018-12-12,13.630000,13.720000,13.630000,13.660000,11.717225,42300
2018-12-13,13.670000,13.720000,13.650000,13.650000,11.708652,68600
2018-12-14,13.640000,13.690000,13.540000,13.550000,11.622873,84500
2018-12-17,13.550000,13.550000,13.320000,13.320000,11.425584,100300
2018-12-18,13.310000,13.370000,13.310000,13.340000,11.442739,106000
2018-12-19,13.320000,13.350000,13.230000,13.230000,11.348383,99000
2018-12-20,13.110000,13.160000,12.830000,12.970000,11.200286,204800
2018-12-21,12.910000,13.030000,12.910000,12.990000,11.217555,87500
2018-12-24,12.960000,13.180000,12.960000,13.100000,11.312547,51300
2018-12-26,13.160000,13.320000,13.150000,13.280000,11.467984,87400
2018-12-27,13.090000,13.190000,13.090000,13.100000,11.312547,129000
2018-12-28,13.100000,13.260000,13.090000,13.250000,11.442080,123800
2018-12-31,13.250000,13.290000,13.120000,13.150000,11.355724,145300
2019-01-02,13.140000,13.300000,13.140000,13.270000,11.459351,38300
2019-01-03,13.310000,13.320000,13.270000,13.300000,11.485257,24500
2019-01-04,13.390000,13.470000,13.370000,13.460000,11.623425,38500
2019-01-07,13.590000,13.770000,13.590000,13.710000,11.839313,59000
2019-01-08,13.820000,13.890000,13.770000,13.830000,11.942939,66800
2019-01-09,13.830000,13.870000,13.830000,13.860000,11.968846,75700
2019-01-10,13.870000,13.870000,13.810000,13.840000,11.951578,60700
2019-01-11,13.790000,13.980000,13.790000,13.940000,12.037931,89200
2019-01-14,13.880000,13.940000,13.860000,13.900000,12.003387,94500
2019-01-15,13.900000,13.940000,13.880000,13.900000,12.003387,69000
2019-01-16,13.900000,13.970000,13.800000,13.900000,12.003387,92800
2019-01-17,13.780000,13.850000,13.770000,13.800000,11.993394,63200
2019-01-18,13.800000,13.840000,13.760000,13.760000,11.958632,99300
2019-01-22,13.740000,13.760000,13.680000,13.730000,11.932560,108600
2019-01-23,13.740000,13.740000,13.670000,13.670000,11.880413,125600
2019-01-24,13.670000,13.690000,13.650000,13.670000,11.880413,219700
2019-01-25,13.680000,13.740000,13.680000,13.680000,11.889104,92900
2019-01-28,13.640000,13.740000,13.620000,13.710000,11.915179,178400
2019-01-29,13.710000,13.780000,13.700000,13.770000,11.967324,84400
2019-01-30,13.800000,13.990000,13.800000,13.980000,12.149829,225700
2019-01-31,14.020000,14.140000,14.020000,14.140000,12.288887,72500
2019-02-01,14.220000,14.270000,14.180000,14.270000,12.401865,97200
2019-02-04,14.390000,14.580000,14.360000,14.410000,12.523540,458500
2019-02-05,14.400000,14.480000,14.400000,14.440000,12.549609,238500
2019-02-06,14.450000,14.500000,14.430000,14.460000,12.566992,149900
2019-02-07,14.420000,14.460000,14.390000,14.400000,12.514846,134700
2019-02-08,14.380000,14.400000,14.360000,14.360000,12.480084,102600
2019-02-11,14.390000,14.470000,14.360000,14.430000,12.540918,128200
2019-02-12,14.500000,14.500000,14.450000,14.470000,12.575683,162800
2019-02-13,14.500000,14.530000,14.460000,14.500000,12.601756,92400
2019-02-14,14.450000,14.640000,14.410000,14.640000,12.801562,104900
2019-02-15,14.660000,14.660000,14.510000,14.570000,12.740353,99300
2019-02-19,14.570000,14.660000,14.550000,14.630000,12.792817,71900
2019-02-20,14.650000,14.730000,14.560000,14.620000,12.784072,126500
2019-02-21,14.600000,14.620000,14.500000,14.520000,12.696630,79600
2019-02-22,14.500000,14.700000,14.420000,14.630000,12.792817,172500
2019-02-25,14.690000,14.750000,14.600000,14.710000,12.862772,155800
2019-02-26,14.650000,14.700000,14.650000,14.670000,12.827796,57300
2019-02-27,14.720000,14.830000,14.640000,14.800000,12.941470,150600
2019-02-28,14.800000,14.810000,14.680000,14.760000,12.906490,81500
2019-03-01,14.780000,14.820000,14.720000,14.760000,12.906490,65800
2019-03-04,14.900000,14.900000,14.670000,14.780000,12.923979,93400
2019-03-05,14.820000,14.820000,14.500000,14.610000,12.775329,182700
2019-03-06,14.560000,14.570000,14.410000,14.420000,12.609188,104100
2019-03-07,14.440000,14.490000,14.390000,14.470000,12.652910,45100
2019-03-08,14.420000,14.560000,14.390000,14.560000,12.731609,74500
2019-03-11,14.570000,14.600000,14.500000,14.560000,12.731609,52800
2019-03-12,14.590000,14.590000,14.400000,14.480000,12.661652,151900
2019-03-13,14.490000,14.530000,14.440000,14.500000,12.679142,145600
2019-03-14,14.510000,14.540000,14.400000,14.470000,12.652910,130200
2019-03-15,14.510000,14.530000,14.430000,14.470000,12.652910,118400
2019-03-18,14.480000,14.520000,14.450000,14.510000,12.687885,76100
2019-03-19,14.560000,14.580000,14.470000,14.520000,12.696630,126300
2019-03-20,14.490000,14.640000,14.480000,14.640000,12.801562,171800
2019-03-21,14.550000,14.690000,14.550000,14.680000,12.915052,63000
2019-03-22,14.660000,14.670000,14.590000,14.590000,12.835872,40000
2019-03-25,14.580000,14.590000,14.450000,14.460000,12.721501,57500
2019-03-26,14.500000,14.540000,14.420000,14.460000,12.721501,69600
2019-03-27,14.480000,14.520000,14.480000,14.500000,12.756695,80500
2019-03-28,14.520000,14.610000,14.520000,14.580000,12.827074,123400
2019-03-29,14.690000,14.800000,14.630000,14.770000,12.994233,56000
2019-04-01,14.800000,14.800000,14.680000,14.710000,12.941446,53500
2019-04-02,14.760000,14.880000,14.720000,14.800000,13.020626,105200
2019-04-03,14.800000,14.870000,14.680000,14.860000,13.073411,72600
2019-04-04,14.880000,14.940000,14.850000,14.930000,13.134995,42900
2019-04-05,14.950000,15.010000,14.920000,14.940000,13.143791,57300
2019-04-08,14.950000,15.050000,14.950000,15.050000,13.240565,50700
2019-04-09,15.050000,15.050000,15.010000,15.050000,13.240565,41800
2019-04-10,15.060000,15.080000,14.900000,14.980000,13.178985,70900
2019-04-11,14.970000,15.020000,14.790000,14.790000,13.011827,128100
2019-04-12,14.820000,14.880000,14.750000,14.800000,13.020626,104500
2019-04-15,14.810000,14.850000,14.770000,14.850000,13.064614,69300
2019-04-16,14.870000,14.870000,14.760000,14.790000,13.011827,116500
2019-04-17,14.720000,14.740000,14.640000,14.660000,12.975535,71100
2019-04-18,14.670000,14.700000,14.580000,14.630000,12.948985,144300
2019-04-22,14.660000,14.700000,14.590000,14.700000,13.010942,65800
2019-04-23,14.710000,14.750000,14.660000,14.730000,13.037495,87200
2019-04-24,14.730000,14.770000,14.700000,14.720000,13.028645,57000
2019-04-25,14.680000,14.680000,14.610000,14.670000,12.984389,143100
2019-04-26,14.660000,14.700000,14.650000,14.670000,12.984389,58200
2019-04-29,14.660000,14.860000,14.660000,14.800000,13.099452,91300
2019-04-30,14.840000,14.920000,14.830000,14.900000,13.187960,37400
2019-05-01,14.940000,15.030000,14.880000,15.030000,13.303023,75500
2019-05-02,15.030000,15.120000,14.890000,15.000000,13.276473,62000
2019-05-03,15.000000,15.040000,14.960000,15.040000,13.311874,66600
2019-05-06,15.040000,15.050000,14.860000,14.960000,13.241066,82500
2019-05-07,14.960000,15.030000,14.830000,14.850000,13.143708,56300
2019-05-08,14.860000,15.200000,14.860000,14.880000,13.170259,128400
2019-05-09,14.830000,14.940000,14.810000,14.870000,13.161408,45200
2019-05-10,14.870000,14.920000,14.850000,14.870000,13.161408,29600
2019-05-13,14.780000,14.850000,14.720000,14.760000,13.064047,41300
2019-05-14,14.820000,14.940000,14.820000,14.940000,13.223364,39400
2019-05-15,14.860000,14.920000,14.660000,14.800000,13.099452,109900
2019-05-16,14.810000,14.860000,14.790000,14.810000,13.108303,102200
2019-05-17,14.800000,14.900000,14.620000,14.730000,13.037495,67100
2019-05-20,14.740000,14.750000,14.660000,14.680000,12.993239,46700
2019-05-21,14.700000,14.800000,14.700000,14.750000,13.055195,66500
2019-05-22,14.740000,14.820000,14.730000,14.760000,13.064047,72100
2019-05-23,14.630000,14.740000,14.630000,14.730000,13.116584,38200
2019-05-24,14.740000,14.920000,14.680000,14.860000,13.232346,62600
2019-05-28,14.900000,14.900000,14.670000,14.720000,13.107682,83100
2019-05-29,14.720000,14.720000,14.610000,14.630000,13.027539,78200
2019-05-30,14.640000,14.810000,14.610000,14.650000,13.045344,116100
2019-05-31,14.620000,14.650000,14.460000,14.460000,12.876159,74700
2019-06-03,14.500000,14.530000,14.250000,14.350000,12.778207,116300
2019-06-04,14.450000,14.650000,14.410000,14.650000,13.045344,104000
2019-06-05,14.650000,14.940000,14.600000,14.850000,13.223440,54300
2019-06-06,14.840000,14.870000,14.780000,14.800000,13.178918,80300
2019-06-07,14.800000,14.950000,14.800000,14.890000,13.259060,37800
2019-06-10,14.980000,15.040000,14.870000,14.870000,13.241250,99700
2019-06-11,14.950000,14.980000,14.850000,14.890000,13.259060,26300
2019-06-12,14.890000,15.030000,14.830000,14.860000,13.232346,41200
2019-06-13,14.910000,15.000000,14.870000,14.870000,13.241250,32000
2019-06-14,14.900000,14.960000,14.830000,14.860000,13.232346,31500
2019-06-17,14.890000,14.920000,14.840000,14.840000,13.214536,54900
2019-06-18,14.950000,15.020000,14.890000,14.890000,13.259060,57400
2019-06-19,14.900000,15.140000,14.890000,15.060000,13.410439,65300
2019-06-20,14.970000,15.300000,14.970000,15.100000,13.525992,87500
2019-06-21,15.120000,15.190000,15.110000,15.190000,13.606610,52800
2019-06-24,15.200000,15.260000,15.010000,15.170000,13.588696,68900
2019-06-25,15.160000,15.210000,14.970000,14.980000,13.418499,76300
2019-06-26,15.030000,15.040000,14.870000,14.960000,13.400585,75700
2019-06-27,15.030000,15.040000,14.890000,14.990000,13.427458,102100
2019-06-28,15.020000,15.260000,14.970000,14.970000,13.409543,77200
2019-07-01,15.110000,15.180000,15.030000,15.070000,13.499119,42200
2019-07-02,15.140000,15.290000,15.060000,15.270000,13.678273,77700
2019-07-03,15.260000,15.340000,15.260000,15.300000,13.705143,42700
2019-07-05,15.380000,15.380000,15.220000,15.260000,13.669314,51300
2019-07-08,15.260000,15.350000,15.250000,15.260000,13.669314,90100
2019-07-09,15.290000,15.350000,15.270000,15.300000,13.705143,37800
2019-07-10,15.360000,15.370000,15.140000,15.180000,13.597651,103100
2019-07-11,15.180000,15.250000,15.110000,15.110000,13.534949,58400
2019-07-12,15.150000,15.220000,15.110000,15.170000,13.588696,59600
2019-07-15,15.220000,15.250000,15.110000,15.190000,13.606610,72900
2019-07-16,15.170000,15.250000,15.170000,15.250000,13.660357,48600
2019-07-17,15.240000,15.390000,15.240000,15.330000,13.732017,56800
2019-07-18,15.290000,15.380000,15.240000,15.300000,13.785176,47100
2019-07-19,15.300000,15.450000,15.300000,15.410000,13.884283,70400
2019-07-22,15.450000,15.450000,15.360000,15.380000,13.857256,56200
2019-07-23,15.380000,15.380000,15.270000,15.360000,13.839234,94400
2019-07-24,15.400000,15.400000,15.280000,15.390000,13.866265,70300
2019-07-25,15.380000,15.390000,15.280000,15.320000,13.803196,62600
2019-07-26,15.320000,15.470000,15.300000,15.470000,13.938344,90000
2019-07-29,15.450000,15.460000,15.390000,15.410000,13.884283,51700
2019-07-30,15.360000,15.360000,15.200000,15.280000,13.767156,92200
2019-07-31,15.230000,15.430000,15.230000,15.430000,13.902305,55800
2019-08-01,15.450000,15.490000,15.410000,15.490000,13.956363,71000
2019-08-02,15.490000,15.490000,15.320000,15.420000,13.893296,68200
2019-08-05,15.350000,15.350000,15.200000,15.250000,13.740127,63600
2019-08-06,15.360000,15.420000,15.240000,15.240000,13.731117,66400
2019-08-07,15.190000,15.200000,14.970000,15.040000,13.550917,123800
2019-08-08,15.040000,15.150000,14.900000,15.010000,13.523888,94500
2019-08-09,15.050000,15.140000,14.910000,15.080000,13.586955,54100
2019-08-12,15.100000,15.200000,15.040000,15.130000,13.632006,37800
2019-08-13,15.060000,15.100000,15.010000,15.010000,13.523888,66900
2019-08-14,14.960000,15.010000,14.830000,14.850000,13.379728,83600
2019-08-15,14.890000,14.980000,14.850000,14.910000,13.433788,84500
2019-08-16,14.930000,15.200000,14.910000,14.980000,13.496856,40300
2019-08-19,15.010000,15.200000,14.850000,15.020000,13.532897,67500
2019-08-20,15.050000,15.230000,15.050000,15.230000,13.722106,79400
2019-08-21,15.250000,15.330000,15.210000,15.230000,13.722106,103800
2019-08-22,15.190000,15.260000,15.170000,15.260000,13.829955,19900
2019-08-23,15.260000,15.320000,15.220000,15.280000,13.848080,43800
2019-08-26,15.310000,15.320000,15.100000,15.100000,13.684949,48400
2019-08-27,15.140000,15.150000,14.980000,15.000000,13.594321,53300
2019-08-28,15.020000,15.070000,14.910000,14.930000,13.530881,141200
2019-08-29,14.950000,14.980000,14.850000,14.850000,13.458378,78300
2019-08-30,14.880000,14.900000,14.810000,14.830000,13.440249,33400
2019-09-03,14.790000,14.900000,14.780000,14.900000,13.503689,27900
2019-09-04,14.960000,15.020000,14.870000,14.930000,13.530881,51800
2019-09-05,14.960000,15.070000,14.960000,14.980000,13.576193,103600
2019-09-06,15.050000,15.050000,14.880000,14.980000,13.576193,171100
2019-09-09,14.980000,15.060000,14.940000,15.030000,13.621510,58600
2019-09-10,15.040000,15.130000,14.990000,15.130000,13.712136,64700
2019-09-11,15.150000,15.250000,15.120000,15.250000,13.820890,69200
2019-09-12,15.260000,15.270000,15.150000,15.210000,13.784641,82400
2019-09-13,15.240000,15.280000,15.200000,15.250000,13.820890,40600
2019-09-16,15.330000,15.390000,15.280000,15.370000,13.929648,37700
2019-09-17,15.380000,15.390000,15.300000,15.310000,13.875271,57300
2019-09-18,15.350000,15.410000,15.330000,15.410000,13.965897,60600
2019-09-19,15.330000,15.370000,15.240000,15.320000,13.966808,28600
2019-09-20,15.320000,15.380000,15.220000,15.220000,13.875644,40400
2019-09-23,15.180000,15.400000,15.180000,15.290000,13.939462,34200
2019-09-24,15.300000,15.470000,15.260000,15.330000,13.975926,45500
2019-09-25,15.310000,15.330000,15.280000,15.330000,13.975926,30400
2019-09-26,15.310000,15.510000,15.270000,15.510000,14.140027,52700
2019-09-27,15.480000,15.480000,15.100000,15.120000,13.784475,132200
2019-09-30,15.150000,15.290000,15.150000,15.160000,13.820943,69700
2019-10-01,15.180000,15.230000,15.050000,15.130000,13.793593,76000
2019-10-02,15.110000,15.120000,14.900000,14.910000,13.593023,131400
2019-10-03,14.900000,14.990000,14.890000,14.910000,13.593023,79300
2019-10-04,15.000000,15.180000,15.000000,15.180000,13.839177,69100
2019-10-07,15.180000,15.200000,15.080000,15.200000,13.857409,66400
2019-10-08,15.160000,15.210000,15.030000,15.060000,13.729774,40100
2019-10-09,15.120000,15.130000,14.970000,15.040000,13.711542,93000
2019-10-10,15.010000,15.060000,14.980000,15.010000,13.684194,69700
2019-10-11,15.010000,15.080000,15.010000,15.040000,13.711542,74600
2019-10-14,15.030000,15.230000,15.030000,15.170000,13.830058,98800
2019-10-15,15.100000,15.320000,15.100000,15.260000,13.912109,40800
2019-10-16,15.230000,15.280000,15.200000,15.210000,13.866525,43900
2019-10-17,15.180000,15.240000,15.170000,15.240000,13.977502,61000
2019-10-18,15.170000,15.390000,15.170000,15.230000,13.968330,125200
2019-10-21,15.240000,15.370000,15.220000,15.230000,13.968330,44700
2019-10-22,15.270000,15.300000,15.220000,15.250000,13.986673,151600
2019-10-23,15.290000,15.330000,15.250000,15.320000,14.050874,37100
2019-10-24,15.340000,15.350000,15.310000,15.340000,14.069218,47100
2019-10-25,15.340000,15.390000,15.330000,15.370000,14.096732,83300
2019-10-28,15.400000,15.440000,15.260000,15.400000,14.124249,66600
2019-10-29,15.340000,15.400000,15.340000,15.340000,14.069218,97800
2019-10-30,15.370000,15.460000,15.340000,15.390000,14.115075,37800
2019-10-31,15.380000,15.440000,15.340000,15.390000,14.115075,180300
2019-11-01,15.450000,15.450000,15.360000,15.430000,14.151762,29000
2019-11-04,15.410000,15.450000,15.400000,15.400000,14.124249,74100
2019-11-05,15.410000,15.440000,15.300000,15.300000,14.032531,56200
2019-11-06,15.370000,15.430000,15.200000,15.240000,13.977502,96600
2019-11-07,15.240000,15.300000,15.140000,15.170000,13.913302,79900
2019-11-08,15.200000,15.310000,15.200000,15.260000,13.995845,35800
2019-11-11,15.270000,15.360000,15.260000,15.300000,14.032531,34900
2019-11-12,15.280000,15.350000,15.230000,15.310000,14.041704,48600
2019-11-13,15.260000,15.350000,15.180000,15.230000,13.968330,77000
2019-11-14,15.200000,15.230000,15.150000,15.190000,13.931643,100900
2019-11-15,15.170000,15.250000,15.170000,15.220000,13.959159,35900
2019-11-18,15.200000,15.260000,15.190000,15.260000,13.995845,73400
2019-11-19,15.250000,15.310000,15.200000,15.220000,13.959159,77500
2019-11-20,15.250000,15.550000,15.240000,15.370000,14.096732,213000
2019-11-21,15.250000,15.340000,15.170000,15.250000,14.069978,58400
2019-11-22,15.270000,15.290000,15.210000,15.240000,14.060751,45300
2019-11-25,15.250000,15.250000,15.190000,15.230000,14.051525,61400
2019-11-26,15.240000,15.410000,15.200000,15.250000,14.069978,60800
2019-11-27,15.290000,15.340000,15.280000,15.300000,14.116108,42300
2019-11-29,15.300000,15.300000,15.220000,15.250000,14.069978,46800
2019-12-02,15.330000,15.330000,15.160000,15.240000,14.060751,91700
2019-12-03,15.210000,15.320000,15.170000,15.260000,14.079204,68400
2019-12-04,15.280000,15.330000,15.270000,15.310000,14.125336,82100
2019-12-05,15.330000,15.360000,15.250000,15.320000,14.134560,55800
2019-12-06,15.360000,15.360000,15.250000,15.290000,14.106883,81400
2019-12-09,15.310000,15.310000,15.250000,15.300000,14.116108,114600
2019-12-10,15.290000,15.320000,15.270000,15.290000,14.106883,118900
2019-12-11,15.280000,15.310000,15.200000,15.260000,14.079204,193800
2019-12-12,15.240000,15.300000,15.230000,15.250000,14.069978,73800
2019-12-13,15.250000,15.290000,15.230000,15.230000,14.051525,71100
2019-12-16,15.280000,15.360000,15.270000,15.300000,14.116108,108300
2019-12-17,15.350000,15.430000,15.310000,15.430000,14.236049,82100
2019-12-18,15.450000,15.550000,15.450000,15.520000,14.319086,51700
2019-12-19,15.450000,15.520000,15.450000,15.500000,14.387774,60400
2019-12-20,15.500000,15.540000,15.310000,15.370000,14.267102,91100
2019-12-23,15.410000,15.510000,15.350000,15.460000,14.350645,58700
2019-12-24,15.500000,15.540000,15.470000,15.540000,14.424905,23700
2019-12-26,15.570000,15.670000,15.490000,15.670000,14.545577,53300
2019-12-27,15.650000,15.700000,15.590000,15.700000,14.573422,34800
2019-12-30,15.700000,15.730000,15.520000,15.610000,14.489881,141300
2019-12-31,15.610000,15.650000,15.490000,15.650000,14.527013,89800
2020-01-02,15.640000,15.690000,15.590000,15.610000,14.489881,71700
2020-01-03,15.550000,15.680000,15.540000,15.610000,14.489881,49300
2020-01-06,15.580000,15.620000,15.560000,15.560000,14.443469,72200
2020-01-07,15.600000,15.620000,15.440000,15.490000,14.378490,166600
2020-01-08,15.480000,15.600000,15.470000,15.510000,14.397058,140900
2020-01-09,15.470000,15.590000,15.440000,15.500000,14.387774,111000
2020-01-10,15.520000,15.580000,15.510000,15.530000,14.415623,90700
2020-01-13,15.570000,15.650000,15.530000,15.590000,14.471315,156200
2020-01-14,15.600000,15.680000,15.570000,15.630000,14.508445,153000
2020-01-15,15.660000,15.700000,15.630000,15.660000,14.536293,179400
2020-01-16,15.660000,15.700000,15.640000,15.640000,14.517729,116500
2020-01-17,15.660000,15.680000,15.640000,15.650000,14.527013,159000
2020-01-21,15.650000,15.700000,15.630000,15.670000,14.545577,214900
2020-01-22,15.690000,15.730000,15.660000,15.690000,14.564141,178700
2020-01-23,15.590000,15.710000,15.590000,15.710000,14.670598,100600
2020-01-24,15.700000,15.760000,15.680000,15.730000,14.689277,78800
2020-01-27,15.660000,15.690000,15.600000,15.640000,14.605231,78400
2020-01-28,15.670000,15.790000,15.650000,15.790000,14.745307,78600
2020-01-29,15.770000,15.850000,15.770000,15.830000,14.782660,65400
2020-01-30,15.810000,15.890000,15.780000,15.890000,14.838690,74900
2020-01-31,15.820000,15.850000,15.780000,15.850000,14.801336,61000
2020-02-03,15.910000,15.920000,15.810000,15.870000,14.820013,52100
2020-02-04,15.900000,16.010000,15.900000,15.930000,14.876042,71500
2020-02-05,15.960000,16.030001,15.920000,15.940000,14.885382,44100
2020-02-06,15.980000,16.000000,15.890000,15.920000,14.866706,43200
2020-02-07,15.930000,15.990000,15.930000,15.960000,14.904058,34800
2020-02-10,15.930000,16.030001,15.930000,15.970000,14.913398,46100
2020-02-11,16.000000,16.129999,16.000000,16.110001,15.044134,53500
2020-02-12,16.180000,16.190001,16.129999,16.180000,15.109504,63100
2020-02-13,16.180000,16.200001,15.940000,16.000000,14.941413,135500
2020-02-14,16.020000,16.200001,16.010000,16.190001,15.118841,52400
2020-02-18,16.150000,16.459999,16.110001,16.360001,15.277594,78300
2020-02-19,16.360001,16.389999,16.260000,16.260000,15.184211,85500
2020-02-20,16.170000,16.170000,15.890000,16.010000,15.037685,116200
2020-02-21,15.990000,16.020000,15.950000,15.950000,14.981328,67200
2020-02-24,15.850000,15.900000,15.640000,15.720000,14.765296,84400
2020-02-25,15.750000,15.760000,15.300000,15.360000,14.427160,175300
2020-02-26,15.360000,15.480000,15.300000,15.360000,14.427160,178200
2020-02-27,15.300000,15.300000,14.670000,14.870000,13.966918,382100
2020-02-28,14.550000,16.299999,14.500000,15.800000,14.840438,298200
2020-03-02,15.030000,15.280000,14.840000,15.020000,14.107810,174400
2020-03-03,15.090000,15.450000,15.070000,15.220000,14.295663,123500
2020-03-04,15.300000,15.530000,15.300000,15.350000,14.417768,223000
2020-03-05,15.200000,15.330000,14.960000,14.960000,14.051452,101500
2020-03-06,14.790000,15.080000,14.750000,15.030000,14.117202,119700
2020-03-09,14.460000,14.580000,14.250000,14.340000,13.469106,298700
2020-03-10,14.440000,14.550000,13.930000,14.020000,13.168541,218900
2020-03-11,13.710000,13.790000,13.570000,13.750000,12.914939,148400
2020-03-12,13.000000,13.000000,12.110000,12.520000,11.759638,280400
2020-03-13,12.790000,12.910000,12.260000,12.780000,12.003848,161100
2020-03-16,10.800000,11.980000,10.800000,11.660000,10.951867,249800
2020-03-17,11.610000,11.830000,11.410000,11.810000,11.092758,176000
2020-03-18,11.310000,11.600000,9.740000,11.600000,10.895512,304200
2020-03-19,12.000000,12.060000,10.390000,11.240000,10.557375,205900
2020-03-20,11.270000,11.650000,10.840000,10.980000,10.313166,156900
2020-03-23,10.710000,10.860000,9.860000,10.310000,9.768373,325300
2020-03-24,10.500000,11.400000,10.480000,10.810000,10.242105,118300
2020-03-25,10.840000,12.020000,10.840000,11.790000,11.170622,95000
2020-03-26,11.660000,12.150000,11.650000,12.090000,11.454861,89000
2020-03-27,11.920000,12.000000,11.680000,11.880000,11.255894,74400
2020-03-30,11.780000,12.230000,11.780000,12.230000,11.587506,63100
2020-03-31,12.210000,12.450000,12.150000,12.330000,11.682253,137200
2020-04-01,12.230000,12.230000,11.510000,11.670000,11.056925,118000
2020-04-02,11.640000,11.840000,11.620000,11.830000,11.208520,111100
2020-04-03,11.870000,11.870000,11.440000,11.600000,10.990602,185400
2020-04-06,11.850000,12.140000,11.620000,11.790000,11.170622,192400
2020-04-07,12.000000,12.280000,12.000000,12.230000,11.587506,111200
2020-04-08,12.430000,12.610000,12.210000,12.550000,11.890697,104700
2020-04-09,12.930000,13.560000,12.930000,13.390000,12.686567,181900
2020-04-13,13.570000,13.570000,12.800000,13.070000,12.383378,88200
2020-04-14,13.390000,13.420000,13.170000,13.350000,12.648669,90200
2020-04-15,13.280000,13.300000,13.000000,13.240000,12.544446,103700
2020-04-16,13.130000,13.250000,13.010000,13.210000,12.516024,73200
2020-04-17,13.360000,13.500000,13.040000,13.190000,12.497073,92500
2020-04-20,13.140000,13.150000,13.000000,13.070000,12.383378,57100
2020-04-21,13.000000,13.000000,12.740000,12.900000,12.222307,67900
2020-04-22,12.950000,13.100000,12.690000,12.940000,12.351166,114300
2020-04-23,12.930000,13.010000,12.700000,12.700000,12.122087,47700
2020-04-24,12.840000,13.120000,12.720000,12.840000,12.255717,113900
2020-04-27,12.800000,12.990000,12.790000,12.940000,12.351166,38300
2020-04-28,12.990000,12.990000,12.610000,12.690000,12.112541,64500
2020-04-29,12.760000,13.220000,12.760000,13.100000,12.503885,89100
2020-04-30,12.910000,13.270000,12.860000,12.920000,12.332075,94200
2020-05-01,12.860000,12.970000,12.730000,12.780000,12.198446,65000
2020-05-04,12.840000,13.230000,12.800000,13.170000,12.570701,77900
2020-05-05,13.220000,13.410000,13.170000,13.190000,12.589788,75000
2020-05-06,13.200000,13.270000,13.160000,13.180000,12.580244,120200
2020-05-07,13.280000,13.330000,13.170000,13.250000,12.647058,45600
2020-05-08,13.350000,13.480000,13.100000,13.160000,12.561154,318300
2020-05-11,13.150000,13.260000,13.140000,13.230000,12.627970,92700
2020-05-12,13.300000,13.360000,13.210000,13.330000,12.723418,52700
2020-05-13,13.370000,13.370000,13.150000,13.250000,12.647058,158200
2020-05-14,13.230000,13.230000,12.870000,13.170000,12.570701,80500
2020-05-15,13.070000,13.110000,12.860000,12.910000,12.322529,100400
2020-05-18,13.080000,13.350000,13.000000,13.210000,12.608879,74000
2020-05-19,13.320000,13.470000,13.290000,13.350000,12.742509,200000
2020-05-20,13.360000,13.510000,13.360000,13.450000,12.929968,63800
2020-05-21,13.480000,13.610000,13.420000,13.610000,13.083781,87200
2020-05-22,13.560000,13.870000,13.560000,13.820000,13.285662,85300
2020-05-26,13.910000,14.050000,13.860000,13.990000,13.449090,232700
2020-05-27,14.050000,14.140000,13.970000,14.070000,13.525995,88100
2020-05-28,14.150000,14.200000,13.850000,13.930000,13.391410,67800
2020-05-29,13.960000,14.210000,13.910000,14.150000,13.602903,86700
2020-06-01,14.250000,14.470000,14.150000,14.360000,13.804784,100100
2020-06-02,14.410000,14.540000,14.210000,14.250000,13.699038,144400
2020-06-03,14.330000,14.380000,14.280000,14.290000,13.737491,59700
2020-06-04,14.370000,14.390000,14.220000,14.270000,13.718264,35300
2020-06-05,14.310000,14.430000,14.280000,14.280000,13.727877,46900
2020-06-08,14.300000,14.570000,14.300000,14.500000,13.939372,72800
2020-06-09,14.500000,14.760000,14.430000,14.710000,14.141251,81600
2020-06-10,14.720000,14.730000,14.520000,14.680000,14.112411,83600
2020-06-11,14.490000,14.490000,13.880000,13.930000,13.391410,90600
2020-06-12,14.150000,14.280000,14.080000,14.280000,13.727877,33100
2020-06-15,14.100000,14.350000,14.010000,14.320000,13.766329,29000
2020-06-16,14.480000,14.560000,14.300000,14.300000,13.747105,47100
2020-06-17,14.400000,14.400000,14.230000,14.300000,13.747105,38200
2020-06-18,14.220000,14.400000,14.220000,14.400000,13.843237,47400
2020-06-19,14.440000,14.440000,14.110000,14.120000,13.574062,93200
2020-06-22,14.090000,14.090000,13.910000,14.040000,13.588581,56200
2020-06-23,14.060000,14.100000,14.040000,14.100000,13.646653,63800
2020-06-24,14.110000,14.110000,13.910000,14.090000,13.636973,88900
2020-06-25,14.030000,14.160000,13.920000,13.990000,13.540189,71200
2020-06-26,14.050000,14.100000,13.800000,13.800000,13.356299,40800
2020-06-29,13.880000,14.130000,13.860000,13.910000,13.462761,40500
2020-06-30,13.970000,13.980000,13.830000,13.970000,13.520831,57000
2020-07-01,14.070000,14.290000,14.000000,14.190000,13.733758,78600
2020-07-02,14.300000,14.390000,14.020000,14.090000,13.636973,51600
2020-07-06,14.130000,14.270000,13.930000,14.000000,13.549868,35800
2020-07-07,14.010000,14.160000,13.980000,14.000000,13.549868,87600
2020-07-08,14.100000,14.100000,13.950000,14.000000,13.549868,61300
2020-07-09,13.970000,14.040000,13.870000,13.910000,13.462761,45700
2020-07-10,13.900000,13.960000,13.810000,13.880000,13.433725,47900
2020-07-13,13.960000,13.960000,13.780000,13.850000,13.404691,66700
2020-07-14,13.830000,13.910000,13.770000,13.910000,13.462761,63200
2020-07-15,13.910000,13.970000,13.850000,13.960000,13.511154,111800
2020-07-16,13.900000,13.990000,13.900000,13.990000,13.540189,51400
2020-07-17,13.990000,14.030000,13.900000,13.910000,13.462761,33500
2020-07-20,13.980000,14.070000,13.940000,13.990000,13.540189,43200
2020-07-21,14.010000,14.050000,13.910000,13.920000,13.472440,53200
2020-07-22,13.950000,14.070000,13.950000,13.990000,13.540189,58000
2020-07-23,13.920000,13.960000,13.830000,13.960000,13.603529,45000
2020-07-24,13.970000,14.260000,13.940000,14.250000,13.886124,124800
2020-07-27,14.290000,14.290000,14.150000,14.220000,13.856891,39400
2020-07-28,14.240000,14.290000,14.140000,14.230000,13.866634,40900
2020-07-29,14.270000,14.410000,14.270000,14.390000,14.022550,18800
2020-07-30,14.340000,14.410000,14.280000,14.330000,13.964082,32700
2020-07-31,14.330000,14.410000,14.240000,14.370000,14.003060,42500
2020-08-03,14.370000,14.560000,14.330000,14.530000,14.158974,36200
2020-08-04,14.560000,14.670000,14.550000,14.580000,14.207697,42200
2020-08-05,14.660000,14.750000,14.580000,14.580000,14.207697,36300
2020-08-06,14.580000,14.680000,14.510000,14.540000,14.168718,44800
2020-08-07,14.560000,14.580000,14.450000,14.500000,14.129740,30000
2020-08-10,14.620000,14.680000,14.550000,14.600000,14.227188,40100
2020-08-11,14.700000,14.960000,14.320000,14.350000,13.983571,84800
2020-08-12,14.440000,14.570000,14.440000,14.570000,14.197952,33000
2020-08-13,14.550000,14.660000,14.550000,14.610000,14.236932,44000
2020-08-14,14.650000,14.800000,14.560000,14.710000,14.334378,65300
2020-08-17,14.830000,14.890000,14.700000,14.700000,14.324635,50900
2020-08-18,14.750000,14.850000,14.700000,14.740000,14.363612,25100
2020-08-19,14.710000,14.790000,14.710000,14.770000,14.392846,17900
2020-08-20,14.750000,14.790000,14.620000,14.680000,14.305144,37000
2020-08-21,14.680000,14.680000,14.470000,14.550000,14.270817,40300
2020-08-24,14.590000,14.620000,14.460000,14.480000,14.202158,29400
2020-08-25,14.490000,14.600000,14.450000,14.450000,14.172733,32700
2020-08-26,14.490000,14.700000,14.490000,14.530000,14.251200,38700
2020-08-27,14.530000,14.690000,14.510000,14.560000,14.280624,20200
2020-08-28,14.630000,14.770000,14.620000,14.700000,14.417938,42700
2020-08-31,14.620000,14.760000,14.560000,14.750000,14.466978,36700
2020-09-01,14.820000,14.820000,14.550000,14.620000,14.339472,40500
2020-09-02,14.660000,14.750000,14.550000,14.550000,14.270817,44800
2020-09-03,14.620000,14.620000,14.410000,14.500000,14.221775,76500
2020-09-04,14.570000,14.570000,14.360000,14.420000,14.143311,58600
2020-09-08,14.400000,14.410000,14.220000,14.310000,14.035421,68600
2020-09-09,14.360000,14.420000,14.330000,14.360000,14.084462,93000
2020-09-10,14.380000,14.450000,14.340000,14.410000,14.133502,81000
2020-09-11,14.460000,14.470000,14.320000,14.430000,14.153118,44600
2020-09-14,14.400000,14.510000,14.360000,14.470000,14.192350,89700
2020-09-15,14.500000,14.660000,14.500000,14.660000,14.378705,58500
2020-09-16,14.660000,14.700000,14.580000,14.660000,14.378705,59300
2020-09-17,14.600000,14.600000,14.510000,14.560000,14.280624,42500
2020-09-18,14.610000,14.750000,14.570000,14.740000,14.457170,114500
2020-09-21,14.670000,14.670000,14.500000,14.600000,14.319857,59800
2020-09-22,14.530000,14.600000,14.310000,14.410000,14.226068,68000
2020-09-23,14.390000,14.400000,14.120000,14.140000,13.959516,43600
2020-09-24,14.140000,14.140000,13.920000,14.040000,13.860791,126900
2020-09-25,13.940000,14.060000,13.900000,13.970000,13.791686,61300
2020-09-28,13.980000,14.070000,13.960000,14.060000,13.880537,161200
2020-09-29,14.080000,14.110000,13.950000,14.050000,13.870664,67000
2020-09-30,13.990000,14.130000,13.990000,14.030000,13.850919,125900
2020-10-01,14.180000,14.200000,14.100000,14.170000,13.989133,41100
2020-10-02,14.110000,14.300000,14.040000,14.250000,14.068111,54300
2020-10-05,14.300000,14.300000,14.210000,14.290000,14.107600,24000
2020-10-06,14.260000,14.360000,14.260000,14.340000,14.156963,50400
2020-10-07,14.360000,14.390000,14.320000,14.340000,14.156963,75000
2020-10-08,14.420000,14.450000,14.370000,14.370000,14.186580,43300
2020-10-09,14.490000,14.560000,14.380000,14.460000,14.275431,54700
2020-10-12,14.590000,14.590000,14.470000,14.500000,14.314919,72000
2020-10-13,14.540000,14.560000,14.400000,14.400000,14.216196,39200
2020-10-14,14.430000,14.450000,14.230000,14.270000,14.087856,57500
2020-10-15,14.260000,14.270000,14.140000,14.220000,14.038494,44000
2020-10-16,14.190000,14.260000,14.160000,14.190000,14.008877,72400
2020-10-19,14.200000,14.280000,14.200000,14.280000,14.097728,70700
2020-10-20,14.320000,14.590000,14.270000,14.590000,14.403771,63900
2020-10-21,14.560000,14.750000,14.530000,14.660000,14.472878,107100
2020-10-22,14.550000,14.610000,14.490000,14.490000,14.398353,79900
2020-10-23,14.560000,14.560000,14.490000,14.500000,14.408289,69600
2020-10-26,14.480000,14.500000,14.390000,14.430000,14.338732,61200
2020-10-27,14.390000,14.440000,14.240000,14.250000,14.159870,100500
2020-10-28,14.140000,14.200000,14.090000,14.140000,14.050567,46300
2020-10-29,14.140000,14.340000,14.140000,14.280000,14.189680,45200
2020-10-30,14.280000,14.280000,14.030000,14.080000,13.990946,83500
2020-11-02,14.220000,14.330000,14.090000,14.160000,14.070439,64800
2020-11-03,14.220000,14.330000,14.170000,14.280000,14.189680,40900
2020-11-04,14.290000,14.400000,14.240000,14.270000,14.179745,53300
2020-11-05,14.300000,14.490000,14.300000,14.490000,14.398353,46400
2020-11-06,14.490000,14.580000,14.420000,14.560000,14.467910,38400
2020-11-09,14.770000,14.900000,14.620000,14.620000,14.527530,65500
2020-11-10,14.670000,14.820000,14.530000,14.770000,14.676582,57200
2020-11-11,14.720000,14.900000,14.710000,14.880000,14.785886,39200
2020-11-12,14.810000,14.840000,14.510000,14.650000,14.557340,64800
2020-11-13,14.650000,14.690000,14.560000,14.640000,14.547404,20800
2020-11-16,14.770000,14.890000,14.730000,14.850000,14.756076,44200
2020-11-17,14.850000,15.000000,14.820000,14.940000,14.845506,37100
2020-11-18,14.960000,15.080000,14.840000,15.020000,14.925000,47600
2020-11-19,14.900000,14.990000,14.840000,14.840000,14.840000,27000
2020-11-20,14.840000,15.050000,14.840000,14.990000,14.990000,44700
2020-11-23,15.010000,15.120000,14.980000,15.020000,15.020000,27100
2020-11-24,15.140000,15.340000,15.120000,15.250000,15.250000,49600
2020-11-25,15.220000,15.320000,15.210000,15.300000,15.300000,36900
2020-11-27,15.290000,15.320000,15.160000,15.250000,15.250000,37800
2020-11-30,15.190000,15.240000,15.070000,15.220000,15.220000,45700
2020-12-01,15.340000,15.370000,15.140000,15.250000,15.250000,61000
2020-12-02,15.190000,15.290000,15.070000,15.140000,15.140000,87500
2020-12-03,15.140000,15.160000,15.070000,15.110000,15.110000,63000
2020-12-04,15.130000,15.160000,14.980000,15.090000,15.090000,88000
2020-12-07,15.050000,15.050000,14.970000,14.980000,14.980000,63600
2020-12-08,15.010000,15.030000,14.950000,14.980000,14.980000,58600
2020-12-09,14.980000,15.090000,14.980000,15.060000,15.060000,89300
2020-12-10,15.020000,15.110000,14.980000,15.100000,15.100000,80100
2020-12-11,15.040000,15.170000,15.040000,15.160000,15.160000,61400