Date,Open,High,Low,Close,Adj Close,Volume
1993-11-05,13.750000,16.500000,13.750000,15.250000,15.250000,3353000
1993-11-08,15.500000,16.500000,15.250000,16.250000,16.250000,382200
1993-11-09,16.500000,16.500000,15.500000,16.000000,16.000000,310800
1993-11-10,16.000000,16.000000,14.750000,15.750000,15.750000,154500
1993-11-11,16.000000,16.000000,15.750000,15.750000,15.750000,35000
1993-11-12,16.000000,16.000000,15.500000,15.500000,15.500000,190800
1993-11-15,16.000000,16.000000,15.250000,15.250000,15.250000,167300
1993-11-16,15.750000,15.750000,15.250000,15.250000,15.250000,108800
1993-11-17,15.750000,15.750000,14.500000,14.875000,14.875000,191600
1993-11-18,14.750000,15.250000,14.750000,15.000000,15.000000,166300
1993-11-19,15.000000,15.250000,14.750000,14.750000,14.750000,152900
1993-11-22,15.250000,15.250000,14.250000,14.750000,14.750000,229700
1993-11-23,14.750000,15.250000,14.250000,15.250000,15.250000,50100
1993-11-24,14.750000,15.250000,14.750000,15.250000,15.250000,2400
1993-11-26,15.000000,15.000000,14.750000,14.750000,14.750000,18200
1993-11-29,15.250000,15.750000,14.750000,15.750000,15.750000,101400
1993-11-30,15.000000,15.750000,15.000000,15.375000,15.375000,213800
1993-12-01,15.000000,15.750000,14.750000,14.875000,14.875000,49000
1993-12-02,15.000000,15.500000,14.500000,15.000000,15.000000,73500
1993-12-03,15.500000,15.500000,15.000000,15.375000,15.375000,111500
1993-12-06,15.500000,15.500000,15.000000,15.000000,15.000000,249000
1993-12-07,15.500000,15.500000,15.000000,15.500000,15.500000,106200
1993-12-08,15.250000,15.500000,15.000000,15.375000,15.375000,38100
1993-12-09,15.500000,15.500000,15.000000,15.500000,15.500000,8100
1993-12-10,15.500000,15.500000,15.000000,15.500000,15.500000,224800
1993-12-13,15.500000,15.500000,15.000000,15.000000,15.000000,20900
1993-12-14,15.000000,15.750000,15.000000,15.500000,15.500000,136600
1993-12-15,15.500000,15.500000,14.000000,14.250000,14.250000,112000
1993-12-16,14.500000,14.750000,14.250000,14.750000,14.750000,89000
1993-12-17,15.000000,15.500000,14.750000,15.000000,15.000000,38800
1993-12-20,15.500000,16.250000,15.500000,16.250000,16.250000,28600
1993-12-21,15.750000,16.250000,15.500000,16.250000,16.250000,8100
1993-12-22,16.250000,16.750000,15.875000,16.500000,16.500000,95500
1993-12-23,16.250000,16.750000,16.250000,16.500000,16.500000,8100
1993-12-27,16.750000,16.750000,16.375000,16.750000,16.750000,3400
1993-12-28,16.250000,16.500000,16.250000,16.250000,16.250000,78400
1993-12-29,16.250000,16.500000,16.250000,16.250000,16.250000,81600
1993-12-30,16.250000,16.500000,16.250000,16.500000,16.500000,12300
1993-12-31,16.000000,18.000000,16.000000,18.000000,18.000000,28400
1994-01-03,18.000000,18.000000,17.000000,17.000000,17.000000,136200
1994-01-04,17.500000,17.500000,17.000000,17.000000,17.000000,132400
1994-01-05,17.000000,17.500000,17.000000,17.000000,17.000000,62200
1994-01-06,17.750000,17.750000,17.250000,17.250000,17.250000,34800
1994-01-07,17.250000,17.750000,17.250000,17.750000,17.750000,13400
1994-01-10,17.750000,17.750000,17.250000,17.750000,17.750000,13900
1994-01-11,17.250000,17.750000,17.250000,17.250000,17.250000,6000
1994-01-12,17.750000,17.750000,17.250000,17.750000,17.750000,4900
1994-01-13,17.750000,17.750000,17.250000,17.500000,17.500000,8300
1994-01-14,17.500000,17.500000,17.250000,17.500000,17.500000,5000
1994-01-17,17.250000,17.500000,17.250000,17.500000,17.500000,1400
1994-01-18,17.250000,17.250000,17.250000,17.250000,17.250000,1000
1994-01-19,17.250000,17.750000,17.250000,17.375000,17.375000,62400
1994-01-20,17.750000,17.750000,17.250000,17.250000,17.250000,19700
1994-01-21,17.250000,17.750000,17.250000,17.750000,17.750000,3500
1994-01-24,17.250000,17.500000,17.250000,17.500000,17.500000,700
1994-01-25,17.750000,17.750000,17.250000,17.375000,17.375000,13200
1994-01-26,17.750000,17.750000,17.250000,17.375000,17.375000,6000
1994-01-27,17.250000,17.750000,17.250000,17.750000,17.750000,2400
1994-01-28,17.250000,17.750000,17.250000,17.750000,17.750000,15400
1994-01-31,17.750000,18.500000,17.250000,17.875000,17.875000,81300
1994-02-01,18.250000,18.250000,17.500000,18.000000,18.000000,101200
1994-02-02,18.250000,18.250000,17.500000,17.750000,17.750000,40200
1994-02-03,17.750000,18.000000,17.500000,18.000000,18.000000,53000
1994-02-04,17.750000,17.750000,16.250000,16.250000,16.250000,26400
1994-02-07,16.000000,16.250000,15.500000,16.000000,16.000000,176000
1994-02-08,16.000000,16.750000,16.000000,16.750000,16.750000,1000
1994-02-09,16.750000,18.500000,16.750000,18.125000,18.125000,139400
1994-02-10,18.000000,18.250000,17.500000,17.500000,17.500000,46600
1994-02-11,17.000000,17.250000,17.000000,17.250000,17.250000,1500
1994-02-14,17.125000,18.000000,17.000000,18.000000,18.000000,37700
1994-02-15,17.750000,18.250000,17.750000,18.250000,18.250000,36100
1994-02-16,18.250000,18.250000,17.750000,17.750000,17.750000,43500
1994-02-17,17.750000,18.000000,17.750000,18.000000,18.000000,10500
1994-02-18,17.750000,17.875000,17.500000,17.500000,17.500000,26700
1994-02-22,18.250000,18.250000,17.500000,17.750000,17.750000,1800
1994-02-23,17.750000,18.250000,17.500000,17.500000,17.500000,21600
1994-02-24,17.250000,18.000000,17.250000,17.250000,17.250000,13000
1994-02-25,18.000000,18.000000,17.250000,17.500000,17.500000,18800
1994-02-28,17.500000,18.000000,17.500000,18.000000,18.000000,19000
1994-03-01,17.500000,17.875000,17.250000,17.750000,17.750000,13900
1994-03-02,17.250000,17.250000,16.250000,16.750000,16.750000,21400
1994-03-03,16.750000,16.750000,16.250000,16.250000,16.250000,22600
1994-03-04,16.750000,16.750000,15.750000,15.750000,15.750000,27900
1994-03-07,16.000000,16.500000,16.000000,16.500000,16.500000,71600
1994-03-08,16.750000,17.500000,16.250000,17.500000,17.500000,31000
1994-03-09,17.500000,17.750000,17.000000,17.500000,17.500000,26400
1994-03-10,17.750000,18.000000,17.250000,17.250000,17.250000,38700
1994-03-11,17.750000,17.750000,17.250000,17.250000,17.250000,16000
1994-03-14,17.250000,17.750000,17.250000,17.250000,17.250000,7700
1994-03-15,18.000000,18.000000,17.000000,17.000000,17.000000,47200
1994-03-16,17.000000,17.000000,16.500000,16.750000,16.750000,12100
1994-03-17,17.000000,17.000000,16.500000,17.000000,17.000000,1300
1994-03-18,17.000000,17.000000,16.500000,16.500000,16.500000,600
1994-03-21,17.000000,17.000000,16.250000,16.750000,16.750000,4700
1994-03-22,16.750000,16.750000,16.375000,16.625000,16.625000,23000
1994-03-23,16.250000,16.750000,16.250000,16.750000,16.750000,40500
1994-03-24,16.750000,16.750000,16.250000,16.250000,16.250000,16100
1994-03-25,16.250000,17.750000,16.250000,17.250000,17.250000,67500
1994-03-28,17.000000,17.375000,17.000000,17.000000,17.000000,9800
1994-03-29,17.500000,17.500000,17.000000,17.000000,17.000000,67400
1994-03-30,16.500000,17.000000,16.250000,16.250000,16.250000,27400
1994-03-31,16.250000,16.750000,16.250000,16.500000,16.500000,22800
1994-04-04,16.500000,16.750000,16.250000,16.250000,16.250000,2400
1994-04-05,16.750000,18.750000,16.750000,18.000000,18.000000,53900
1994-04-06,18.000000,18.500000,18.000000,18.500000,18.500000,26100
1994-04-07,18.250000,18.250000,18.000000,18.250000,18.250000,61100
1994-04-08,17.750000,18.250000,17.625000,17.750000,17.750000,73100
1994-04-11,18.250000,18.250000,17.750000,17.750000,17.750000,7200
1994-04-12,18.250000,18.250000,17.750000,18.000000,18.000000,1800
1994-04-13,17.750000,18.000000,17.750000,17.750000,17.750000,10500
1994-04-14,17.750000,17.750000,17.750000,17.750000,17.750000,7000
1994-04-15,18.000000,18.250000,17.750000,18.250000,18.250000,10400
1994-04-18,17.750000,18.250000,17.750000,17.750000,17.750000,4800
1994-04-19,17.750000,18.250000,17.750000,18.250000,18.250000,116300
1994-04-20,18.250000,18.500000,17.750000,17.750000,17.750000,146200
1994-04-21,18.250000,18.250000,17.625000,17.625000,17.625000,102300
1994-04-22,17.625000,18.250000,17.625000,18.000000,18.000000,1100
1994-04-25,17.750000,18.000000,17.750000,17.750000,17.750000,11900
1994-04-26,18.250000,18.250000,17.750000,17.750000,17.750000,4000
1994-04-28,18.250000,18.750000,17.750000,18.750000,18.750000,540700
1994-04-29,19.000000,20.000000,18.250000,20.000000,20.000000,101400
1994-05-02,19.750000,20.750000,19.500000,20.500000,20.500000,105800
1994-05-03,20.000000,21.000000,20.000000,21.000000,21.000000,409600
1994-05-04,21.000000,21.000000,17.750000,19.000000,19.000000,829600
1994-05-05,19.250000,20.250000,19.000000,19.750000,19.750000,517900
1994-05-06,19.750000,20.250000,19.750000,20.000000,20.000000,17900
1994-05-09,20.000000,20.000000,19.750000,19.750000,19.750000,22100
1994-05-10,19.750000,21.000000,19.750000,21.000000,21.000000,41400
1994-05-11,21.250000,22.000000,20.250000,21.000000,21.000000,115600
1994-05-12,20.000000,21.000000,20.000000,20.000000,20.000000,2900
1994-05-13,21.000000,21.000000,19.500000,20.000000,20.000000,19300
1994-05-16,20.000000,20.000000,19.500000,20.000000,20.000000,21300
1994-05-17,19.500000,20.000000,19.500000,20.000000,20.000000,20600
1994-05-18,20.250000,20.500000,19.500000,20.500000,20.500000,156100
1994-05-19,20.750000,21.375000,20.250000,21.000000,21.000000,62800
1994-05-20,21.250000,21.250000,20.750000,21.250000,21.250000,5300
1994-05-23,21.250000,21.250000,20.500000,21.000000,21.000000,17400
1994-05-24,21.000000,21.000000,19.750000,20.000000,20.000000,226800
1994-05-25,20.250000,20.250000,19.875000,20.250000,20.250000,3400
1994-05-26,20.250000,20.250000,19.250000,19.750000,19.750000,51300
1994-05-27,19.500000,19.500000,19.000000,19.125000,19.125000,51500
1994-05-31,19.250000,19.250000,18.750000,19.250000,19.250000,26400
1994-06-01,19.000000,19.250000,19.000000,19.250000,19.250000,28900
1994-06-02,18.750000,19.250000,18.750000,19.250000,19.250000,13300
1994-06-03,18.750000,19.250000,18.750000,19.250000,19.250000,73400
1994-06-06,19.250000,19.500000,19.000000,19.000000,19.000000,66900
1994-06-07,19.000000,19.500000,19.000000,19.000000,19.000000,1500
1994-06-08,19.250000,20.000000,19.000000,20.000000,20.000000,21900
1994-06-09,19.500000,19.750000,19.500000,19.500000,19.500000,10100
1994-06-10,19.750000,19.750000,19.250000,19.750000,19.750000,700
1994-06-13,19.750000,19.750000,19.250000,19.250000,19.250000,14500
1994-06-14,19.250000,19.500000,19.250000,19.500000,19.500000,150100
1994-06-15,19.250000,20.250000,19.250000,20.000000,20.000000,38200
1994-06-16,20.250000,20.250000,19.750000,20.250000,20.250000,87900
1994-06-17,20.000000,20.250000,19.750000,20.250000,20.250000,350900
1994-06-20,20.000000,20.250000,19.750000,20.250000,20.250000,26400
1994-06-21,20.250000,20.250000,18.500000,18.750000,18.750000,60400
1994-06-22,18.750000,19.750000,18.750000,19.750000,19.750000,16000
1994-06-23,19.750000,19.750000,19.250000,19.250000,19.250000,38400
1994-06-24,19.125000,19.250000,18.500000,18.875000,18.875000,53900
1994-06-27,19.000000,19.000000,18.500000,18.750000,18.750000,39800
1994-06-28,18.500000,18.750000,18.250000,18.750000,18.750000,24800
1994-06-29,18.750000,18.750000,18.750000,18.750000,18.750000,12200
1994-06-30,19.000000,20.250000,18.750000,20.000000,20.000000,90000
1994-07-01,20.000000,20.000000,20.000000,20.000000,20.000000,1100
1994-07-05,19.250000,20.000000,19.250000,19.750000,19.750000,13900
1994-07-06,20.000000,20.250000,19.500000,20.000000,20.000000,12900
1994-07-07,20.000000,20.250000,19.750000,20.000000,20.000000,67500
1994-07-08,20.250000,20.250000,20.000000,20.000000,20.000000,9200
1994-07-11,19.750000,20.250000,19.750000,20.062500,20.062500,124900
1994-07-12,20.000000,20.250000,20.000000,20.250000,20.250000,48500
1994-07-13,20.250000,20.250000,19.500000,19.500000,19.500000,27900
1994-07-14,19.625000,19.750000,19.500000,19.500000,19.500000,11700
1994-07-15,19.500000,19.750000,19.000000,19.000000,19.000000,4700
1994-07-18,19.000000,19.750000,19.000000,19.500000,19.500000,30100
1994-07-19,19.500000,19.750000,14.000000,15.500000,15.500000,758500
1994-07-20,16.250000,16.500000,15.750000,15.875000,15.875000,1000600
1994-07-21,16.250000,16.250000,14.250000,14.625000,14.625000,145600
1994-07-22,14.500000,15.750000,14.500000,15.500000,15.500000,167500
1994-07-25,15.250000,15.750000,15.250000,15.250000,15.250000,113500
1994-07-26,15.750000,15.750000,14.750000,15.750000,15.750000,413800
1994-07-27,15.750000,15.750000,15.625000,15.750000,15.750000,12200
1994-07-28,15.375000,16.000000,15.250000,15.750000,15.750000,76400
1994-07-29,16.000000,16.750000,15.875000,16.500000,16.500000,115300
1994-08-01,16.750000,17.250000,16.500000,17.125000,17.125000,22000
1994-08-02,17.250000,17.500000,17.000000,17.375000,17.375000,48100
1994-08-03,17.500000,17.500000,17.000000,17.250000,17.250000,69400
1994-08-04,17.750000,17.750000,17.000000,17.000000,17.000000,21400
1994-08-05,17.000000,17.500000,17.000000,17.250000,17.250000,26900
1994-08-08,17.250000,17.250000,17.000000,17.000000,17.000000,27200
1994-08-09,17.000000,17.500000,17.000000,17.375000,17.375000,55100
1994-08-10,17.500000,17.500000,17.000000,17.250000,17.250000,12000
1994-08-11,17.500000,17.750000,17.000000,17.750000,17.750000,14900
1994-08-12,18.500000,18.500000,18.000000,18.125000,18.125000,1700
1994-08-15,17.750000,18.750000,17.750000,18.750000,18.750000,10200
1994-08-16,18.750000,18.750000,18.250000,18.750000,18.750000,15600
1994-08-17,18.750000,18.750000,18.250000,18.625000,18.625000,21700
1994-08-18,18.750000,18.750000,17.750000,17.750000,17.750000,28100
1994-08-19,17.750000,17.750000,17.250000,17.750000,17.750000,13500
1994-08-22,17.750000,18.250000,17.500000,18.000000,18.000000,41300
1994-08-23,18.000000,19.000000,17.750000,19.000000,19.000000,99100
1994-08-24,19.000000,19.000000,18.250000,18.625000,18.625000,12400
1994-08-25,18.750000,18.750000,18.250000,18.750000,18.750000,12600
1994-08-26,18.625000,18.625000,18.250000,18.500000,18.500000,7600
1994-08-29,18.250000,18.750000,18.250000,18.750000,18.750000,6300
1994-08-30,18.750000,19.500000,18.750000,19.000000,19.000000,54100
1994-08-31,19.500000,19.500000,18.750000,19.500000,19.500000,25100
1994-09-01,19.250000,19.250000,18.500000,19.000000,19.000000,60200
1994-09-02,19.250000,19.500000,19.000000,19.500000,19.500000,30300
1994-09-06,19.000000,19.750000,19.000000,19.500000,19.500000,26600
1994-09-07,19.500000,20.000000,19.500000,19.500000,19.500000,39300
1994-09-08,19.750000,19.750000,19.500000,19.500000,19.500000,17000
1994-09-09,19.250000,19.750000,19.000000,19.250000,19.250000,105800
1994-09-12,19.000000,19.750000,19.000000,19.000000,19.000000,22600
1994-09-13,19.500000,19.750000,19.000000,19.250000,19.250000,11000
1994-09-14,19.750000,19.750000,19.250000,19.250000,19.250000,24900
1994-09-15,19.500000,19.500000,19.000000,19.500000,19.500000,5700
1994-09-16,19.500000,19.750000,19.250000,19.500000,19.500000,21900
1994-09-19,19.500000,19.500000,19.000000,19.000000,19.000000,5100
1994-09-20,19.500000,19.500000,19.375000,19.500000,19.500000,3300
1994-09-21,19.000000,19.500000,19.000000,19.000000,19.000000,3500
1994-09-22,19.500000,19.500000,19.000000,19.500000,19.500000,13300
1994-09-23,19.375000,19.500000,19.000000,19.500000,19.500000,10000
1994-09-26,19.000000,19.500000,19.000000,19.500000,19.500000,11900
1994-09-27,19.000000,19.500000,19.000000,19.000000,19.000000,73000
1994-09-28,19.250000,19.250000,18.500000,18.500000,18.500000,31400
1994-09-29,18.500000,19.000000,18.125000,18.500000,18.500000,7000
1994-09-30,19.000000,19.250000,18.500000,19.062500,19.062500,27200
1994-10-03,19.250000,19.250000,18.750000,19.250000,19.250000,5300
1994-10-04,19.250000,19.250000,18.750000,19.000000,19.000000,4900
1994-10-05,19.000000,19.250000,18.750000,19.000000,19.000000,11400
1994-10-06,19.250000,19.250000,18.750000,19.250000,19.250000,3900
1994-10-07,18.875000,19.500000,18.750000,18.750000,18.750000,51500
1994-10-10,18.750000,19.000000,18.250000,19.000000,19.000000,44400
1994-10-11,18.500000,19.250000,18.500000,19.000000,19.000000,33000
1994-10-12,19.250000,19.250000,18.750000,19.250000,19.250000,41600
1994-10-13,19.250000,19.500000,19.000000,19.500000,19.500000,31100
1994-10-14,19.000000,20.000000,19.000000,20.000000,20.000000,23900
1994-10-17,20.000000,20.500000,19.250000,20.500000,20.500000,16600
1994-10-18,20.500000,21.000000,20.000000,21.000000,21.000000,98500
1994-10-19,20.500000,22.500000,20.000000,21.750000,21.750000,124800
1994-10-20,21.750000,23.250000,21.750000,23.000000,23.000000,353000
1994-10-21,23.250000,23.250000,21.750000,22.000000,22.000000,72900
1994-10-24,22.000000,22.250000,22.000000,22.250000,22.250000,26300
1994-10-25,22.000000,22.000000,21.500000,21.500000,21.500000,8500
1994-10-26,22.000000,22.000000,20.750000,21.250000,21.250000,21900
1994-10-27,21.000000,21.500000,21.000000,21.000000,21.000000,26800
1994-10-28,21.500000,22.625000,21.250000,22.500000,22.500000,75100
1994-10-31,22.750000,23.000000,22.000000,23.000000,23.000000,84000
1994-11-01,22.500000,23.000000,22.500000,22.500000,22.500000,5200
1994-11-02,23.000000,23.500000,22.500000,23.000000,23.000000,399700
1994-11-03,23.250000,23.250000,22.750000,22.750000,22.750000,46600
1994-11-04,22.750000,23.250000,22.750000,22.875000,22.875000,15100
1994-11-07,22.750000,23.250000,22.750000,22.750000,22.750000,43600
1994-11-08,22.750000,23.250000,22.500000,22.500000,22.500000,13700
1994-11-09,22.500000,23.000000,22.500000,23.000000,23.000000,3200
1994-11-10,22.500000,22.750000,21.750000,22.250000,22.250000,38500
1994-11-11,22.750000,22.750000,22.000000,22.250000,22.250000,21700
1994-11-14,22.000000,22.750000,22.000000,22.125000,22.125000,47800
1994-11-15,22.000000,22.750000,22.000000,22.750000,22.750000,13800
1994-11-16,22.750000,22.750000,22.750000,22.750000,22.750000,700
1994-11-17,22.750000,22.750000,22.750000,22.750000,22.750000,2200
1994-11-18,22.000000,22.750000,22.000000,22.750000,22.750000,3100
1994-11-21,22.625000,22.750000,22.000000,22.000000,22.000000,10500
1994-11-22,21.750000,22.250000,20.750000,21.250000,21.250000,38500
1994-11-23,20.250000,20.500000,19.750000,20.375000,20.375000,29500
1994-11-25,20.000000,20.500000,20.000000,20.000000,20.000000,1400
1994-11-28,20.000000,20.500000,20.000000,20.500000,20.500000,1100
1994-11-29,20.500000,20.500000,20.000000,20.500000,20.500000,3900
1994-11-30,20.375000,20.500000,20.000000,20.000000,20.000000,800
1994-12-01,20.500000,20.500000,20.000000,20.000000,20.000000,2100
1994-12-02,20.000000,20.000000,19.500000,19.625000,19.625000,7200
1994-12-05,19.250000,20.000000,19.250000,19.250000,19.250000,2900
1994-12-06,19.250000,20.000000,19.250000,19.250000,19.250000,27000
1994-12-07,19.000000,19.250000,18.250000,18.500000,18.500000,1183000
1994-12-08,18.750000,19.250000,18.250000,19.000000,19.000000,127600
1994-12-09,19.000000,19.000000,18.500000,18.500000,18.500000,33800
1994-12-12,19.000000,19.000000,18.500000,19.000000,19.000000,43200
1994-12-13,19.000000,19.000000,18.750000,19.000000,19.000000,25200
1994-12-14,18.500000,19.000000,18.500000,19.000000,19.000000,57000
1994-12-15,19.000000,20.000000,18.750000,20.000000,20.000000,169400
1994-12-16,20.000000,20.000000,19.500000,20.000000,20.000000,32500
1994-12-19,20.000000,20.000000,19.500000,19.500000,19.500000,28100
1994-12-20,19.500000,20.000000,19.000000,19.000000,19.000000,29600
1994-12-21,19.000000,19.500000,19.000000,19.500000,19.500000,35500
1994-12-22,19.250000,19.500000,19.125000,19.500000,19.500000,6300
1994-12-23,19.000000,19.500000,19.000000,19.000000,19.000000,96500
1994-12-27,19.250000,19.500000,19.000000,19.250000,19.250000,25400
1994-12-28,19.500000,19.500000,19.000000,19.500000,19.500000,146600
1994-12-29,19.500000,20.250000,19.375000,20.000000,20.000000,248200
1994-12-30,20.125000,20.250000,19.750000,20.250000,20.250000,73500
1995-01-03,20.250000,21.250000,19.875000,21.250000,21.250000,53200
1995-01-04,21.250000,21.250000,20.750000,21.000000,21.000000,7000
1995-01-05,20.750000,22.000000,20.750000,22.000000,22.000000,51900
1995-01-06,21.500000,22.250000,21.500000,22.000000,22.000000,55500
1995-01-09,21.750000,22.500000,21.750000,22.375000,22.375000,47400
1995-01-10,22.250000,23.000000,22.250000,22.875000,22.875000,173000
1995-01-11,23.000000,23.000000,22.375000,23.000000,23.000000,109500
1995-01-12,22.250000,23.000000,22.000000,22.000000,22.000000,97800
1995-01-13,22.250000,22.250000,21.750000,22.250000,22.250000,29900
1995-01-16,22.250000,22.250000,21.750000,22.250000,22.250000,45700
1995-01-17,21.500000,22.000000,21.250000,22.000000,22.000000,48600
1995-01-18,22.000000,22.000000,21.500000,21.750000,21.750000,26300
1995-01-19,21.875000,22.000000,21.500000,21.500000,21.500000,15400
1995-01-20,21.500000,21.750000,21.250000,21.750000,21.750000,25200
1995-01-23,21.750000,21.750000,21.250000,21.500000,21.500000,21600
1995-01-24,20.750000,21.000000,20.562500,20.562500,20.562500,39400
1995-01-25,20.750000,20.750000,18.250000,18.500000,18.500000,232600
1995-01-26,19.000000,19.250000,18.000000,18.125000,18.125000,72700
1995-01-27,18.500000,20.000000,18.000000,19.750000,19.750000,199800
1995-01-30,20.500000,21.250000,20.000000,21.125000,21.125000,329300
1995-01-31,21.250000,21.250000,21.000000,21.000000,21.000000,235700
1995-02-01,21.000000,21.250000,21.000000,21.250000,21.250000,108600
1995-02-02,21.250000,21.250000,20.750000,21.250000,21.250000,83800
1995-02-03,21.000000,22.875000,21.000000,22.750000,22.750000,111000
1995-02-06,22.750000,23.750000,22.500000,23.250000,23.250000,106400
1995-02-07,23.500000,23.750000,22.500000,23.625000,23.625000,139300
1995-02-08,23.625000,23.750000,22.875000,23.000000,23.000000,173100
1995-02-09,23.000000,23.250000,23.000000,23.125000,23.125000,211700
1995-02-10,23.250000,23.750000,23.000000,23.750000,23.750000,109000
1995-02-13,23.500000,24.500000,23.500000,24.125000,24.125000,99600
1995-02-14,24.750000,24.750000,24.000000,24.250000,24.250000,153900
1995-02-15,24.500000,25.000000,24.250000,25.000000,25.000000,124000
1995-02-16,25.000000,25.000000,24.250000,24.500000,24.500000,67100
1995-02-17,24.500000,26.250000,24.500000,25.750000,25.750000,179500
1995-02-21,25.250000,25.750000,24.750000,25.250000,25.250000,133200
1995-02-22,25.250000,25.500000,24.750000,25.000000,25.000000,37100
1995-02-23,25.250000,25.250000,24.750000,24.750000,24.750000,6800
1995-02-24,25.250000,25.250000,24.750000,25.250000,25.250000,157200
1995-02-27,24.500000,25.250000,24.250000,24.500000,24.500000,19600
1995-02-28,25.000000,25.000000,24.000000,24.750000,24.750000,57700
1995-03-01,24.250000,25.750000,24.250000,25.500000,25.500000,80600
1995-03-02,25.500000,25.500000,25.250000,25.375000,25.375000,66300
1995-03-03,25.000000,25.375000,25.000000,25.375000,25.375000,17900
1995-03-06,25.375000,25.375000,25.000000,25.375000,25.375000,7600
1995-03-07,25.375000,25.375000,24.750000,25.000000,25.000000,25600
1995-03-08,25.000000,25.375000,24.750000,24.750000,24.750000,13000
1995-03-09,25.500000,25.500000,24.750000,25.375000,25.375000,21800
1995-03-10,25.500000,26.000000,25.000000,25.500000,25.500000,43800
1995-03-13,26.000000,26.750000,25.750000,26.375000,26.375000,31000
1995-03-14,26.750000,27.250000,26.000000,27.000000,27.000000,40400
1995-03-15,27.000000,27.000000,26.250000,26.750000,26.750000,196600
1995-03-16,27.000000,27.000000,26.500000,26.750000,26.750000,20000
1995-03-17,26.500000,27.250000,26.500000,26.750000,26.750000,248200
1995-03-20,27.000000,27.000000,26.250000,26.250000,26.250000,28900
1995-03-21,26.250000,26.250000,25.500000,25.500000,25.500000,29100
1995-03-22,26.250000,26.250000,25.500000,26.250000,26.250000,125000
1995-03-23,25.500000,26.000000,25.000000,25.500000,25.500000,22300
1995-03-24,25.000000,26.000000,25.000000,26.000000,26.000000,17600
1995-03-27,25.875000,26.000000,25.500000,26.000000,26.000000,132100
1995-03-28,26.000000,26.000000,25.250000,25.250000,25.250000,31900
1995-03-29,25.500000,25.500000,24.750000,24.750000,24.750000,74700
1995-03-30,25.000000,25.500000,23.750000,24.000000,24.000000,38500
1995-03-31,23.750000,24.000000,23.250000,23.500000,23.500000,32900
1995-04-03,23.250000,23.750000,22.500000,23.500000,23.500000,30100
1995-04-04,24.000000,24.250000,23.500000,24.000000,24.000000,72200
1995-04-05,23.500000,24.500000,23.500000,24.500000,24.500000,26300
1995-04-06,24.500000,25.000000,24.500000,24.500000,24.500000,23900
1995-04-07,24.500000,25.000000,24.500000,24.500000,24.500000,11100
1995-04-10,24.500000,25.000000,24.500000,25.000000,25.000000,8800
1995-04-11,24.750000,25.000000,24.500000,25.000000,25.000000,39900
1995-04-12,25.000000,25.000000,24.500000,24.750000,24.750000,12900
1995-04-13,24.750000,25.250000,24.500000,24.500000,24.500000,227800
1995-04-17,25.000000,25.000000,24.250000,24.500000,24.500000,32700
1995-04-18,24.750000,24.750000,24.250000,24.750000,24.750000,190700
1995-04-19,24.000000,24.500000,23.500000,24.000000,24.000000,22400
1995-04-20,23.750000,24.250000,23.750000,24.250000,24.250000,3500
1995-04-21,23.750000,24.000000,23.250000,24.000000,24.000000,21000
1995-04-24,24.000000,24.500000,23.750000,24.250000,24.250000,17400
1995-04-25,24.500000,24.500000,24.000000,24.500000,24.500000,13400
1995-04-26,24.500000,24.500000,24.000000,24.000000,24.000000,39900
1995-04-27,24.500000,26.000000,24.500000,26.000000,26.000000,107400
1995-04-28,25.250000,26.000000,25.250000,25.250000,25.250000,8600
1995-05-01,25.250000,27.000000,25.250000,26.875000,26.875000,191900
1995-05-02,26.250000,29.000000,26.250000,28.750000,28.750000,178800
1995-05-03,28.750000,29.250000,28.250000,29.000000,29.000000,143300
1995-05-04,28.500000,29.250000,28.500000,29.000000,29.000000,24000
1995-05-05,29.000000,29.500000,28.500000,29.250000,29.250000,47500
1995-05-08,28.750000,30.250000,28.750000,29.750000,29.750000,106200
1995-05-09,30.250000,30.250000,29.500000,29.625000,29.625000,44900
1995-05-10,29.500000,30.000000,29.000000,29.000000,29.000000,18800
1995-05-11,29.000000,29.500000,29.000000,29.000000,29.000000,22600
1995-05-12,28.500000,29.250000,26.500000,26.500000,26.500000,99300
1995-05-15,27.000000,27.250000,26.500000,26.500000,26.500000,57900
1995-05-16,27.250000,28.625000,26.500000,28.250000,28.250000,139400
1995-05-17,28.250000,30.250000,27.750000,30.000000,30.000000,114800
1995-05-18,30.000000,30.000000,28.500000,28.625000,28.625000,244600
1995-05-19,28.500000,28.750000,28.000000,28.000000,28.000000,46100
1995-05-22,28.500000,29.000000,27.750000,28.625000,28.625000,21400
1995-05-23,29.000000,29.125000,28.500000,29.125000,29.125000,31100
1995-05-24,29.125000,29.250000,28.625000,29.250000,29.250000,15500
1995-05-25,29.250000,29.250000,28.625000,29.000000,29.000000,27500
1995-05-26,28.750000,29.250000,28.750000,29.250000,29.250000,4500
1995-05-30,29.250000,29.250000,28.750000,29.250000,29.250000,61600
1995-05-31,29.250000,29.250000,28.750000,28.875000,28.875000,15300
1995-06-01,28.750000,29.250000,28.750000,29.000000,29.000000,1800
1995-06-02,28.750000,29.250000,28.750000,29.000000,29.000000,4800
1995-06-05,28.750000,29.750000,28.750000,29.500000,29.500000,24000
1995-06-06,29.500000,29.500000,29.000000,29.000000,29.000000,2700
1995-06-07,29.500000,29.500000,28.750000,28.812500,28.812500,9500
1995-06-08,29.250000,29.625000,28.750000,29.500000,29.500000,34400
1995-06-09,29.000000,29.500000,29.000000,29.500000,29.500000,9800
1995-06-12,29.500000,29.500000,28.875000,29.000000,29.000000,9600
1995-06-13,28.500000,29.500000,28.500000,29.000000,29.000000,37400
1995-06-14,29.500000,29.500000,29.000000,29.500000,29.500000,6900
1995-06-15,29.750000,32.250000,29.000000,31.500000,31.500000,143400
1995-06-16,30.750000,32.000000,30.750000,31.750000,31.750000,70300
1995-06-19,31.750000,31.750000,31.250000,31.500000,31.500000,8000
1995-06-20,31.750000,33.250000,31.000000,33.250000,33.250000,64800
1995-06-21,33.250000,33.500000,32.500000,33.125000,33.125000,81400
1995-06-22,33.500000,33.500000,30.750000,31.000000,31.000000,76100
1995-06-23,31.000000,31.000000,30.750000,30.875000,30.875000,18600
1995-06-26,31.000000,31.000000,30.750000,30.875000,30.875000,14900
1995-06-27,30.750000,31.250000,30.750000,31.000000,31.000000,122500
1995-06-28,30.750000,31.000000,30.750000,30.875000,30.875000,11700
1995-06-29,31.125000,31.250000,30.750000,31.250000,31.250000,39700
1995-06-30,31.125000,31.250000,30.750000,31.250000,31.250000,82600
1995-07-03,30.750000,31.250000,30.750000,31.250000,31.250000,1400
1995-07-05,30.750000,32.000000,30.750000,32.000000,32.000000,54000
1995-07-06,32.000000,33.250000,31.500000,33.250000,33.250000,62900
1995-07-07,33.250000,33.250000,32.750000,33.250000,33.250000,4300
1995-07-10,32.750000,33.500000,32.750000,33.500000,33.500000,14200
1995-07-11,33.250000,33.250000,32.500000,33.250000,33.250000,4400
1995-07-12,32.500000,33.500000,32.500000,33.250000,33.250000,53500
1995-07-13,33.250000,33.250000,32.750000,33.000000,33.000000,135600
1995-07-14,33.250000,33.250000,32.750000,33.250000,33.250000,46800
1995-07-17,33.250000,33.250000,32.750000,33.250000,33.250000,83000
1995-07-18,29.500000,29.500000,22.500000,24.875000,24.875000,1927400
1995-07-19,25.000000,25.000000,23.500000,23.500000,23.500000,235000
1995-07-20,24.250000,24.750000,24.000000,24.500000,24.500000,402300
1995-07-21,24.500000,24.750000,24.000000,24.250000,24.250000,140400
1995-07-24,24.750000,25.000000,24.000000,24.500000,24.500000,401300
1995-07-25,24.750000,24.875000,24.500000,24.500000,24.500000,204300
1995-07-26,24.750000,24.750000,24.250000,24.500000,24.500000,156400
1995-07-27,24.750000,25.000000,24.250000,25.000000,25.000000,547900
1995-07-28,25.000000,25.000000,24.250000,24.250000,24.250000,33400
1995-07-31,25.000000,25.000000,23.000000,23.000000,23.000000,111500
1995-08-01,23.500000,23.500000,22.000000,22.625000,22.625000,105600
1995-08-02,23.250000,23.250000,22.000000,22.000000,22.000000,203900
1995-08-03,22.250000,22.250000,21.000000,21.500000,21.500000,116700
1995-08-04,21.000000,21.250000,20.750000,21.000000,21.000000,122900
1995-08-07,20.750000,21.750000,20.750000,21.250000,21.250000,242100
1995-08-08,21.250000,21.250000,20.750000,20.875000,20.875000,89000
1995-08-09,21.000000,22.250000,20.750000,22.250000,22.250000,311600
1995-08-10,22.250000,22.500000,21.750000,22.500000,22.500000,130500
1995-08-11,22.500000,22.500000,22.000000,22.000000,22.000000,118200
1995-08-14,22.500000,22.500000,21.750000,22.500000,22.500000,128300
1995-08-15,22.500000,22.750000,22.000000,22.750000,22.750000,92400
1995-08-16,23.250000,23.750000,22.750000,23.500000,23.500000,141300
1995-08-17,24.000000,25.500000,23.250000,25.250000,25.250000,249200
1995-08-18,25.250000,26.000000,24.750000,26.000000,26.000000,53300
1995-08-21,26.000000,26.750000,25.500000,26.500000,26.500000,45500
1995-08-22,26.500000,26.500000,25.000000,25.375000,25.375000,102700
1995-08-23,25.000000,25.500000,24.750000,25.250000,25.250000,41800
1995-08-24,25.250000,25.250000,24.500000,24.500000,24.500000,65500
1995-08-25,25.000000,25.000000,22.750000,24.250000,24.250000,89600
1995-08-28,24.250000,24.250000,23.500000,24.250000,24.250000,19800
1995-08-29,24.250000,24.750000,23.500000,24.750000,24.750000,24400
1995-08-30,25.000000,25.125000,24.250000,24.625000,24.625000,65400
1995-08-31,25.000000,25.000000,24.500000,25.000000,25.000000,17100
1995-09-01,24.500000,25.000000,24.500000,24.500000,24.500000,25400
1995-09-05,25.000000,25.000000,24.000000,24.125000,24.125000,54900
1995-09-06,24.500000,24.500000,23.500000,23.750000,23.750000,71800
1995-09-07,24.250000,24.250000,22.000000,22.625000,22.625000,135100
1995-09-08,22.750000,26.375000,22.500000,26.375000,26.375000,242500
1995-09-11,26.375000,29.000000,26.250000,26.750000,26.750000,152200
1995-09-12,26.750000,27.500000,24.750000,24.750000,24.750000,105100
1995-09-13,25.250000,25.250000,24.250000,25.250000,25.250000,78700
1995-09-14,24.500000,25.250000,24.500000,25.250000,25.250000,464900
1995-09-15,25.250000,26.000000,24.750000,26.000000,26.000000,76200
1995-09-18,26.000000,26.250000,25.250000,26.000000,26.000000,25300
1995-09-19,26.000000,26.500000,25.250000,26.500000,26.500000,48100
1995-09-20,26.500000,28.250000,26.250000,28.000000,28.000000,116700
1995-09-21,28.250000,28.250000,27.000000,28.000000,28.000000,47500
1995-09-22,27.750000,28.000000,27.000000,27.750000,27.750000,13000
1995-09-25,27.000000,27.750000,26.500000,27.500000,27.500000,226200
1995-09-26,28.250000,30.250000,27.000000,27.000000,27.000000,174400
1995-09-27,26.500000,28.500000,26.000000,28.000000,28.000000,282200
1995-09-28,28.000000,28.500000,26.500000,28.000000,28.000000,125000
1995-09-29,28.000000,28.000000,27.000000,27.750000,27.750000,35000
1995-10-02,27.250000,27.750000,26.000000,27.000000,27.000000,77600
1995-10-03,27.250000,27.250000,26.250000,27.250000,27.250000,95700
1995-10-04,26.250000,26.750000,26.000000,26.250000,26.250000,86500
1995-10-05,25.750000,26.500000,25.750000,26.500000,26.500000,10600
1995-10-06,25.750000,26.750000,25.750000,26.750000,26.750000,2500
1995-10-09,25.750000,26.750000,24.500000,24.750000,24.750000,37400
1995-10-10,24.750000,24.750000,23.500000,24.500000,24.500000,36600
1995-10-11,25.000000,26.000000,24.750000,25.625000,25.625000,109700
1995-10-12,25.750000,27.250000,25.750000,27.000000,27.000000,152700
1995-10-13,27.000000,27.500000,26.500000,27.250000,27.250000,71900
1995-10-16,27.000000,27.000000,25.750000,26.500000,26.500000,20600
1995-10-17,26.750000,26.750000,25.000000,25.875000,25.875000,81100
1995-10-18,26.500000,27.000000,25.250000,25.375000,25.375000,71800
1995-10-19,26.000000,26.250000,25.000000,26.250000,26.250000,120300
1995-10-20,25.750000,26.250000,25.250000,26.000000,26.000000,57800
1995-10-23,25.000000,25.750000,24.750000,25.750000,25.750000,61700
1995-10-24,25.750000,27.000000,25.500000,27.000000,27.000000,846600
1995-10-25,27.000000,27.750000,26.875000,27.500000,27.500000,54100
1995-10-26,26.750000,27.500000,26.500000,27.000000,27.000000,49300
1995-10-27,27.000000,27.000000,26.000000,27.000000,27.000000,35200
1995-10-30,27.000000,28.000000,26.750000,27.500000,27.500000,68500
1995-10-31,28.250000,29.500000,27.750000,29.000000,29.000000,107700
1995-11-01,29.000000,29.500000,28.500000,29.000000,29.000000,38700
1995-11-02,29.000000,30.750000,28.500000,30.500000,30.500000,80500
1995-11-03,31.000000,32.000000,30.250000,31.250000,31.250000,91500
1995-11-06,31.000000,32.250000,31.000000,32.250000,32.250000,57200
1995-11-07,31.000000,32.250000,31.000000,31.750000,31.750000,51800
1995-11-08,31.750000,32.000000,31.250000,32.000000,32.000000,22900
1995-11-09,31.250000,32.000000,31.250000,31.500000,31.500000,25500
1995-11-10,32.000000,32.000000,31.250000,32.000000,32.000000,19100
1995-11-13,31.250000,32.000000,31.250000,32.000000,32.000000,12100
1995-11-14,31.250000,32.000000,31.250000,31.250000,31.250000,12900
1995-11-15,31.000000,31.750000,31.000000,31.000000,31.000000,45100
1995-11-16,31.000000,32.000000,31.000000,32.000000,32.000000,178700
1995-11-17,31.000000,32.000000,30.500000,30.500000,30.500000,27000
1995-11-20,30.500000,31.500000,29.250000,29.250000,29.250000,35700
1995-11-21,29.750000,29.750000,28.750000,29.000000,29.000000,9100
1995-11-22,29.000000,29.000000,27.125000,27.625000,27.625000,41000
1995-11-24,27.875000,28.250000,27.875000,28.000000,28.000000,3100
1995-11-27,28.250000,28.750000,27.500000,28.250000,28.250000,48000
1995-11-28,28.250000,28.250000,27.500000,28.250000,28.250000,18700
1995-11-29,28.250000,28.250000,27.500000,28.250000,28.250000,11700
1995-11-30,28.250000,28.250000,27.500000,28.250000,28.250000,10500
1995-12-01,27.500000,28.250000,27.500000,28.250000,28.250000,11000
1995-12-04,27.625000,28.000000,27.500000,28.000000,28.000000,265200
1995-12-05,27.500000,28.000000,27.250000,27.875000,27.875000,9400
1995-12-06,28.000000,28.000000,27.250000,27.250000,27.250000,187200
1995-12-07,28.000000,28.000000,27.250000,27.937500,27.937500,261200
1995-12-08,28.000000,28.000000,27.250000,27.500000,27.500000,4300
1995-12-11,28.000000,29.250000,28.000000,28.250000,28.250000,17500
1995-12-12,29.000000,29.000000,28.000000,28.000000,28.000000,20600
1995-12-13,28.750000,29.000000,28.000000,28.500000,28.500000,11900
1995-12-14,28.625000,29.250000,28.000000,29.000000,29.000000,16600
1995-12-15,29.250000,29.250000,28.500000,28.500000,28.500000,17500
1995-12-18,29.000000,29.000000,28.500000,28.750000,28.750000,11400
1995-12-19,28.750000,28.750000,27.750000,28.250000,28.250000,10600
1995-12-20,28.750000,28.750000,27.750000,27.750000,27.750000,23000
1995-12-21,28.750000,28.750000,28.000000,28.750000,28.750000,14200
1995-12-22,28.250000,30.750000,28.250000,30.000000,30.000000,65200
1995-12-26,30.750000,30.750000,29.750000,30.250000,30.250000,44100
1995-12-27,29.750000,30.250000,29.500000,29.750000,29.750000,10000
1995-12-28,29.250000,31.750000,29.250000,31.375000,31.375000,42200
1995-12-29,31.375000,34.500000,31.000000,33.750000,33.750000,119300
1996-01-02,33.750000,34.750000,33.750000,34.250000,34.250000,41100
1996-01-03,34.750000,34.750000,33.500000,33.500000,33.500000,63800
1996-01-04,33.750000,33.750000,33.000000,33.500000,33.500000,38300
1996-01-05,33.000000,33.250000,31.000000,32.250000,32.250000,34700
1996-01-08,32.250000,32.250000,31.250000,32.250000,32.250000,6100
1996-01-09,31.250000,32.250000,30.250000,30.250000,30.250000,35000
1996-01-10,30.750000,30.750000,29.500000,30.250000,30.250000,31300
1996-01-11,30.500000,30.750000,29.750000,30.000000,30.000000,9400
1996-01-12,30.500000,30.500000,29.500000,30.250000,30.250000,184600
1996-01-15,30.750000,32.750000,30.250000,31.500000,31.500000,170000
1996-01-16,32.500000,36.500000,32.250000,35.875000,35.875000,599200
1996-01-17,35.750000,38.750000,35.750000,38.750000,38.750000,466000
1996-01-18,38.750000,40.000000,38.250000,38.250000,38.250000,486200
1996-01-19,39.000000,39.000000,37.500000,37.750000,37.750000,62000
1996-01-22,38.500000,39.000000,37.500000,38.000000,38.000000,61000
1996-01-23,37.250000,38.000000,37.000000,37.750000,37.750000,54800
1996-01-24,37.000000,38.750000,37.000000,37.750000,37.750000,29500
1996-01-25,38.750000,40.000000,37.750000,40.000000,40.000000,146800
1996-01-26,40.000000,40.000000,39.250000,39.625000,39.625000,102800
1996-01-29,39.750000,41.500000,39.250000,40.500000,40.500000,232100
1996-01-30,41.000000,41.000000,40.500000,40.500000,40.500000,67900
1996-01-31,41.000000,42.250000,40.500000,42.250000,42.250000,71800
1996-02-01,41.250000,44.500000,40.500000,44.000000,44.000000,205800
1996-02-02,43.250000,44.500000,41.750000,42.000000,42.000000,114500
1996-02-05,41.500000,42.500000,39.500000,39.750000,39.750000,233800
1996-02-06,39.500000,40.500000,39.250000,39.500000,39.500000,78000
1996-02-07,39.250000,39.750000,39.250000,39.750000,39.750000,7800
1996-02-08,39.250000,39.750000,39.250000,39.500000,39.500000,114200
1996-02-09,39.750000,39.750000,39.250000,39.750000,39.750000,90700
1996-02-12,39.750000,39.750000,39.250000,39.250000,39.250000,65300
1996-02-13,39.250000,40.000000,38.750000,40.000000,40.000000,74300
1996-02-14,39.500000,41.500000,39.500000,40.250000,40.250000,132600
1996-02-15,39.750000,40.500000,39.750000,40.500000,40.500000,19400
1996-02-16,40.750000,40.750000,39.750000,40.250000,40.250000,52300
1996-02-20,40.250000,40.500000,39.500000,39.750000,39.750000,24500
1996-02-21,40.500000,42.000000,40.250000,42.000000,42.000000,120700
1996-02-22,42.000000,43.750000,41.000000,42.750000,42.750000,89800
1996-02-23,42.750000,43.750000,42.750000,43.500000,43.500000,48100
1996-02-26,42.750000,44.500000,42.750000,43.500000,43.500000,74600
1996-02-27,43.500000,44.000000,43.500000,43.750000,43.750000,49400
1996-02-28,44.000000,44.000000,43.250000,43.250000,43.250000,44200
1996-02-29,43.750000,43.750000,43.250000,43.750000,43.750000,88400
1996-03-01,43.750000,43.750000,43.250000,43.500000,43.500000,15800
1996-03-04,43.250000,43.750000,43.250000,43.750000,43.750000,57700
1996-03-05,43.750000,43.750000,43.250000,43.250000,43.250000,19600
1996-03-06,43.250000,43.750000,43.250000,43.250000,43.250000,11900
1996-03-07,43.625000,45.250000,43.250000,44.750000,44.750000,96500
1996-03-08,43.625000,44.750000,42.250000,42.750000,42.750000,173000
1996-03-11,42.500000,48.000000,42.250000,47.750000,47.750000,84600
1996-03-12,46.750000,47.500000,45.000000,46.125000,46.125000,70200
1996-03-13,45.750000,46.750000,45.750000,46.250000,46.250000,92600
1996-03-14,45.750000,46.000000,44.750000,45.250000,45.250000,33300
1996-03-15,45.000000,46.000000,44.750000,45.250000,45.250000,137500
1996-03-18,45.500000,49.000000,45.500000,48.000000,48.000000,96400
1996-03-19,48.250000,50.750000,48.250000,49.750000,49.750000,88100
1996-03-20,49.500000,50.250000,49.000000,49.500000,49.500000,30800
1996-03-21,49.000000,51.500000,49.000000,50.500000,50.500000,57300
1996-03-22,49.750000,50.750000,49.750000,50.750000,50.750000,19600
1996-03-25,50.750000,50.750000,50.000000,50.000000,50.000000,79900
1996-03-26,50.000000,50.000000,49.500000,50.000000,50.000000,66800
1996-03-27,50.000000,50.000000,47.750000,47.750000,47.750000,27600
1996-03-28,47.500000,48.000000,45.000000,45.500000,45.500000,36100
1996-03-29,44.750000,46.000000,44.750000,44.750000,44.750000,69500
1996-04-01,45.250000,45.250000,44.000000,44.750000,44.750000,46700
1996-04-02,44.250000,45.250000,43.000000,43.500000,43.500000,153100
1996-04-03,43.000000,45.250000,43.000000,45.250000,45.250000,52100
1996-04-04,46.250000,49.250000,45.500000,48.250000,48.250000,263000
1996-04-08,47.500000,48.250000,45.500000,46.250000,46.250000,191200
1996-04-09,46.000000,48.250000,44.750000,47.750000,47.750000,145800
1996-04-10,47.750000,48.500000,47.000000,47.375000,47.375000,56000
1996-04-11,48.000000,48.000000,45.500000,47.000000,47.000000,40800
1996-04-12,45.750000,48.000000,45.250000,47.000000,47.000000,140000
1996-04-15,46.750000,48.500000,46.500000,47.875000,47.875000,125300
1996-04-16,48.250000,51.000000,47.500000,51.000000,51.000000,133200
1996-04-17,50.250000,51.000000,48.500000,50.250000,50.250000,162700
1996-04-18,50.750000,51.250000,49.750000,50.500000,50.500000,57000
1996-04-19,50.875000,51.250000,50.000000,50.500000,50.500000,76600
1996-04-22,51.000000,51.250000,50.250000,51.250000,51.250000,12500
1996-04-23,51.250000,53.125000,50.250000,52.125000,52.125000,78800
1996-04-24,52.500000,53.750000,51.750000,52.000000,52.000000,72200
1996-04-25,51.750000,52.750000,51.250000,51.250000,51.250000,24100
1996-04-26,51.000000,51.375000,50.000000,50.312500,50.312500,38700
1996-04-29,51.250000,52.375000,50.000000,51.500000,51.500000,109800
1996-04-30,52.750000,60.000000,52.250000,58.750000,58.750000,321800
1996-05-01,58.500000,59.250000,57.000000,58.500000,58.500000,364400
1996-05-02,58.250000,58.750000,53.000000,53.750000,53.750000,213900
1996-05-03,54.000000,54.250000,52.375000,52.625000,52.625000,238700
1996-05-06,52.750000,54.000000,52.250000,54.000000,54.000000,91500
1996-05-07,54.000000,55.250000,53.250000,54.500000,54.500000,119500
1996-05-08,55.000000,55.250000,54.000000,54.750000,54.750000,121100
1996-05-09,54.250000,54.750000,53.250000,53.500000,53.500000,117300
1996-05-10,53.500000,54.500000,53.500000,54.000000,54.000000,55500
1996-05-13,54.250000,54.250000,53.000000,53.250000,53.250000,58800
1996-05-14,54.000000,54.000000,53.000000,53.000000,53.000000,16700
1996-05-15,53.000000,54.000000,53.000000,53.500000,53.500000,3800
1996-05-16,53.000000,53.750000,53.000000,53.750000,53.750000,9300
1996-05-17,53.750000,54.000000,53.000000,53.625000,53.625000,38400
1996-05-20,53.750000,54.750000,53.250000,54.250000,54.250000,90500
1996-05-21,54.625000,55.250000,54.250000,54.750000,54.750000,260800
1996-05-22,54.500000,55.000000,54.000000,54.000000,54.000000,12800
1996-05-23,54.000000,54.750000,53.500000,54.000000,54.000000,61500
1996-05-24,54.000000,55.000000,45.750000,54.250000,54.250000,308700
1996-05-28,53.500000,54.750000,53.250000,54.000000,54.000000,49600
1996-05-29,53.250000,54.000000,48.500000,49.000000,49.000000,77300
1996-05-30,49.250000,50.250000,45.000000,50.250000,50.250000,391200
1996-05-31,37.250000,38.000000,33.000000,34.000000,34.000000,2475400
1996-06-03,35.500000,35.750000,34.000000,34.000000,34.000000,503600
1996-06-04,34.750000,35.250000,33.500000,33.500000,33.500000,233700
1996-06-05,35.000000,35.000000,33.250000,33.750000,33.750000,170000
1996-06-06,34.250000,34.250000,30.500000,31.250000,31.250000,221100
1996-06-07,30.750000,32.750000,29.000000,32.500000,32.500000,157400
1996-06-10,32.500000,34.000000,32.000000,33.250000,33.250000,135100
1996-06-11,34.750000,36.000000,34.000000,34.500000,34.500000,166100
1996-06-12,34.500000,35.000000,32.500000,32.500000,32.500000,148800
1996-06-13,33.250000,33.750000,31.750000,32.500000,32.500000,192500
1996-06-14,33.000000,33.500000,32.250000,33.000000,33.000000,159000
1996-06-17,33.375000,33.375000,31.500000,32.250000,32.250000,71000
1996-06-18,32.250000,32.500000,30.875000,30.875000,30.875000,53000
1996-06-19,32.000000,32.000000,30.875000,31.250000,31.250000,68700
1996-06-20,32.000000,32.000000,30.000000,30.625000,30.625000,66300
1996-06-21,29.750000,31.375000,29.750000,30.750000,30.750000,67500
1996-06-24,31.500000,31.500000,30.000000,30.875000,30.875000,54900
1996-06-25,31.250000,31.250000,28.625000,29.500000,29.500000,223300
1996-06-26,29.000000,29.500000,27.750000,28.500000,28.500000,71800
1996-06-27,28.750000,29.000000,27.875000,28.250000,28.250000,48100
1996-06-28,28.750000,29.250000,28.000000,28.375000,28.375000,62800
1996-07-01,29.250000,32.250000,28.500000,31.500000,31.500000,86400
1996-07-02,32.375000,35.000000,32.000000,34.375000,34.375000,118800
1996-07-03,34.500000,34.500000,32.750000,34.250000,34.250000,101400
1996-07-05,33.750000,33.750000,32.000000,33.000000,33.000000,27600
1996-07-08,33.750000,33.750000,31.500000,32.000000,32.000000,38800
1996-07-09,32.000000,32.000000,29.375000,30.250000,30.250000,78900
1996-07-10,30.750000,31.750000,30.000000,31.000000,31.000000,36600
1996-07-11,31.000000,31.000000,29.750000,30.500000,30.500000,43500
1996-07-12,31.000000,31.000000,29.875000,30.125000,30.125000,11900
1996-07-15,30.015625,30.250000,27.000000,27.250000,27.250000,112900
1996-07-16,28.250000,29.125000,27.125000,28.125000,28.125000,82400
1996-07-17,28.250000,33.250000,28.000000,32.500000,32.500000,255800
1996-07-18,33.000000,33.000000,31.250000,32.500000,32.500000,99400
1996-07-19,31.500000,32.250000,31.125000,31.250000,31.250000,134900
1996-07-22,32.000000,32.000000,31.250000,31.750000,31.750000,22200
1996-07-23,31.500000,32.250000,30.750000,30.875000,30.875000,83500
1996-07-24,29.000000,31.500000,29.000000,31.500000,31.500000,38800
1996-07-25,32.250000,33.250000,31.250000,32.750000,32.750000,104200
1996-07-26,33.750000,34.000000,33.000000,33.500000,33.500000,18500
1996-07-29,33.000000,34.000000,31.250000,32.000000,32.000000,24800
1996-07-30,32.250000,32.250000,31.000000,32.000000,32.000000,253600
1996-07-31,32.000000,32.000000,31.250000,32.000000,32.000000,21100
1996-08-01,31.625000,32.500000,31.250000,32.250000,32.250000,77200
1996-08-02,32.750000,35.250000,31.750000,35.000000,35.000000,110500
1996-08-05,35.250000,35.250000,33.000000,34.000000,34.000000,40000
1996-08-06,33.000000,36.750000,32.250000,35.500000,35.500000,135400
1996-08-07,36.000000,36.750000,35.000000,36.125000,36.125000,52200
1996-08-08,36.500000,36.500000,35.250000,35.750000,35.750000,38400
1996-08-09,36.750000,37.000000,35.500000,36.000000,36.000000,51500
1996-08-12,36.000000,36.000000,33.250000,33.312500,33.312500,118800
1996-08-13,34.000000,34.250000,33.375000,34.000000,34.000000,27900
1996-08-14,34.000000,34.000000,33.000000,33.000000,33.000000,31300
1996-08-15,33.000000,34.250000,31.250000,34.000000,34.000000,154800
1996-08-16,34.250000,36.250000,34.000000,34.750000,34.750000,194100
1996-08-19,35.000000,35.000000,32.750000,34.750000,34.750000,65400
1996-08-20,34.875000,35.500000,34.500000,35.500000,35.500000,271400
1996-08-21,35.500000,35.500000,34.250000,35.000000,35.000000,89800
1996-08-22,35.000000,35.500000,34.375000,35.125000,35.125000,41100
1996-08-23,35.250000,35.500000,33.500000,33.500000,33.500000,52900
1996-08-26,33.500000,35.000000,33.500000,34.750000,34.750000,114800
1996-08-27,34.750000,35.250000,34.750000,35.125000,35.125000,60500
1996-08-28,35.250000,35.500000,34.750000,35.500000,35.500000,100900
1996-08-29,35.000000,35.500000,34.250000,34.875000,34.875000,31800
1996-08-30,35.000000,35.000000,34.500000,34.500000,34.500000,18400
1996-09-03,33.515625,34.000000,33.250000,34.000000,34.000000,38000
1996-09-04,33.750000,34.000000,33.000000,33.500000,33.500000,58300
1996-09-05,33.000000,33.000000,31.750000,32.000000,32.000000,70900
1996-09-06,32.000000,32.000000,31.250000,31.375000,31.375000,205700
1996-09-09,31.250000,31.750000,31.250000,31.250000,31.250000,40900
1996-09-10,31.750000,31.750000,27.750000,29.000000,29.000000,157800
1996-09-11,23.250000,23.250000,19.750000,21.000000,21.000000,867000
1996-09-12,21.000000,21.000000,20.000000,20.000000,20.000000,462300
1996-09-13,20.750000,21.500000,20.000000,21.500000,21.500000,293500
1996-09-16,22.750000,22.750000,21.000000,21.000000,21.000000,274300
1996-09-17,22.125000,22.250000,21.000000,21.500000,21.500000,119700
1996-09-18,21.000000,21.500000,21.000000,21.000000,21.000000,51800
1996-09-19,21.500000,21.500000,19.875000,20.250000,20.250000,128100
1996-09-20,20.500000,21.750000,19.875000,21.000000,21.000000,120400
1996-09-23,22.000000,22.000000,20.750000,21.125000,21.125000,306200
1996-09-24,21.500000,23.750000,21.000000,23.500000,23.500000,204300
1996-09-25,24.750000,25.500000,23.500000,25.500000,25.500000,193200
1996-09-26,26.000000,29.500000,25.250000,27.375000,27.375000,346100
1996-09-27,28.250000,28.250000,26.750000,27.000000,27.000000,146900
1996-09-30,27.250000,27.250000,26.000000,26.250000,26.250000,100500
1996-10-01,25.500000,26.000000,24.750000,25.500000,25.500000,61400
1996-10-02,25.625000,25.625000,24.500000,25.000000,25.000000,83800
1996-10-03,25.000000,25.000000,23.500000,24.625000,24.625000,109600
1996-10-04,25.125000,25.750000,24.250000,25.000000,25.000000,150100
1996-10-07,25.500000,25.500000,24.500000,25.000000,25.000000,70900
1996-10-08,25.000000,25.500000,24.250000,24.500000,24.500000,68600
1996-10-09,24.625000,24.625000,23.750000,24.250000,24.250000,40700
1996-10-10,24.000000,24.500000,23.250000,24.250000,24.250000,65600
1996-10-11,24.000000,24.250000,23.250000,23.500000,23.500000,19100
1996-10-14,23.250000,24.250000,23.250000,23.750000,23.750000,64300
1996-10-15,23.750000,24.500000,22.500000,23.000000,23.000000,68100
1996-10-16,23.250000,23.250000,21.750000,22.250000,22.250000,40300
1996-10-17,22.250000,23.000000,21.562500,21.750000,21.750000,49900
1996-10-18,22.250000,22.250000,21.000000,21.500000,21.500000,87200
1996-10-21,21.000000,21.750000,21.000000,21.750000,21.750000,79900
1996-10-22,21.750000,21.750000,19.750000,20.250000,20.250000,121200
1996-10-23,20.000000,20.000000,14.500000,15.000000,15.000000,1762800
1996-10-24,15.750000,16.250000,15.000000,16.250000,16.250000,843300
1996-10-25,16.250000,16.250000,15.250000,15.625000,15.625000,340300
1996-10-28,15.625000,15.625000,14.875000,15.000000,15.000000,435700
1996-10-29,15.125000,15.250000,14.875000,15.250000,15.250000,197500
1996-10-30,15.250000,16.375000,15.125000,16.375000,16.375000,181800
1996-10-31,16.375000,16.625000,15.500000,16.625000,16.625000,127700
1996-11-01,16.250000,16.500000,15.375000,16.000000,16.000000,188600
1996-11-04,15.500000,18.250000,15.375000,17.250000,17.250000,418700
1996-11-05,18.000000,19.500000,17.500000,19.125000,19.125000,272700
1996-11-06,19.500000,20.500000,19.000000,20.250000,20.250000,306700
1996-11-07,20.250000,20.875000,19.875000,20.875000,20.875000,125600
1996-11-08,21.000000,21.125000,20.000000,20.125000,20.125000,122100
1996-11-11,20.000000,20.000000,18.500000,20.000000,20.000000,129300
1996-11-12,19.750000,20.250000,19.250000,19.750000,19.750000,115800
1996-11-13,20.250000,20.500000,18.625000,19.125000,19.125000,114600
1996-11-14,19.250000,20.250000,19.125000,20.000000,20.000000,370100
1996-11-15,20.250000,20.250000,19.000000,20.250000,20.250000,487800
1996-11-18,20.250000,20.250000,19.750000,19.875000,19.875000,36600
1996-11-19,20.250000,20.250000,19.000000,19.375000,19.375000,33100
1996-11-20,19.000000,19.250000,18.500000,18.750000,18.750000,153100
1996-11-21,18.875000,18.875000,16.750000,17.750000,17.750000,167300
1996-11-22,18.000000,18.500000,17.250000,17.250000,17.250000,64100
1996-11-25,18.000000,18.250000,17.250000,18.250000,18.250000,63200
1996-11-26,18.500000,19.500000,17.500000,19.250000,19.250000,83200
1996-11-27,19.500000,19.750000,18.750000,19.750000,19.750000,64500
1996-11-29,19.750000,20.125000,19.250000,19.500000,19.500000,37800
1996-12-02,19.500000,20.250000,18.750000,19.000000,19.000000,56500
1996-12-03,19.250000,19.500000,18.750000,19.500000,19.500000,89700
1996-12-04,18.750000,19.500000,18.250000,18.250000,18.250000,53300
1996-12-05,18.750000,19.250000,18.250000,19.000000,19.000000,80600
1996-12-06,17.250000,20.000000,17.250000,19.000000,19.000000,173000
1996-12-09,19.000000,20.000000,19.000000,20.000000,20.000000,117900
1996-12-10,20.000000,20.000000,19.250000,19.625000,19.625000,82900
1996-12-11,19.250000,19.750000,18.750000,19.625000,19.625000,23100
1996-12-12,19.000000,19.750000,19.000000,19.250000,19.250000,30100
1996-12-13,19.000000,19.250000,18.750000,18.875000,18.875000,83300
1996-12-16,18.750000,19.750000,18.500000,18.500000,18.500000,100100
1996-12-17,18.500000,19.000000,18.250000,18.500000,18.500000,33100
1996-12-18,19.000000,19.750000,19.000000,19.000000,19.000000,133200
1996-12-19,19.000000,19.625000,17.250000,18.000000,18.000000,152300
1996-12-20,17.750000,18.000000,17.375000,17.375000,17.375000,101200
1996-12-23,17.750000,18.125000,17.375000,18.125000,18.125000,85000
1996-12-24,17.500000,18.500000,17.500000,17.765625,17.765625,20800
1996-12-26,17.750000,18.750000,17.750000,18.250000,18.250000,67300
1996-12-27,18.000000,18.500000,18.000000,18.000000,18.000000,70500
1996-12-30,18.500000,18.500000,17.250000,17.250000,17.250000,133400
1996-12-31,17.500000,17.750000,17.250000,17.750000,17.750000,116500
1997-01-02,17.500000,18.375000,17.500000,18.250000,18.250000,49300
1997-01-03,18.250000,19.625000,18.000000,18.750000,18.750000,74100
1997-01-06,18.750000,19.750000,18.250000,19.000000,19.000000,55300
1997-01-07,18.750000,19.250000,18.500000,18.875000,18.875000,35600
1997-01-08,18.500000,19.125000,18.500000,19.000000,19.000000,46500
1997-01-09,19.000000,19.250000,18.500000,19.250000,19.250000,59400
1997-01-10,18.500000,19.000000,18.000000,19.000000,19.000000,39100
1997-01-13,19.250000,19.250000,18.250000,18.500000,18.500000,28100
1997-01-14,19.000000,19.500000,18.250000,18.500000,18.500000,74100
1997-01-15,19.500000,19.500000,18.375000,18.750000,18.750000,26300
1997-01-16,18.500000,19.500000,18.500000,19.000000,19.000000,63200
1997-01-17,19.750000,19.750000,19.000000,19.000000,19.000000,57600
1997-01-20,19.750000,19.750000,19.000000,19.750000,19.750000,72000
1997-01-21,19.250000,20.000000,19.125000,19.125000,19.125000,84100
1997-01-22,19.125000,20.250000,19.125000,20.000000,20.000000,68900
1997-01-23,20.125000,20.250000,19.250000,19.812500,19.812500,73400
1997-01-24,19.750000,20.500000,19.500000,20.500000,20.500000,57400
1997-01-27,20.500000,23.750000,19.500000,23.000000,23.000000,324100
1997-01-28,23.500000,24.750000,22.875000,23.500000,23.500000,222400
1997-01-29,23.500000,25.000000,23.000000,24.250000,24.250000,212300
1997-01-30,24.750000,26.000000,24.500000,24.750000,24.750000,274100
1997-01-31,25.125000,25.250000,22.750000,23.250000,23.250000,154000
1997-02-03,23.500000,23.500000,21.250000,22.125000,22.125000,123100
1997-02-04,22.125000,22.125000,20.500000,21.125000,21.125000,49300
1997-02-05,20.750000,21.125000,19.500000,20.000000,20.000000,52000
1997-02-06,18.500000,20.500000,17.125000,20.000000,20.000000,471200
1997-02-07,20.000000,20.500000,18.250000,19.250000,19.250000,134300
1997-02-10,19.250000,19.250000,18.375000,18.625000,18.625000,57600
1997-02-11,18.000000,18.750000,17.812500,18.000000,18.000000,62800
1997-02-12,18.000000,18.500000,17.875000,17.875000,17.875000,65200
1997-02-13,17.750000,18.500000,17.750000,18.125000,18.125000,35900
1997-02-14,18.125000,18.125000,17.500000,17.937500,17.937500,69300
1997-02-18,18.000000,18.375000,17.625000,18.250000,18.250000,57000
1997-02-19,17.625000,18.250000,17.625000,17.875000,17.875000,55100
1997-02-20,18.250000,18.250000,17.750000,18.000000,18.000000,51000
1997-02-21,17.687500,18.250000,17.625000,17.750000,17.750000,32400
1997-02-24,18.000000,18.125000,17.625000,17.750000,17.750000,42500
1997-02-25,17.875000,17.875000,17.375000,17.750000,17.750000,60500
1997-02-26,17.375000,17.750000,17.375000,17.500000,17.500000,55700
1997-02-27,17.500000,17.625000,17.000000,17.250000,17.250000,29300
1997-02-28,17.000000,17.500000,16.750000,17.125000,17.125000,71600
1997-03-03,17.125000,17.125000,16.750000,16.750000,16.750000,30400
1997-03-04,17.000000,17.375000,16.750000,17.125000,17.125000,49700
1997-03-05,17.375000,18.500000,16.750000,18.125000,18.125000,126000
1997-03-06,18.875000,19.875000,18.250000,19.312500,19.312500,333100
1997-03-07,19.500000,23.500000,19.500000,22.250000,22.250000,526100
1997-03-10,23.750000,24.000000,22.500000,23.500000,23.500000,443800
1997-03-11,23.500000,23.500000,21.000000,21.500000,21.500000,309400
1997-03-12,21.750000,21.750000,19.625000,19.750000,19.750000,173300
1997-03-13,20.000000,20.250000,19.375000,19.375000,19.375000,292100
1997-03-14,19.500000,20.000000,19.250000,19.500000,19.500000,112000
1997-03-17,20.750000,20.750000,19.500000,19.625000,19.625000,122800
1997-03-18,19.750000,20.625000,19.250000,19.750000,19.750000,46300
1997-03-19,19.750000,20.250000,18.875000,18.875000,18.875000,71000
1997-03-20,19.250000,19.750000,18.875000,19.375000,19.375000,41700
1997-03-21,19.000000,19.375000,18.875000,19.375000,19.375000,91000
1997-03-24,18.875000,19.375000,18.750000,19.000000,19.000000,36000
1997-03-25,19.125000,19.750000,18.875000,19.500000,19.500000,58600
1997-03-26,19.750000,20.250000,19.375000,19.625000,19.625000,82100
1997-03-27,20.125000,20.125000,19.250000,19.625000,19.625000,24300
1997-03-31,19.250000,19.625000,18.750000,19.000000,19.000000,33600
1997-04-01,18.875000,19.625000,18.875000,19.375000,19.375000,79300
1997-04-02,19.250000,19.625000,18.750000,19.250000,19.250000,70100
1997-04-03,18.750000,19.250000,18.500000,19.250000,19.250000,32300
1997-04-04,18.750000,19.250000,18.500000,19.250000,19.250000,29600
1997-04-07,18.875000,19.500000,18.750000,19.500000,19.500000,57700
1997-04-08,19.500000,20.625000,19.250000,20.000000,20.000000,65000
1997-04-09,20.750000,21.375000,20.625000,20.875000,20.875000,84400
1997-04-10,21.125000,21.750000,20.375000,21.000000,21.000000,168100
1997-04-11,21.500000,21.500000,20.750000,21.125000,21.125000,102600
1997-04-14,21.000000,21.375000,20.375000,20.625000,20.625000,149300
1997-04-15,21.125000,21.250000,19.000000,20.000000,20.000000,113300
1997-04-16,20.250000,21.000000,19.500000,21.000000,21.000000,90000
1997-04-17,21.000000,21.375000,20.250000,20.750000,20.750000,78900
1997-04-18,20.500000,21.500000,20.250000,20.500000,20.500000,88000
1997-04-21,20.875000,21.375000,20.500000,21.125000,21.125000,40200
1997-04-22,21.500000,22.375000,20.750000,21.875000,21.875000,212200
1997-04-23,22.375000,22.750000,21.750000,21.750000,21.750000,152300
1997-04-24,22.250000,22.250000,21.250000,21.750000,21.750000,63600
1997-04-25,21.875000,21.875000,20.625000,21.000000,21.000000,78500
1997-04-28,21.375000,22.250000,21.187500,22.125000,22.125000,82900
1997-04-29,22.250000,22.250000,19.875000,19.875000,19.875000,139100
1997-04-30,19.375000,21.625000,19.375000,21.000000,21.000000,157800
1997-05-01,20.750000,22.375000,20.750000,22.000000,22.000000,126100
1997-05-02,22.250000,23.000000,22.000000,22.250000,22.250000,71300
1997-05-05,23.000000,24.375000,22.000000,24.000000,24.000000,219400
1997-05-06,24.125000,24.250000,23.000000,23.375000,23.375000,166500
1997-05-07,23.750000,24.625000,23.000000,24.625000,24.625000,168300
1997-05-08,24.125000,25.750000,24.125000,24.750000,24.750000,173100
1997-05-09,25.000000,25.750000,24.750000,24.750000,24.750000,103400
1997-05-12,24.750000,25.250000,24.250000,24.500000,24.500000,176500
1997-05-13,24.875000,25.125000,24.250000,24.750000,24.750000,203400
1997-05-14,24.875000,25.250000,24.125000,24.750000,24.750000,88300
1997-05-15,25.000000,25.750000,25.000000,25.625000,25.625000,113300
1997-05-16,25.625000,25.750000,24.750000,24.750000,24.750000,104900
1997-05-19,25.000000,25.250000,24.750000,24.750000,24.750000,56300
1997-05-20,24.750000,24.875000,24.500000,24.500000,24.500000,79900
1997-05-21,24.875000,25.000000,24.250000,24.375000,24.375000,53700
1997-05-22,24.625000,24.625000,23.750000,23.750000,23.750000,115400
1997-05-23,24.000000,24.500000,23.500000,24.500000,24.500000,128700
1997-05-27,24.500000,26.250000,24.015625,26.000000,26.000000,132300
1997-05-28,25.500000,26.750000,25.500000,26.750000,26.750000,140100
1997-05-29,26.250000,27.500000,26.250000,26.250000,26.250000,87700
1997-05-30,26.500000,27.000000,26.000000,26.875000,26.875000,54200
1997-06-02,27.000000,27.000000,25.500000,26.250000,26.250000,98300
1997-06-03,26.250000,26.250000,25.375000,26.000000,26.000000,106200
1997-06-04,26.000000,27.000000,25.375000,27.000000,27.000000,51100
1997-06-05,27.000000,28.000000,26.750000,27.250000,27.250000,150500
1997-06-06,26.625000,27.625000,26.500000,27.437500,27.437500,51700
1997-06-09,27.125000,27.750000,27.000000,27.000000,27.000000,40800
1997-06-10,27.625000,27.750000,26.750000,27.125000,27.125000,63100
1997-06-11,26.625000,27.250000,26.250000,26.750000,26.750000,31300
1997-06-12,28.000000,28.125000,26.750000,27.000000,27.000000,85400
1997-06-13,27.500000,27.625000,26.500000,26.500000,26.500000,102900
1997-06-16,26.000000,26.750000,25.500000,25.625000,25.625000,53600
1997-06-17,25.750000,27.125000,24.375000,26.750000,26.750000,206500
1997-06-18,26.250000,27.250000,26.250000,26.750000,26.750000,92300
1997-06-19,26.250000,26.750000,25.250000,25.625000,25.625000,130700
1997-06-20,26.500000,27.625000,26.250000,27.250000,27.250000,291800
1997-06-23,27.500000,27.500000,26.500000,26.500000,26.500000,156400
1997-06-24,26.750000,27.000000,25.750000,26.500000,26.500000,107800
1997-06-25,26.750000,26.750000,26.125000,26.500000,26.500000,166400
1997-06-26,26.000000,26.625000,26.000000,26.187500,26.187500,31800
1997-06-27,26.250000,26.250000,25.625000,25.875000,25.875000,45800
1997-06-30,25.875000,25.875000,25.000000,25.875000,25.875000,41600
1997-07-01,25.875000,26.250000,25.500000,26.000000,26.000000,38400
1997-07-02,26.250000,27.000000,26.000000,26.250000,26.250000,59300
1997-07-03,26.250000,26.750000,25.750000,26.000000,26.000000,39800
1997-07-07,26.250000,26.250000,25.750000,26.000000,26.000000,83900
1997-07-08,26.000000,26.125000,25.250000,25.500000,25.500000,50100
1997-07-09,25.500000,26.000000,25.250000,25.750000,25.750000,75600
1997-07-10,26.000000,26.000000,25.000000,25.750000,25.750000,35600
1997-07-11,25.750000,26.500000,25.750000,26.000000,26.000000,83100
1997-07-14,26.250000,26.250000,25.375000,25.500000,25.500000,40000
1997-07-15,25.250000,26.000000,25.125000,25.625000,25.625000,84500
1997-07-16,26.000000,26.000000,25.000000,25.000000,25.000000,64200
1997-07-17,25.000000,25.500000,24.375000,24.875000,24.875000,65600
1997-07-18,24.375000,25.125000,24.250000,25.125000,25.125000,215000
1997-07-21,24.265625,25.000000,24.250000,24.562500,24.562500,72200
1997-07-22,25.000000,25.125000,24.250000,25.000000,25.000000,224500
1997-07-23,24.750000,25.000000,24.125000,24.375000,24.375000,120800
1997-07-24,24.375000,24.375000,22.500000,23.000000,23.000000,124200
1997-07-25,23.000000,23.250000,22.375000,23.000000,23.000000,75700
1997-07-28,23.250000,23.500000,23.000000,23.375000,23.375000,187800
1997-07-29,23.500000,23.750000,23.250000,23.750000,23.750000,96800
1997-07-30,23.750000,24.000000,23.500000,24.000000,24.000000,301100
1997-07-31,24.000000,24.000000,23.750000,23.875000,23.875000,142200
1997-08-01,23.875000,24.000000,23.250000,23.375000,23.375000,111000
1997-08-04,23.250000,23.500000,23.250000,23.500000,23.500000,63900
1997-08-05,23.500000,23.500000,23.000000,23.250000,23.250000,74700
1997-08-06,23.250000,23.375000,23.000000,23.125000,23.125000,331700
1997-08-07,23.250000,23.250000,21.750000,22.125000,22.125000,136000
1997-08-08,21.500000,22.500000,21.500000,22.437500,22.437500,64200
1997-08-11,22.875000,22.875000,22.250000,22.625000,22.625000,120000
1997-08-12,22.750000,25.125000,22.625000,25.000000,25.000000,339900
1997-08-13,25.250000,25.500000,24.500000,24.687500,24.687500,86200
1997-08-14,25.250000,25.250000,24.250000,24.375000,24.375000,32900
1997-08-15,24.250000,24.375000,23.000000,23.375000,23.375000,168000
1997-08-18,23.375000,24.375000,23.000000,24.250000,24.250000,82100
1997-08-19,23.875000,24.250000,23.125000,23.375000,23.375000,51300
1997-08-20,23.250000,23.500000,23.000000,23.250000,23.250000,78100
1997-08-21,23.000000,24.750000,23.000000,23.875000,23.875000,124600
1997-08-22,23.750000,23.875000,23.000000,23.750000,23.750000,37900
1997-08-25,23.687500,23.750000,23.125000,23.375000,23.375000,13800
1997-08-26,23.125000,23.625000,23.125000,23.125000,23.125000,32800
1997-08-27,23.125000,24.062500,23.125000,24.062500,24.062500,34800
1997-08-28,23.500000,24.125000,23.500000,23.937500,23.937500,71700
1997-08-29,23.750000,24.250000,23.750000,24.000000,24.000000,52600
1997-09-02,24.250000,25.250000,23.875000,25.125000,25.125000,181200
1997-09-03,25.125000,25.125000,24.625000,24.937500,24.937500,90400
1997-09-04,25.500000,26.500000,25.000000,26.250000,26.250000,237900
1997-09-05,26.250000,27.500000,26.062500,26.875000,26.875000,113400
1997-09-08,26.875000,27.250000,26.875000,27.000000,27.000000,54800
1997-09-09,27.375000,27.375000,26.375000,26.625000,26.625000,33900
1997-09-10,26.250000,26.750000,25.625000,25.750000,25.750000,69700
1997-09-11,26.000000,26.000000,25.000000,25.375000,25.375000,104500
1997-09-12,25.625000,25.625000,24.750000,25.375000,25.375000,31100
1997-09-15,25.375000,25.375000,25.000000,25.375000,25.375000,22900
1997-09-16,25.375000,25.750000,25.000000,25.750000,25.750000,27800
1997-09-17,25.750000,26.000000,25.125000,25.250000,25.250000,78600
1997-09-18,25.750000,26.375000,25.000000,25.500000,25.500000,102600
1997-09-19,25.750000,25.750000,25.250000,25.437500,25.437500,63000
1997-09-22,25.500000,25.500000,24.375000,24.812500,24.812500,152800
1997-09-23,24.750000,25.250000,24.750000,24.875000,24.875000,190400
1997-09-24,25.000000,25.250000,24.500000,24.687500,24.687500,49400
1997-09-25,24.500000,25.000000,24.250000,24.875000,24.875000,31000
1997-09-26,24.375000,24.875000,24.250000,24.500000,24.500000,35200
1997-09-29,24.500000,24.750000,24.000000,24.250000,24.250000,44200
1997-09-30,24.375000,24.750000,24.250000,24.750000,24.750000,38800
1997-10-01,24.875000,24.875000,24.250000,24.625000,24.625000,17500
1997-10-02,24.375000,24.750000,23.687500,23.687500,23.687500,100600
1997-10-03,24.125000,24.125000,23.500000,23.562500,23.562500,26900
1997-10-06,23.500000,24.000000,23.250000,23.562500,23.562500,59000
1997-10-07,23.500000,25.000000,23.375000,24.625000,24.625000,49300
1997-10-08,25.000000,25.500000,24.625000,25.375000,25.375000,98600
1997-10-09,25.125000,26.000000,25.000000,26.000000,26.000000,93500
1997-10-10,25.625000,26.000000,25.000000,25.500000,25.500000,55900
1997-10-13,25.250000,26.000000,25.000000,25.000000,25.000000,56400
1997-10-14,25.500000,27.000000,25.500000,26.625000,26.625000,102000
1997-10-15,25.500000,25.750000,24.500000,24.750000,24.750000,169400
1997-10-16,24.875000,24.875000,24.250000,24.250000,24.250000,57600
1997-10-17,24.250000,24.625000,23.375000,24.000000,24.000000,83400
1997-10-20,24.000000,24.000000,23.250000,23.625000,23.625000,166300
1997-10-21,23.500000,23.750000,23.250000,23.625000,23.625000,192600
1997-10-22,23.250000,23.625000,23.000000,23.250000,23.250000,140400
1997-10-23,23.000000,23.375000,21.750000,22.062500,22.062500,250500
1997-10-24,22.750000,22.750000,21.000000,21.250000,21.250000,155200
1997-10-27,20.250000,20.375000,19.500000,19.500000,19.500000,170900
1997-10-28,19.125000,22.625000,18.750000,22.125000,22.125000,334000
1997-10-29,23.000000,23.000000,21.250000,21.875000,21.875000,166800
1997-10-30,20.750000,21.875000,20.750000,21.625000,21.625000,72200
1997-10-31,21.500000,21.875000,20.375000,20.500000,20.500000,36800
1997-11-03,20.750000,21.500000,20.500000,20.750000,20.750000,28200
1997-11-04,20.750000,21.500000,20.500000,20.562500,20.562500,36000
1997-11-05,21.000000,21.625000,20.750000,21.625000,21.625000,114800
1997-11-06,21.625000,21.625000,21.250000,21.250000,21.250000,30200
1997-11-07,20.750000,21.000000,19.500000,20.250000,20.250000,56400
1997-11-10,20.000000,21.000000,19.500000,19.750000,19.750000,45200
1997-11-11,19.500000,20.000000,18.625000,19.500000,19.500000,46000
1997-11-12,18.750000,19.250000,17.000000,17.500000,17.500000,150800
1997-11-13,17.500000,18.375000,16.750000,17.875000,17.875000,97500
1997-11-14,18.375000,19.750000,18.000000,19.000000,19.000000,55400
1997-11-17,19.000000,19.625000,18.750000,19.125000,19.125000,116000
1997-11-18,19.375000,19.375000,18.125000,18.125000,18.125000,233200
1997-11-19,18.125000,19.250000,18.000000,18.750000,18.750000,35900
1997-11-20,18.250000,18.750000,18.000000,18.500000,18.500000,61900
1997-11-21,18.750000,18.750000,17.500000,17.937500,17.937500,236000
1997-11-24,18.625000,18.625000,17.750000,18.000000,18.000000,46600
1997-11-25,18.125000,18.500000,17.750000,18.250000,18.250000,308600
1997-11-26,18.125000,18.500000,17.750000,18.187500,18.187500,142000
1997-11-28,18.000000,18.500000,18.000000,18.000000,18.000000,334400
1997-12-01,18.000000,20.125000,18.000000,19.500000,19.500000,113600
1997-12-02,20.000000,20.000000,19.125000,19.125000,19.125000,59500
1997-12-03,19.000000,20.375000,19.000000,20.375000,20.375000,78200
1997-12-04,20.125000,22.125000,20.125000,21.500000,21.500000,110800
1997-12-05,21.750000,21.750000,20.750000,20.750000,20.750000,53600
1997-12-08,20.750000,21.125000,19.875000,20.000000,20.000000,70500
1997-12-09,20.500000,20.500000,19.250000,19.375000,19.375000,149300
1997-12-10,19.250000,19.312500,18.750000,19.250000,19.250000,60400
1997-12-11,18.375000,18.812500,17.750000,18.125000,18.125000,148400
1997-12-12,18.375000,18.500000,16.375000,17.125000,17.125000,197800
1997-12-15,17.125000,17.437500,14.250000,15.750000,15.750000,318000
1997-12-16,15.750000,17.000000,15.375000,17.000000,17.000000,189200
1997-12-17,17.750000,18.250000,16.125000,17.000000,17.000000,84900
1997-12-18,17.000000,17.000000,15.000000,15.250000,15.250000,81500
1997-12-19,14.875000,16.750000,14.875000,16.437500,16.437500,72800
1997-12-22,16.750000,18.250000,16.250000,17.875000,17.875000,168000
1997-12-23,17.875000,18.125000,17.250000,17.875000,17.875000,199700
1997-12-24,17.500000,18.000000,17.500000,17.875000,17.875000,49300
1997-12-26,17.875000,18.125000,17.625000,17.750000,17.750000,39500
1997-12-29,17.750000,18.375000,17.750000,18.062500,18.062500,64900
1997-12-30,17.750000,18.375000,17.750000,18.000000,18.000000,84500
1997-12-31,17.875000,18.375000,17.875000,18.000000,18.000000,91200
1998-01-02,18.500000,19.000000,17.875000,18.875000,18.875000,46000
1998-01-05,18.875000,19.375000,18.875000,19.125000,19.125000,27400
1998-01-06,18.875000,19.125000,18.500000,18.500000,18.500000,46700
1998-01-07,19.250000,19.250000,18.250000,18.375000,18.375000,44200
1998-01-08,18.250000,18.500000,18.000000,18.250000,18.250000,13100
1998-01-09,18.375000,18.625000,17.875000,17.937500,17.937500,34300
1998-01-12,17.375000,18.000000,16.000000,16.500000,16.500000,47800
1998-01-13,16.500000,17.125000,16.250000,16.625000,16.625000,55100
1998-01-14,17.125000,17.125000,16.500000,17.125000,17.125000,20600
1998-01-15,17.125000,17.125000,16.500000,16.625000,16.625000,13500
1998-01-16,17.125000,17.125000,16.625000,16.875000,16.875000,93400
1998-01-20,17.125000,17.375000,16.625000,17.375000,17.375000,66800
1998-01-21,17.000000,17.062500,16.562500,17.000000,17.000000,116800
1998-01-22,17.000000,17.125000,16.375000,16.687500,16.687500,106000
1998-01-23,16.500000,16.875000,16.000000,16.062500,16.062500,45200
1998-01-26,15.750000,16.375000,15.750000,15.875000,15.875000,32000
1998-01-27,15.562500,16.750000,15.562500,16.625000,16.625000,239300
1998-01-28,16.000000,16.375000,15.812500,15.812500,15.812500,51400
1998-01-29,16.000000,16.250000,15.625000,15.687500,15.687500,64000
1998-01-30,15.625000,16.125000,15.562500,15.875000,15.875000,65300
1998-02-02,16.125000,16.125000,15.750000,16.000000,16.000000,56500
1998-02-03,16.125000,16.125000,15.500000,16.062500,16.062500,65800
1998-02-04,16.000000,19.750000,15.750000,19.750000,19.750000,577700
1998-02-05,19.750000,21.750000,19.000000,21.500000,21.500000,306400
1998-02-06,20.750000,20.875000,19.500000,19.937500,19.937500,175300
1998-02-09,20.250000,20.750000,19.875000,20.125000,20.125000,35500
1998-02-10,20.500000,21.250000,20.250000,20.500000,20.500000,129000
1998-02-11,20.500000,21.250000,20.500000,21.000000,21.000000,191900
1998-02-12,21.000000,21.500000,20.500000,20.875000,20.875000,26500
1998-02-13,21.250000,21.250000,20.750000,21.125000,21.125000,88100
1998-02-17,21.000000,21.750000,21.000000,21.437500,21.437500,89500
1998-02-18,21.250000,21.750000,21.125000,21.125000,21.125000,54200
1998-02-19,21.625000,21.750000,20.875000,21.000000,21.000000,76300
1998-02-20,21.000000,21.500000,20.875000,21.375000,21.375000,55400
1998-02-23,21.125000,21.250000,20.750000,20.875000,20.875000,63700
1998-02-24,21.250000,21.250000,20.875000,21.250000,21.250000,37500
1998-02-25,21.250000,21.687500,20.875000,21.687500,21.687500,50600
1998-02-26,21.125000,21.750000,21.125000,21.625000,21.625000,41400
1998-02-27,21.125000,21.500000,21.125000,21.125000,21.125000,37500
1998-03-02,21.500000,22.000000,21.250000,21.625000,21.625000,36700
1998-03-03,21.000000,21.687500,21.000000,21.625000,21.625000,31900
1998-03-04,21.125000,21.750000,20.875000,21.500000,21.500000,61300
1998-03-05,20.500000,21.250000,20.500000,21.000000,21.000000,84700
1998-03-06,20.750000,21.687500,20.750000,21.625000,21.625000,38600
1998-03-09,21.000000,21.500000,20.750000,21.000000,21.000000,36500
1998-03-10,21.000000,21.500000,20.750000,21.500000,21.500000,48400
1998-03-11,21.250000,21.562500,21.250000,21.562500,21.562500,42900
1998-03-12,21.562500,21.562500,21.000000,21.250000,21.250000,41800
1998-03-13,21.000000,21.625000,21.000000,21.375000,21.375000,42100
1998-03-16,21.375000,21.625000,21.375000,21.500000,21.500000,35300
1998-03-17,21.500000,21.750000,19.500000,19.750000,19.750000,99700
1998-03-18,20.125000,20.250000,19.750000,20.125000,20.125000,14700
1998-03-19,20.125000,20.875000,20.125000,20.500000,20.500000,42000
1998-03-20,20.937500,20.937500,19.687500,19.812500,19.812500,43000
1998-03-23,20.000000,20.312500,19.750000,19.875000,19.875000,29700
1998-03-24,20.375000,20.500000,20.000000,20.437500,20.437500,43900
1998-03-25,20.375000,20.500000,20.125000,20.125000,20.125000,23600
1998-03-26,20.125000,20.125000,19.625000,19.875000,19.875000,51000
1998-03-27,19.875000,20.000000,19.250000,19.437500,19.437500,52200
1998-03-30,19.250000,19.625000,19.000000,19.250000,19.250000,38200
1998-03-31,19.250000,19.500000,19.250000,19.437500,19.437500,81300
1998-04-01,19.000000,19.562500,19.000000,19.500000,19.500000,45000
1998-04-02,19.125000,19.750000,19.125000,19.687500,19.687500,108300
1998-04-03,20.000000,20.000000,18.875000,19.375000,19.375000,73600
1998-04-06,19.375000,19.625000,18.875000,19.000000,19.000000,67800
1998-04-07,18.875000,19.000000,18.500000,18.750000,18.750000,134900
1998-04-08,18.500000,18.875000,18.500000,18.875000,18.875000,53000
1998-04-09,18.875000,20.062500,18.750000,20.000000,20.000000,67700
1998-04-13,19.500000,20.375000,19.187500,19.250000,19.250000,119100
1998-04-14,19.250000,20.000000,19.250000,20.000000,20.000000,38300
1998-04-15,19.875000,20.000000,19.625000,19.687500,19.687500,25900
1998-04-16,19.500000,19.750000,18.875000,19.125000,19.125000,62800
1998-04-17,19.125000,19.375000,19.062500,19.250000,19.250000,23200
1998-04-20,19.250000,20.250000,19.250000,19.937500,19.937500,74300
1998-04-21,19.750000,20.875000,19.500000,20.625000,20.625000,108500
1998-04-22,17.000000,17.000000,15.500000,16.500000,16.500000,659000
1998-04-23,16.250000,16.625000,15.312500,16.125000,16.125000,251000
1998-04-24,16.250000,16.375000,15.500000,15.562500,15.562500,103800
1998-04-27,15.750000,15.750000,15.000000,15.500000,15.500000,356400
1998-04-28,15.625000,15.625000,15.250000,15.312500,15.312500,93300
1998-04-29,15.250000,15.312500,14.750000,15.125000,15.125000,176800
1998-04-30,15.000000,15.312500,15.000000,15.312500,15.312500,327800
1998-05-01,15.000000,15.375000,15.000000,15.375000,15.375000,123800
1998-05-04,15.125000,15.437500,15.125000,15.375000,15.375000,102900
1998-05-05,15.375000,15.437500,15.250000,15.375000,15.375000,163500
1998-05-06,16.250000,17.375000,16.125000,16.625000,16.625000,231100
1998-05-07,16.625000,16.937500,16.625000,16.750000,16.750000,177100
1998-05-08,16.750000,16.937500,16.375000,16.500000,16.500000,278800
1998-05-11,16.750000,16.750000,16.312500,16.375000,16.375000,87000
1998-05-12,16.625000,16.625000,16.375000,16.375000,16.375000,71500
1998-05-13,16.500000,16.687500,16.500000,16.625000,16.625000,393300
1998-05-14,16.562500,16.687500,16.500000,16.562500,16.562500,172800
1998-05-15,16.562500,16.625000,16.500000,16.625000,16.625000,82700
1998-05-18,16.625000,16.625000,16.250000,16.250000,16.250000,26000
1998-05-19,16.250000,16.437500,16.062500,16.062500,16.062500,153300
1998-05-20,16.062500,16.062500,15.750000,15.875000,15.875000,116900
1998-05-21,15.750000,16.000000,15.500000,15.968750,15.968750,40700
1998-05-22,16.000000,16.250000,15.750000,16.125000,16.125000,34700
1998-05-26,16.250000,16.250000,15.750000,15.937500,15.937500,85700
1998-05-27,15.500000,16.000000,15.375000,15.750000,15.750000,64400
1998-05-28,15.375000,15.750000,15.375000,15.687500,15.687500,19400
1998-05-29,15.500000,15.625000,15.375000,15.437500,15.437500,23700
1998-06-01,15.250000,15.500000,15.062500,15.062500,15.062500,42500
1998-06-02,15.125000,15.250000,15.125000,15.125000,15.125000,7700
1998-06-03,15.062500,15.500000,15.062500,15.500000,15.500000,76000
1998-06-04,15.062500,15.500000,15.062500,15.312500,15.312500,14200
1998-06-05,15.250000,15.375000,15.125000,15.375000,15.375000,32900
1998-06-08,15.312500,15.437500,15.312500,15.312500,15.312500,19800
1998-06-09,15.000000,15.375000,14.750000,14.875000,14.875000,30700
1998-06-10,14.812500,15.125000,13.812500,13.812500,13.812500,60300
1998-06-11,14.250000,14.500000,13.875000,14.250000,14.250000,53500
1998-06-12,14.250000,14.250000,13.562500,13.625000,13.625000,36800
1998-06-15,13.750000,13.875000,12.750000,13.000000,13.000000,92800
1998-06-16,13.000000,13.750000,12.750000,13.625000,13.625000,89000
1998-06-17,13.625000,14.312500,13.500000,13.625000,13.625000,45800
1998-06-18,13.500000,14.000000,13.000000,13.000000,13.000000,34300
1998-06-19,13.000000,13.500000,12.937500,13.000000,13.000000,67900
1998-06-22,13.062500,13.062500,12.750000,13.000000,13.000000,23500
1998-06-23,13.000000,13.125000,13.000000,13.125000,13.125000,31400
1998-06-24,13.000000,13.375000,13.000000,13.375000,13.375000,20500
1998-06-25,13.125000,13.750000,13.000000,13.125000,13.125000,48700
1998-06-26,13.000000,13.375000,12.812500,12.875000,12.875000,25800
1998-06-29,12.875000,13.500000,12.875000,13.500000,13.500000,24300
1998-06-30,13.062500,13.500000,12.750000,12.750000,12.750000,33700
1998-07-01,13.125000,13.125000,12.625000,12.750000,12.750000,28800
1998-07-02,12.750000,13.500000,12.750000,13.500000,13.500000,27400
1998-07-06,13.562500,13.562500,12.562500,12.906250,12.906250,69300
1998-07-07,13.500000,13.625000,12.812500,12.812500,12.812500,51900
1998-07-08,12.812500,13.000000,12.500000,12.500000,12.500000,53500
1998-07-09,13.000000,13.500000,12.875000,13.187500,13.187500,42500
1998-07-10,13.250000,13.562500,13.000000,13.375000,13.375000,55900
1998-07-13,13.500000,13.500000,13.125000,13.125000,13.125000,31300
1998-07-14,13.125000,13.500000,13.125000,13.250000,13.250000,47000
1998-07-15,13.000000,13.375000,12.875000,13.000000,13.000000,35100
1998-07-16,12.875000,13.437500,12.875000,13.125000,13.125000,52400
1998-07-17,13.000000,13.562500,13.000000,13.062500,13.062500,28900
1998-07-20,13.000000,13.000000,12.625000,12.687500,12.687500,26900
1998-07-21,12.625000,12.875000,11.625000,11.875000,11.875000,49700
1998-07-22,11.625000,12.875000,11.000000,12.500000,12.500000,131800
1998-07-23,13.000000,13.000000,11.875000,11.875000,11.875000,53400
1998-07-24,11.875000,12.062500,11.375000,11.375000,11.375000,21700
1998-07-27,11.250000,11.437500,10.937500,11.250000,11.250000,115000
1998-07-28,10.625000,11.250000,10.625000,11.000000,11.000000,64200
1998-07-29,10.750000,10.750000,10.125000,10.500000,10.500000,52100
1998-07-30,10.625000,10.625000,9.875000,10.000000,10.000000,90600
1998-07-31,10.000000,10.625000,9.875000,9.968750,9.968750,51100
1998-08-03,9.750000,10.250000,9.750000,10.250000,10.250000,52800
1998-08-04,10.250000,11.125000,10.000000,10.125000,10.125000,80400
1998-08-05,10.000000,10.250000,9.750000,10.250000,10.250000,94400
1998-08-06,9.875000,10.250000,9.750000,10.000000,10.000000,24600
1998-08-07,10.000000,10.250000,9.750000,10.000000,10.000000,48200
1998-08-10,10.250000,10.500000,9.750000,10.375000,10.375000,14700
1998-08-11,10.375000,10.500000,9.843750,10.312500,10.312500,10300
1998-08-12,10.250000,10.375000,9.875000,10.125000,10.125000,29400
1998-08-13,9.875000,10.125000,9.812500,10.125000,10.125000,34100
1998-08-14,9.750000,9.875000,9.750000,9.750000,9.750000,21300
1998-08-17,9.750000,10.125000,9.625000,10.062500,10.062500,49300
1998-08-18,9.875000,10.125000,9.875000,10.000000,10.000000,65400
1998-08-19,10.000000,10.375000,10.000000,10.000000,10.000000,77100
1998-08-20,10.000000,10.187500,9.750000,9.875000,9.875000,21400
1998-08-21,9.750000,10.125000,9.625000,10.125000,10.125000,24400
1998-08-24,10.125000,10.125000,9.625000,9.843750,9.843750,38600
1998-08-25,9.625000,10.000000,9.625000,9.750000,9.750000,33600
1998-08-26,9.875000,9.875000,9.375000,9.500000,9.500000,76700
1998-08-27,9.250000,9.625000,9.250000,9.453125,9.453125,57700
1998-08-28,9.375000,9.625000,9.250000,9.500000,9.500000,30900
1998-08-31,9.625000,9.625000,9.000000,9.375000,9.375000,63100
1998-09-01,9.000000,9.125000,8.000000,8.000000,8.000000,168300
1998-09-02,8.000000,8.250000,5.625000,6.375000,6.375000,189000
1998-09-03,6.625000,7.375000,6.375000,7.000000,7.000000,128700
1998-09-04,7.250000,7.250000,6.750000,6.875000,6.875000,110500
1998-09-08,7.125000,7.250000,6.875000,7.062500,7.062500,145600
1998-09-09,7.000000,7.125000,7.000000,7.000000,7.000000,127000
1998-09-10,6.875000,7.125000,6.875000,7.000000,7.000000,24400
1998-09-11,6.750000,7.125000,6.750000,7.125000,7.125000,34400
1998-09-14,7.125000,7.250000,6.750000,6.750000,6.750000,120900
1998-09-15,6.875000,7.125000,6.875000,7.125000,7.125000,27100
1998-09-16,7.125000,7.125000,6.750000,7.062500,7.062500,12400
1998-09-17,6.875000,7.125000,6.687500,7.125000,7.125000,35400
1998-09-18,7.125000,7.125000,6.875000,7.062500,7.062500,62100
1998-09-21,7.062500,7.125000,6.500000,6.875000,6.875000,15400
1998-09-22,7.000000,7.000000,6.250000,6.562500,6.562500,50600
1998-09-23,7.125000,7.125000,6.375000,7.000000,7.000000,28500
1998-09-24,7.125000,7.125000,6.562500,6.937500,6.937500,47900
1998-09-25,7.000000,7.000000,6.500000,6.500000,6.500000,37000
1998-09-28,6.750000,6.750000,6.500000,6.750000,6.750000,71900
1998-09-29,6.750000,6.750000,6.625000,6.625000,6.625000,23500
1998-09-30,6.500000,6.625000,6.375000,6.625000,6.625000,45700
1998-10-01,6.500000,6.625000,6.125000,6.187500,6.187500,59600
1998-10-02,6.250000,6.250000,6.000000,6.000000,6.000000,32900
1998-10-05,6.125000,6.250000,6.000000,6.000000,6.000000,31600
1998-10-06,6.125000,6.250000,5.875000,6.125000,6.125000,42800
1998-10-07,6.062500,6.125000,4.250000,5.000000,5.000000,121600
1998-10-08,4.875000,5.375000,4.500000,5.375000,5.375000,46900
1998-10-09,4.750000,5.375000,4.750000,5.250000,5.250000,42000
1998-10-12,4.937500,5.625000,4.750000,5.000000,5.000000,42600
1998-10-13,5.500000,5.500000,4.625000,4.875000,4.875000,401600
1998-10-14,4.875000,5.125000,4.625000,5.000000,5.000000,66400
1998-10-15,5.125000,5.125000,4.375000,4.750000,4.750000,865700
1998-10-16,4.750000,5.000000,4.625000,4.656250,4.656250,75700
1998-10-19,4.812500,4.875000,4.750000,4.875000,4.875000,72000
1998-10-20,4.875000,5.000000,4.625000,4.625000,4.625000,67500
1998-10-21,4.750000,5.000000,4.500000,4.687500,4.687500,141600
1998-10-22,4.875000,5.000000,4.687500,4.968750,4.968750,123900
1998-10-23,5.000000,5.000000,4.750000,4.875000,4.875000,70500
1998-10-26,5.000000,5.000000,4.750000,4.750000,4.750000,82300
1998-10-27,4.937500,5.562500,4.750000,5.500000,5.500000,312800
1998-10-28,5.437500,5.625000,5.125000,5.562500,5.562500,179300
1998-10-29,5.750000,6.375000,5.625000,6.375000,6.375000,329400
1998-10-30,6.750000,8.125000,6.500000,7.750000,7.750000,284200
1998-11-02,8.375000,10.500000,8.250000,9.500000,9.500000,366300
1998-11-03,10.000000,10.000000,7.062500,8.187500,8.187500,236000
1998-11-04,8.625000,8.687500,8.000000,8.500000,8.500000,77600
1998-11-05,8.000000,8.750000,8.000000,8.500000,8.500000,62800
1998-11-06,8.500000,8.750000,7.500000,7.625000,7.625000,67200
1998-11-09,7.750000,8.000000,7.000000,7.125000,7.125000,75900
1998-11-10,7.375000,7.875000,7.062500,7.500000,7.500000,44800
1998-11-11,7.875000,7.875000,7.062500,7.343750,7.343750,44400
1998-11-12,7.250000,7.500000,6.500000,6.937500,6.937500,47300
1998-11-13,6.625000,7.125000,6.312500,7.125000,7.125000,51000
1998-11-16,6.750000,7.250000,6.750000,7.062500,7.062500,41200
1998-11-17,6.937500,7.125000,6.375000,6.875000,6.875000,132100
1998-11-18,7.062500,7.062500,6.375000,6.750000,6.750000,56200
1998-11-19,7.000000,7.000000,6.500000,6.500000,6.500000,60700
1998-11-20,6.500000,6.875000,6.500000,6.875000,6.875000,117300
1998-11-23,6.875000,7.500000,6.875000,7.250000,7.250000,128700
1998-11-24,7.125000,7.500000,6.500000,6.750000,6.750000,130100
1998-11-25,7.125000,7.125000,6.625000,6.625000,6.625000,32800
1998-11-27,6.875000,7.062500,6.750000,7.000000,7.000000,35300
1998-11-30,6.750000,7.000000,6.625000,6.687500,6.687500,109300
1998-12-01,6.875000,7.000000,6.750000,6.812500,6.812500,33700
1998-12-02,6.687500,6.937500,6.687500,6.750000,6.750000,54500
1998-12-03,6.625000,6.750000,6.625000,6.625000,6.625000,34000
1998-12-04,6.562500,6.687500,6.562500,6.687500,6.687500,57700
1998-12-07,6.750000,6.750000,6.625000,6.687500,6.687500,93900
1998-12-08,6.750000,7.000000,6.687500,6.750000,6.750000,79400
1998-12-09,6.687500,7.000000,6.656250,6.687500,6.687500,39600
1998-12-10,6.656250,6.875000,6.625000,6.812500,6.812500,104300
1998-12-11,6.750000,7.000000,6.500000,6.500000,6.500000,111600
1998-12-14,6.500000,6.812500,5.750000,6.062500,6.062500,108400
1998-12-15,6.000000,6.437500,6.000000,6.062500,6.062500,92400
1998-12-16,6.000000,6.375000,6.000000,6.125000,6.125000,160900
1998-12-17,6.000000,6.375000,6.000000,6.312500,6.312500,110200
1998-12-18,6.250000,7.000000,6.125000,7.000000,7.000000,100400
1998-12-21,6.625000,7.500000,6.625000,7.500000,7.500000,117400
1998-12-22,7.500000,7.750000,7.125000,7.500000,7.500000,92000
1998-12-23,7.500000,7.500000,7.125000,7.375000,7.375000,55400
1998-12-24,7.312500,7.562500,7.312500,7.375000,7.375000,42800
1998-12-28,7.375000,7.562500,6.250000,6.750000,6.750000,118800
1998-12-29,6.750000,7.062500,6.750000,6.937500,6.937500,182500
1998-12-30,6.812500,7.250000,6.812500,7.125000,7.125000,85400
1998-12-31,6.875000,7.187500,6.750000,7.187500,7.187500,116500
1999-01-04,7.000000,7.187500,7.000000,7.187500,7.187500,35000
1999-01-05,7.062500,7.375000,7.062500,7.250000,7.250000,34700
1999-01-06,7.125000,7.562500,7.125000,7.375000,7.375000,85600
1999-01-07,7.625000,8.000000,7.375000,7.500000,7.500000,52000
1999-01-08,7.500000,8.750000,7.500000,8.437500,8.437500,136300
1999-01-11,8.312500,9.250000,8.312500,9.062500,9.062500,167900
1999-01-12,9.500000,9.500000,8.250000,8.375000,8.375000,128200
1999-01-13,8.375000,8.375000,7.500000,7.750000,7.750000,198600
1999-01-14,7.875000,8.375000,7.250000,7.562500,7.562500,150900
1999-01-15,7.500000,8.125000,7.125000,8.000000,8.000000,53100
1999-01-19,8.125000,8.375000,7.500000,8.000000,8.000000,61800
1999-01-20,8.250000,8.875000,7.875000,8.500000,8.500000,87000
1999-01-21,7.875000,8.500000,7.500000,8.000000,8.000000,51500
1999-01-22,8.250000,8.375000,7.500000,7.875000,7.875000,35500
1999-01-25,7.562500,7.937500,7.500000,7.500000,7.500000,14400
1999-01-26,7.625000,8.250000,7.500000,8.125000,8.125000,35700
1999-01-27,8.250000,8.250000,7.625000,8.125000,8.125000,41300
1999-01-28,7.937500,8.250000,7.937500,8.000000,8.000000,58800
1999-01-29,8.000000,8.125000,7.687500,7.687500,7.687500,52600
1999-02-01,8.125000,8.125000,7.625000,8.125000,8.125000,48200
1999-02-02,7.625000,7.906250,7.500000,7.875000,7.875000,55700
1999-02-03,7.750000,8.625000,7.750000,8.437500,8.437500,56900
1999-02-04,8.875000,9.312500,8.500000,8.875000,8.875000,258400
1999-02-05,8.750000,9.500000,8.750000,9.375000,9.375000,170500
1999-02-08,9.562500,9.750000,9.125000,9.250000,9.250000,108500
1999-02-09,9.625000,9.625000,8.875000,9.390625,9.390625,48200
1999-02-10,9.000000,9.375000,8.562500,8.875000,8.875000,44700
1999-02-11,8.750000,9.312500,8.750000,9.125000,9.125000,79600
1999-02-12,9.625000,9.937500,9.000000,9.562500,9.562500,125100
1999-02-16,9.562500,9.562500,9.187500,9.250000,9.250000,51500
1999-02-17,8.812500,9.812500,8.687500,9.000000,9.000000,51600
1999-02-18,9.750000,9.750000,8.500000,8.750000,8.750000,45400
1999-02-19,8.750000,8.937500,8.500000,8.687500,8.687500,41200
1999-02-22,8.500000,8.625000,8.187500,8.250000,8.250000,47000
1999-02-23,8.625000,8.625000,7.750000,8.062500,8.062500,87800
1999-02-24,8.062500,8.125000,7.375000,7.500000,7.500000,73900
1999-02-25,7.500000,7.750000,7.062500,7.125000,7.125000,65000
1999-02-26,7.437500,7.500000,6.937500,7.000000,7.000000,82600
1999-03-01,7.000000,7.250000,6.875000,7.125000,7.125000,55200
1999-03-02,7.000000,7.250000,6.937500,7.250000,7.250000,77900
1999-03-03,7.062500,7.250000,6.875000,6.937500,6.937500,158800
1999-03-04,7.000000,7.000000,6.687500,6.875000,6.875000,148500
1999-03-05,6.625000,7.687500,6.625000,7.000000,7.000000,104600
1999-03-08,6.875000,8.500000,6.875000,8.187500,8.187500,310200
1999-03-09,8.250000,9.500000,7.875000,7.875000,7.875000,329800
1999-03-10,8.250000,8.375000,7.875000,7.906250,7.906250,116300
1999-03-11,8.125000,9.062500,8.000000,9.062500,9.062500,160300
1999-03-12,9.062500,9.062500,8.000000,8.875000,8.875000,146500
1999-03-15,8.875000,9.500000,8.500000,9.000000,9.000000,109700
1999-03-16,9.000000,9.250000,8.250000,9.000000,9.000000,78400
1999-03-17,8.937500,9.000000,8.687500,8.875000,8.875000,74200
1999-03-18,8.937500,9.000000,8.687500,9.000000,9.000000,104200
1999-03-19,8.687500,9.062500,8.687500,8.812500,8.812500,43700
1999-03-22,8.937500,9.000000,8.562500,8.750000,8.750000,55500
1999-03-23,8.500000,8.625000,8.062500,8.375000,8.375000,55400
1999-03-24,8.250000,8.625000,8.250000,8.500000,8.500000,87400
1999-03-25,8.375000,8.500000,8.125000,8.468750,8.468750,70100
1999-03-26,8.437500,9.125000,8.406250,9.125000,9.125000,107100
1999-03-29,8.875000,9.312500,8.875000,9.250000,9.250000,111200
1999-03-30,9.187500,9.875000,9.187500,9.250000,9.250000,115500
1999-03-31,9.750000,9.750000,9.250000,9.375000,9.375000,72400
1999-04-01,9.375000,9.750000,9.375000,9.375000,9.375000,34000
1999-04-05,9.375000,9.500000,8.750000,9.000000,9.000000,24300
1999-04-06,8.812500,9.000000,8.500000,8.500000,8.500000,23300
1999-04-07,8.562500,8.562500,8.125000,8.250000,8.250000,88100
1999-04-08,8.250000,8.625000,8.250000,8.625000,8.625000,25600
1999-04-09,8.375000,9.250000,8.375000,9.062500,9.062500,65200
1999-04-12,8.875000,9.062500,8.687500,8.750000,8.750000,636400
1999-04-13,8.875000,9.000000,8.250000,8.812500,8.812500,132800
1999-04-14,9.250000,9.375000,8.750000,9.062500,9.062500,95800
1999-04-15,9.125000,9.375000,9.062500,9.125000,9.125000,43800
1999-04-16,9.000000,9.750000,8.875000,9.500000,9.500000,116700
1999-04-19,8.875000,9.500000,8.875000,9.187500,9.187500,90600
1999-04-20,8.750000,9.250000,8.750000,9.000000,9.000000,26600
1999-04-21,9.250000,9.250000,8.812500,8.812500,8.812500,6600
1999-04-22,8.750000,9.250000,8.625000,8.625000,8.625000,12500
1999-04-23,9.000000,9.000000,8.500000,8.812500,8.812500,38600
1999-04-26,8.875000,8.875000,8.125000,8.250000,8.250000,81000
1999-04-27,8.500000,8.500000,8.125000,8.375000,8.375000,74500
1999-04-28,8.250000,8.500000,8.250000,8.437500,8.437500,36800
1999-04-29,8.125000,8.625000,8.000000,8.000000,8.000000,37600
1999-04-30,8.125000,8.750000,8.125000,8.250000,8.250000,31400
1999-05-03,8.000000,8.750000,8.000000,8.125000,8.125000,28900
1999-05-04,8.062500,8.625000,8.062500,8.250000,8.250000,37100
1999-05-05,8.125000,8.562500,8.125000,8.250000,8.250000,61800
1999-05-06,8.125000,8.625000,8.125000,8.625000,8.625000,11700
1999-05-07,8.625000,8.625000,8.375000,8.625000,8.625000,36900
1999-05-10,8.750000,8.875000,8.312500,8.875000,8.875000,88600
1999-05-11,8.250000,9.000000,8.250000,8.375000,8.375000,117800
1999-05-12,8.562500,8.750000,8.375000,8.500000,8.500000,61800
1999-05-13,8.750000,9.000000,8.437500,8.875000,8.875000,114400
1999-05-14,8.750000,8.812500,8.250000,8.781250,8.781250,58100
1999-05-17,8.500000,8.812500,8.437500,8.500000,8.500000,24200
1999-05-18,8.437500,8.812500,8.250000,8.375000,8.375000,72200
1999-05-19,8.250000,8.625000,8.250000,8.625000,8.625000,48500
1999-05-20,8.375000,8.625000,8.312500,8.312500,8.312500,89000
1999-05-21,8.625000,8.625000,8.312500,8.625000,8.625000,31700
1999-05-24,8.625000,8.625000,8.250000,8.250000,8.250000,22000
1999-05-25,8.375000,9.000000,8.375000,8.500000,8.500000,24400
1999-05-26,8.250000,8.750000,8.250000,8.687500,8.687500,35200
1999-05-27,8.375000,8.625000,8.312500,8.375000,8.375000,16800
1999-05-28,8.437500,8.500000,8.250000,8.312500,8.312500,26700
1999-06-01,8.250000,8.250000,7.875000,7.875000,7.875000,81300
1999-06-02,7.875000,8.000000,7.375000,7.437500,7.437500,75700
1999-06-03,8.000000,8.000000,6.937500,7.000000,7.000000,93000
1999-06-04,7.437500,7.750000,7.125000,7.562500,7.562500,43600
1999-06-07,7.125000,7.500000,7.125000,7.187500,7.187500,34700
1999-06-08,7.125000,7.500000,7.125000,7.250000,7.250000,47200
1999-06-09,7.375000,7.375000,6.625000,6.750000,6.750000,58000
1999-06-10,7.125000,7.125000,6.562500,6.750000,6.750000,71500
1999-06-11,6.875000,7.437500,6.875000,7.437500,7.437500,29100
1999-06-14,7.500000,7.750000,7.375000,7.562500,7.562500,37200
1999-06-15,7.625000,7.750000,7.593750,7.750000,7.750000,21100
1999-06-16,7.750000,8.125000,7.750000,7.875000,7.875000,61000
1999-06-17,7.937500,8.375000,7.937500,8.187500,8.187500,51100
1999-06-18,8.390625,9.000000,8.281250,8.750000,8.750000,129400
1999-06-21,8.750000,8.875000,8.312500,8.312500,8.312500,76300
1999-06-22,8.500000,8.750000,8.500000,8.562500,8.562500,68700
1999-06-23,8.500000,8.562500,7.500000,8.281250,8.281250,61200
1999-06-24,8.250000,8.500000,7.750000,7.750000,7.750000,26000
1999-06-25,7.750000,8.125000,7.000000,7.250000,7.250000,67600
1999-06-28,7.312500,7.750000,7.156250,7.750000,7.750000,69600
1999-06-29,7.687500,8.562500,7.500000,8.343750,8.343750,62200
1999-06-30,8.187500,8.562500,7.375000,8.562500,8.562500,256300
1999-07-01,8.625000,8.687500,7.875000,8.312500,8.312500,169500
1999-07-02,8.000000,8.562500,8.000000,8.312500,8.312500,31000
1999-07-06,8.000000,8.625000,8.000000,8.437500,8.437500,46300
1999-07-07,8.406250,8.500000,8.125000,8.125000,8.125000,51700
1999-07-08,8.187500,8.187500,8.000000,8.000000,8.000000,26400
1999-07-09,8.031250,8.500000,7.750000,8.000000,8.000000,51400
1999-07-12,8.250000,8.375000,7.875000,8.250000,8.250000,33300
1999-07-13,8.250000,8.312500,8.000000,8.125000,8.125000,37100
1999-07-14,8.000000,8.250000,8.000000,8.062500,8.062500,33500
1999-07-15,8.000000,9.000000,7.875000,8.875000,8.875000,144300
1999-07-16,8.500000,8.750000,8.000000,8.750000,8.750000,75100
1999-07-19,8.250000,8.500000,8.062500,8.375000,8.375000,44000
1999-07-20,8.312500,8.750000,8.000000,8.125000,8.125000,28400
1999-07-21,8.125000,8.125000,7.875000,8.000000,8.000000,57200
1999-07-22,7.875000,7.875000,7.375000,7.500000,7.500000,34100
1999-07-23,7.500000,7.750000,7.375000,7.375000,7.375000,34100
1999-07-26,7.375000,7.875000,7.375000,7.500000,7.500000,21100
1999-07-27,7.500000,7.750000,7.375000,7.750000,7.750000,21500
1999-07-28,7.875000,7.875000,7.500000,7.687500,7.687500,2600
1999-07-29,7.562500,7.750000,7.375000,7.437500,7.437500,13300
1999-07-30,7.375000,7.656250,7.375000,7.656250,7.656250,30500
1999-08-02,7.593750,7.593750,7.125000,7.437500,7.437500,30300
1999-08-03,7.250000,7.437500,7.000000,7.125000,7.125000,57300
1999-08-04,7.000000,7.125000,7.000000,7.000000,7.000000,13600
1999-08-05,6.875000,6.875000,6.500000,6.875000,6.875000,35100
1999-08-06,6.750000,6.937500,6.750000,6.750000,6.750000,30200
1999-08-09,6.750000,7.000000,6.625000,6.625000,6.625000,47600
1999-08-10,6.625000,7.000000,6.500000,6.750000,6.750000,33900
1999-08-11,6.656250,7.000000,6.500000,7.000000,7.000000,36300
1999-08-12,7.000000,7.000000,6.625000,6.875000,6.875000,9700
1999-08-13,6.875000,7.500000,6.750000,7.500000,7.500000,32000
1999-08-16,7.000000,7.312500,6.875000,6.875000,6.875000,30500
1999-08-17,7.000000,7.000000,6.750000,7.000000,7.000000,6900
1999-08-18,7.000000,7.000000,6.625000,6.625000,6.625000,28600
1999-08-19,6.875000,6.875000,6.562500,6.750000,6.750000,19400
1999-08-20,6.562500,6.875000,6.500000,6.500000,6.500000,31200
1999-08-23,6.656250,7.000000,6.562500,6.750000,6.750000,24600
1999-08-24,6.750000,6.750000,6.562500,6.625000,6.625000,8300
1999-08-25,6.562500,6.687500,6.375000,6.500000,6.500000,27300
1999-08-26,6.531250,6.531250,6.125000,6.250000,6.250000,29100
1999-08-27,6.250000,6.250000,5.937500,6.062500,6.062500,28600
1999-08-30,6.031250,7.125000,6.000000,7.125000,7.125000,33600
1999-08-31,6.500000,6.750000,6.500000,6.750000,6.750000,18700
1999-09-01,6.750000,7.000000,6.500000,6.625000,6.625000,42200
1999-09-02,6.625000,6.875000,6.625000,6.750000,6.750000,10700
1999-09-03,6.625000,6.968750,6.625000,6.968750,6.968750,11100
1999-09-07,7.000000,7.000000,6.625000,6.687500,6.687500,21300
1999-09-08,6.500000,6.625000,6.500000,6.500000,6.500000,29700
1999-09-09,6.562500,6.625000,6.250000,6.375000,6.375000,16000
1999-09-10,6.500000,6.500000,6.125000,6.125000,6.125000,35000
1999-09-13,6.312500,6.500000,6.125000,6.125000,6.125000,23200
1999-09-14,6.125000,6.312500,6.125000,6.250000,6.250000,20300
1999-09-15,6.125000,6.250000,6.000000,6.234375,6.234375,40100
1999-09-16,6.062500,6.125000,6.000000,6.000000,6.000000,26700
1999-09-17,6.187500,6.375000,6.062500,6.062500,6.062500,27400
1999-09-20,6.250000,6.250000,6.000000,6.250000,6.250000,62100
1999-09-21,6.000000,6.312500,6.000000,6.000000,6.000000,14400
1999-09-22,6.125000,6.187500,5.968750,6.062500,6.062500,33700
1999-09-23,6.156250,6.156250,5.875000,6.000000,6.000000,35000
1999-09-24,5.906250,6.125000,5.625000,5.937500,5.937500,40400
1999-09-27,6.000000,6.375000,6.000000,6.125000,6.125000,20600
1999-09-28,6.125000,6.437500,6.125000,6.250000,6.250000,34400
1999-09-29,6.281250,6.625000,6.125000,6.562500,6.562500,28600
1999-09-30,6.187500,6.562500,5.875000,5.875000,5.875000,26000
1999-10-01,6.250000,6.750000,6.250000,6.625000,6.625000,38500
1999-10-04,6.562500,7.062500,6.562500,6.937500,6.937500,86600
1999-10-05,6.843750,6.875000,6.562500,6.750000,6.750000,57600
1999-10-06,6.625000,6.875000,6.375000,6.687500,6.687500,20500
1999-10-07,6.500000,6.750000,6.125000,6.375000,6.375000,36700
1999-10-08,6.437500,6.437500,5.875000,6.125000,6.125000,41900
1999-10-11,6.062500,6.125000,5.937500,5.968750,5.968750,15400
1999-10-12,5.968750,6.093750,5.625000,5.625000,5.625000,34200
1999-10-13,5.625000,5.812500,5.500000,5.625000,5.625000,35400
1999-10-14,5.875000,5.875000,5.625000,5.750000,5.750000,34600
1999-10-15,5.750000,5.750000,5.625000,5.750000,5.750000,20500
1999-10-18,5.625000,5.750000,5.375000,5.750000,5.750000,27900
1999-10-19,5.812500,5.875000,5.187500,5.312500,5.312500,93300
1999-10-20,5.437500,5.500000,5.312500,5.312500,5.312500,111100
1999-10-21,5.437500,5.437500,5.062500,5.187500,5.187500,80800
1999-10-22,5.187500,5.375000,5.000000,5.375000,5.375000,41300
1999-10-25,5.437500,5.468750,4.375000,4.500000,4.500000,61900
1999-10-26,4.500000,4.875000,4.500000,4.625000,4.625000,102500
1999-10-27,4.625000,4.750000,4.500000,4.562500,4.562500,90900
1999-10-28,4.500000,5.000000,4.500000,4.937500,4.937500,37200
1999-10-29,4.750000,5.000000,4.625000,4.687500,4.687500,68300
1999-11-01,4.625000,4.750000,4.500000,4.500000,4.500000,84000
1999-11-02,4.500000,4.687500,4.500000,4.500000,4.500000,118600
1999-11-03,4.375000,4.500000,4.375000,4.375000,4.375000,34500
1999-11-04,4.375000,4.500000,4.250000,4.375000,4.375000,72500
1999-11-05,4.500000,4.500000,4.125000,4.375000,4.375000,47000
1999-11-08,4.156250,4.500000,4.000000,4.250000,4.250000,83000
1999-11-09,4.187500,4.375000,3.875000,4.375000,4.375000,124300
1999-11-10,4.437500,4.562500,4.375000,4.437500,4.437500,60000
1999-11-11,4.593750,5.625000,4.500000,5.625000,5.625000,148900
1999-11-12,5.812500,6.500000,5.375000,6.500000,6.500000,149200
1999-11-15,6.312500,6.875000,5.750000,6.812500,6.812500,204900
1999-11-16,6.562500,6.687500,5.750000,5.812500,5.812500,125100
1999-11-17,5.750000,5.875000,5.625000,5.875000,5.875000,45200
1999-11-18,5.687500,6.375000,5.687500,6.375000,6.375000,102400
1999-11-19,6.062500,6.375000,5.875000,5.875000,5.875000,43100
1999-11-22,5.875000,6.000000,5.375000,5.875000,5.875000,123900
1999-11-23,5.625000,5.875000,5.625000,5.750000,5.750000,51600
1999-11-24,6.031250,6.062500,5.687500,5.687500,5.687500,40500
1999-11-26,5.687500,5.875000,5.687500,5.687500,5.687500,25800
1999-11-29,5.843750,6.750000,5.625000,6.500000,6.500000,151400
1999-11-30,6.375000,6.500000,6.312500,6.312500,6.312500,75600
1999-12-01,6.500000,6.500000,6.062500,6.250000,6.250000,43900
1999-12-02,6.125000,6.156250,5.750000,5.812500,5.812500,57800
1999-12-03,5.875000,6.000000,5.750000,5.750000,5.750000,158700
1999-12-06,5.875000,6.125000,5.625000,6.062500,6.062500,146200
1999-12-07,6.250000,6.250000,5.687500,5.750000,5.750000,40400
1999-12-08,5.843750,5.937500,5.625000,5.687500,5.687500,66300
1999-12-09,5.687500,6.000000,5.687500,5.687500,5.687500,297900
1999-12-10,5.687500,6.000000,5.687500,5.687500,5.687500,52200
1999-12-13,5.843750,5.875000,5.625000,5.750000,5.750000,72300
1999-12-14,5.812500,5.875000,5.250000,5.687500,5.687500,143100
1999-12-15,5.687500,5.687500,5.500000,5.687500,5.687500,65600
1999-12-16,5.625000,5.656250,5.125000,5.375000,5.375000,62100
1999-12-17,5.375000,5.750000,5.187500,5.500000,5.500000,136100
1999-12-20,5.625000,5.750000,5.125000,5.375000,5.375000,90600
1999-12-21,5.375000,5.625000,5.000000,5.062500,5.062500,95800
1999-12-22,5.062500,5.125000,4.562500,4.812500,4.812500,53100
1999-12-23,4.687500,4.750000,4.500000,4.625000,4.625000,97600
1999-12-27,4.750000,4.937500,4.500000,4.875000,4.875000,94700
1999-12-28,4.625000,5.625000,4.500000,5.312500,5.312500,559300
1999-12-29,5.500000,5.500000,5.250000,5.312500,5.312500,139600
1999-12-30,5.562500,5.875000,5.375000,5.750000,5.750000,105800
1999-12-31,5.750000,6.125000,5.625000,6.125000,6.125000,94800
2000-01-03,6.062500,7.312500,6.000000,7.250000,7.250000,211100
2000-01-04,7.218750,7.250000,6.687500,7.250000,7.250000,57300
2000-01-05,6.875000,7.000000,6.500000,6.656250,6.656250,25300
2000-01-06,6.750000,7.000000,6.625000,7.000000,7.000000,20900
2000-01-07,6.875000,7.500000,6.750000,7.000000,7.000000,73600
2000-01-10,7.375000,7.375000,6.250000,7.125000,7.125000,61800
2000-01-11,7.062500,7.500000,6.875000,7.250000,7.250000,98900
2000-01-12,7.125000,7.437500,7.000000,7.015625,7.015625,106400
2000-01-13,7.000000,7.250000,7.000000,7.125000,7.125000,17500
2000-01-14,7.062500,7.500000,6.500000,6.500000,6.500000,91100
2000-01-18,6.500000,7.250000,6.500000,6.937500,6.937500,70000
2000-01-19,7.000000,7.000000,6.750000,7.000000,7.000000,13800
2000-01-20,7.125000,7.125000,6.500000,6.750000,6.750000,36100
2000-01-21,6.625000,7.000000,6.250000,6.750000,6.750000,33200
2000-01-24,6.750000,7.000000,6.250000,6.562500,6.562500,40300
2000-01-25,6.562500,7.375000,6.562500,7.187500,7.187500,49500
2000-01-26,7.000000,7.000000,6.875000,6.875000,6.875000,12700
2000-01-27,7.000000,7.500000,6.875000,7.250000,7.250000,36700
2000-01-28,7.218750,7.312500,6.875000,6.875000,6.875000,19300
2000-01-31,6.875000,7.375000,6.875000,7.000000,7.000000,49100
2000-02-01,7.000000,7.062500,6.000000,6.125000,6.125000,111300
2000-02-02,6.281250,6.312500,5.500000,5.500000,5.500000,197700
2000-02-03,5.812500,6.000000,5.437500,5.625000,5.625000,45600
2000-02-04,5.562500,5.875000,5.312500,5.750000,5.750000,48300
2000-02-07,5.750000,5.875000,5.625000,5.625000,5.625000,31200
2000-02-08,5.687500,5.687500,5.375000,5.562500,5.562500,46300
2000-02-09,5.593750,5.812500,5.437500,5.750000,5.750000,81600
2000-02-10,5.625000,5.656250,4.500000,5.125000,5.125000,157100
2000-02-11,5.437500,5.687500,5.000000,5.562500,5.562500,79100
2000-02-14,5.718750,6.000000,5.562500,5.687500,5.687500,36100
2000-02-15,5.750000,5.937500,5.625000,5.750000,5.750000,58400
2000-02-16,5.875000,5.875000,5.375000,5.500000,5.500000,83000
2000-02-17,5.562500,5.750000,5.250000,5.375000,5.375000,95800
2000-02-18,5.500000,5.625000,5.250000,5.375000,5.375000,80000
2000-02-22,5.562500,5.750000,5.250000,5.500000,5.500000,58300
2000-02-23,5.375000,5.437500,5.250000,5.437500,5.437500,22900
2000-02-24,5.437500,5.500000,5.250000,5.250000,5.250000,46200
2000-02-25,5.562500,5.562500,5.250000,5.375000,5.375000,22400
2000-02-28,5.281250,5.500000,5.250000,5.437500,5.437500,137600
2000-02-29,5.500000,7.750000,5.312500,7.500000,7.500000,282400
2000-03-01,7.562500,8.500000,7.000000,7.000000,7.000000,270000
2000-03-02,7.687500,7.750000,6.875000,7.000000,7.000000,97100
2000-03-03,7.125000,7.125000,6.375000,6.875000,6.875000,29800
2000-03-06,6.750000,7.375000,6.500000,6.500000,6.500000,70300
2000-03-07,6.750000,6.875000,6.625000,6.687500,6.687500,68100
2000-03-08,6.531250,7.000000,6.500000,6.937500,6.937500,76600
2000-03-09,7.031250,7.500000,7.031250,7.500000,7.500000,63700
2000-03-10,7.500000,8.000000,7.250000,7.750000,7.750000,69300
2000-03-13,7.906250,8.375000,7.375000,8.250000,8.250000,116500
2000-03-14,8.218750,8.375000,7.125000,7.750000,7.750000,144500
2000-03-15,7.562500,7.875000,7.375000,7.750000,7.750000,53900
2000-03-16,7.500000,8.000000,7.312500,7.750000,7.750000,34100
2000-03-17,7.656250,7.750000,7.250000,7.750000,7.750000,45100
2000-03-20,7.250000,8.000000,7.250000,7.500000,7.500000,31300
2000-03-21,7.500000,7.750000,7.250000,7.375000,7.375000,24000
2000-03-22,7.718750,8.125000,7.125000,7.875000,7.875000,57600
2000-03-23,7.500000,7.875000,7.500000,7.562500,7.562500,24500
2000-03-24,7.562500,7.750000,7.437500,7.437500,7.437500,30200
2000-03-27,7.593750,7.812500,7.375000,7.500000,7.500000,52700
2000-03-28,7.437500,7.750000,7.375000,7.375000,7.375000,52000
2000-03-29,7.375000,7.562500,7.375000,7.500000,7.500000,114700
2000-03-30,7.500000,7.500000,6.750000,6.750000,6.750000,125000
2000-03-31,7.000000,7.000000,6.625000,6.937500,6.937500,70400
2000-04-03,7.187500,7.187500,6.500000,6.625000,6.625000,23300
2000-04-04,6.500000,6.687500,5.875000,6.250000,6.250000,47800
2000-04-05,6.000000,6.375000,6.000000,6.250000,6.250000,52700
2000-04-06,6.250000,6.750000,6.250000,6.312500,6.312500,29300
2000-04-07,6.500000,7.000000,6.500000,6.562500,6.562500,47400
2000-04-10,6.750000,6.750000,6.500000,6.500000,6.500000,47200
2000-04-11,6.500000,7.000000,6.125000,6.500000,6.500000,21500
2000-04-12,6.250000,6.500000,6.125000,6.375000,6.375000,17300
2000-04-13,6.250000,6.250000,6.062500,6.125000,6.125000,19500
2000-04-14,6.000000,6.125000,5.750000,6.000000,6.000000,56600
2000-04-17,5.750000,6.125000,5.500000,6.125000,6.125000,39500
2000-04-18,5.937500,6.250000,5.937500,6.031250,6.031250,62700
2000-04-19,5.875000,6.000000,5.625000,5.750000,5.750000,34000
2000-04-20,5.937500,6.125000,5.500000,5.593750,5.593750,92600
2000-04-24,5.968750,6.250000,5.500000,6.250000,6.250000,59200
2000-04-25,6.000000,6.312500,5.750000,6.250000,6.250000,52100
2000-04-26,6.312500,6.500000,6.000000,6.500000,6.500000,53400
2000-04-27,6.437500,6.500000,5.875000,6.125000,6.125000,11700
2000-04-28,5.875000,5.937500,5.750000,5.750000,5.750000,36200
2000-05-01,6.125000,6.125000,5.687500,5.687500,5.687500,31800
2000-05-02,5.687500,5.687500,5.500000,5.500000,5.500000,9600
2000-05-03,5.562500,5.656250,5.562500,5.562500,5.562500,6700
2000-05-04,5.531250,5.562500,5.500000,5.500000,5.500000,46700
2000-05-05,5.500000,5.562500,5.375000,5.500000,5.500000,25600
2000-05-08,5.500000,5.625000,5.437500,5.437500,5.437500,7900
2000-05-09,5.562500,5.562500,5.375000,5.500000,5.500000,19100
2000-05-10,5.718750,5.718750,5.375000,5.375000,5.375000,14500
2000-05-11,5.375000,5.375000,5.000000,5.000000,5.000000,24900
2000-05-12,5.031250,5.218750,5.000000,5.093750,5.093750,32000
2000-05-15,5.156250,5.250000,5.000000,5.250000,5.250000,49300
2000-05-16,5.281250,5.281250,5.062500,5.187500,5.187500,49400
2000-05-17,5.187500,5.312500,5.125000,5.187500,5.187500,50400
2000-05-18,5.187500,5.375000,5.000000,5.375000,5.375000,24500
2000-05-19,5.125000,5.312500,5.125000,5.312500,5.312500,13100
2000-05-22,5.156250,5.156250,5.000000,5.125000,5.125000,6600
2000-05-23,5.031250,5.140625,4.937500,5.062500,5.062500,24300
2000-05-24,4.750000,5.062500,4.625000,5.000000,5.000000,12700
2000-05-25,5.187500,5.218750,4.875000,4.875000,4.875000,43400
2000-05-26,5.218750,5.218750,4.750000,5.000000,5.000000,19200
2000-05-30,5.125000,5.187500,4.875000,4.875000,4.875000,8700
2000-05-31,5.000000,5.000000,4.500000,4.687500,4.687500,52800
2000-06-01,4.656250,4.750000,4.500000,4.500000,4.500000,21400
2000-06-02,4.562500,4.750000,4.500000,4.625000,4.625000,95000
2000-06-05,4.687500,4.750000,4.500000,4.750000,4.750000,53600
2000-06-06,4.781250,4.812500,4.625000,4.625000,4.625000,166800
2000-06-07,4.750000,4.812500,4.687500,4.812500,4.812500,65500
2000-06-08,4.968750,5.250000,4.937500,5.218750,5.218750,100500
2000-06-09,5.218750,5.312500,5.187500,5.281250,5.281250,56500
2000-06-12,5.375000,5.437500,4.562500,5.375000,5.375000,1980000
2000-06-13,5.250000,7.250000,5.250000,7.000000,7.000000,292400
2000-06-14,7.062500,7.125000,6.375000,6.812500,6.812500,286900
2000-06-15,6.750000,6.812500,6.625000,6.625000,6.625000,49300
2000-06-16,6.625000,7.000000,6.500000,7.000000,7.000000,31900
2000-06-19,6.875000,7.000000,6.750000,7.000000,7.000000,61100
2000-06-20,6.875000,7.625000,6.750000,7.625000,7.625000,124500
2000-06-21,7.796875,8.000000,7.437500,7.750000,7.750000,172200
2000-06-22,7.500000,7.875000,7.375000,7.687500,7.687500,23100
2000-06-23,7.500000,7.875000,7.375000,7.750000,7.750000,48600
2000-06-26,7.750000,7.750000,7.500000,7.750000,7.750000,51700
2000-06-27,7.687500,8.250000,7.687500,8.000000,8.000000,131800
2000-06-28,7.937500,8.250000,7.875000,8.000000,8.000000,101700
2000-06-29,7.875000,8.750000,7.875000,8.625000,8.625000,113300
2000-06-30,8.500000,8.625000,8.140625,8.250000,8.250000,56700
2000-07-03,8.343750,8.343750,8.125000,8.250000,8.250000,20000
2000-07-05,8.281250,8.281250,8.062500,8.125000,8.125000,113200
2000-07-06,7.812500,7.875000,6.687500,7.500000,7.500000,56300
2000-07-07,7.375000,8.062500,7.375000,8.000000,8.000000,37200
2000-07-10,7.750000,8.375000,7.500000,8.125000,8.125000,150700
2000-07-11,8.000000,8.125000,7.625000,8.000000,8.000000,75400
2000-07-12,7.812500,8.000000,7.687500,7.812500,7.812500,64600
2000-07-13,7.750000,8.000000,7.687500,7.750000,7.750000,22700
2000-07-14,7.968750,8.000000,7.625000,8.000000,8.000000,79400
2000-07-17,7.937500,8.000000,7.750000,7.875000,7.875000,88000
2000-07-18,7.812500,7.875000,7.625000,7.875000,7.875000,38300
2000-07-19,7.625000,7.875000,7.500000,7.500000,7.500000,82400
2000-07-20,7.687500,7.937500,7.562500,7.562500,7.562500,89600
2000-07-21,7.875000,8.000000,6.750000,7.375000,7.375000,63400
2000-07-24,6.906250,7.000000,6.437500,7.000000,7.000000,71600
2000-07-25,7.000000,7.000000,6.250000,6.687500,6.687500,48000
2000-07-26,6.625000,6.625000,6.500000,6.500000,6.500000,28400
2000-07-27,6.500000,6.625000,6.500000,6.500000,6.500000,17500
2000-07-28,6.500000,6.750000,6.500000,6.500000,6.500000,20900
2000-07-31,6.812500,7.000000,6.750000,7.000000,7.000000,18000
2000-08-01,6.781250,7.062500,6.781250,7.062500,7.062500,35000
2000-08-02,7.000000,7.031250,6.687500,6.687500,6.687500,2800
2000-08-03,6.500000,6.500000,5.875000,6.375000,6.375000,7400
2000-08-04,6.375000,6.500000,6.000000,6.125000,6.125000,25600
2000-08-07,6.375000,6.500000,6.250000,6.375000,6.375000,22500
2000-08-08,6.375000,6.625000,6.375000,6.625000,6.625000,27300
2000-08-09,6.375000,6.812500,6.375000,6.500000,6.500000,10900
2000-08-10,6.562500,6.562500,5.750000,6.125000,6.125000,49300
2000-08-11,6.125000,6.125000,5.875000,5.875000,5.875000,13200
2000-08-14,6.000000,6.500000,5.625000,6.250000,6.250000,26900
2000-08-15,6.250000,7.187500,6.250000,7.000000,7.000000,54200
2000-08-16,6.750000,6.750000,6.312500,6.625000,6.625000,9700
2000-08-17,6.625000,6.625000,6.500000,6.500000,6.500000,10800
2000-08-18,6.625000,6.750000,6.250000,6.375000,6.375000,17500
2000-08-21,6.375000,6.500000,6.375000,6.375000,6.375000,20100
2000-08-22,6.250000,6.312500,6.000000,6.031250,6.031250,18700
2000-08-23,6.250000,6.250000,5.875000,6.000000,6.000000,23000
2000-08-24,6.250000,6.250000,5.875000,5.875000,5.875000,4900
2000-08-25,6.000000,6.000000,5.500000,5.812500,5.812500,10100
2000-08-28,5.500000,5.875000,5.312500,5.875000,5.875000,42600
2000-08-29,5.500000,6.000000,5.406250,5.812500,5.812500,36600
2000-08-30,5.875000,6.125000,5.750000,5.750000,5.750000,6700
2000-08-31,5.937500,6.000000,5.750000,6.000000,6.000000,14000
2000-09-01,5.750000,6.250000,5.750000,6.000000,6.000000,16400
2000-09-05,5.750000,6.000000,5.500000,5.937500,5.937500,25500
2000-09-06,5.750000,6.125000,5.625000,5.625000,5.625000,6100
2000-09-07,5.625000,6.500000,5.562500,5.968750,5.968750,35100
2000-09-08,5.625000,6.000000,5.625000,6.000000,6.000000,9500
2000-09-11,6.000000,6.000000,5.750000,6.000000,6.000000,11300
2000-09-12,5.906250,6.250000,5.750000,6.250000,6.250000,24200
2000-09-13,6.000000,6.625000,6.000000,6.250000,6.250000,18500
2000-09-14,6.375000,6.625000,6.375000,6.375000,6.375000,28500
2000-09-15,6.562500,7.000000,6.312500,6.687500,6.687500,30300
2000-09-18,6.750000,7.000000,6.625000,6.625000,6.625000,16100
2000-09-19,6.750000,6.750000,6.500000,6.500000,6.500000,4800
2000-09-20,6.500000,6.500000,6.187500,6.312500,6.312500,10600
2000-09-21,6.312500,6.562500,6.312500,6.312500,6.312500,2200
2000-09-22,6.125000,6.125000,5.500000,5.875000,5.875000,26100
2000-09-25,5.812500,5.812500,5.187500,5.375000,5.375000,93600
2000-09-26,5.156250,6.500000,5.125000,6.500000,6.500000,37100
2000-09-27,6.000000,6.500000,6.000000,6.250000,6.250000,19900
2000-09-28,6.250000,6.375000,6.000000,6.187500,6.187500,12600
2000-09-29,6.250000,6.250000,6.000000,6.125000,6.125000,46200
2000-10-02,6.203125,6.500000,6.203125,6.437500,6.437500,12600
2000-10-03,6.437500,6.500000,6.375000,6.468750,6.468750,5500
2000-10-04,6.437500,6.500000,6.250000,6.437500,6.437500,38000
2000-10-05,6.250000,6.437500,6.250000,6.437500,6.437500,30900
2000-10-06,6.500000,6.500000,6.250000,6.250000,6.250000,800
2000-10-09,6.250000,6.265625,5.750000,5.875000,5.875000,30800
2000-10-10,6.015625,6.187500,5.750000,5.937500,5.937500,3600
2000-10-11,5.937500,5.968750,5.718750,5.875000,5.875000,18400
2000-10-12,5.875000,5.875000,5.625000,5.625000,5.625000,29300
2000-10-13,5.750000,5.750000,5.500000,5.625000,5.625000,9800
2000-10-16,5.500000,5.875000,5.437500,5.875000,5.875000,30800
2000-10-17,5.453125,5.875000,5.453125,5.500000,5.500000,5800
2000-10-18,5.625000,5.843750,5.375000,5.437500,5.437500,25300
2000-10-19,5.500000,5.875000,5.375000,5.875000,5.875000,22000
2000-10-20,6.093750,6.750000,5.437500,5.875000,5.875000,52500
2000-10-23,6.125000,6.125000,5.625000,5.625000,5.625000,71000
2000-10-24,5.625000,5.625000,5.437500,5.437500,5.437500,34300
2000-10-25,5.437500,5.687500,5.375000,5.687500,5.687500,15700
2000-10-26,5.375000,5.687500,5.375000,5.687500,5.687500,6700
2000-10-27,5.500000,5.625000,5.343750,5.500000,5.500000,30100
2000-10-30,5.375000,5.406250,5.000000,5.281250,5.281250,35700
2000-10-31,5.156250,6.250000,5.156250,5.875000,5.875000,87500
2000-11-01,5.625000,6.000000,5.312500,5.500000,5.500000,59900
2000-11-02,5.734375,5.750000,5.375000,5.437500,5.437500,49300
2000-11-03,5.562500,5.750000,5.281250,5.687500,5.687500,39900
2000-11-06,5.750000,6.187500,5.687500,5.750000,5.750000,35100
2000-11-07,5.687500,6.000000,5.687500,6.000000,6.000000,34100
2000-11-08,5.875000,5.906250,5.500000,5.625000,5.625000,10900
2000-11-09,5.531250,5.625000,5.500000,5.562500,5.562500,8400
2000-11-10,5.500000,5.531250,5.406250,5.406250,5.406250,6000
2000-11-13,5.406250,5.406250,5.062500,5.250000,5.250000,75100
2000-11-14,5.125000,5.375000,5.125000,5.375000,5.375000,23000
2000-11-15,5.328125,5.328125,5.062500,5.125000,5.125000,78100
2000-11-16,5.140625,5.140625,5.000000,5.062500,5.062500,46700
2000-11-17,4.953125,5.125000,4.875000,5.000000,5.000000,30900
2000-11-20,4.875000,5.000000,4.875000,4.937500,4.937500,10800
2000-11-21,4.875000,5.000000,4.687500,4.937500,4.937500,20400
2000-11-22,4.625000,4.812500,4.250000,4.750000,4.750000,45100
2000-11-24,4.812500,4.937500,4.375000,4.750000,4.750000,21600
2000-11-27,5.093750,5.187500,4.625000,4.625000,4.625000,60600
2000-11-28,4.578125,4.625000,4.250000,4.437500,4.437500,35400
2000-11-29,4.062500,4.500000,4.062500,4.312500,4.312500,35600
2000-11-30,4.000000,4.187500,3.812500,3.937500,3.937500,73100
2000-12-01,4.015625,4.625000,4.000000,4.250000,4.250000,160700
2000-12-04,4.140625,4.250000,4.000000,4.125000,4.125000,72700
2000-12-05,4.125000,4.437500,3.625000,4.437500,4.437500,62500
2000-12-06,3.687500,3.937500,3.375000,3.625000,3.625000,355900
2000-12-07,3.593750,4.000000,3.500000,4.000000,4.000000,67100
2000-12-08,4.062500,4.125000,3.937500,4.000000,4.000000,14400
2000-12-11,3.984375,4.125000,3.937500,4.000000,4.000000,87800
2000-12-12,3.937500,4.000000,3.656250,3.687500,3.687500,70300
2000-12-13,3.765625,3.765625,3.625000,3.750000,3.750000,45900
2000-12-14,3.796875,3.796875,3.375000,3.500000,3.500000,48100
2000-12-15,3.625000,3.687500,3.312500,3.562500,3.562500,49500
2000-12-18,3.500000,3.625000,3.312500,3.437500,3.437500,40600
2000-12-19,3.328125,3.421875,3.250000,3.375000,3.375000,62500
2000-12-20,3.140625,3.375000,3.140625,3.312500,3.312500,108700
2000-12-21,3.250000,3.468750,3.250000,3.375000,3.375000,103600
2000-12-22,3.312500,4.625000,3.250000,4.500000,4.500000,254500
2000-12-26,4.234375,4.437500,3.750000,4.187500,4.187500,41400
2000-12-27,4.187500,4.437500,4.187500,4.437500,4.437500,71100
2000-12-28,4.375000,4.437500,3.875000,3.875000,3.875000,53200
2000-12-29,3.750000,3.812500,3.500000,3.625000,3.625000,199100
2001-01-02,3.687500,3.812500,3.625000,3.812500,3.812500,88700
2001-01-03,3.812500,4.812500,3.500000,4.687500,4.687500,1839500
2001-01-04,4.703125,4.718750,4.312500,4.625000,4.625000,30700
2001-01-05,4.656250,4.750000,4.437500,4.500000,4.500000,16500
2001-01-08,4.687500,4.687500,3.750000,4.000000,4.000000,21600
2001-01-09,3.937500,4.687500,3.937500,4.687500,4.687500,32000
2001-01-10,4.578125,5.000000,4.437500,4.750000,4.750000,34100
2001-01-11,5.125000,5.750000,4.625000,5.750000,5.750000,44400
2001-01-12,5.812500,6.062500,5.562500,6.000000,6.000000,81200
2001-01-16,5.875000,6.031250,5.375000,6.000000,6.000000,88200
2001-01-17,5.390625,6.000000,5.250000,5.750000,5.750000,70500
2001-01-18,5.640625,6.000000,5.625000,5.750000,5.750000,31100
2001-01-19,5.625000,6.000000,4.750000,5.750000,5.750000,114500
2001-01-22,5.265625,6.500000,5.250000,6.250000,6.250000,143300
2001-01-23,6.500000,6.625000,5.875000,6.625000,6.625000,125300
2001-01-24,6.562500,6.625000,6.125000,6.312500,6.312500,46300
2001-01-25,6.312500,6.312500,6.187500,6.250000,6.250000,8500
2001-01-26,6.375000,6.375000,5.937500,6.375000,6.375000,14500
2001-01-29,6.250000,6.500000,6.125000,6.500000,6.500000,16100
2001-01-30,6.312500,6.484375,5.812500,5.812500,5.812500,76300
2001-01-31,5.750000,6.312500,5.750000,6.312500,6.312500,37900
2001-02-01,6.156250,6.375000,6.062500,6.062500,6.062500,16300
2001-02-02,6.062500,6.062500,5.593750,5.625000,5.625000,16800
2001-02-05,5.640625,6.312500,5.640625,6.000000,6.000000,11500
2001-02-06,6.234375,6.437500,6.062500,6.437500,6.437500,8300
2001-02-07,6.187500,6.562500,6.000000,6.437500,6.437500,44000
2001-02-08,6.437500,6.437500,6.062500,6.281250,6.281250,12800
2001-02-09,6.062500,6.500000,6.062500,6.437500,6.437500,14500
2001-02-12,6.312500,7.000000,6.312500,7.000000,7.000000,215000
2001-02-13,6.968750,7.000000,6.312500,6.812500,6.812500,83100
2001-02-14,6.937500,6.937500,6.812500,6.875000,6.875000,35100
2001-02-15,6.937500,7.000000,6.812500,7.000000,7.000000,15000
2001-02-16,7.000000,7.125000,6.500000,6.875000,6.875000,118700
2001-02-20,6.937500,7.562500,6.937500,7.437500,7.437500,85400
2001-02-21,7.000000,8.125000,6.937500,8.000000,8.000000,204300
2001-02-22,7.968750,8.062500,7.375000,7.375000,7.375000,48100
2001-02-23,7.625000,7.687500,7.250000,7.687500,7.687500,64000
2001-02-26,7.390625,7.500000,7.375000,7.437500,7.437500,18100
2001-02-27,7.625000,7.687500,7.437500,7.500000,7.500000,7300
2001-02-28,7.375000,7.875000,7.312500,7.593750,7.593750,19100
2001-03-01,7.937500,9.250000,7.750000,8.750000,8.750000,197700
2001-03-02,8.375000,9.500000,8.250000,9.062500,9.062500,97900
2001-03-05,9.109375,9.500000,8.875000,9.500000,9.500000,92200
2001-03-06,9.062500,9.375000,9.000000,9.250000,9.250000,71700
2001-03-07,9.437500,9.437500,9.000000,9.062500,9.062500,32600
2001-03-08,9.140625,9.250000,8.562500,8.562500,8.562500,64800
2001-03-09,8.625000,9.312500,8.625000,9.312500,9.312500,54200
2001-03-12,9.359375,9.437500,8.875000,9.125000,9.125000,98600
2001-03-13,9.062500,9.250000,8.750000,9.250000,9.250000,47300
2001-03-14,8.640625,9.125000,8.375000,8.875000,8.875000,42500
2001-03-15,8.812500,8.968750,8.812500,8.812500,8.812500,55000
2001-03-16,8.625000,9.187500,7.937500,9.187500,9.187500,76600
2001-03-19,9.031250,9.062500,8.656250,8.687500,8.687500,38000
2001-03-20,8.843750,9.000000,8.625000,8.625000,8.625000,14900
2001-03-21,8.750000,8.750000,8.312500,8.312500,8.312500,37300
2001-03-22,8.609375,8.609375,7.812500,8.000000,8.000000,28100
2001-03-23,8.015625,9.000000,8.000000,8.968750,8.968750,32700
2001-03-26,9.000000,9.625000,8.765625,9.062500,9.062500,347200
2001-03-27,9.109375,10.875000,8.500000,10.562500,10.562500,319200
2001-03-28,10.437500,12.312500,10.375000,11.812500,11.812500,758700
2001-03-29,11.437500,12.500000,11.437500,12.000000,12.000000,226500
2001-03-30,12.156250,12.187500,11.625000,11.875000,11.875000,85300
2001-04-02,11.687500,11.750000,10.250000,11.375000,11.375000,108900
2001-04-03,11.156250,12.000000,11.125000,11.875000,11.875000,279600
2001-04-04,11.656250,12.125000,11.500000,12.000000,12.000000,197000
2001-04-05,12.125000,12.875000,11.937500,12.312500,12.312500,306300
2001-04-06,12.437500,12.500000,11.062500,11.500000,11.500000,60600
2001-04-09,11.750000,12.000000,11.200000,11.440000,11.440000,49200
2001-04-10,11.750000,12.500000,11.170000,12.500000,12.500000,62300
2001-04-11,12.750000,13.100000,12.500000,12.600000,12.600000,178100
2001-04-12,12.510000,12.740000,12.470000,12.650000,12.650000,90000
2001-04-16,12.950000,13.150000,12.650000,12.650000,12.650000,60100
2001-04-17,12.770000,14.000000,12.700000,13.820000,13.820000,211100
2001-04-18,14.000000,14.940000,14.000000,14.940000,14.940000,291800
2001-04-19,14.970000,15.190000,14.220000,14.600000,14.600000,318200
2001-04-20,14.400000,14.450000,13.570000,14.000000,14.000000,221000
2001-04-23,14.050000,14.080000,12.240000,13.850000,13.850000,192500
2001-04-24,13.600000,14.060000,13.130000,13.740000,13.740000,66400
2001-04-25,13.300000,13.740000,13.000000,13.640000,13.640000,221100
2001-04-26,13.610000,14.660000,13.530000,14.350000,14.350000,148200
2001-04-27,14.460000,15.220000,14.460000,14.760000,14.760000,238300
2001-04-30,14.640000,14.980000,14.600000,14.800000,14.800000,63400
2001-05-01,15.000000,15.070000,14.650000,14.750000,14.750000,67900
2001-05-02,14.660000,15.050000,13.910000,14.200000,14.200000,70800
2001-05-03,14.100000,14.200000,13.690000,13.690000,13.690000,67200
2001-05-04,13.690000,14.240000,13.500000,13.930000,13.930000,131900
2001-05-07,14.000000,14.110000,13.790000,13.950000,13.950000,84200
2001-05-08,14.000000,14.080000,13.980000,14.040000,14.040000,142100
2001-05-09,13.910000,14.040000,13.100000,13.200000,13.200000,170700
2001-05-10,13.050000,13.380000,12.940000,13.080000,13.080000,141600
2001-05-11,13.170000,14.000000,13.060000,13.980000,13.980000,49900
2001-05-14,13.850000,14.020000,13.170000,13.530000,13.530000,56100
2001-05-15,13.350000,13.800000,13.190000,13.600000,13.600000,204600
2001-05-16,13.230000,13.650000,13.110000,13.620000,13.620000,104500
2001-05-17,13.640000,15.000000,13.450000,15.000000,15.000000,183000
2001-05-18,15.000000,15.500000,14.500000,14.850000,14.850000,301500
2001-05-21,15.000000,15.040000,14.500000,14.590000,14.590000,38500
2001-05-22,14.510000,14.510000,14.200000,14.230000,14.230000,82500
2001-05-23,14.000000,14.240000,12.830000,13.750000,13.750000,109000
2001-05-24,13.890000,13.900000,13.260000,13.550000,13.550000,76700
2001-05-25,13.590000,13.870000,13.030000,13.380000,13.380000,101100
2001-05-29,13.230000,13.400000,12.900000,12.910000,12.910000,96900
2001-05-30,12.980000,13.000000,11.190000,11.550000,11.550000,332300
2001-05-31,11.550000,11.690000,10.750000,11.450000,11.450000,325100
2001-06-01,11.180000,12.150000,11.180000,11.810000,11.810000,232900
2001-06-04,11.900000,12.730000,11.900000,12.730000,12.730000,164700
2001-06-05,12.750000,14.060000,12.650000,14.060000,14.060000,135000
2001-06-06,14.030000,14.200000,13.800000,14.100000,14.100000,92500
2001-06-07,14.340000,14.490000,13.950000,14.480000,14.480000,72200
2001-06-08,14.300000,14.500000,14.260000,14.260000,14.260000,90400
2001-06-11,14.490000,15.160000,14.250000,15.080000,15.080000,179400
2001-06-12,15.000000,15.100000,13.900000,14.050000,14.050000,122000
2001-06-13,14.190000,14.300000,14.050000,14.130000,14.130000,90500
2001-06-14,14.100000,14.100000,13.960000,14.080000,14.080000,92700
2001-06-15,14.140000,14.140000,13.200000,13.700000,13.700000,70200
2001-06-18,13.610000,14.230000,13.280000,14.230000,14.230000,74800
2001-06-19,14.250000,14.750000,14.020000,14.450000,14.450000,106400
2001-06-20,14.410000,17.190001,14.040000,17.180000,17.180000,314400
2001-06-21,17.150000,17.200001,15.310000,16.440001,16.440001,415800
2001-06-22,16.680000,16.870001,16.309999,16.370001,16.370001,174400
2001-06-25,16.000000,16.709999,16.000000,16.600000,16.600000,75000
2001-06-26,16.500000,17.500000,16.420000,17.000000,17.000000,246100
2001-06-27,16.990000,17.379999,16.520000,17.010000,17.010000,163300
2001-06-28,17.030001,17.450001,16.910000,17.030001,17.030001,268900
2001-06-29,17.000000,18.980000,17.000000,18.969999,18.969999,728700
2001-07-02,18.870001,18.900000,18.200001,18.730000,18.730000,327100
2001-07-03,18.500000,18.730000,18.260000,18.299999,18.299999,47800
2001-07-05,18.139999,18.540001,18.100000,18.450001,18.450001,135600
2001-07-06,18.049999,19.389999,17.600000,19.139999,19.139999,146100
2001-07-09,19.090000,20.000000,18.820000,20.000000,20.000000,365600
2001-07-10,19.990000,20.299999,18.790001,19.290001,19.290001,188700
2001-07-11,19.020000,19.389999,18.700001,19.170000,19.170000,160800
2001-07-12,19.000000,19.650000,19.000000,19.290001,19.290001,199300
2001-07-13,19.100000,20.000000,19.100000,19.900000,19.900000,143400
2001-07-16,19.990000,20.000000,19.420000,19.760000,19.760000,75800
2001-07-17,19.760000,19.760000,19.320000,19.549999,19.549999,146200
2001-07-18,19.700001,21.230000,19.700001,21.150000,21.150000,864700
2001-07-19,21.480000,21.750000,17.850000,18.590000,18.590000,362100
2001-07-20,18.600000,18.750000,16.379999,16.760000,16.760000,345500
2001-07-23,16.799999,17.850000,15.800000,17.790001,17.790001,736000
2001-07-24,17.900000,19.100000,17.850000,18.500000,18.500000,458600
2001-07-25,19.000000,19.049999,16.590000,17.100000,17.100000,109900
2001-07-26,16.799999,17.000000,14.510000,16.010000,16.010000,288000
2001-07-27,16.400000,18.600000,16.200001,18.250000,18.250000,227100
2001-07-30,18.100000,18.660000,17.049999,17.770000,17.770000,61300
2001-07-31,17.400000,19.040001,17.389999,19.030001,19.030001,125000
2001-08-01,18.530001,19.879999,18.020000,19.510000,19.510000,183300
2001-08-02,19.680000,20.150000,19.000000,19.719999,19.719999,251100
2001-08-03,19.299999,19.400000,17.000000,19.150000,19.150000,142800
2001-08-06,18.600000,20.150000,18.600000,19.709999,19.709999,358200
2001-08-07,19.700001,19.950001,18.809999,19.000000,19.000000,236900
2001-08-08,18.490000,19.049999,18.200001,18.959999,18.959999,117700
2001-08-09,18.750000,19.190001,18.600000,18.950001,18.950001,270900
2001-08-10,18.709999,18.969999,17.889999,18.150000,18.150000,242500
2001-08-13,18.139999,18.950001,18.049999,18.240000,18.240000,133800
2001-08-14,18.480000,20.100000,18.200001,20.000000,20.000000,289500
2001-08-15,19.910000,20.250000,19.660000,20.049999,20.049999,386200
2001-08-16,20.000000,20.250000,19.500000,20.049999,20.049999,166800
2001-08-17,20.000000,20.250000,19.750000,20.010000,20.010000,70500
2001-08-20,19.740000,20.020000,19.500000,20.000000,20.000000,47900
2001-08-21,19.990000,20.049999,18.299999,18.500000,18.500000,182500
2001-08-22,19.350000,19.590000,18.670000,19.500000,19.500000,113500
2001-08-23,19.500000,20.100000,19.420000,19.500000,19.500000,109400
2001-08-24,19.549999,20.150000,19.459999,20.000000,20.000000,306100
2001-08-27,20.110001,21.190001,20.110001,20.820000,20.820000,691100
2001-08-28,20.969999,21.000000,18.760000,19.260000,19.260000,403400
2001-08-29,19.260000,20.240000,19.260000,20.000000,20.000000,399100
2001-08-30,19.840000,20.480000,19.250000,19.570000,19.570000,116600
2001-08-31,19.309999,20.100000,19.260000,20.030001,20.030001,68300
2001-09-04,20.200001,20.400000,19.730000,19.900000,19.900000,172500
2001-09-05,20.000000,20.020000,19.170000,19.840000,19.840000,77700
2001-09-06,19.500000,19.830000,18.500000,18.700001,18.700001,71200
2001-09-07,18.049999,18.250000,17.500000,17.700001,17.700001,241100
2001-09-10,17.500000,17.709999,15.750000,15.750000,15.750000,243100
2001-09-17,15.110000,16.400000,14.250000,16.250000,16.250000,262400
2001-09-18,16.200001,18.100000,16.200001,17.930000,17.930000,123700
2001-09-19,18.150000,19.790001,17.889999,19.600000,19.600000,231400
2001-09-20,19.000000,20.200001,18.500000,19.740000,19.740000,218000
2001-09-21,18.959999,20.250000,18.400000,20.040001,20.040001,419400
2001-09-24,20.450001,20.600000,19.900000,20.000000,20.000000,402000
2001-09-25,20.190001,20.500000,19.230000,19.900000,19.900000,98500
2001-09-26,19.900000,20.600000,19.900000,20.350000,20.350000,322400
2001-09-27,20.200001,20.500000,19.700001,20.350000,20.350000,244300
2001-09-28,20.559999,23.840000,20.350000,23.020000,23.020000,810700
2001-10-01,23.370001,23.950001,20.950001,21.549999,21.549999,669400
2001-10-02,22.170000,22.850000,21.969999,22.450001,22.450001,167000
2001-10-03,22.200001,23.000000,21.370001,22.000000,22.000000,237200
2001-10-04,21.930000,23.650000,21.920000,23.120001,23.120001,299700
2001-10-05,23.000000,23.900000,22.469999,22.860001,22.860001,145000
2001-10-08,23.190001,23.930000,22.500000,22.850000,22.850000,76700
2001-10-09,23.100000,23.350000,20.129999,21.100000,21.100000,170200
2001-10-10,20.809999,22.120001,20.360001,22.000000,22.000000,103100
2001-10-11,22.010000,22.750000,20.500000,21.950001,21.950001,326600
2001-10-12,21.500000,23.500000,20.940001,22.620001,22.620001,419900
2001-10-15,23.049999,24.950001,22.400000,24.610001,24.610001,598700
2001-10-16,24.799999,25.410000,24.080000,25.040001,25.040001,335900
2001-10-17,24.990000,25.000000,22.430000,22.780001,22.780001,163100
2001-10-18,22.900000,24.549999,22.889999,22.950001,22.950001,163800
2001-10-19,25.700001,27.000000,25.150000,27.000000,27.000000,1014300
2001-10-22,27.000000,27.750000,26.250000,27.500000,27.500000,545800
2001-10-23,27.250000,27.700001,26.400000,26.850000,26.850000,390800
2001-10-24,26.750000,27.490000,26.200001,26.370001,26.370001,441700
2001-10-25,26.200001,26.400000,25.500000,25.730000,25.730000,647700
2001-10-26,24.760000,27.040001,24.750000,26.270000,26.270000,618900
2001-10-29,26.490000,27.700001,25.120001,27.490000,27.490000,352600
2001-10-30,27.719999,28.750000,27.250000,28.330000,28.330000,713200
2001-10-31,28.480000,28.990000,27.280001,28.059999,28.059999,383200
2001-11-01,27.900000,29.120001,27.309999,29.000000,29.000000,645700
2001-11-02,29.010000,29.100000,28.440001,28.740000,28.740000,355800
2001-11-05,28.950001,29.950001,28.700001,29.750000,29.750000,426600
2001-11-06,29.219999,30.240000,29.200001,29.700001,29.700001,713400
2001-11-07,29.620001,29.700001,27.400000,27.559999,27.559999,322800
2001-11-08,28.139999,28.280001,26.350000,26.410000,26.410000,258900
2001-11-09,26.420000,27.290001,26.200001,26.840000,26.840000,193300
2001-11-12,26.780001,26.950001,25.700001,26.450001,26.450001,216200
2001-11-13,26.980000,28.219999,26.650000,27.530001,27.530001,383100
2001-11-14,27.850000,28.219999,26.500000,26.980000,26.980000,288400
2001-11-15,27.000000,28.500000,26.680000,28.100000,28.100000,173000
2001-11-16,28.090000,28.799999,27.209999,28.799999,28.799999,229300
2001-11-19,29.740000,30.100000,29.000000,29.920000,29.920000,367200
2001-11-20,30.200001,30.350000,27.600000,27.760000,27.760000,322200
2001-11-21,28.549999,29.040001,27.799999,28.799999,28.799999,140200
2001-11-23,28.959999,28.959999,28.170000,28.290001,28.290001,27600
2001-11-26,28.410000,29.000000,28.020000,28.500000,28.500000,171900
2001-11-27,28.360001,28.850000,28.049999,28.360001,28.360001,135900
2001-11-28,28.350000,28.360001,27.260000,27.590000,27.590000,146500
2001-11-29,27.260000,28.600000,27.100000,28.590000,28.590000,280400
2001-11-30,28.299999,28.900000,28.000000,28.250000,28.250000,262000
2001-12-03,28.240000,29.389999,28.000000,29.150000,29.150000,195200
2001-12-04,29.400000,32.000000,29.340000,31.740000,31.740000,654800
2001-12-05,32.209999,34.209999,31.450001,33.049999,33.049999,682900
2001-12-06,33.389999,34.000000,32.619999,33.700001,33.700001,241600
2001-12-07,33.639999,33.639999,32.000000,32.000000,32.000000,156700
2001-12-10,31.900000,32.599998,31.549999,31.549999,31.549999,138200
2001-12-11,32.099998,33.299999,31.750000,32.349998,32.349998,321800
2001-12-12,32.250000,33.200001,32.000000,33.139999,33.139999,96000
2001-12-13,33.000000,33.000000,31.160000,31.200001,31.200001,168600
2001-12-14,31.480000,31.850000,30.830000,31.100000,31.100000,171900
2001-12-17,31.000000,31.100000,30.230000,30.400000,30.400000,361500
2001-12-18,30.260000,30.650000,30.219999,30.350000,30.350000,518700
2001-12-19,30.350000,30.400000,29.750000,30.059999,30.059999,225700
2001-12-20,29.950001,29.990000,28.400000,28.709999,28.709999,276900
2001-12-21,28.879999,30.049999,28.670000,30.049999,30.049999,294900
2001-12-24,30.049999,30.920000,29.760000,30.200001,30.200001,73600
2001-12-26,30.280001,30.299999,29.110001,29.600000,29.600000,183300
2001-12-27,29.549999,30.799999,29.549999,30.799999,30.799999,114900
2001-12-28,30.790001,33.250000,30.559999,32.000000,32.000000,281100
2001-12-31,32.250000,32.290001,30.059999,30.299999,30.299999,281300
2002-01-02,30.270000,30.299999,25.549999,25.799999,25.799999,1019800
2002-01-03,26.070000,29.410000,22.750000,28.780001,28.780001,3377800
2002-01-04,28.610001,29.740000,26.690001,29.400000,29.400000,716900
2002-01-07,29.850000,29.900000,27.150000,27.770000,27.770000,311400
2002-01-08,27.500000,28.400000,27.500000,28.090000,28.090000,93100
2002-01-09,28.129999,29.000000,28.000000,28.799999,28.799999,527500
2002-01-10,28.959999,28.990000,28.049999,28.500000,28.500000,160100
2002-01-11,28.150000,28.850000,27.500000,28.600000,28.600000,126900
2002-01-14,27.950001,29.049999,27.750000,29.040001,29.040001,348700
2002-01-15,28.750000,29.000000,28.250000,28.510000,28.510000,121200
2002-01-16,27.870001,29.030001,27.870001,28.500000,28.500000,223400
2002-01-17,28.549999,29.049999,28.150000,28.500000,28.500000,264900
2002-01-18,28.370001,29.250000,27.900000,29.100000,29.100000,193500
2002-01-22,28.549999,28.940001,22.250000,25.500000,25.500000,1143100
2002-01-23,26.190001,27.150000,25.200001,26.000000,26.000000,425900
2002-01-24,26.200001,26.299999,24.799999,25.670000,25.670000,254600
2002-01-25,25.500000,25.900000,25.299999,25.900000,25.900000,83900
2002-01-28,25.969999,27.270000,25.969999,27.100000,27.100000,326300
2002-01-29,27.280001,27.400000,26.250000,26.549999,26.549999,179200
2002-01-30,26.250000,26.950001,26.049999,26.950001,26.950001,134200
2002-01-31,26.730000,27.600000,26.600000,27.549999,27.549999,416900
2002-02-01,27.459999,27.500000,26.510000,26.520000,26.520000,111500
2002-02-04,25.850000,26.270000,24.000000,24.540001,24.540001,154000
2002-02-05,24.530001,25.840000,23.580000,25.400000,25.400000,174800
2002-02-06,25.709999,25.980000,23.820000,24.830000,24.830000,290000
2002-02-07,25.690001,25.700001,22.559999,24.580000,24.580000,712700
2002-02-08,24.490000,24.549999,23.350000,24.139999,24.139999,98000
2002-02-11,23.840000,25.950001,23.610001,25.049999,25.049999,303200
2002-02-12,24.969999,26.350000,24.139999,26.170000,26.170000,196000
2002-02-13,26.379999,26.900000,25.900000,26.889999,26.889999,251700
2002-02-14,26.900000,26.969999,24.850000,25.219999,25.219999,145000
2002-02-15,25.000000,25.500000,23.500000,24.299999,24.299999,156900
2002-02-19,24.010000,25.400000,23.900000,25.100000,25.100000,328900
2002-02-20,25.000000,25.379999,24.600000,25.120001,25.120001,78800
2002-02-21,25.340000,25.350000,23.260000,23.900000,23.900000,98500
2002-02-22,23.799999,24.370001,23.559999,23.940001,23.940001,125700
2002-02-25,23.850000,24.350000,23.400000,23.700001,23.700001,145900
2002-02-26,23.879999,23.879999,22.500000,23.030001,23.030001,240300
2002-02-27,23.040001,23.299999,22.540001,22.950001,22.950001,213800
2002-02-28,23.110001,25.250000,23.100000,25.150000,25.150000,837600
2002-03-01,25.170000,25.750000,24.110001,24.900000,24.900000,352600
2002-03-04,24.879999,26.250000,24.870001,25.860001,25.860001,148900
2002-03-05,25.990000,26.389999,25.670000,26.360001,26.360001,256300
2002-03-06,26.170000,27.250000,26.020000,27.049999,27.049999,235200
2002-03-07,26.549999,27.540001,26.270000,27.510000,27.510000,143100
2002-03-08,27.020000,28.250000,26.500000,27.500000,27.500000,220900
2002-03-11,27.490000,27.820000,26.510000,27.459999,27.459999,60500
2002-03-12,26.299999,27.900000,24.799999,27.520000,27.520000,443100
2002-03-13,27.340000,28.420000,26.910000,28.000000,28.000000,237800
2002-03-14,29.540001,30.400000,29.200001,30.049999,30.049999,1056900
2002-03-15,29.950001,31.600000,29.940001,31.590000,31.590000,1633800
2002-03-18,31.790001,32.299999,29.700001,29.830000,29.830000,736200
2002-03-19,30.180000,31.879999,29.850000,30.250000,30.250000,516200
2002-03-20,30.540001,30.940001,29.600000,29.770000,29.770000,255200
2002-03-21,30.000000,31.850000,29.760000,31.490000,31.490000,514600
2002-03-22,31.530001,31.549999,30.510000,30.510000,30.510000,158400
2002-03-25,30.549999,31.000000,28.230000,28.879999,28.879999,123000
2002-03-26,28.959999,30.320000,28.680000,30.000000,30.000000,279900
2002-03-27,29.700001,30.260000,29.100000,29.900000,29.900000,244000
2002-03-28,30.070000,31.200001,29.650000,29.750000,29.750000,360800
2002-04-01,29.820000,30.750000,29.760000,30.400000,30.400000,385400
2002-04-02,30.549999,30.900000,29.850000,30.150000,30.150000,106600
2002-04-03,30.350000,30.600000,29.350000,30.000000,30.000000,283300
2002-04-04,30.230000,30.469999,28.650000,30.420000,30.420000,499600
2002-04-05,30.280001,32.650002,29.000000,30.209999,30.209999,648400
2002-04-08,30.020000,31.020000,29.209999,30.990000,30.990000,186700
2002-04-09,30.660000,32.119999,30.600000,32.000000,32.000000,301300
2002-04-10,32.150002,34.000000,32.090000,33.810001,33.810001,727000
2002-04-11,33.919998,34.250000,32.910000,34.150002,34.150002,512300
2002-04-12,34.599998,35.250000,33.500000,34.259998,34.259998,654300
2002-04-15,34.860001,34.990002,33.500000,34.130001,34.130001,367900
2002-04-16,34.529999,35.200001,34.419998,34.750000,34.750000,262700
2002-04-17,34.830002,35.590000,34.500000,35.250000,35.250000,265100
2002-04-18,36.400002,36.500000,33.250000,36.000000,36.000000,1164500
2002-04-19,35.849998,36.049999,35.070000,35.549999,35.549999,554700
2002-04-22,34.980000,35.000000,33.000000,33.740002,33.740002,452500
2002-04-23,33.889999,34.250000,32.650002,34.250000,34.250000,639700
2002-04-24,33.919998,34.310001,33.860001,33.900002,33.900002,185200
2002-04-25,33.869999,34.049999,33.110001,34.000000,34.000000,371400
2002-04-26,33.790001,34.049999,31.500000,31.840000,31.840000,195000
2002-04-29,31.990000,34.009998,31.950001,33.240002,33.240002,379200
2002-04-30,33.349998,36.049999,33.150002,35.650002,35.650002,731600
2002-05-01,35.590000,36.049999,34.930000,35.680000,35.680000,363700
2002-05-02,35.669998,35.889999,34.599998,35.209999,35.209999,242100
2002-05-03,35.240002,35.299999,33.500000,33.950001,33.950001,173000
2002-05-06,33.910000,34.340000,32.250000,32.250000,32.250000,191100
2002-05-07,32.650002,33.750000,32.410000,32.700001,32.700001,217900
2002-05-08,33.400002,34.939999,33.090000,34.759998,34.759998,329800
2002-05-09,34.709999,34.709999,33.610001,33.650002,33.650002,284500
2002-05-10,34.000000,34.279999,32.750000,33.270000,33.270000,151800
2002-05-13,33.070000,33.799999,32.380001,33.500000,33.500000,340700
2002-05-14,33.880001,34.200001,33.700001,33.990002,33.990002,291600
2002-05-15,34.169998,34.799999,33.000000,33.580002,33.580002,267400
2002-05-16,33.639999,33.650002,32.820000,33.000000,33.000000,313400
2002-05-17,33.080002,33.150002,31.450001,31.709999,31.709999,400900
2002-05-20,31.700001,31.990000,30.000000,31.400000,31.400000,361000
2002-05-21,31.570000,31.700001,28.549999,29.809999,29.809999,951700
2002-05-22,29.990000,30.000000,28.469999,29.250000,29.250000,428400
2002-05-23,29.200001,31.049999,29.100000,30.320000,30.320000,356900
2002-05-24,30.150000,30.700001,29.350000,29.750000,29.750000,97800
2002-05-28,29.840000,29.980000,29.049999,29.980000,29.980000,163500
2002-05-29,29.559999,30.799999,29.559999,30.430000,30.430000,377300
2002-05-30,30.420000,30.420000,28.400000,28.820000,28.820000,207300
2002-05-31,28.420000,29.680000,28.420000,29.020000,29.020000,183200
2002-06-03,29.010000,29.020000,26.500000,27.299999,27.299999,384800
2002-06-04,27.120001,27.639999,25.500000,26.200001,26.200001,236000
2002-06-05,26.350000,26.500000,26.150000,26.200001,26.200001,108100
2002-06-06,26.200001,29.090000,26.120001,28.730000,28.730000,324400
2002-06-07,28.120001,30.350000,27.450001,28.500000,28.500000,284100
2002-06-10,28.400000,29.299999,28.309999,28.430000,28.430000,212000
2002-06-11,28.629999,29.160000,28.430000,28.760000,28.760000,206700
2002-06-12,28.440001,28.540001,26.799999,27.620001,27.620001,157400
2002-06-13,27.600000,28.950001,26.750000,27.540001,27.540001,109300
2002-06-14,27.200001,28.740000,26.790001,28.540001,28.540001,143800
2002-06-17,28.459999,29.910000,28.459999,29.469999,29.469999,368800
2002-06-18,29.549999,29.950001,29.000000,29.030001,29.030001,91400
2002-06-19,28.610001,28.900000,27.389999,27.400000,27.400000,74900
2002-06-20,27.000000,27.500000,21.760000,22.000000,22.000000,2885900
2002-06-21,23.200001,23.400000,21.990000,22.860001,22.860001,1377100
2002-06-24,22.750000,22.840000,20.260000,21.480000,21.480000,518300
2002-06-25,21.610001,22.639999,21.500000,22.200001,22.200001,456800
2002-06-26,21.580000,22.690001,19.990000,22.500000,22.500000,331900
2002-06-27,22.700001,23.350000,22.410000,23.020000,23.020000,209100
2002-06-28,22.889999,26.910000,22.889999,26.230000,26.230000,853300
2002-07-01,26.010000,26.980000,25.139999,25.200001,25.200001,531100
2002-07-02,24.690001,26.030001,24.100000,24.480000,24.480000,481000
2002-07-03,24.430000,25.700001,24.000000,25.410000,25.410000,326700
2002-07-05,25.410000,26.299999,25.410000,25.959999,25.959999,133800
2002-07-08,25.370001,26.000000,24.350000,24.870001,24.870001,178400
2002-07-09,24.580000,25.980000,24.250000,24.920000,24.920000,246100
2002-07-10,24.969999,25.170000,24.110001,24.600000,24.600000,223100
2002-07-11,23.950001,24.400000,23.000000,24.120001,24.120001,605800
2002-07-12,24.410000,24.680000,23.340000,23.770000,23.770000,97900
2002-07-15,23.600000,23.600000,20.850000,21.459999,21.459999,604000
2002-07-16,21.430000,23.250000,20.680000,21.750000,21.750000,340700
2002-07-17,22.100000,23.180000,21.360001,22.049999,22.049999,165400
2002-07-18,21.790001,22.000000,14.240000,14.820000,14.820000,5542800
2002-07-19,14.710000,15.550000,14.340000,15.250000,15.250000,975700
2002-07-22,15.250000,15.690000,14.360000,15.640000,15.640000,476600
2002-07-23,15.740000,16.000000,15.150000,15.410000,15.410000,415000
2002-07-24,15.310000,15.440000,14.500000,15.440000,15.440000,530200
2002-07-25,15.400000,15.600000,14.750000,14.830000,14.830000,383800
2002-07-26,15.000000,15.300000,14.800000,14.850000,14.850000,238600
2002-07-29,14.960000,16.360001,14.810000,16.330000,16.330000,520300
2002-07-30,16.420000,16.850000,15.810000,16.549999,16.549999,261700
2002-07-31,16.400000,16.490000,15.560000,15.790000,15.790000,215700
2002-08-01,15.930000,15.930000,15.200000,15.460000,15.460000,209500
2002-08-02,15.450000,15.450000,14.160000,14.430000,14.430000,239800
2002-08-05,14.370000,15.210000,13.650000,15.200000,15.200000,348300
2002-08-06,15.250000,15.950000,14.910000,15.580000,15.580000,223900
2002-08-07,15.700000,16.400000,15.460000,16.400000,16.400000,280700
2002-08-08,16.389999,16.500000,15.720000,16.410000,16.410000,121000
2002-08-09,16.440001,16.440001,15.850000,16.100000,16.100000,150000
2002-08-12,16.059999,16.180000,15.950000,16.100000,16.100000,103900
2002-08-13,16.000000,16.219999,15.410000,15.410000,15.410000,92700
2002-08-14,15.700000,15.990000,15.310000,15.990000,15.990000,116400
2002-08-15,15.990000,16.139999,15.150000,15.230000,15.230000,251600
2002-08-16,15.110000,15.110000,14.310000,14.530000,14.530000,348500
2002-08-19,14.300000,15.020000,14.220000,14.700000,14.700000,372700
2002-08-20,14.960000,15.410000,14.780000,14.900000,14.900000,201500
2002-08-21,15.150000,15.730000,15.010000,15.690000,15.690000,279600
2002-08-22,15.650000,16.950001,15.600000,16.100000,16.100000,349400
2002-08-23,16.110001,16.200001,15.400000,15.410000,15.410000,173600
2002-08-26,15.530000,15.620000,15.210000,15.230000,15.230000,195400
2002-08-27,15.600000,15.630000,13.880000,14.190000,14.190000,287500
2002-08-28,13.960000,14.370000,13.110000,13.120000,13.120000,427800
2002-08-29,13.220000,13.570000,12.530000,12.710000,12.710000,533000
2002-08-30,12.750000,13.680000,12.710000,13.510000,13.510000,467200
2002-09-03,13.470000,13.480000,12.800000,12.950000,12.950000,132000
2002-09-04,13.210000,13.250000,12.770000,13.230000,13.230000,169600
2002-09-05,12.590000,13.300000,12.590000,12.990000,12.990000,292800
2002-09-06,13.330000,14.480000,13.280000,14.070000,14.070000,360300
2002-09-09,14.000000,14.100000,13.460000,13.460000,13.460000,239900
2002-09-10,13.460000,14.050000,13.450000,13.630000,13.630000,247200
2002-09-11,13.760000,14.120000,13.550000,14.010000,14.010000,221500
2002-09-12,13.970000,14.920000,13.960000,14.800000,14.800000,544900
2002-09-13,14.900000,17.020000,14.900000,16.780001,16.780001,756600
2002-09-16,16.900000,17.860001,16.889999,17.070000,17.070000,491000
2002-09-17,17.400000,18.290001,16.830000,18.290001,18.290001,852700
2002-09-18,18.290001,18.850000,17.780001,18.209999,18.209999,726100
2002-09-19,18.330000,18.549999,18.200001,18.350000,18.350000,340800
2002-09-20,18.379999,18.590000,18.100000,18.309999,18.309999,349700
2002-09-23,18.280001,18.360001,17.500000,18.209999,18.209999,225300
2002-09-24,18.059999,18.620001,17.750000,18.309999,18.309999,371300
2002-09-25,18.299999,19.299999,18.260000,18.879999,18.879999,268200
2002-09-26,18.850000,19.559999,18.850000,19.510000,19.510000,274900
2002-09-27,19.480000,19.639999,18.889999,19.480000,19.480000,394400
2002-09-30,19.260000,19.320000,18.340000,18.389999,18.389999,394600
2002-10-01,18.600000,19.049999,18.410000,18.700001,18.700001,512800
2002-10-02,18.750000,19.030001,18.100000,18.400000,18.400000,274400
2002-10-03,18.309999,18.600000,17.100000,17.270000,17.270000,207700
2002-10-04,17.309999,17.459999,16.180000,17.200001,17.200001,309000
2002-10-07,17.000000,17.250000,16.520000,17.049999,17.049999,163200
2002-10-08,17.100000,17.670000,16.709999,17.110001,17.110001,223100
2002-10-09,16.910000,17.000000,16.490000,16.500000,16.500000,138800
2002-10-10,16.410000,16.680000,16.120001,16.280001,16.280001,452100
2002-10-11,16.379999,17.230000,16.360001,16.850000,16.850000,165700
2002-10-14,17.000000,18.000000,16.830000,18.000000,18.000000,93300
2002-10-15,18.299999,18.799999,18.260000,18.610001,18.610001,296800
2002-10-16,18.450001,18.570000,18.070000,18.240000,18.240000,214700
2002-10-17,19.080000,21.780001,19.080000,21.070000,21.070000,808300
2002-10-18,20.799999,21.910000,20.600000,21.170000,21.170000,285000
2002-10-21,21.150000,21.180000,20.200001,21.070000,21.070000,407000
2002-10-22,20.950001,21.240000,20.379999,20.660000,20.660000,168000
2002-10-23,20.510000,21.480000,20.370001,21.480000,21.480000,118800
2002-10-24,21.469999,21.870001,21.139999,21.709999,21.709999,418900
2002-10-25,21.799999,21.850000,21.370001,21.450001,21.450001,172800
2002-10-28,21.660000,22.400000,21.650000,21.730000,21.730000,362100
2002-10-29,22.000000,22.250000,20.629999,21.670000,21.670000,233300
2002-10-30,21.750000,22.350000,21.400000,21.840000,21.840000,284400
2002-10-31,21.940001,22.000000,21.030001,21.889999,21.889999,212100
2002-11-01,21.980000,22.750000,21.469999,22.750000,22.750000,237500
2002-11-04,22.809999,23.790001,22.809999,23.360001,23.360001,279800
2002-11-05,23.389999,23.400000,22.860001,23.400000,23.400000,328200
2002-11-06,23.400000,23.410000,22.480000,23.100000,23.100000,166600
2002-11-07,22.969999,23.510000,22.570000,22.950001,22.950001,153100
2002-11-08,22.920000,23.450001,22.490000,22.500000,22.500000,106300
2002-11-11,22.490000,22.700001,21.139999,21.330000,21.330000,112400
2002-11-12,21.309999,22.219999,21.170000,21.959999,21.959999,241900
2002-11-13,21.950001,22.780001,21.559999,22.049999,22.049999,136400
2002-11-14,22.200001,22.910000,21.969999,22.730000,22.730000,126300
2002-11-15,22.660000,22.790001,22.330000,22.540001,22.540001,77500
2002-11-18,22.639999,23.500000,22.610001,23.049999,23.049999,234500
2002-11-19,23.389999,23.389999,22.850000,23.100000,23.100000,213300
2002-11-20,23.010000,23.450001,23.010000,23.350000,23.350000,119700
2002-11-21,23.410000,24.870001,23.350000,24.520000,24.520000,417700
2002-11-22,24.500000,24.600000,24.150000,24.389999,24.389999,260400
2002-11-25,24.500000,25.900000,24.389999,25.459999,25.459999,112600
2002-11-26,25.559999,25.840000,24.500000,24.650000,24.650000,159600
2002-11-27,25.049999,25.790001,25.040001,25.709999,25.709999,134700
2002-11-29,25.790001,25.889999,25.170000,25.299999,25.299999,34300
2002-12-02,25.469999,25.879999,24.700001,25.100000,25.100000,173100
2002-12-03,25.129999,25.520000,24.820000,25.160000,25.160000,85800
2002-12-04,25.200001,25.309999,24.639999,24.780001,24.780001,187200
2002-12-05,24.860001,25.000000,23.730000,24.129999,24.129999,135700
2002-12-06,23.959999,24.150000,22.799999,22.920000,22.920000,141800
2002-12-09,22.900000,23.120001,21.740000,22.000000,22.000000,218800
2002-12-10,22.180000,23.120001,22.049999,23.020000,23.020000,130200
2002-12-11,22.799999,23.420000,22.730000,23.200001,23.200001,127400
2002-12-12,23.530001,24.100000,23.330000,23.959999,23.959999,313100
2002-12-13,23.750000,24.379999,23.750000,24.000000,24.000000,196000
2002-12-16,24.000000,24.230000,23.670000,23.959999,23.959999,358500
2002-12-17,23.750000,24.090000,23.450001,23.480000,23.480000,300900
2002-12-18,23.450001,23.450001,21.920000,22.120001,22.120001,284400
2002-12-19,22.120001,22.240000,20.000000,20.910000,20.910000,482900
2002-12-20,20.910000,21.850000,20.670000,21.799999,21.799999,433600
2002-12-23,20.750000,20.799999,18.410000,19.080000,19.080000,1565600
2002-12-24,19.150000,19.610001,18.820000,18.959999,18.959999,269000
2002-12-26,19.020000,19.730000,19.000000,19.379999,19.379999,85800
2002-12-27,19.510000,19.510000,18.940001,19.100000,19.100000,62600
2002-12-30,19.120001,19.250000,18.850000,19.120001,19.120001,125000
2002-12-31,19.299999,19.469999,18.860001,19.170000,19.170000,137700
2003-01-02,19.450001,20.480000,19.420000,20.469999,20.469999,149600
2003-01-03,20.500000,20.629999,20.010000,20.340000,20.340000,116000
2003-01-06,20.389999,20.740000,20.340000,20.490000,20.490000,128400
2003-01-07,20.410000,20.650000,19.900000,19.900000,19.900000,138600
2003-01-08,19.850000,19.900000,19.459999,19.530001,19.530001,86900
2003-01-09,19.570000,20.030001,19.520000,20.020000,20.020000,142600
2003-01-10,19.910000,20.680000,19.860001,20.410000,20.410000,126300
2003-01-13,20.420000,20.680000,20.330000,20.510000,20.510000,83000
2003-01-14,20.549999,20.549999,20.059999,20.480000,20.480000,133200
2003-01-15,20.500000,20.500000,19.900000,20.350000,20.350000,86500
2003-01-16,20.299999,20.650000,19.790001,20.219999,20.219999,170700
2003-01-17,19.969999,20.120001,19.700001,19.760000,19.760000,90400
2003-01-21,19.760000,19.780001,18.020000,18.490000,18.490000,290500
2003-01-22,18.490000,18.510000,17.010000,17.120001,17.120001,233300
2003-01-23,17.219999,17.750000,16.969999,17.600000,17.600000,239800
2003-01-24,17.660000,17.660000,16.889999,16.980000,16.980000,247800
2003-01-27,16.559999,16.770000,15.260000,15.700000,15.700000,317500
2003-01-28,15.900000,16.000000,15.630000,15.960000,15.960000,441300
2003-01-29,15.980000,16.299999,15.900000,16.139999,16.139999,365400
2003-01-30,16.160000,16.530001,15.920000,15.920000,15.920000,307000
2003-01-31,15.910000,16.280001,15.550000,15.950000,15.950000,453000
2003-02-03,16.000000,16.370001,15.900000,16.000000,16.000000,338700
2003-02-04,15.940000,16.410000,15.940000,16.280001,16.280001,296000
2003-02-05,16.420000,16.580000,16.049999,16.110001,16.110001,287700
2003-02-06,16.580000,18.260000,16.580000,17.570000,17.570000,774800
2003-02-07,17.590000,17.850000,16.709999,16.719999,16.719999,392700
2003-02-10,16.670000,16.889999,16.230000,16.580000,16.580000,272600
2003-02-11,16.700001,17.000000,16.520000,16.709999,16.709999,134700
2003-02-12,16.900000,16.900000,16.350000,16.450001,16.450001,111700
2003-02-13,16.400000,16.559999,16.400000,16.410000,16.410000,131800
2003-02-14,16.400000,16.770000,16.340000,16.750000,16.750000,97200
2003-02-18,16.650000,17.260000,16.650000,17.139999,17.139999,167200
2003-02-19,17.070000,17.150000,16.660000,16.799999,16.799999,127400
2003-02-20,16.799999,17.070000,16.740000,17.000000,17.000000,123300
2003-02-21,17.059999,17.190001,16.930000,17.180000,17.180000,140600
2003-02-24,17.200001,17.200001,15.590000,15.590000,15.590000,301200
2003-02-25,15.420000,15.520000,14.820000,15.440000,15.440000,226900
2003-02-26,15.260000,15.620000,15.160000,15.350000,15.350000,163700
2003-02-27,15.460000,15.600000,15.140000,15.170000,15.170000,174700
2003-02-28,15.150000,15.330000,14.970000,14.990000,14.990000,198800
2003-03-03,15.000000,15.100000,14.100000,14.290000,14.290000,421800
2003-03-04,14.350000,14.400000,13.850000,13.890000,13.890000,332000
2003-03-05,13.850000,14.190000,13.730000,14.100000,14.100000,231700
2003-03-06,14.000000,14.040000,13.160000,13.430000,13.430000,316000
2003-03-07,13.230000,14.840000,13.000000,14.570000,14.570000,1015700
2003-03-10,14.600000,14.600000,14.010000,14.170000,14.170000,316800
2003-03-11,14.260000,14.450000,14.050000,14.090000,14.090000,177200
2003-03-12,13.900000,14.120000,13.630000,13.650000,13.650000,261900
2003-03-13,13.810000,14.300000,13.750000,14.210000,14.210000,341600
2003-03-14,14.250000,14.990000,14.250000,14.950000,14.950000,187000
2003-03-17,14.820000,15.950000,14.510000,15.910000,15.910000,467300
2003-03-18,15.950000,16.040001,15.550000,15.850000,15.850000,238200
2003-03-19,15.780000,16.150000,15.780000,16.129999,16.129999,146600
2003-03-20,15.970000,16.700001,15.700000,16.620001,16.620001,376700
2003-03-21,16.400000,16.740000,16.250000,16.469999,16.469999,173800
2003-03-24,16.370001,16.370001,16.000000,16.330000,16.330000,226000
2003-03-25,16.200001,16.469999,15.510000,16.400000,16.400000,111100
2003-03-26,16.459999,16.459999,16.200001,16.250000,16.250000,157200
2003-03-27,16.250000,16.450001,16.200001,16.400000,16.400000,152200
2003-03-28,16.379999,16.530001,16.350000,16.360001,16.360001,150100
2003-03-31,16.320000,16.730000,16.290001,16.709999,16.709999,261700
2003-04-01,16.580000,16.730000,16.250000,16.510000,16.510000,139400
2003-04-02,16.520000,17.700001,16.299999,17.299999,17.299999,306800
2003-04-03,17.570000,17.750000,17.170000,17.520000,17.520000,219400
2003-04-04,17.500000,17.660000,17.059999,17.240000,17.240000,235900
2003-04-07,17.620001,18.100000,17.400000,17.740000,17.740000,201900
2003-04-08,17.690001,17.850000,17.469999,17.690001,17.690001,89900
2003-04-09,17.700001,17.700001,17.420000,17.459999,17.459999,128300
2003-04-10,17.600000,18.370001,17.549999,18.330000,18.330000,250600
2003-04-11,18.299999,18.350000,17.750000,17.900000,17.900000,112400
2003-04-14,17.750000,18.150000,17.530001,17.680000,17.680000,239800
2003-04-15,17.740000,18.200001,17.590000,17.690001,17.690001,444500
2003-04-16,17.860001,17.920000,17.200001,17.430000,17.430000,248000
2003-04-17,17.700001,17.950001,16.540001,16.900000,16.900000,374700
2003-04-21,18.250000,19.750000,17.750000,19.080000,19.080000,517000
2003-04-22,19.150000,19.350000,18.719999,19.190001,19.190001,275600
2003-04-23,18.910000,19.420000,18.879999,19.420000,19.420000,159000
2003-04-24,19.450001,19.559999,19.150000,19.490000,19.490000,80600
2003-04-25,19.350000,19.709999,19.320000,19.500000,19.500000,138200
2003-04-28,19.500000,19.740000,19.400000,19.540001,19.540001,106300
2003-04-29,19.690001,19.740000,19.400000,19.500000,19.500000,95200
2003-04-30,19.370001,20.350000,19.219999,20.020000,20.020000,220900
2003-05-01,20.080000,20.350000,19.950001,20.080000,20.080000,116300
2003-05-02,20.000000,20.400000,19.950001,20.219999,20.219999,98200
2003-05-05,20.250000,21.280001,20.250000,21.049999,21.049999,171400
2003-05-06,21.250000,21.250000,20.600000,20.879999,20.879999,164300
2003-05-07,21.000000,21.100000,20.700001,20.719999,20.719999,131400
2003-05-08,20.650000,20.660000,19.830000,19.830000,19.830000,149000
2003-05-09,19.990000,20.620001,19.900000,20.620001,20.620001,96300
2003-05-12,20.469999,21.100000,20.299999,21.080000,21.080000,82700
2003-05-13,20.770000,21.160000,20.750000,20.780001,20.780001,55900
2003-05-14,20.770000,21.049999,20.400000,20.850000,20.850000,90200
2003-05-15,20.860001,21.709999,20.860001,21.610001,21.610001,142900
2003-05-16,21.360001,21.820000,21.350000,21.410000,21.410000,138600
2003-05-19,21.400000,21.490000,19.990000,20.010000,20.010000,159200
2003-05-20,20.049999,20.410000,19.900000,20.299999,20.299999,84500
2003-05-21,20.309999,20.400000,19.750000,20.200001,20.200001,113600
2003-05-22,20.070000,20.680000,20.059999,20.469999,20.469999,59900
2003-05-23,20.410000,20.799999,20.120001,20.520000,20.520000,54300
2003-05-27,20.590000,21.299999,20.370001,21.170000,21.170000,62200
2003-05-28,21.010000,21.520000,20.959999,21.299999,21.299999,63400
2003-05-29,21.430000,22.000000,21.219999,21.770000,21.770000,132800
2003-05-30,22.040001,22.250000,21.520000,21.730000,21.730000,126800
2003-06-02,21.730000,21.950001,21.219999,21.250000,21.250000,155600
2003-06-03,21.200001,21.639999,20.590000,21.559999,21.559999,67100
2003-06-04,21.440001,21.700001,21.299999,21.400000,21.400000,308200
2003-06-05,21.360001,22.100000,21.360001,21.820000,21.820000,216700
2003-06-06,21.990000,22.000000,21.389999,21.389999,21.389999,79200
2003-06-09,21.299999,21.389999,20.420000,20.420000,20.420000,77700
2003-06-10,20.480000,20.719999,20.100000,20.350000,20.350000,116300
2003-06-11,20.480000,20.480000,19.850000,20.250000,20.250000,82100
2003-06-12,20.350000,20.350000,19.850000,20.049999,20.049999,72000
2003-06-13,20.040001,20.250000,19.600000,20.080000,20.080000,139100
2003-06-16,20.180000,20.290001,19.910000,20.150000,20.150000,121200
2003-06-17,20.150000,20.150000,19.900000,20.000000,20.000000,225200
2003-06-18,20.010000,20.250000,19.959999,20.090000,20.090000,243200
2003-06-19,20.049999,20.990000,20.049999,20.900000,20.900000,204400
2003-06-20,20.990000,21.200001,20.620001,20.969999,20.969999,188500
2003-06-23,21.080000,21.080000,20.680000,20.900000,20.900000,123700
2003-06-24,20.730000,20.980000,20.549999,20.750000,20.750000,98700
2003-06-25,20.650000,21.850000,20.650000,21.490000,21.490000,167900
2003-06-26,21.520000,21.629999,21.200001,21.219999,21.219999,203200
2003-06-27,21.200001,21.580000,21.100000,21.200001,21.200001,103100
2003-06-30,21.500000,21.700001,20.850000,21.500000,21.500000,158100
2003-07-01,21.570000,21.570000,20.959999,21.500000,21.500000,127500
2003-07-02,21.530001,21.580000,21.150000,21.240000,21.240000,119100
2003-07-03,21.180000,21.370001,21.049999,21.049999,21.049999,28400
2003-07-07,21.010000,21.530001,21.010000,21.530001,21.530001,207000
2003-07-08,21.430000,21.629999,21.290001,21.530001,21.530001,362400
2003-07-09,21.540001,23.000000,21.370001,22.950001,22.950001,389700
2003-07-10,23.000000,23.000000,22.209999,22.850000,22.850000,100700
2003-07-11,22.750000,23.430000,22.750000,23.430000,23.430000,126900
2003-07-14,23.549999,24.000000,23.530001,24.000000,24.000000,129800
2003-07-15,24.010000,24.160000,23.170000,23.590000,23.590000,74900
2003-07-16,23.510000,23.760000,22.770000,22.770000,22.770000,96400
2003-07-17,20.700001,21.750000,19.450001,19.809999,19.809999,1719500
2003-07-18,20.020000,20.200001,19.750000,20.049999,20.049999,728800
2003-07-21,19.969999,20.180000,19.290001,20.000000,20.000000,315300
2003-07-22,20.000000,20.400000,19.889999,20.400000,20.400000,243800
2003-07-23,20.420000,20.860001,20.110001,20.670000,20.670000,128400
2003-07-24,20.860001,21.100000,20.650000,20.680000,20.680000,261000
2003-07-25,20.680000,20.850000,20.340000,20.760000,20.760000,304900
2003-07-28,20.910000,21.000000,20.530001,20.910000,20.910000,99600
2003-07-29,20.950001,21.000000,20.430000,20.780001,20.780001,215200
2003-07-30,20.719999,20.959999,20.059999,20.950001,20.950001,178800
2003-07-31,21.000000,21.219999,20.879999,21.129999,21.129999,181400
2003-08-01,21.200001,21.200001,20.170000,20.309999,20.309999,407900
2003-08-04,20.200001,20.590000,20.100000,20.580000,20.580000,199400
2003-08-05,20.379999,20.480000,20.100000,20.100000,20.100000,203600
2003-08-06,20.100000,20.200001,19.650000,19.690001,19.690001,154100
2003-08-07,19.850000,19.900000,18.150000,18.969999,18.969999,614700
2003-08-08,19.000000,19.000000,18.070000,18.500000,18.500000,516700
2003-08-11,18.580000,19.150000,18.510000,18.900000,18.900000,190400
2003-08-12,19.090000,19.440001,19.000000,19.440001,19.440001,223500
2003-08-13,19.450001,19.600000,18.629999,18.629999,18.629999,280500
2003-08-14,18.700001,19.230000,18.320000,18.340000,18.340000,427000
2003-08-15,18.590000,20.110001,18.549999,20.000000,20.000000,637200
2003-08-18,20.200001,20.250000,19.450001,19.799999,19.799999,604600
2003-08-19,20.219999,21.850000,20.010000,21.670000,21.670000,754800
2003-08-20,21.530001,21.530001,21.150000,21.150000,21.150000,237600
2003-08-21,21.139999,21.629999,21.129999,21.420000,21.420000,115100
2003-08-22,21.590000,21.700001,20.690001,20.690001,20.690001,213200
2003-08-25,20.790001,21.000000,20.500000,20.510000,20.510000,88900
2003-08-26,20.700001,20.700001,20.000000,20.700001,20.700001,182200
2003-08-27,20.700001,20.700001,20.410000,20.500000,20.500000,102400
2003-08-28,20.600000,21.000000,20.160000,21.000000,21.000000,135200
2003-08-29,20.980000,21.190001,20.290001,20.580000,20.580000,113900
2003-09-02,20.790001,21.469999,20.600000,21.430000,21.430000,130400
2003-09-03,21.480000,21.750000,21.350000,21.510000,21.510000,170900
2003-09-04,21.250000,21.430000,20.809999,21.270000,21.270000,115100
2003-09-05,21.209999,21.760000,21.110001,21.410000,21.410000,106400
2003-09-08,21.350000,22.150000,21.350000,21.900000,21.900000,148800
2003-09-09,21.920000,22.100000,21.000000,21.209999,21.209999,142600
2003-09-10,21.000000,21.299999,20.350000,20.350000,20.350000,149100
2003-09-11,20.250000,20.900000,20.250000,20.570000,20.570000,127500
2003-09-12,20.510000,20.510000,20.209999,20.430000,20.430000,221900
2003-09-15,20.450001,20.719999,20.330000,20.410000,20.410000,85100
2003-09-16,20.299999,21.170000,20.299999,21.049999,21.049999,344200
2003-09-17,20.910000,21.150000,20.740000,20.790001,20.790001,233200
2003-09-18,20.700001,20.709999,20.250000,20.450001,20.450001,402400
2003-09-19,20.240000,20.580000,20.200001,20.540001,20.540001,175400
2003-09-22,20.350000,21.250000,20.270000,20.980000,20.980000,444100
2003-09-23,20.900000,21.200001,20.650000,21.129999,21.129999,135900
2003-09-24,20.980000,21.290001,20.850000,20.850000,20.850000,227900
2003-09-25,20.860001,21.000000,20.100000,20.410000,20.410000,272300
2003-09-26,20.360001,20.480000,19.959999,20.100000,20.100000,285100
2003-09-29,20.049999,20.809999,19.690001,20.629999,20.629999,201100
2003-09-30,20.350000,20.510000,20.049999,20.059999,20.059999,238400
2003-10-01,20.100000,20.850000,20.100000,20.850000,20.850000,148200
2003-10-02,20.780001,21.299999,20.610001,21.150000,21.150000,208200
2003-10-03,21.250000,21.629999,20.900000,21.350000,21.350000,102700
2003-10-06,21.379999,21.540001,21.129999,21.430000,21.430000,201800
2003-10-07,21.450001,21.530001,21.260000,21.490000,21.490000,81800
2003-10-08,21.580000,21.620001,20.930000,21.000000,21.000000,146700
2003-10-09,21.000000,21.780001,20.889999,21.150000,21.150000,253700
2003-10-10,21.139999,21.309999,20.889999,21.100000,21.100000,147900
2003-10-13,21.000000,21.590000,21.000000,21.250000,21.250000,174300
2003-10-14,21.000000,21.320000,20.950001,21.059999,21.059999,165500
2003-10-15,21.000000,21.309999,20.799999,21.219999,21.219999,48700
2003-10-16,21.000000,21.440001,20.799999,21.250000,21.250000,261400
2003-10-17,20.150000,21.879999,20.049999,21.070000,21.070000,718100
2003-10-20,21.000000,21.120001,20.799999,21.000000,21.000000,157900
2003-10-21,21.150000,21.469999,20.860001,21.360001,21.360001,367400
2003-10-22,21.440001,21.440001,21.110001,21.190001,21.190001,173600
2003-10-23,21.049999,21.180000,20.850000,20.980000,20.980000,323600
2003-10-24,21.030001,21.030001,20.700001,21.010000,21.010000,181500
2003-10-27,20.850000,21.290001,20.709999,21.010000,21.010000,175000
2003-10-28,20.950001,21.040001,20.490000,21.000000,21.000000,211600
2003-10-29,20.990000,21.350000,20.900000,21.219999,21.219999,225100
2003-10-30,21.299999,21.389999,20.930000,21.049999,21.049999,115700
2003-10-31,21.139999,21.299999,20.490000,20.490000,20.490000,143500
2003-11-03,20.450001,21.000000,20.450001,20.730000,20.730000,197400
2003-11-04,20.690001,20.799999,20.200001,20.299999,20.299999,180800
2003-11-05,20.250000,20.490000,19.740000,20.290001,20.290001,181300
2003-11-06,20.379999,20.410000,20.000000,20.320000,20.320000,91200
2003-11-07,20.350000,20.900000,20.350000,20.490000,20.490000,104200
2003-11-10,20.450001,20.670000,20.010000,20.030001,20.030001,85700
2003-11-11,20.000000,20.180000,19.260000,19.270000,19.270000,264400
2003-11-12,19.270000,19.600000,19.040001,19.299999,19.299999,440700
2003-11-13,19.389999,19.600000,19.100000,19.280001,19.280001,205200
2003-11-14,19.280001,19.530001,19.120001,19.330000,19.330000,120400
2003-11-17,19.320000,19.600000,18.709999,19.600000,19.600000,340500
2003-11-18,19.600000,19.940001,19.440001,19.650000,19.650000,228500
2003-11-19,19.510000,19.780001,19.330000,19.639999,19.639999,153400
2003-11-20,19.719999,19.719999,19.000000,19.340000,19.340000,138800
2003-11-21,19.400000,19.549999,19.240000,19.280001,19.280001,159200
2003-11-24,19.379999,20.400000,19.270000,19.980000,19.980000,196500
2003-11-25,20.059999,20.059999,19.629999,20.010000,20.010000,138200
2003-11-26,20.090000,20.090000,19.330000,19.410000,19.410000,215500
2003-11-28,19.400000,19.750000,19.190001,19.190001,19.190001,58200
2003-12-01,19.389999,19.969999,19.209999,19.959999,19.959999,200000
2003-12-02,19.990000,19.990000,19.330000,19.420000,19.420000,92500
2003-12-03,19.490000,19.680000,19.110001,19.110001,19.110001,117800
2003-12-04,19.100000,19.370001,18.290001,18.660000,18.660000,179300
2003-12-05,18.320000,18.940001,18.320000,18.540001,18.540001,134900
2003-12-08,18.480000,18.820000,17.719999,18.160000,18.160000,244200
2003-12-09,18.299999,18.780001,18.250000,18.270000,18.270000,197300
2003-12-10,18.200001,18.820000,18.160000,18.299999,18.299999,211100
2003-12-11,18.270000,18.990000,18.250000,18.549999,18.549999,110400
2003-12-12,18.670000,18.959999,18.400000,18.620001,18.620001,140900
2003-12-15,18.719999,19.080000,18.490000,18.590000,18.590000,92600
2003-12-16,18.520000,18.860001,18.160000,18.700001,18.700001,123500
2003-12-17,18.450001,18.500000,17.990000,18.299999,18.299999,228900
2003-12-18,18.260000,18.590000,18.200001,18.340000,18.340000,215400
2003-12-19,18.639999,18.740000,18.000000,18.090000,18.090000,331800
2003-12-22,18.150000,18.400000,18.120001,18.320000,18.320000,86500
2003-12-23,18.150000,18.700001,18.110001,18.500000,18.500000,186200
2003-12-24,18.700001,18.750000,18.250000,18.280001,18.280001,30300
2003-12-26,18.250000,18.639999,18.190001,18.350000,18.350000,59200
2003-12-29,18.340000,18.700001,18.150000,18.430000,18.430000,191800
2003-12-30,18.350000,18.740000,18.340000,18.559999,18.559999,134300
2003-12-31,18.690001,18.690001,18.360001,18.360001,18.360001,195100
2004-01-02,18.360001,18.549999,17.750000,17.969999,17.969999,121600
2004-01-05,17.959999,18.129999,17.750000,18.000000,18.000000,250800
2004-01-06,17.879999,18.299999,17.850000,18.120001,18.120001,275600
2004-01-07,18.030001,18.129999,17.780001,18.000000,18.000000,198700
2004-01-08,18.049999,18.250000,17.850000,18.129999,18.129999,243600
2004-01-09,18.240000,18.580000,17.860001,17.860001,17.860001,155000
2004-01-12,17.850000,18.400000,17.799999,18.389999,18.389999,137700
2004-01-13,18.420000,18.420000,17.910000,18.160000,18.160000,83600
2004-01-14,18.280001,18.400000,17.950001,18.340000,18.340000,126500
2004-01-15,18.360001,18.600000,18.250000,18.600000,18.600000,140000
2004-01-16,18.610001,18.650000,18.000000,18.270000,18.270000,178300
2004-01-20,17.200001,18.590000,17.000000,18.129999,18.129999,830500
2004-01-21,17.950001,18.190001,17.900000,18.139999,18.139999,261400
2004-01-22,17.900000,18.219999,17.879999,17.900000,17.900000,232500
2004-01-23,17.860001,18.040001,17.799999,17.879999,17.879999,386800
2004-01-26,17.870001,19.180000,17.840000,19.090000,19.090000,711200
2004-01-27,19.900000,23.150000,19.600000,22.059999,22.059999,1885600
2004-01-28,21.910000,22.969999,21.870001,22.059999,22.059999,689000
2004-01-29,21.969999,21.980000,20.180000,20.879999,20.879999,373000
2004-01-30,21.000000,21.379999,20.600000,20.740000,20.740000,130600
2004-02-02,20.670000,20.799999,20.459999,20.600000,20.600000,179900
2004-02-03,20.469999,20.799999,20.070000,20.240000,20.240000,179600
2004-02-04,20.139999,20.190001,19.830000,19.950001,19.950001,258000
2004-02-05,20.139999,20.340000,19.950001,20.270000,20.270000,202800
2004-02-06,18.760000,22.000000,18.750000,20.750000,20.750000,846500
2004-02-09,20.500000,20.549999,19.820000,20.260000,20.260000,466800
2004-02-10,20.450001,20.450001,19.700001,20.400000,20.400000,295800
2004-02-11,20.440001,20.440001,19.700001,20.000000,20.000000,153000
2004-02-12,19.910000,20.309999,19.879999,20.299999,20.299999,175200
2004-02-13,20.200001,20.370001,19.719999,19.940001,19.940001,185900
2004-02-17,19.889999,20.080000,19.410000,19.590000,19.590000,290700
2004-02-18,19.799999,20.150000,19.490000,19.790001,19.790001,242300
2004-02-19,19.850000,20.100000,19.629999,19.750000,19.750000,211800
2004-02-20,19.700001,19.750000,19.070000,19.500000,19.500000,134800
2004-02-23,19.670000,19.700001,18.750000,18.850000,18.850000,147100
2004-02-24,18.799999,19.490000,18.799999,19.370001,19.370001,238200
2004-02-25,19.420000,19.420000,19.000000,19.370001,19.370001,140900
2004-02-26,19.350000,19.350000,18.500000,19.090000,19.090000,205400
2004-02-27,18.910000,19.299999,18.400000,19.120001,19.120001,159400
2004-03-01,19.100000,19.660000,19.000000,19.459999,19.459999,200800
2004-03-02,19.469999,19.600000,19.070000,19.100000,19.100000,174200
2004-03-03,19.100000,19.190001,18.799999,18.969999,18.969999,153400
2004-03-04,18.840000,19.379999,18.840000,19.170000,19.170000,156000
2004-03-05,19.120001,19.750000,18.990000,19.379999,19.379999,107600
2004-03-08,19.020000,19.590000,19.020000,19.200001,19.200001,149100
2004-03-09,19.309999,19.400000,19.100000,19.299999,19.299999,161600
2004-03-10,19.170000,19.469999,19.100000,19.299999,19.299999,321400
2004-03-11,19.180000,19.910000,19.049999,19.700001,19.700001,323100
2004-03-12,19.660000,19.969999,19.500000,19.959999,19.959999,340400
2004-03-15,19.690001,19.969999,19.559999,19.650000,19.650000,179400
2004-03-16,19.740000,20.000000,19.299999,19.770000,19.770000,232200
2004-03-17,19.750000,20.000000,19.540001,19.850000,19.850000,198800
2004-03-18,19.850000,19.850000,18.959999,19.450001,19.450001,196700
2004-03-19,19.629999,19.629999,18.969999,19.070000,19.070000,135100
2004-03-22,19.000000,19.020000,18.600000,18.879999,18.879999,111200
2004-03-23,18.879999,19.170000,18.879999,19.000000,19.000000,87400
2004-03-24,19.000000,19.059999,18.610001,18.610001,18.610001,178900
2004-03-25,18.680000,19.500000,18.580000,19.309999,19.309999,161300
2004-03-26,19.320000,19.320000,18.559999,18.750000,18.750000,221500
2004-03-29,18.830000,19.200001,18.670000,19.080000,19.080000,157200
2004-03-30,18.990000,19.059999,18.889999,18.990000,18.990000,183800
2004-03-31,19.049999,19.049999,18.590000,18.610001,18.610001,332500
2004-04-01,18.750000,18.889999,18.469999,18.889999,18.889999,339700
2004-04-02,19.000000,19.389999,17.750000,18.920000,18.920000,142000
2004-04-05,19.299999,19.350000,18.920000,19.230000,19.230000,317800
2004-04-06,19.010000,19.250000,18.889999,18.950001,18.950001,234200
2004-04-07,18.959999,19.200001,18.670000,19.139999,19.139999,164200
2004-04-08,19.160000,19.160000,18.660000,18.980000,18.980000,210200
2004-04-12,19.100000,19.150000,18.510000,18.770000,18.770000,166100
2004-04-13,18.870001,19.020000,18.150000,18.320000,18.320000,133500
2004-04-14,18.230000,18.420000,18.030001,18.219999,18.219999,140700
2004-04-15,18.270000,18.420000,18.010000,18.200001,18.200001,102900
2004-04-16,18.280001,18.430000,18.000000,18.049999,18.049999,152600
2004-04-19,18.129999,18.770000,17.920000,18.590000,18.590000,464200
2004-04-20,19.190001,21.799999,19.020000,19.309999,19.309999,912900
2004-04-21,19.400000,21.209999,19.400000,21.000000,21.000000,595800
2004-04-22,20.760000,22.000000,20.750000,21.690001,21.690001,547000
2004-04-23,21.660000,22.180000,21.600000,21.900000,21.900000,248900
2004-04-26,21.850000,22.250000,21.650000,21.750000,21.750000,552100
2004-04-27,21.799999,21.850000,21.320000,21.750000,21.750000,258500
2004-04-28,21.549999,21.660000,21.090000,21.209999,21.209999,318400
2004-04-29,21.190001,21.549999,20.900000,21.410000,21.410000,421000
2004-04-30,21.459999,21.750000,21.250000,21.379999,21.379999,287900
2004-05-03,21.350000,21.709999,21.200001,21.350000,21.350000,190500
2004-05-04,21.340000,21.889999,21.340000,21.480000,21.480000,309900
2004-05-05,21.400000,21.650000,21.200001,21.260000,21.260000,134100
2004-05-06,20.950001,21.590000,20.850000,21.400000,21.400000,189900
2004-05-07,21.389999,21.719999,20.750000,20.770000,20.770000,106400
2004-05-10,20.650000,20.680000,19.760000,20.070000,20.070000,175500
2004-05-11,20.090000,21.000000,19.860001,20.129999,20.129999,247900
2004-05-12,20.240000,20.530001,19.469999,20.379999,20.379999,215000
2004-05-13,20.540001,20.780001,19.870001,20.059999,20.059999,83500
2004-05-14,20.160000,20.270000,19.600000,19.850000,19.850000,95200
2004-05-17,19.700001,19.750000,19.250000,19.280001,19.280001,199600
2004-05-18,19.379999,19.650000,19.200001,19.450001,19.450001,48100
2004-05-19,19.670000,20.370001,19.650000,20.080000,20.080000,189100
2004-05-20,20.000000,20.450001,19.969999,20.350000,20.350000,145300
2004-05-21,20.440001,20.549999,20.080000,20.270000,20.270000,239200
2004-05-24,20.200001,20.709999,20.200001,20.559999,20.559999,228300
2004-05-25,20.629999,21.120001,20.340000,21.090000,21.090000,235300
2004-05-26,20.809999,21.200001,20.690001,21.080000,21.080000,80500
2004-05-27,20.910000,21.209999,20.730000,20.950001,20.950001,109800
2004-05-28,21.000000,21.049999,20.500000,20.639999,20.639999,113200
2004-06-01,20.719999,21.530001,20.600000,21.250000,21.250000,125400
2004-06-02,21.290001,21.760000,21.020000,21.559999,21.559999,260700
2004-06-03,21.410000,21.840000,21.379999,21.500000,21.500000,208800
2004-06-04,21.299999,23.100000,20.830000,23.000000,23.000000,980200
2004-06-07,24.370001,24.650000,23.299999,23.360001,23.360001,802100
2004-06-08,23.500000,23.520000,22.790001,22.940001,22.940001,332500
2004-06-09,22.820000,23.090000,22.750000,22.760000,22.760000,295300
2004-06-10,22.809999,23.469999,22.770000,22.980000,22.980000,683600
2004-06-14,22.809999,23.250000,22.620001,22.969999,22.969999,314500
2004-06-15,23.120001,23.900000,22.860001,22.920000,22.920000,167500
2004-06-16,23.150000,23.559999,22.910000,23.260000,23.260000,154500
2004-06-17,23.480000,23.480000,22.850000,23.150000,23.150000,96700
2004-06-18,22.889999,23.200001,22.639999,22.990000,22.990000,318700
2004-06-21,22.650000,23.000000,22.559999,22.610001,22.610001,94800
2004-06-22,22.700001,23.049999,22.469999,22.940001,22.940001,168800
2004-06-23,23.049999,23.200001,22.920000,23.190001,23.190001,315900
2004-06-24,23.200001,23.549999,23.150000,23.420000,23.420000,163700
2004-06-25,23.280001,23.520000,23.120001,23.500000,23.500000,211300
2004-06-28,23.110001,23.469999,22.879999,22.969999,22.969999,193400
2004-06-29,22.850000,23.100000,22.750000,23.000000,23.000000,247400
2004-06-30,22.780001,23.129999,22.780001,22.940001,22.940001,229200
2004-07-01,23.010000,23.020000,22.600000,22.740000,22.740000,221200
2004-07-02,22.750000,22.750000,21.370001,22.400000,22.400000,313200
2004-07-06,22.440001,22.440001,21.650000,21.900000,21.900000,173000
2004-07-07,21.910000,22.000000,21.670000,21.670000,21.670000,256000
2004-07-08,21.820000,21.850000,21.230000,21.230000,21.230000,100000
2004-07-09,21.240000,21.610001,21.150000,21.510000,21.510000,97200
2004-07-12,21.420000,21.540001,21.059999,21.250000,21.250000,85100
2004-07-13,21.360001,22.250000,21.270000,22.040001,22.040001,386900
2004-07-14,21.969999,22.200001,21.790001,21.910000,21.910000,194800
2004-07-15,21.990000,22.400000,21.799999,22.120001,22.120001,124600
2004-07-16,22.250000,22.430000,21.920000,22.049999,22.049999,147900
2004-07-19,22.090000,22.209999,21.590000,21.940001,21.940001,496300
2004-07-20,19.370001,19.840000,19.350000,19.650000,19.650000,2742700
2004-07-21,19.700001,19.799999,18.799999,18.820000,18.820000,501300
2004-07-22,18.770000,19.459999,18.760000,19.330000,19.330000,289700
2004-07-23,19.480000,19.520000,18.809999,18.830000,18.830000,278100
2004-07-26,18.889999,19.049999,18.379999,18.400000,18.400000,314400
2004-07-27,18.549999,18.900000,18.170000,18.879999,18.879999,158400
2004-07-28,18.740000,19.040001,18.410000,18.920000,18.920000,256600
2004-07-29,19.040001,19.190001,18.750000,19.150000,19.150000,142100
2004-07-30,19.150000,19.430000,19.000000,19.090000,19.090000,65400
2004-08-02,18.959999,19.450001,18.959999,19.270000,19.270000,241800
2004-08-03,19.299999,19.299999,18.910000,18.969999,18.969999,89100
2004-08-04,18.900000,19.160000,18.799999,19.090000,19.090000,113400
2004-08-05,18.860001,19.150000,18.770000,19.000000,19.000000,139100
2004-08-06,18.850000,18.910000,18.240000,18.350000,18.350000,68300
2004-08-09,18.150000,18.549999,18.150000,18.440001,18.440001,143700
2004-08-10,18.510000,18.760000,18.350000,18.680000,18.680000,58900
2004-08-11,18.530001,18.799999,17.650000,18.570000,18.570000,147300
2004-08-12,18.350000,18.360001,18.010000,18.059999,18.059999,78700
2004-08-13,18.280001,18.400000,18.090000,18.280001,18.280001,50800
2004-08-16,18.299999,18.639999,18.190001,18.590000,18.590000,70900
2004-08-17,18.690001,18.799999,18.520000,18.660000,18.660000,44800
2004-08-18,18.639999,19.440001,18.480000,19.430000,19.430000,114300
2004-08-19,19.340000,19.780001,19.170000,19.410000,19.410000,148600
2004-08-20,19.520000,19.520000,19.110001,19.320000,19.320000,165600
2004-08-23,19.570000,19.570000,18.690001,18.690001,18.690001,119800
2004-08-24,18.709999,19.160000,18.549999,18.590000,18.590000,92400
2004-08-25,18.760000,19.030001,18.670000,19.010000,19.010000,58000
2004-08-26,18.900000,19.030001,18.580000,18.660000,18.660000,51100
2004-08-27,18.709999,19.000000,18.620001,19.000000,19.000000,68900
2004-08-30,18.760000,18.930000,18.660000,18.770000,18.770000,198100
2004-08-31,18.740000,19.049999,18.250000,18.670000,18.670000,80300
2004-09-01,18.670000,19.490000,18.650000,19.139999,19.139999,176000
2004-09-02,19.190001,19.299999,19.000000,19.250000,19.250000,40200
2004-09-03,19.389999,19.620001,18.700001,18.770000,18.770000,99500
2004-09-07,18.809999,18.950001,18.400000,18.459999,18.459999,187300
2004-09-08,18.400000,18.709999,18.260000,18.309999,18.309999,132800
2004-09-09,18.360001,18.559999,18.320000,18.389999,18.389999,100400
2004-09-10,18.540001,18.540001,18.320000,18.400000,18.400000,139700
2004-09-13,18.610001,18.680000,18.260000,18.350000,18.350000,131500
2004-09-14,18.350000,18.410000,18.299999,18.410000,18.410000,111800
2004-09-15,18.570000,18.570000,18.299999,18.379999,18.379999,79800
2004-09-16,18.309999,18.549999,18.270000,18.370001,18.370001,63700
2004-09-17,18.260000,18.790001,18.240000,18.480000,18.480000,328800
2004-09-20,18.410000,18.559999,18.000000,18.040001,18.040001,164800
2004-09-21,18.219999,18.219999,18.030001,18.090000,18.090000,152500
2004-09-22,18.010000,18.160000,17.799999,17.850000,17.850000,159700
2004-09-23,17.809999,17.940001,17.350000,17.360001,17.360001,465000
2004-09-24,17.480000,17.559999,17.350000,17.379999,17.379999,84400
2004-09-27,17.379999,17.420000,16.540001,16.590000,16.590000,179100
2004-09-28,16.670000,16.690001,15.930000,16.620001,16.620001,335400
2004-09-29,16.700001,17.500000,16.580000,17.500000,17.500000,361400
2004-09-30,17.520000,17.559999,17.260000,17.450001,17.450001,249000
2004-10-01,17.530001,17.790001,17.400000,17.549999,17.549999,121400
2004-10-04,17.690001,18.660000,17.690001,18.280001,18.280001,338600
2004-10-05,18.350000,18.350000,18.150000,18.180000,18.180000,151100
2004-10-06,18.100000,18.209999,17.770000,17.770000,17.770000,231700
2004-10-07,17.910000,17.910000,17.350000,17.350000,17.350000,152000
2004-10-08,17.309999,17.559999,17.059999,17.070000,17.070000,128500
2004-10-11,17.059999,17.309999,16.950001,17.280001,17.280001,204600
2004-10-12,17.120001,17.250000,16.860001,17.209999,17.209999,289300
2004-10-13,18.750000,20.450001,18.650000,20.030001,20.030001,1219000
2004-10-14,20.129999,20.500000,19.910000,20.209999,20.209999,605600
2004-10-15,20.190001,20.500000,20.120001,20.340000,20.340000,292800
2004-10-18,20.469999,20.639999,20.020000,20.360001,20.360001,266900
2004-10-19,20.440001,20.799999,20.010000,20.020000,20.020000,198200
2004-10-20,20.000000,20.520000,19.830000,20.370001,20.370001,153700
2004-10-21,20.219999,20.480000,19.820000,20.270000,20.270000,231500
2004-10-22,20.299999,20.379999,19.660000,19.840000,19.840000,142100
2004-10-25,19.900000,19.900000,19.400000,19.530001,19.530001,122500
2004-10-26,19.620001,19.709999,19.350000,19.629999,19.629999,240800
2004-10-27,19.730000,20.320000,19.360001,20.170000,20.170000,146800
2004-10-28,20.020000,20.940001,20.020000,20.580000,20.580000,577800
2004-10-29,20.459999,20.950001,20.459999,20.940001,20.940001,267400
2004-11-01,20.719999,20.950001,20.570000,20.820000,20.820000,105300
2004-11-02,20.580000,20.920000,20.360001,20.480000,20.480000,180900
2004-11-03,20.100000,20.600000,19.910000,20.219999,20.219999,333700
2004-11-04,20.330000,20.530001,20.030001,20.520000,20.520000,188000
2004-11-05,20.590000,20.590000,19.889999,20.219999,20.219999,184600
2004-11-08,20.320000,20.320000,19.700001,19.750000,19.750000,225900
2004-11-09,20.000000,20.200001,19.680000,20.090000,20.090000,183400
2004-11-10,19.809999,20.049999,19.790001,19.879999,19.879999,121200
2004-11-11,20.000000,20.090000,19.790001,20.040001,20.040001,69600
2004-11-12,19.740000,20.570000,19.709999,20.570000,20.570000,203600
2004-11-15,20.590000,20.709999,20.440001,20.709999,20.709999,193000
2004-11-16,20.520000,20.809999,20.480000,20.639999,20.639999,68000
2004-11-17,20.790001,21.490000,20.719999,21.129999,21.129999,144800
2004-11-18,21.129999,21.180000,20.920000,21.000000,21.000000,74200
2004-11-19,21.230000,21.250000,20.709999,20.719999,20.719999,124100
2004-11-22,20.900000,21.690001,20.879999,21.639999,21.639999,171400
2004-11-23,21.719999,21.799999,21.250000,21.690001,21.690001,198900
2004-11-24,21.760000,21.809999,21.400000,21.740000,21.740000,159400
2004-11-26,21.920000,21.920000,21.719999,21.750000,21.750000,16400
2004-11-29,21.700001,22.000000,21.639999,22.000000,22.000000,143600
2004-11-30,21.990000,22.000000,21.590000,21.650000,21.650000,111000
2004-12-01,21.850000,21.879999,21.549999,21.879999,21.879999,202700
2004-12-02,21.900000,22.500000,21.840000,22.490000,22.490000,129000
2004-12-03,22.430000,22.549999,21.920000,21.980000,21.980000,137900
2004-12-06,21.879999,21.920000,21.100000,21.180000,21.180000,181300
2004-12-07,21.299999,21.400000,20.850000,21.020000,21.020000,123900
2004-12-08,20.879999,21.219999,20.750000,21.049999,21.049999,61900
2004-12-09,20.850000,21.160000,20.280001,20.940001,20.940001,158500
2004-12-10,21.020000,21.110001,20.900000,21.030001,21.030001,117300
2004-12-13,21.219999,21.750000,21.040001,21.660000,21.660000,125300
2004-12-14,21.860001,22.360001,21.790001,22.120001,22.120001,89500
2004-12-15,22.299999,22.299999,22.030001,22.190001,22.190001,133800
2004-12-16,22.360001,23.490000,22.120001,23.219999,23.219999,342600
2004-12-17,23.340000,23.750000,22.709999,23.610001,23.610001,611400
2004-12-20,23.670000,23.850000,22.559999,23.309999,23.309999,429300
2004-12-21,23.150000,23.680000,22.799999,22.990000,22.990000,190300
2004-12-22,23.379999,23.709999,22.990000,23.350000,23.350000,153300
2004-12-23,23.120001,23.299999,22.730000,22.850000,22.850000,100300
2004-12-27,23.070000,23.309999,22.709999,22.889999,22.889999,128100
2004-12-28,22.780001,23.910000,22.780001,23.809999,23.809999,209900
2004-12-29,23.990000,24.450001,23.770000,23.920000,23.920000,296200
2004-12-30,23.750000,24.000000,23.580000,23.820000,23.820000,116300
2004-12-31,23.520000,24.200001,23.520000,23.910000,23.910000,142000
2005-01-03,24.000000,24.059999,23.469999,23.629999,23.629999,193200
2005-01-04,23.650000,23.900000,23.059999,23.160000,23.160000,215500
2005-01-05,23.240000,23.309999,22.760000,22.889999,22.889999,175100
2005-01-06,23.150000,23.280001,22.860001,22.879999,22.879999,69900
2005-01-07,23.290001,23.389999,22.610001,22.650000,22.650000,135400
2005-01-10,22.650000,23.440001,22.650000,22.980000,22.980000,164500
2005-01-11,23.129999,23.129999,22.700001,22.830000,22.830000,144500
2005-01-12,23.020000,23.020000,22.480000,22.719999,22.719999,213600
2005-01-13,22.490000,22.900000,21.860001,21.920000,21.920000,100300
2005-01-14,22.049999,22.660000,21.830000,22.660000,22.660000,153100
2005-01-18,22.830000,22.830000,22.120001,22.469999,22.469999,195600
2005-01-19,22.809999,22.990000,22.440001,22.770000,22.770000,118800
2005-01-20,22.520000,23.930000,22.350000,23.139999,23.139999,124300
2005-01-21,23.290001,23.440001,23.010000,23.070000,23.070000,92400
2005-01-24,23.209999,23.280001,22.879999,23.040001,23.040001,87100
2005-01-25,23.110001,23.370001,22.990000,23.059999,23.059999,142200
2005-01-26,23.049999,23.240000,22.910000,23.230000,23.230000,131200
2005-01-27,22.900000,23.150000,22.780001,22.820000,22.820000,238300
2005-01-28,23.080000,23.080000,22.660000,22.709999,22.709999,290800
2005-01-31,22.840000,23.110001,22.709999,23.049999,23.049999,112000
2005-02-01,23.150000,23.350000,22.990000,23.000000,23.000000,213000
2005-02-02,23.240000,23.670000,23.000000,23.670000,23.670000,203600
2005-02-03,23.790001,23.830000,23.500000,23.620001,23.620001,163200
2005-02-04,23.690001,24.049999,23.500000,23.809999,23.809999,129000
2005-02-07,24.020000,24.020000,23.590000,23.700001,23.700001,96800
2005-02-08,23.799999,24.330000,23.740000,24.250000,24.250000,149000
2005-02-09,24.200001,24.230000,23.750000,23.750000,23.750000,293800
2005-02-10,23.990000,23.990000,23.320000,23.400000,23.400000,321700
2005-02-11,23.549999,23.730000,23.280001,23.629999,23.629999,220700
2005-02-14,23.500000,23.700001,22.650000,22.700001,22.700001,239700
2005-02-15,22.660000,22.920000,21.500000,21.500000,21.500000,301600
2005-02-16,23.990000,26.840000,23.900000,25.889999,25.889999,3178600
2005-02-17,25.799999,26.469999,25.799999,26.250000,26.250000,686400
2005-02-18,26.450001,26.500000,25.809999,25.950001,25.950001,308900
2005-02-22,26.000000,26.250000,25.370001,25.400000,25.400000,183000
2005-02-23,25.780001,25.780001,25.129999,25.549999,25.549999,220000
2005-02-24,25.809999,26.459999,25.500000,26.309999,26.309999,311200
2005-02-25,26.500000,27.110001,26.299999,27.000000,27.000000,289400
2005-02-28,26.910000,27.200001,26.620001,26.650000,26.650000,189700
2005-03-01,26.770000,27.049999,26.590000,26.950001,26.950001,108100
2005-03-02,26.750000,26.950001,26.500000,26.500000,26.500000,136400
2005-03-03,26.680000,27.150000,26.340000,26.920000,26.920000,249200
2005-03-04,27.110001,28.180000,26.910000,28.040001,28.040001,338600
2005-03-07,27.840000,28.200001,27.480000,27.660000,27.660000,216300
2005-03-08,27.500000,27.920000,27.430000,27.500000,27.500000,260800
2005-03-09,27.420000,27.590000,26.600000,26.730000,26.730000,328700
2005-03-10,26.900000,27.490000,26.650000,27.080000,27.080000,192600
2005-03-11,27.219999,27.219999,26.600000,26.840000,26.840000,175800
2005-03-14,26.610001,27.780001,26.610001,27.030001,27.030001,150800
2005-03-15,27.000000,27.129999,26.139999,26.750000,26.750000,207000
2005-03-16,26.709999,27.209999,26.299999,26.620001,26.620001,326500
2005-03-17,26.780001,27.360001,26.750000,27.250000,27.250000,254600
2005-03-18,27.330000,27.510000,26.530001,27.370001,27.370001,361200
2005-03-21,27.500000,27.770000,27.180000,27.730000,27.730000,175300
2005-03-22,27.750000,28.180000,27.670000,28.020000,28.020000,435000
2005-03-23,27.860001,28.010000,27.299999,27.299999,27.299999,233200
2005-03-24,27.559999,27.690001,26.830000,27.059999,27.059999,196200
2005-03-28,27.260000,27.450001,27.110001,27.270000,27.270000,160300
2005-03-29,27.219999,27.580000,26.760000,26.809999,26.809999,139500
2005-03-30,26.750000,27.559999,26.750000,27.360001,27.360001,136400
2005-03-31,27.370001,30.830000,27.360001,29.639999,29.639999,2030900
2005-04-01,29.600000,30.480000,29.209999,29.820000,29.820000,569400
2005-04-04,29.969999,30.440001,29.750000,30.230000,30.230000,381600
2005-04-05,30.150000,32.090000,30.150000,31.250000,31.250000,705300
2005-04-06,31.190001,32.270000,31.000000,31.910000,31.910000,476300
2005-04-07,31.730000,32.410000,31.520000,31.870001,31.870001,260900
2005-04-08,31.790001,31.920000,30.940001,31.200001,31.200001,206400
2005-04-11,31.350000,32.000000,30.930000,31.590000,31.590000,240700
2005-04-12,31.280001,31.950001,31.000000,31.670000,31.670000,142400
2005-04-13,31.590000,31.950001,31.000000,31.010000,31.010000,101500
2005-04-14,30.990000,31.480000,30.370001,30.700001,30.700001,560400
2005-04-15,30.709999,31.240000,30.700001,31.110001,31.110001,344700
2005-04-18,30.500000,32.060001,30.400000,31.000000,31.000000,516800
2005-04-19,31.030001,32.490002,31.000000,32.410000,32.410000,591600
2005-04-20,33.000000,33.139999,31.160000,31.350000,31.350000,259100
2005-04-21,31.680000,32.349998,31.219999,32.230000,32.230000,133300
2005-04-22,32.270000,32.580002,31.260000,31.850000,31.850000,100200
2005-04-25,32.080002,32.970001,31.230000,32.200001,32.200001,656600
2005-04-26,32.200001,32.349998,31.530001,31.680000,31.680000,166900
2005-04-27,35.230000,36.709999,33.279999,34.580002,34.580002,3063600
2005-04-28,34.580002,37.099998,34.580002,36.270000,36.270000,1112300
2005-04-29,36.250000,36.580002,34.299999,36.070000,36.070000,682400
2005-05-02,36.299999,37.650002,36.250000,37.099998,37.099998,685100
2005-05-03,37.200001,38.090000,36.889999,37.400002,37.400002,420500
2005-05-04,37.740002,37.740002,36.320000,36.639999,36.639999,566000
2005-05-05,36.730000,37.750000,36.650002,37.000000,37.000000,384500
2005-05-06,37.380001,37.380001,36.099998,36.689999,36.689999,428300
2005-05-09,36.849998,36.919998,35.720001,36.919998,36.919998,496400
2005-05-10,36.919998,36.919998,35.869999,36.459999,36.459999,232700
2005-05-11,36.320000,38.650002,36.320000,38.590000,38.590000,701100
2005-05-12,39.000000,40.200001,37.500000,37.770000,37.770000,572800
2005-05-13,37.570000,38.009998,37.160000,37.750000,37.750000,809200
2005-05-16,37.830002,38.689999,37.580002,38.680000,38.680000,430500
2005-05-17,38.500000,40.400002,38.500000,40.000000,40.000000,850500
2005-05-18,40.110001,41.730000,40.000000,40.810001,40.810001,834000
2005-05-19,40.200001,40.759998,39.049999,39.520000,39.520000,810300
2005-05-20,39.529999,40.459999,39.400002,40.009998,40.009998,260300
2005-05-23,40.169998,41.459999,40.009998,40.619999,40.619999,327800
2005-05-24,40.860001,40.880001,40.040001,40.320000,40.320000,287400
2005-05-25,40.240002,41.099998,40.000000,40.040001,40.040001,330700
2005-05-26,39.919998,40.360001,39.439999,39.820000,39.820000,501000
2005-05-27,39.990002,41.480000,39.610001,40.889999,40.889999,323600
2005-05-31,41.000000,41.900002,40.889999,41.110001,41.110001,410000
2005-06-01,41.389999,42.180000,41.090000,41.520000,41.520000,228600
2005-06-02,38.189999,39.430000,36.099998,39.389999,39.389999,2141500
2005-06-03,39.259998,39.360001,38.279999,38.470001,38.470001,840700
2005-06-06,38.299999,40.090000,38.240002,39.320000,39.320000,575500
2005-06-07,39.290001,39.970001,38.709999,38.810001,38.810001,541000
2005-06-08,38.750000,39.419998,38.270000,38.599998,38.599998,298400
2005-06-09,38.750000,39.459999,38.250000,39.290001,39.290001,509400
2005-06-10,39.430000,40.029999,39.180000,39.880001,39.880001,518200
2005-06-13,40.020000,40.270000,39.599998,40.090000,40.090000,536700
2005-06-14,40.500000,40.790001,39.939999,40.189999,40.189999,582300
2005-06-15,40.470001,41.939999,40.320000,41.480000,41.480000,586900
2005-06-16,41.939999,42.980000,41.700001,42.919998,42.919998,602700
2005-06-17,43.080002,43.080002,42.480000,42.650002,42.650002,1045100
2005-06-20,43.279999,45.669998,43.049999,45.400002,45.400002,821400
2005-06-21,45.290001,45.700001,44.680000,45.570000,45.570000,446100
2005-06-22,46.230000,48.290001,45.980000,47.250000,47.250000,1115900
2005-06-23,47.150002,47.400002,46.340000,46.380001,46.380001,768200
2005-06-24,46.500000,46.500000,44.310001,44.889999,44.889999,422500
2005-06-27,44.959999,45.590000,44.049999,44.630001,44.630001,393700
2005-06-28,45.000000,46.139999,44.480000,46.020000,46.020000,363100
2005-06-29,46.200001,46.500000,43.770000,44.889999,44.889999,494800
2005-06-30,45.029999,45.200001,44.570000,44.680000,44.680000,163600
2005-07-01,44.709999,44.799999,43.849998,44.340000,44.340000,137000
2005-07-05,44.560001,45.470001,44.060001,45.130001,45.130001,292300
2005-07-06,45.230000,45.230000,44.250000,44.599998,44.599998,248800
2005-07-07,43.990002,44.500000,43.580002,44.200001,44.200001,334400
2005-07-08,44.419998,45.400002,44.200001,45.040001,45.040001,317100
2005-07-11,44.930000,47.570000,44.930000,47.540001,47.540001,468100
2005-07-12,47.549999,48.279999,47.220001,47.939999,47.939999,218900
2005-07-13,47.959999,48.279999,47.200001,47.250000,47.250000,168800
2005-07-14,47.529999,47.869999,45.689999,46.180000,46.180000,450000
2005-07-15,50.029999,52.480000,49.419998,50.400002,50.400002,1836100
2005-07-18,49.349998,50.570000,49.020000,49.720001,49.720001,617400
2005-07-19,50.000000,51.570000,49.900002,51.570000,51.570000,366000
2005-07-20,51.310001,51.500000,50.549999,50.849998,50.849998,202900
2005-07-21,50.900002,51.049999,49.790001,49.980000,49.980000,239500
2005-07-22,49.830002,51.189999,49.779999,51.070000,51.070000,212100
2005-07-25,51.200001,52.970001,51.200001,52.599998,52.599998,414500
2005-07-26,52.700001,52.919998,52.150002,52.549999,52.549999,218400
2005-07-27,53.349998,53.900002,51.849998,52.209999,52.209999,660100
2005-07-28,52.680000,52.889999,51.270000,51.500000,51.500000,423200
2005-07-29,50.860001,50.880001,47.509998,48.450001,48.450001,757600
2005-08-01,48.950001,50.750000,48.700001,50.290001,50.290001,598500
2005-08-02,50.200001,51.369999,50.200001,51.310001,51.310001,396400
2005-08-03,51.250000,52.150002,50.799999,51.139999,51.139999,410600
2005-08-04,51.000000,51.990002,50.840000,51.660000,51.660000,288000
2005-08-05,51.330002,51.939999,49.259998,49.400002,49.400002,364700
2005-08-08,49.709999,51.540001,49.630001,51.240002,51.240002,351000
2005-08-09,51.360001,52.939999,50.080002,51.070000,51.070000,395600
2005-08-10,51.299999,53.250000,51.040001,51.959999,51.959999,379200
2005-08-11,52.009998,53.750000,51.639999,53.610001,53.610001,577100
2005-08-12,53.150002,53.759998,51.400002,51.939999,51.939999,355000
2005-08-15,51.680000,51.799999,49.540001,50.180000,50.180000,825600
2005-08-16,50.200001,50.669998,48.270000,48.270000,48.270000,417600
2005-08-17,48.299999,50.480000,48.259998,50.049999,50.049999,387700
2005-08-18,49.779999,50.220001,48.549999,48.990002,48.990002,222000
2005-08-19,48.880001,49.430000,48.869999,49.279999,49.279999,238200
2005-08-22,49.490002,50.400002,49.099998,50.060001,50.060001,289700
2005-08-23,50.040001,50.810001,48.660000,50.189999,50.189999,353200
2005-08-24,50.349998,51.599998,49.630001,49.930000,49.930000,339100
2005-08-25,49.750000,50.279999,45.549999,46.430000,46.430000,1081800
2005-08-26,46.279999,47.520000,46.270000,47.189999,47.189999,620300
2005-08-29,46.830002,48.049999,46.389999,47.759998,47.759998,339700
2005-08-30,47.939999,48.580002,47.209999,47.860001,47.860001,254900
2005-08-31,47.759998,47.779999,45.759998,46.270000,46.270000,615600
2005-09-01,45.919998,47.000000,45.919998,46.759998,46.759998,441800
2005-09-02,46.639999,46.660000,45.150002,45.810001,45.810001,290000
2005-09-06,45.810001,48.040001,45.810001,47.930000,47.930000,511000
2005-09-07,47.860001,49.169998,47.860001,49.160000,49.160000,325900
2005-09-08,48.830002,49.040001,47.779999,48.250000,48.250000,228700
2005-09-09,48.240002,48.810001,48.000000,48.580002,48.580002,166900
2005-09-12,48.500000,50.869999,48.500000,50.279999,50.279999,391900
2005-09-13,49.980000,50.509998,49.650002,50.009998,50.009998,224000
2005-09-14,49.740002,50.500000,48.599998,49.080002,49.080002,222500
2005-09-15,49.080002,49.630001,47.799999,48.299999,48.299999,171700
2005-09-16,48.590000,49.549999,48.150002,49.450001,49.450001,390100
2005-09-19,49.900002,51.320000,49.650002,50.540001,50.540001,488500
2005-09-20,50.990002,51.139999,49.349998,49.430000,49.430000,368900
2005-09-21,49.330002,49.369999,45.439999,47.299999,47.299999,876800
2005-09-22,46.840000,47.200001,44.209999,44.240002,44.240002,759800
2005-09-23,44.099998,45.130001,43.599998,44.820000,44.820000,401100
2005-09-26,45.080002,46.180000,45.000000,45.439999,45.439999,303200
2005-09-27,45.419998,46.619999,45.250000,45.889999,45.889999,319200
2005-09-28,45.889999,46.880001,44.869999,45.150002,45.150002,322900
2005-09-29,45.200001,46.410000,44.939999,46.349998,46.349998,323700
2005-09-30,46.230000,46.680000,45.369999,45.660000,45.660000,157100
2005-10-03,45.400002,45.990002,45.160000,45.709999,45.709999,235900
2005-10-04,45.730000,47.430000,44.400002,46.180000,46.180000,354500
2005-10-05,45.849998,45.900002,43.279999,43.880001,43.880001,317600
2005-10-06,43.770000,43.980000,42.299999,42.689999,42.689999,313700
2005-10-07,42.840000,43.779999,42.840000,43.270000,43.270000,245400
2005-10-10,43.049999,43.380001,42.560001,42.660000,42.660000,147500
2005-10-11,42.770000,42.869999,40.110001,40.599998,40.599998,601900
2005-10-12,40.500000,40.930000,39.389999,39.980000,39.980000,301700
2005-10-13,39.779999,40.720001,39.090000,39.959999,39.959999,597300
2005-10-14,40.119999,40.500000,39.290001,40.419998,40.419998,294500
2005-10-17,40.509998,41.250000,39.290001,40.029999,40.029999,238000
2005-10-18,39.820000,40.169998,37.980000,38.080002,38.080002,491000
2005-10-19,38.529999,41.200001,38.400002,41.090000,41.090000,1416700
2005-10-20,41.360001,43.410000,41.200001,41.980000,41.980000,578400
2005-10-21,42.110001,43.250000,41.860001,42.619999,42.619999,263300
2005-10-24,43.009998,44.480000,42.669998,43.590000,43.590000,476400
2005-10-25,43.430000,43.880001,42.680000,43.209999,43.209999,282800
2005-10-26,43.419998,43.419998,41.709999,42.480000,42.480000,306400
2005-10-27,42.290001,43.000000,42.049999,42.349998,42.349998,377800
2005-10-28,43.020000,45.490002,42.169998,42.529999,42.529999,797400
2005-10-31,42.910000,43.689999,41.799999,43.459999,43.459999,506800
2005-11-01,43.259998,43.560001,42.119999,42.650002,42.650002,283300
2005-11-02,42.650002,43.090000,42.150002,42.299999,42.299999,303200
2005-11-03,42.580002,42.959999,42.189999,42.799999,42.799999,526600
2005-11-04,43.200001,45.000000,43.200001,44.799999,44.799999,627500
2005-11-07,45.400002,47.470001,45.099998,47.349998,47.349998,855800
2005-11-08,47.730000,48.490002,46.480000,47.029999,47.029999,712100
2005-11-09,47.400002,48.250000,46.900002,47.580002,47.580002,325800
2005-11-10,47.259998,48.290001,44.799999,45.400002,45.400002,695400
2005-11-11,45.400002,46.119999,45.349998,45.930000,45.930000,205900
2005-11-14,46.290001,46.299999,43.650002,44.689999,44.689999,420700
2005-11-15,44.310001,44.799999,42.259998,44.459999,44.459999,587800
2005-11-16,44.439999,45.139999,42.740002,43.380001,43.380001,443800
2005-11-17,43.450001,44.930000,43.430000,44.389999,44.389999,207100
2005-11-18,44.820000,44.939999,44.410000,44.590000,44.590000,150800
2005-11-21,44.900002,46.099998,44.259998,45.849998,45.849998,383600
2005-11-22,45.939999,48.230000,45.939999,47.900002,47.900002,802200
2005-11-23,47.660000,48.070000,46.720001,47.380001,47.380001,263300
2005-11-25,47.130001,47.520000,47.000000,47.410000,47.410000,33500
2005-11-28,47.500000,47.910000,45.119999,45.529999,45.529999,260500
2005-11-29,45.880001,47.000000,45.830002,46.340000,46.340000,206800
2005-11-30,46.529999,47.250000,46.290001,46.750000,46.750000,327300
2005-12-01,47.020000,48.160000,46.990002,47.990002,47.990002,371600
2005-12-02,48.070000,49.000000,46.220001,47.209999,47.209999,451100
2005-12-05,46.970001,47.299999,45.270000,46.070000,46.070000,230800
2005-12-06,46.490002,46.660000,45.900002,46.310001,46.310001,218300
2005-12-07,46.009998,46.310001,44.580002,45.299999,45.299999,229200
2005-12-08,45.209999,46.480000,45.110001,46.139999,46.139999,186500
2005-12-09,46.450001,47.730000,46.160000,47.430000,47.430000,366100
2005-12-12,47.689999,48.000000,46.689999,46.990002,46.990002,365200
2005-12-13,47.250000,47.270000,44.529999,44.900002,44.900002,458300
2005-12-14,45.150002,45.410000,44.560001,44.720001,44.720001,268100
2005-12-15,45.419998,45.590000,44.259998,44.660000,44.660000,315000
2005-12-16,44.799999,44.860001,40.900002,42.570000,42.570000,958100
2005-12-19,42.290001,42.500000,40.560001,40.790001,40.790001,512300
2005-12-20,40.889999,41.900002,40.590000,41.450001,41.450001,486900
2005-12-21,41.389999,42.209999,41.270000,41.650002,41.650002,330100
2005-12-22,41.770000,42.040001,41.450001,41.849998,41.849998,192800
2005-12-23,41.630001,42.000000,41.150002,42.000000,42.000000,198300
2005-12-27,42.000000,42.020000,41.000000,41.119999,41.119999,230800
2005-12-28,41.099998,41.299999,40.040001,40.619999,40.619999,272100
2005-12-29,40.619999,41.400002,40.500000,40.950001,40.950001,167200
2005-12-30,40.509998,40.889999,39.759998,40.040001,40.040001,165400
2006-01-03,40.000000,41.169998,39.439999,40.290001,40.290001,415400
2006-01-04,40.450001,41.750000,40.310001,41.680000,41.680000,318300
2006-01-05,41.919998,41.930000,41.250000,41.349998,41.349998,186200
2006-01-06,41.820000,41.820000,40.959999,41.570000,41.570000,245900
2006-01-09,41.610001,42.320000,41.099998,42.099998,42.099998,319400
2006-01-10,42.000000,43.549999,42.000000,43.230000,43.230000,359700
2006-01-11,43.230000,44.450001,42.610001,42.779999,42.779999,301600
2006-01-12,42.500000,42.900002,41.299999,42.500000,42.500000,794800
2006-01-13,42.630001,42.799999,42.240002,42.799999,42.799999,358700
2006-01-17,42.290001,42.700001,41.849998,41.910000,41.910000,466400
2006-01-18,41.720001,42.209999,40.520000,42.000000,42.000000,424200
2006-01-19,41.790001,42.700001,41.750000,42.599998,42.599998,218100
2006-01-20,42.700001,42.700001,40.250000,40.439999,40.439999,912600
2006-01-23,43.250000,47.389999,42.070000,46.990002,46.990002,1798600
2006-01-24,46.939999,47.480000,45.599998,45.990002,45.990002,498100
2006-01-25,45.860001,46.849998,45.380001,45.450001,45.450001,329900
2006-01-26,45.700001,45.849998,44.770000,45.340000,45.340000,441200
2006-01-27,45.340000,47.660000,45.259998,46.740002,46.740002,456700
2006-01-30,48.480000,48.490002,47.660000,47.950001,47.950001,659300
2006-01-31,48.099998,48.299999,47.650002,47.869999,47.869999,465400
2006-02-01,47.900002,48.009998,46.560001,46.869999,46.869999,391500
2006-02-02,46.650002,48.189999,44.529999,47.580002,47.580002,603900
2006-02-03,47.450001,47.810001,46.930000,47.500000,47.500000,345200
2006-02-06,47.400002,47.889999,47.160000,47.599998,47.599998,337000
2006-02-07,47.700001,47.840000,46.630001,46.970001,46.970001,347100
2006-02-08,46.919998,49.669998,46.919998,49.480000,49.480000,574900
2006-02-09,49.930000,51.230000,49.759998,50.549999,50.549999,806900
2006-02-10,50.680000,50.740002,48.750000,49.919998,49.919998,633000
2006-02-13,50.000000,51.259998,49.380001,51.150002,51.150002,1591900
2006-02-14,51.430000,51.840000,49.520000,50.630001,50.630001,820900
2006-02-15,54.860001,59.250000,54.680000,59.160000,59.160000,3328400
2006-02-16,58.939999,60.810001,56.700001,57.509998,57.509998,1470600
2006-02-17,57.570000,57.570000,56.150002,56.990002,56.990002,505400
2006-02-21,57.000000,57.099998,55.270000,55.930000,55.930000,615200
2006-02-22,56.130001,57.700001,55.389999,57.500000,57.500000,874200
2006-02-23,57.619999,59.590000,57.619999,59.430000,59.430000,708700
2006-02-24,59.419998,59.650002,58.700001,59.610001,59.610001,554500
2006-02-27,59.950001,61.490002,59.060001,59.250000,59.250000,750800
2006-02-28,58.900002,60.320000,58.660000,59.459999,59.459999,637300
2006-03-01,59.980000,61.369999,59.419998,60.889999,60.889999,356500
2006-03-02,61.119999,62.750000,59.930000,61.029999,61.029999,549700
2006-03-03,61.029999,62.360001,60.360001,60.549999,60.549999,278300
2006-03-06,60.549999,61.200001,59.290001,60.259998,60.259998,326400
2006-03-07,59.740002,60.099998,56.970001,57.959999,57.959999,370500
2006-03-08,57.400002,58.840000,55.730000,57.549999,57.549999,508000
2006-03-09,57.150002,59.619999,57.150002,57.349998,57.349998,278100
2006-03-10,57.799999,60.270000,57.480000,60.150002,60.150002,385100
2006-03-13,60.570000,61.200001,59.700001,60.360001,60.360001,267100
2006-03-14,60.410000,60.959999,58.669998,59.889999,59.889999,426000
2006-03-15,59.889999,59.990002,58.849998,59.779999,59.779999,175000
2006-03-16,59.820000,59.980000,58.049999,58.150002,58.150002,336100
2006-03-17,58.450001,60.299999,58.209999,59.130001,59.130001,456900
2006-03-20,59.150002,59.200001,57.400002,57.990002,57.990002,310900
2006-03-21,56.830002,58.090000,55.860001,56.830002,56.830002,480500
2006-03-22,56.520000,58.570000,56.520000,58.259998,58.259998,214100
2006-03-23,58.500000,58.500000,56.459999,56.959999,56.959999,207000
2006-03-24,57.250000,58.950001,57.040001,58.549999,58.549999,232500
2006-03-27,58.950001,59.860001,58.020000,58.720001,58.720001,186100
2006-03-28,59.049999,59.709999,58.700001,59.250000,59.250000,369600
2006-03-29,59.529999,59.610001,58.549999,58.840000,58.840000,433000
2006-03-30,59.090000,60.900002,57.799999,59.080002,59.080002,635600
2006-03-31,58.910000,60.360001,58.580002,59.849998,59.849998,189800
2006-04-03,59.869999,61.700001,59.869999,60.720001,60.720001,379600
2006-04-04,60.889999,61.500000,59.799999,61.070000,61.070000,361300
2006-04-05,61.369999,61.369999,60.459999,60.840000,60.840000,192400
2006-04-06,61.049999,63.189999,60.509998,62.500000,62.500000,438100
2006-04-07,63.040001,63.220001,60.419998,60.650002,60.650002,306000
2006-04-10,61.000000,61.060001,59.560001,60.709999,60.709999,251200
2006-04-11,61.099998,62.549999,61.049999,61.570000,61.570000,480300
2006-04-12,61.290001,62.660000,60.740002,62.570000,62.570000,513200
2006-04-13,62.630001,62.680000,60.779999,61.209999,61.209999,266800
2006-04-17,62.400002,65.339996,62.189999,64.470001,64.470001,798200
2006-04-18,65.389999,65.389999,63.290001,64.669998,64.669998,511700
2006-04-19,65.269997,65.589996,62.740002,63.990002,63.990002,420800
2006-04-20,64.000000,64.519997,62.910000,63.980000,63.980000,299700
2006-04-21,64.800003,66.169998,64.199997,65.120003,65.120003,422000
2006-04-24,64.970001,65.620003,63.099998,63.369999,63.369999,267100
2006-04-25,63.860001,64.620003,63.369999,64.339996,64.339996,348500
2006-04-26,68.750000,69.900002,66.650002,68.849998,68.849998,1346100
2006-04-27,68.970001,70.300003,67.750000,69.180000,69.180000,460700
2006-04-28,68.760002,68.760002,65.739998,67.050003,67.050003,415200
2006-05-01,67.800003,67.839996,66.040001,66.540001,66.540001,455900
2006-05-02,67.099998,67.230003,65.480003,66.290001,66.290001,415200
2006-05-03,66.080002,67.800003,65.349998,67.040001,67.040001,412900
2006-05-04,67.949997,73.720001,67.760002,72.809998,72.809998,1110100
2006-05-05,73.120003,73.410004,71.690002,72.239998,72.239998,466800
2006-05-08,72.660004,72.830002,71.349998,71.809998,71.809998,278700
2006-05-09,72.300003,72.300003,70.330002,70.989998,70.989998,281500
2006-05-10,71.320000,71.339996,69.830002,70.139999,70.139999,335700
2006-05-11,70.279999,71.019997,68.709999,68.709999,68.709999,467800
2006-05-12,68.750000,68.750000,65.500000,66.000000,66.000000,513600
2006-05-15,65.300003,67.919998,64.000000,67.339996,67.339996,489000
2006-05-16,67.959999,68.459999,66.769997,67.870003,67.870003,320700
2006-05-17,68.080002,68.570000,64.290001,65.300003,65.300003,570300
2006-05-18,65.300003,66.489998,64.449997,64.680000,64.680000,276100
2006-05-19,64.970001,68.250000,64.330002,64.959999,64.959999,455100
2006-05-22,64.370003,64.800003,61.299999,62.630001,62.630001,494400
2006-05-23,62.840000,64.440002,60.020000,60.150002,60.150002,552400
2006-05-24,59.910000,60.000000,57.139999,59.000000,59.000000,669100
2006-05-25,59.439999,59.990002,57.000000,59.279999,59.279999,581200
2006-05-26,59.590000,61.939999,59.070000,60.790001,60.790001,358300
2006-05-30,60.250000,60.630001,58.849998,58.869999,58.869999,303900
2006-05-31,59.270000,60.570000,58.639999,59.799999,59.799999,294100
2006-06-01,60.200001,61.150002,59.709999,60.990002,60.990002,347900
2006-06-02,61.450001,61.450001,60.020000,61.020000,61.020000,265500
2006-06-05,61.180000,61.180000,54.299999,55.250000,55.250000,736900
2006-06-06,55.810001,57.939999,55.139999,56.430000,56.430000,1002500
2006-06-07,56.610001,57.040001,55.099998,55.939999,55.939999,553600
2006-06-08,55.509998,56.990002,52.580002,54.810001,54.810001,517000
2006-06-09,57.000000,58.919998,56.580002,56.680000,56.680000,639000
2006-06-12,56.750000,56.759998,54.209999,54.240002,54.240002,304100
2006-06-13,54.110001,56.119999,53.110001,55.410000,55.410000,530000
2006-06-14,55.389999,56.470001,53.439999,54.490002,54.490002,424200
2006-06-15,54.830002,57.990002,54.500000,57.740002,57.740002,371600
2006-06-16,57.680000,58.430000,56.180000,56.779999,56.779999,723300
2006-06-19,56.759998,56.919998,53.869999,54.299999,54.299999,468500
2006-06-20,54.400002,55.049999,53.450001,54.730000,54.730000,369400
2006-06-21,54.830002,57.580002,54.650002,56.290001,56.290001,309300
2006-06-22,55.939999,56.849998,55.330002,56.099998,56.099998,215400
2006-06-23,55.849998,56.880001,54.919998,55.990002,55.990002,119800
2006-06-26,56.180000,57.750000,56.040001,57.180000,57.180000,231400
2006-06-27,57.380001,58.330002,55.770000,55.990002,55.990002,382200
2006-06-28,56.330002,57.060001,54.970001,56.529999,56.529999,266100
2006-06-29,56.790001,59.459999,56.360001,58.990002,58.990002,469100
2006-06-30,59.430000,60.380001,58.340000,59.259998,59.259998,340800
2006-07-03,59.610001,60.459999,59.230000,60.349998,60.349998,123900
2006-07-05,60.150002,60.150002,57.150002,57.900002,57.900002,228300
2006-07-06,57.930000,59.400002,57.779999,58.799999,58.799999,284200
2006-07-07,58.939999,58.939999,56.750000,56.930000,56.930000,230600
2006-07-10,57.000000,57.020000,54.599998,54.740002,54.740002,397500
2006-07-11,54.680000,56.549999,54.599998,56.290001,56.290001,299300
2006-07-12,56.060001,56.060001,54.380001,54.419998,54.419998,235500
2006-07-13,54.250000,54.349998,52.750000,53.150002,53.150002,361800
2006-07-14,53.150002,55.189999,52.310001,55.009998,55.009998,403700
2006-07-17,54.529999,54.880001,52.400002,52.880001,52.880001,922400
2006-07-18,53.139999,53.849998,50.799999,52.869999,52.869999,519400
2006-07-19,52.900002,55.779999,52.689999,54.639999,54.639999,404900
2006-07-20,55.000000,55.459999,53.959999,53.970001,53.970001,305100
2006-07-21,53.779999,53.980000,51.779999,52.779999,52.779999,243600
2006-07-24,53.130001,56.049999,53.130001,54.380001,54.380001,400900
2006-07-25,54.020000,54.700001,52.840000,54.669998,54.669998,554100
2006-07-26,54.709999,54.709999,52.380001,52.380001,52.380001,617400
2006-07-27,54.950001,56.000000,50.090000,50.209999,50.209999,1135900
2006-07-28,50.549999,51.650002,50.070000,51.580002,51.580002,680300
2006-07-31,48.009998,48.230000,46.480000,46.540001,46.540001,2663000
2006-08-01,46.360001,46.380001,44.759998,45.049999,45.049999,2254400
2006-08-02,45.049999,46.340000,45.049999,46.020000,46.020000,1580400
2006-08-03,45.180000,49.029999,44.770000,48.919998,48.919998,3492500
2006-08-04,49.250000,49.889999,48.000000,48.759998,48.759998,965800
2006-08-07,48.660000,48.990002,48.000000,48.509998,48.509998,584600
2006-08-08,48.840000,49.000000,47.950001,48.049999,48.049999,587300
2006-08-09,48.759998,49.630001,48.080002,48.290001,48.290001,538000
2006-08-10,48.029999,48.759998,47.799999,48.520000,48.520000,356900
2006-08-11,48.599998,48.599998,47.669998,47.970001,47.970001,370000
2006-08-14,48.560001,49.910000,48.490002,48.950001,48.950001,599000
2006-08-15,49.740002,49.820000,48.660000,49.759998,49.759998,538000
2006-08-16,49.889999,52.389999,49.849998,51.799999,51.799999,1171700
2006-08-17,51.799999,53.580002,51.310001,52.770000,52.770000,659000
2006-08-18,52.990002,52.990002,51.200001,51.509998,51.509998,545500
2006-08-21,51.439999,52.259998,51.439999,52.060001,52.060001,334400
2006-08-22,52.099998,52.580002,51.889999,52.500000,52.500000,328500
2006-08-23,52.180000,52.700001,51.500000,52.340000,52.340000,871800
2006-08-24,52.779999,53.020000,52.009998,52.419998,52.419998,491700
2006-08-25,52.680000,53.049999,52.049999,52.349998,52.349998,314100
2006-08-28,52.500000,52.709999,52.290001,52.340000,52.340000,215400
2006-08-29,52.299999,52.650002,51.599998,52.160000,52.160000,709500
2006-08-30,52.450001,54.910000,51.380001,54.630001,54.630001,841300
2006-08-31,54.889999,58.139999,54.700001,55.980000,55.980000,794500
2006-09-01,56.459999,56.490002,55.349998,56.000000,56.000000,295300
2006-09-05,56.290001,56.410000,55.189999,55.970001,55.970001,440800
2006-09-06,55.500000,55.849998,55.200001,55.299999,55.299999,510600
2006-09-07,55.139999,55.380001,53.639999,54.279999,54.279999,266800
2006-09-08,54.619999,54.619999,52.869999,53.200001,53.200001,338800
2006-09-11,53.130001,53.520000,51.930000,52.580002,52.580002,481100
2006-09-12,52.820000,55.110001,52.820000,54.860001,54.860001,351500
2006-09-13,54.590000,56.369999,54.230000,56.060001,56.060001,289800
2006-09-14,56.700001,58.400002,56.700001,58.310001,58.310001,724000
2006-09-15,58.900002,59.570000,57.680000,58.110001,58.110001,499900
2006-09-18,58.130001,58.310001,57.599998,57.900002,57.900002,501100
2006-09-19,57.900002,58.060001,55.930000,57.000000,57.000000,347100
2006-09-20,57.700001,57.700001,56.299999,57.500000,57.500000,228600
2006-09-21,57.799999,57.910000,55.880001,56.340000,56.340000,407800
2006-09-22,55.990002,56.250000,54.759998,55.450001,55.450001,233200
2006-09-25,55.810001,55.849998,54.580002,55.419998,55.419998,290400
2006-09-26,55.049999,55.410000,54.529999,55.090000,55.090000,365600
2006-09-27,54.790001,55.709999,54.790001,55.220001,55.220001,221200
2006-09-28,55.439999,56.389999,55.330002,56.299999,56.299999,374800
2006-09-29,56.060001,56.669998,55.509998,55.799999,55.799999,318600
2006-10-02,55.599998,56.040001,54.500000,54.740002,54.740002,293500
2006-10-03,54.490002,54.500000,52.400002,52.590000,52.590000,763900
2006-10-04,52.900002,54.000000,52.040001,53.900002,53.900002,265000
2006-10-05,53.709999,54.000000,53.470001,53.500000,53.500000,287900
2006-10-06,53.150002,53.480000,52.730000,52.959999,52.959999,363700
2006-10-09,52.610001,53.270000,52.040001,52.910000,52.910000,279100
2006-10-10,53.250000,53.250000,52.000000,52.500000,52.500000,328200
2006-10-11,52.509998,53.080002,51.650002,52.430000,52.430000,262000
2006-10-12,52.470001,54.470001,52.400002,54.349998,54.349998,319600
2006-10-13,54.230000,55.130001,53.910000,54.880001,54.880001,452500
2006-10-16,54.900002,56.820000,54.880001,56.599998,56.599998,474700
2006-10-17,56.290001,57.500000,56.060001,57.160000,57.160000,480400
2006-10-18,57.410000,57.500000,56.119999,56.400002,56.400002,468800
2006-10-19,56.540001,56.919998,55.889999,55.990002,55.990002,212300
2006-10-20,56.130001,56.130001,54.880001,55.040001,55.040001,200300
2006-10-23,55.020000,55.889999,54.700001,55.099998,55.099998,239300
2006-10-24,54.820000,54.939999,53.669998,53.930000,53.930000,646900
2006-10-25,53.750000,55.150002,53.750000,54.590000,54.590000,255400
2006-10-26,54.900002,55.299999,53.869999,55.250000,55.250000,342900
2006-10-27,54.360001,55.259998,53.520000,53.580002,53.580002,414600
2006-10-30,53.580002,54.750000,53.500000,54.419998,54.419998,416200
2006-10-31,54.639999,55.049999,54.200001,54.439999,54.439999,581900
2006-11-01,54.250000,54.630001,52.639999,52.930000,52.930000,651200
2006-11-02,50.500000,52.299999,48.750000,51.709999,51.709999,2203500
2006-11-03,51.820000,51.990002,50.560001,51.880001,51.880001,392700
2006-11-06,51.860001,51.900002,51.049999,51.439999,51.439999,491900
2006-11-07,51.330002,52.349998,51.200001,51.860001,51.860001,394500
2006-11-08,50.799999,51.480000,50.599998,51.090000,51.090000,349400
2006-11-09,51.169998,51.750000,50.099998,50.360001,50.360001,391600
2006-11-10,50.250000,50.500000,49.959999,50.139999,50.139999,332800
2006-11-13,50.099998,50.619999,49.570000,49.599998,49.599998,816600
2006-11-14,49.790001,49.889999,48.959999,49.849998,49.849998,872100
2006-11-15,49.700001,50.450001,49.700001,49.910000,49.910000,498600
2006-11-16,49.990002,50.169998,49.639999,49.939999,49.939999,507000
2006-11-17,49.900002,50.029999,49.110001,49.439999,49.439999,393500
2006-11-20,49.220001,50.169998,49.049999,49.799999,49.799999,533000
2006-11-21,49.660000,50.169998,49.410000,49.790001,49.790001,229700
2006-11-22,49.700001,50.029999,49.000000,49.230000,49.230000,173500
2006-11-24,48.950001,49.270000,48.650002,49.000000,49.000000,144200
2006-11-27,49.000000,49.320000,47.389999,47.490002,47.490002,572700
2006-11-28,47.520000,47.950001,46.869999,47.180000,47.180000,339100
2006-11-29,47.259998,48.720001,47.200001,48.330002,48.330002,421100
2006-11-30,48.330002,48.650002,47.980000,47.990002,47.990002,750300
2006-12-01,48.200001,48.459999,47.230000,48.119999,48.119999,350900
2006-12-04,48.009998,49.110001,48.009998,48.930000,48.930000,258900
2006-12-05,49.000000,49.110001,48.380001,48.919998,48.919998,673900
2006-12-06,48.889999,48.889999,48.040001,48.119999,48.119999,349300
2006-12-07,48.200001,48.650002,47.750000,48.259998,48.259998,611800
2006-12-08,48.119999,49.599998,48.020000,49.020000,49.020000,400800
2006-12-11,48.730000,49.110001,48.230000,48.580002,48.580002,696900
2006-12-12,48.400002,49.080002,48.150002,48.150002,48.150002,357100
2006-12-13,48.130001,48.610001,47.799999,47.930000,47.930000,391600
2006-12-14,47.930000,49.000000,47.930000,48.810001,48.810001,398400
2006-12-15,49.009998,49.160000,48.459999,48.900002,48.900002,629900
2006-12-18,49.299999,49.380001,48.660000,48.750000,48.750000,466800
2006-12-19,48.580002,49.310001,48.250000,49.110001,49.110001,207300
2006-12-20,49.130001,51.090000,49.000000,50.540001,50.540001,563200
2006-12-21,51.060001,51.459999,50.580002,50.610001,50.610001,589800
2006-12-22,50.700001,50.860001,49.980000,49.980000,49.980000,290200
2006-12-26,49.810001,51.000000,49.779999,50.810001,50.810001,175200
2006-12-27,50.849998,52.580002,50.680000,52.459999,52.459999,375200
2006-12-28,52.540001,52.790001,52.279999,52.529999,52.529999,724100
2006-12-29,52.430000,52.590000,51.820000,51.840000,51.840000,310100
2007-01-03,52.410000,52.419998,51.150002,51.380001,51.380001,596200
2007-01-04,51.349998,53.080002,51.349998,52.980000,52.980000,388600
2007-01-05,52.570000,53.700001,52.520000,53.520000,53.520000,483300
2007-01-08,53.430000,55.240002,53.049999,54.950001,54.950001,778700
2007-01-09,55.049999,55.740002,54.560001,55.560001,55.560001,846100
2007-01-10,55.020000,55.480000,54.220001,54.959999,54.959999,969300
2007-01-11,55.000000,56.049999,54.860001,55.439999,55.439999,591200
2007-01-12,55.490002,56.200001,55.270000,55.880001,55.880001,249000
2007-01-16,56.150002,56.950001,55.889999,55.950001,55.950001,563300
2007-01-17,55.830002,56.110001,55.490002,55.509998,55.509998,232400
2007-01-18,55.299999,56.250000,55.299999,55.459999,55.459999,388500
2007-01-19,55.660000,56.000000,55.430000,55.720001,55.720001,258600
2007-01-22,55.750000,55.919998,55.009998,55.330002,55.330002,314600
2007-01-23,55.169998,56.700001,55.110001,55.930000,55.930000,388700
2007-01-24,56.020000,56.939999,56.000000,56.700001,56.700001,241300
2007-01-25,56.799999,56.820000,55.560001,55.730000,55.730000,202200
2007-01-26,55.599998,56.450001,55.349998,56.200001,56.200001,176500
2007-01-29,56.200001,56.980000,55.860001,56.630001,56.630001,283200
2007-01-30,56.619999,56.889999,56.450001,56.700001,56.700001,147300
2007-01-31,56.730000,58.119999,56.189999,57.639999,57.639999,371600
2007-02-01,57.779999,60.299999,57.770000,59.490002,59.490002,573900
2007-02-02,59.430000,59.580002,58.279999,58.709999,58.709999,319800
2007-02-05,58.799999,59.000000,58.500000,58.630001,58.630001,188500
2007-02-06,58.820000,59.500000,58.779999,59.380001,59.380001,307900
2007-02-07,59.500000,60.599998,59.110001,60.480000,60.480000,384100
2007-02-08,60.410000,60.610001,59.930000,60.209999,60.209999,178300
2007-02-09,60.209999,60.209999,59.720001,60.110001,60.110001,205400
2007-02-12,60.080002,60.080002,59.230000,59.790001,59.790001,267900
2007-02-13,59.750000,61.020000,59.750000,60.549999,60.549999,297500
2007-02-14,58.509998,60.700001,57.830002,59.400002,59.400002,799100
2007-02-15,59.720001,61.799999,59.720001,61.180000,61.180000,396700
2007-02-16,61.169998,61.880001,60.500000,61.689999,61.689999,255100
2007-02-20,61.650002,61.709999,60.599998,61.299999,61.299999,250500
2007-02-21,61.060001,61.439999,60.740002,61.270000,61.270000,235700
2007-02-22,61.330002,62.759998,61.000000,62.520000,62.520000,415500
2007-02-23,62.500000,63.950001,62.480000,63.810001,63.810001,342800
2007-02-26,66.160004,68.910004,66.010002,66.809998,66.809998,2576300
2007-02-27,66.000000,66.449997,63.570000,65.180000,65.180000,1061500
2007-02-28,64.180000,65.360001,64.000000,64.620003,64.620003,932600
2007-03-01,63.500000,64.300003,62.849998,63.759998,63.759998,614700
2007-03-02,63.340000,63.369999,61.500000,61.500000,61.500000,537700
2007-03-05,61.439999,63.880001,60.660000,62.369999,62.369999,762200
2007-03-06,63.060001,63.990002,62.490002,63.090000,63.090000,594700
2007-03-07,63.349998,63.349998,61.950001,62.029999,62.029999,514000
2007-03-08,62.799999,63.700001,62.500000,62.840000,62.840000,398000
2007-03-09,63.950001,64.099998,62.099998,63.220001,63.220001,587000
2007-03-12,63.220001,63.410000,62.310001,63.020000,63.020000,485000
2007-03-13,62.500000,62.590000,61.160000,61.310001,61.310001,418100
2007-03-14,61.299999,62.130001,60.349998,61.849998,61.849998,455300
2007-03-15,61.630001,62.650002,61.250000,62.590000,62.590000,500600
2007-03-16,62.580002,62.799999,61.750000,62.130001,62.130001,383800
2007-03-19,62.660000,63.759998,62.660000,63.639999,63.639999,449000
2007-03-20,63.400002,64.000000,63.169998,63.910000,63.910000,292100
2007-03-21,63.950001,65.190002,63.880001,65.029999,65.029999,406800
2007-03-22,65.239998,66.000000,64.930000,65.870003,65.870003,696600
2007-03-23,65.709999,65.779999,65.120003,65.500000,65.500000,373100
2007-03-26,65.589996,65.599998,64.559998,65.339996,65.339996,230200
2007-03-27,65.010002,65.459999,64.599998,65.169998,65.169998,267800
2007-03-28,65.349998,65.489998,64.760002,65.370003,65.370003,445600
2007-03-29,65.720001,65.959999,64.739998,65.169998,65.169998,417900
2007-03-30,64.959999,65.910004,64.580002,65.040001,65.040001,283600
2007-04-02,65.250000,65.290001,64.629997,65.239998,65.239998,324000
2007-04-03,65.250000,65.430000,64.889999,65.000000,65.000000,484400
2007-04-04,65.169998,65.320000,64.820000,65.139999,65.139999,458200
2007-04-05,65.370003,66.440002,65.150002,66.089996,66.089996,372400
2007-04-09,66.089996,68.500000,66.089996,68.099998,68.099998,768900
2007-04-10,68.260002,68.339996,67.059998,67.919998,67.919998,280200
2007-04-11,67.849998,67.959999,66.919998,67.500000,67.500000,336500
2007-04-12,67.459999,69.239998,67.019997,69.230003,69.230003,447000
2007-04-13,68.419998,69.809998,68.250000,69.470001,69.470001,793200
2007-04-16,69.900002,70.099998,69.599998,70.000000,70.000000,536800
2007-04-17,69.959999,70.559998,69.620003,70.099998,70.099998,626600
2007-04-18,69.669998,70.169998,69.580002,69.940002,69.940002,562300
2007-04-19,69.000000,70.519997,69.000000,69.930000,69.930000,656700
2007-04-20,70.360001,71.250000,70.309998,70.830002,70.830002,500900
2007-04-23,70.989998,71.080002,70.500000,70.760002,70.760002,293800
2007-04-24,71.040001,71.050003,70.360001,71.029999,71.029999,336500
2007-04-25,71.000000,71.199997,70.510002,71.050003,71.050003,492400
2007-04-26,71.309998,71.680000,70.699997,71.419998,71.419998,235600
2007-04-27,71.000000,71.650002,71.000000,71.040001,71.040001,333500
2007-04-30,70.800003,71.019997,67.160004,67.339996,67.339996,1099100
2007-05-01,67.250000,69.300003,66.809998,68.980003,68.980003,683300
2007-05-02,69.089996,70.300003,69.000000,69.610001,69.610001,879000
2007-05-03,68.010002,69.949997,67.099998,69.830002,69.830002,1536400
2007-05-04,69.389999,69.459999,66.250000,66.449997,66.449997,1500700
2007-05-07,66.330002,66.769997,66.230003,66.330002,66.330002,538600
2007-05-08,66.400002,66.400002,64.570000,65.959999,65.959999,882200
2007-05-09,66.019997,67.430000,65.610001,67.250000,67.250000,363300
2007-05-10,67.519997,67.790001,66.110001,66.199997,66.199997,620500
2007-05-11,66.260002,67.970001,66.260002,67.889999,67.889999,505100
2007-05-14,68.099998,69.300003,67.300003,67.430000,67.430000,465900
2007-05-15,67.830002,68.180000,66.320000,66.410004,66.410004,451200
2007-05-16,67.019997,68.070000,66.379997,67.900002,67.900002,534500
2007-05-17,67.570000,67.809998,66.650002,67.150002,67.150002,441200
2007-05-18,67.150002,67.449997,66.339996,67.169998,67.169998,294700
2007-05-21,67.349998,68.099998,66.099998,67.750000,67.750000,533400
2007-05-22,67.839996,69.040001,67.639999,68.809998,68.809998,473300
2007-05-23,69.000000,69.290001,67.309998,67.660004,67.660004,289300
2007-05-24,67.849998,68.180000,65.360001,65.650002,65.650002,345700
2007-05-25,66.190002,67.099998,65.550003,65.790001,65.790001,309100
2007-05-29,65.790001,67.980003,65.580002,66.959999,66.959999,408800
2007-05-30,66.970001,67.110001,65.809998,66.989998,66.989998,257800
2007-05-31,66.849998,68.389999,66.410004,67.650002,67.650002,375500
2007-06-01,68.239998,70.459999,68.080002,70.400002,70.400002,671200
2007-06-04,70.500000,70.559998,69.919998,70.510002,70.510002,506000
2007-06-05,70.250000,73.680000,70.250000,72.510002,72.510002,1423600
2007-06-06,72.010002,72.300003,70.750000,71.199997,71.199997,385700
2007-06-07,71.120003,71.570000,70.230003,71.449997,71.449997,597900
2007-06-08,71.940002,72.000000,70.519997,71.750000,71.750000,357400
2007-06-11,71.750000,72.849998,71.290001,71.559998,71.559998,262800
2007-06-12,71.220001,74.750000,71.080002,73.029999,73.029999,992100
2007-06-13,73.760002,74.809998,73.220001,74.070000,74.070000,1168500
2007-06-14,74.459999,75.000000,73.250000,73.709999,73.709999,656900
2007-06-15,74.870003,75.220001,74.260002,74.849998,74.849998,1047400
2007-06-18,75.129997,75.680000,74.080002,74.379997,74.379997,374800
2007-06-19,74.559998,75.000000,73.940002,74.400002,74.400002,298400
2007-06-20,74.849998,74.900002,72.900002,73.050003,73.050003,493700
2007-06-21,72.879997,74.089996,72.750000,73.629997,73.629997,540200
2007-06-22,73.760002,74.860001,73.610001,74.180000,74.180000,758900
2007-06-25,74.150002,75.980003,74.080002,75.180000,75.180000,771500
2007-06-26,75.349998,76.580002,75.040001,76.150002,76.150002,952700
2007-06-27,75.980003,77.230003,74.769997,77.230003,77.230003,584800
2007-06-28,76.800003,78.430000,76.800003,77.680000,77.680000,1021600
2007-06-29,78.209999,78.720001,77.470001,77.940002,77.940002,597000
2007-07-02,78.370003,78.839996,77.620003,78.000000,78.000000,549600
2007-07-03,78.099998,78.980003,78.059998,78.860001,78.860001,330400
2007-07-05,78.489998,78.949997,78.169998,78.629997,78.629997,256700
2007-07-06,78.989998,79.070000,78.250000,78.629997,78.629997,305500
2007-07-09,79.040001,79.040001,78.040001,78.769997,78.769997,459000
2007-07-10,78.839996,78.839996,76.849998,76.989998,76.989998,483100
2007-07-11,77.099998,77.709999,75.980003,76.779999,76.779999,1360300
2007-07-12,77.320000,78.800003,77.099998,77.889999,77.889999,772800
2007-07-13,78.129997,79.470001,77.739998,79.339996,79.339996,715600
2007-07-16,79.260002,80.930000,78.680000,79.959999,79.959999,811300
2007-07-17,79.730003,81.269997,79.730003,80.639999,80.639999,489600
2007-07-18,80.250000,80.709999,79.660004,80.300003,80.300003,862800
2007-07-19,80.620003,80.919998,80.180000,80.790001,80.790001,377700
2007-07-20,80.610001,81.660004,80.500000,81.129997,81.129997,571700
2007-07-23,81.230003,82.349998,80.459999,82.050003,82.050003,709200
2007-07-24,82.339996,83.400002,81.419998,81.919998,81.919998,927300
2007-07-25,82.580002,83.099998,80.779999,81.489998,81.489998,835600
2007-07-26,80.849998,81.779999,78.529999,79.879997,79.879997,961000
2007-07-27,79.620003,82.309998,79.620003,81.570000,81.570000,994200
2007-07-30,82.169998,82.290001,81.110001,81.209999,81.209999,1191700
2007-07-31,81.449997,81.500000,79.430000,79.430000,79.430000,826200
2007-08-01,79.070000,82.330002,76.800003,78.209999,78.209999,1210200
2007-08-02,79.489998,82.660004,79.489998,80.930000,80.930000,1732800
2007-08-03,81.129997,83.379997,81.010002,82.669998,82.669998,1080300
2007-08-06,83.010002,84.129997,81.250000,83.959999,83.959999,1037600
2007-08-07,80.800003,84.190002,80.459999,83.900002,83.900002,1183500
2007-08-08,84.620003,90.260002,84.500000,89.129997,89.129997,1477400
2007-08-09,86.110001,95.650002,83.089996,91.870003,91.870003,1917000
2007-08-10,89.860001,90.339996,84.290001,85.260002,85.260002,1491300
2007-08-13,86.500000,88.000000,82.989998,84.300003,84.300003,773600
2007-08-14,84.949997,84.949997,81.129997,82.139999,82.139999,636500
2007-08-15,82.129997,82.309998,80.440002,80.690002,80.690002,695900
2007-08-16,79.489998,79.980003,73.550003,77.889999,77.889999,1673000
2007-08-17,80.000000,84.000000,79.699997,80.730003,80.730003,717000
2007-08-20,81.250000,82.559998,80.440002,81.519997,81.519997,461500
2007-08-21,81.910004,82.959999,80.379997,81.580002,81.580002,516500
2007-08-22,81.010002,84.360001,81.010002,83.980003,83.980003,566200
2007-08-23,84.540001,85.000000,83.330002,83.860001,83.860001,323200
2007-08-24,84.620003,85.570000,81.089996,85.449997,85.449997,291400
2007-08-27,87.250000,87.250000,84.989998,85.510002,85.510002,538300
2007-08-28,84.419998,84.959999,83.180000,83.260002,83.260002,300600
2007-08-29,84.120003,84.800003,83.019997,83.489998,83.489998,452000
2007-08-30,83.949997,85.120003,82.239998,83.860001,83.860001,564100
2007-08-31,86.870003,87.760002,84.820000,84.900002,84.900002,699500
2007-09-04,84.370003,87.489998,84.370003,86.570000,86.570000,353500
2007-09-05,86.190002,86.940002,85.970001,86.910004,86.910004,324200
2007-09-06,86.849998,89.199997,86.669998,88.070000,88.070000,456700
2007-09-07,86.699997,89.320000,86.510002,87.889999,87.889999,544700
2007-09-10,88.559998,88.629997,86.230003,86.910004,86.910004,270900
2007-09-11,87.620003,87.779999,85.660004,87.410004,87.410004,460300
2007-09-12,87.449997,88.800003,86.970001,87.279999,87.279999,259300
2007-09-13,87.879997,89.949997,87.419998,88.790001,88.790001,381600
2007-09-14,88.080002,89.550003,88.080002,89.010002,89.010002,284600
2007-09-17,88.699997,89.410004,87.980003,88.730003,88.730003,341400
2007-09-18,89.290001,91.959999,87.699997,91.480003,91.480003,754000
2007-09-19,91.980003,93.379997,91.559998,92.730003,92.730003,693400
2007-09-20,92.650002,92.949997,91.320000,92.209999,92.209999,350400
2007-09-21,92.339996,93.459999,91.730003,92.970001,92.970001,455400
2007-09-24,93.410004,94.000000,91.449997,92.529999,92.529999,252200
2007-09-25,91.400002,94.209999,91.059998,94.040001,94.040001,250000
2007-09-26,94.779999,95.769997,93.529999,95.639999,95.639999,1028400
2007-09-27,96.070000,96.080002,91.559998,92.360001,92.360001,1130800
2007-09-28,92.900002,93.720001,91.879997,93.070000,93.070000,407200
2007-10-01,92.849998,95.889999,92.080002,94.519997,94.519997,477600
2007-10-02,94.620003,96.400002,93.459999,94.639999,94.639999,412800
2007-10-03,93.879997,97.070000,92.930000,95.610001,95.610001,483500
2007-10-04,96.139999,96.320000,91.930000,93.230003,93.230003,586800
2007-10-05,94.000000,95.930000,93.500000,95.349998,95.349998,278300
2007-10-08,95.419998,99.199997,95.129997,98.570000,98.570000,485200
2007-10-09,98.800003,101.809998,98.599998,101.050003,101.050003,560800
2007-10-10,101.050003,103.730003,98.169998,103.570000,103.570000,633900
2007-10-11,103.800003,104.339996,98.800003,99.029999,99.029999,658000
2007-10-12,99.849998,102.510002,99.059998,102.199997,102.199997,645800
2007-10-15,101.110001,102.129997,99.389999,99.949997,99.949997,431300
2007-10-16,99.879997,102.589996,99.139999,101.360001,101.360001,1091500
2007-10-17,102.730003,103.739998,100.940002,102.779999,102.779999,429500
2007-10-18,102.570000,103.150002,100.750000,101.500000,101.500000,348300
2007-10-19,101.529999,102.860001,99.360001,99.599998,99.599998,687800
2007-10-22,98.739998,101.650002,97.269997,101.110001,101.110001,792700
2007-10-23,102.320000,103.650002,101.589996,103.379997,103.379997,378800
2007-10-24,103.000000,104.750000,102.400002,104.000000,104.000000,341600
2007-10-25,104.559998,104.839996,101.120003,103.739998,103.739998,234200
2007-10-26,104.430000,106.989998,103.570000,106.080002,106.080002,273900
2007-10-29,107.099998,109.070000,105.209999,108.919998,108.919998,460200
2007-10-30,109.099998,112.919998,107.629997,109.209999,109.209999,834700
2007-10-31,110.519997,111.360001,105.949997,107.489998,107.489998,907700
2007-11-01,106.730003,106.730003,99.000000,101.050003,101.050003,1889800
2007-11-02,83.250000,86.680000,79.400002,80.070000,80.070000,5044500
2007-11-05,79.150002,83.650002,77.250000,83.099998,83.099998,1690200
2007-11-06,83.099998,86.959999,80.629997,86.349998,86.349998,899600
2007-11-07,85.809998,86.620003,84.500000,84.730003,84.730003,861200
2007-11-08,85.309998,86.860001,80.900002,83.900002,83.900002,649900
2007-11-09,83.000000,83.870003,80.629997,80.900002,80.900002,693200
2007-11-12,81.019997,81.160004,76.410004,76.900002,76.900002,1179200
2007-11-13,76.970001,78.419998,74.000000,77.449997,77.449997,1064100
2007-11-14,77.529999,78.379997,74.660004,75.790001,75.790001,800500
2007-11-15,75.279999,77.550003,74.620003,76.260002,76.260002,623800
2007-11-16,76.339996,77.029999,74.129997,75.860001,75.860001,878200
2007-11-19,75.190002,75.650002,73.000000,73.169998,73.169998,700600
2007-11-20,73.000000,76.260002,72.779999,75.000000,75.000000,1215400
2007-11-21,74.930000,75.190002,73.610001,74.500000,74.500000,335300
2007-11-23,75.000000,75.599998,73.669998,74.830002,74.830002,144600
2007-11-26,74.959999,76.669998,73.639999,73.750000,73.750000,262400
2007-11-27,73.750000,76.089996,73.750000,75.650002,75.650002,440400
2007-11-28,76.660004,79.000000,75.760002,78.610001,78.610001,388200
2007-11-29,78.580002,79.510002,77.440002,77.889999,77.889999,411900
2007-11-30,79.070000,79.330002,77.019997,77.550003,77.550003,407900
2007-12-03,77.989998,79.000000,76.300003,78.559998,78.559998,477400
2007-12-04,77.989998,79.379997,77.680000,77.760002,77.760002,367400
2007-12-05,77.589996,78.989998,76.709999,77.970001,77.970001,437000
2007-12-06,77.379997,81.440002,77.260002,81.220001,81.220001,431000
2007-12-07,80.410004,84.790001,80.410004,84.339996,84.339996,546800
2007-12-10,84.629997,84.980003,82.239998,82.559998,82.559998,570700
2007-12-11,83.139999,84.510002,79.139999,79.139999,79.139999,419100
2007-12-12,81.510002,82.949997,80.010002,81.669998,81.669998,492800
2007-12-13,81.690002,82.099998,78.709999,79.970001,79.970001,739500
2007-12-14,79.620003,81.309998,78.029999,78.690002,78.690002,578800
2007-12-17,78.660004,79.699997,77.050003,77.870003,77.870003,465600
2007-12-18,78.400002,79.830002,75.320000,79.389999,79.389999,567800
2007-12-19,79.720001,81.870003,78.959999,81.070000,81.070000,414200
2007-12-20,82.129997,85.150002,81.669998,85.150002,85.150002,658000
2007-12-21,97.680000,98.750000,88.250000,93.360001,93.360001,2799400
2007-12-24,94.000000,96.209999,93.400002,94.519997,94.519997,242800
2007-12-26,94.500000,97.269997,94.099998,96.570000,96.570000,297800
2007-12-27,96.000000,97.300003,93.099998,95.570000,95.570000,434700
2007-12-28,96.620003,98.949997,95.339996,98.699997,98.699997,680700
2007-12-31,98.139999,98.949997,95.370003,95.970001,95.970001,377900
2008-01-02,95.430000,98.150002,94.970001,95.959999,95.959999,477500
2008-01-03,96.349998,98.250000,95.080002,97.870003,97.870003,614400
2008-01-04,98.410004,98.410004,91.849998,92.540001,92.540001,635600
2008-01-07,93.000000,95.000000,90.000000,92.980003,92.980003,709700
2008-01-08,93.050003,96.559998,89.910004,89.940002,89.940002,711100
2008-01-09,89.610001,92.410004,88.209999,91.470001,91.470001,621600
2008-01-10,90.599998,92.209999,89.389999,91.370003,91.370003,586200
2008-01-11,89.769997,91.139999,87.019997,88.339996,88.339996,1099100
2008-01-14,88.370003,90.370003,88.029999,89.540001,89.540001,482600
2008-01-15,88.470001,90.330002,87.059998,89.029999,89.029999,461600
2008-01-16,89.279999,90.110001,85.500000,87.050003,87.050003,531800
2008-01-17,87.800003,91.000000,86.449997,86.989998,86.989998,746200
2008-01-18,87.139999,89.089996,83.120003,84.839996,84.839996,839800
2008-01-22,82.080002,84.500000,78.230003,81.230003,81.230003,779700
2008-01-23,79.220001,81.000000,75.550003,80.000000,80.000000,1213700
2008-01-24,80.610001,82.650002,80.010002,80.750000,80.750000,498900
2008-01-25,80.540001,83.989998,79.059998,79.389999,79.389999,695600
2008-01-28,79.349998,82.940002,78.230003,81.730003,81.730003,544900
2008-01-29,82.070000,82.599998,80.910004,81.500000,81.500000,434600
2008-01-30,80.839996,82.980003,80.379997,80.830002,80.830002,458000
2008-01-31,80.160004,83.300003,79.320000,82.400002,82.400002,405200
2008-02-01,83.099998,88.160004,83.099998,87.849998,87.849998,659400
2008-02-04,88.300003,89.379997,86.199997,86.330002,86.330002,603600
2008-02-05,85.199997,85.720001,81.519997,81.650002,81.650002,570400
2008-02-06,82.199997,82.220001,75.459999,75.550003,75.550003,1445100
2008-02-07,75.290001,76.220001,70.480003,74.150002,74.150002,1275800
2008-02-08,73.820000,76.559998,73.370003,75.919998,75.919998,543100
2008-02-11,75.800003,77.000000,74.430000,75.849998,75.849998,594900
2008-02-12,76.389999,78.690002,73.779999,77.510002,77.510002,746300
2008-02-13,78.430000,80.500000,78.199997,80.300003,80.300003,587500
2008-02-14,80.550003,80.650002,77.489998,77.739998,77.739998,436600
2008-02-15,77.419998,78.870003,76.610001,78.010002,78.010002,326700
2008-02-19,77.529999,79.190002,76.230003,77.110001,77.110001,601000
2008-02-20,76.800003,76.800003,73.349998,75.489998,75.489998,1083800
2008-02-21,85.099998,92.000000,83.949997,88.500000,88.500000,3614900
2008-02-22,88.379997,89.830002,85.239998,89.019997,89.019997,807100
2008-02-25,89.400002,96.769997,89.400002,95.510002,95.510002,1401900
2008-02-26,94.989998,97.019997,94.239998,95.489998,95.489998,855600
2008-02-27,94.250000,100.000000,94.250000,97.580002,97.580002,897800
2008-02-28,98.379997,100.000000,97.559998,97.910004,97.910004,630900
2008-02-29,96.739998,98.199997,94.410004,95.330002,95.330002,643200
2008-03-03,95.209999,96.750000,91.849998,94.830002,94.830002,683400
2008-03-04,93.650002,94.800003,91.089996,93.290001,93.290001,754300
2008-03-05,93.809998,95.800003,92.099998,94.169998,94.169998,551800
2008-03-06,94.000000,95.430000,91.540001,92.129997,92.129997,606000
2008-03-07,91.000000,92.129997,88.800003,89.839996,89.839996,506100
2008-03-10,89.900002,90.070000,87.000000,87.160004,87.160004,467900
2008-03-11,89.809998,93.330002,88.019997,92.260002,92.260002,801100
2008-03-12,92.849998,97.440002,90.900002,94.839996,94.839996,690000
2008-03-13,93.379997,96.220001,91.750000,95.379997,95.379997,729200
2008-03-14,96.050003,96.930000,90.500000,91.330002,91.330002,567100
2008-03-17,88.570000,90.160004,86.940002,88.589996,88.589996,693000
2008-03-18,90.449997,92.800003,88.900002,92.000000,92.000000,686600
2008-03-19,92.599998,93.379997,90.699997,91.720001,91.720001,579500
2008-03-20,92.550003,95.309998,91.099998,93.629997,93.629997,1109900
2008-03-24,93.010002,96.129997,93.010002,94.580002,94.580002,670600
2008-03-25,94.400002,95.120003,93.160004,94.070000,94.070000,530000
2008-03-26,93.239998,95.089996,93.239998,94.739998,94.739998,728300
2008-03-27,95.000000,95.199997,91.910004,93.339996,93.339996,509900
2008-03-28,93.709999,95.500000,89.410004,90.279999,90.279999,1077800
2008-03-31,90.769997,91.639999,89.040001,90.230003,90.230003,523200
2008-04-01,92.029999,94.349998,90.250000,92.830002,92.830002,830800
2008-04-02,94.330002,97.650002,92.739998,96.820000,96.820000,886200
2008-04-03,96.139999,98.589996,95.589996,96.910004,96.910004,642300
2008-04-04,97.000000,98.349998,95.900002,98.040001,98.040001,518500
2008-04-07,98.849998,100.949997,95.570000,95.849998,95.849998,408200
2008-04-08,95.199997,98.599998,95.199997,97.080002,97.080002,499500
2008-04-09,97.589996,98.519997,94.209999,94.870003,94.870003,283100
2008-04-10,95.040001,97.050003,93.330002,95.330002,95.330002,395300
2008-04-11,94.389999,94.889999,90.709999,91.110001,91.110001,375800
2008-04-14,91.300003,92.870003,90.500000,91.430000,91.430000,295500
2008-04-15,91.870003,92.879997,91.250000,92.080002,92.080002,338900
2008-04-16,95.839996,98.440002,94.690002,98.120003,98.120003,689500
2008-04-17,97.879997,97.879997,94.389999,95.440002,95.440002,400500
2008-04-18,97.860001,98.639999,96.300003,98.220001,98.220001,453100
2008-04-21,98.300003,102.720001,98.279999,101.820000,101.820000,667400
2008-04-22,102.680000,102.790001,98.400002,100.180000,100.180000,575600
2008-04-23,103.680000,105.989998,101.750000,105.209999,105.209999,953800
2008-04-24,105.470001,105.470001,101.059998,103.379997,103.379997,465900
2008-04-25,104.010002,104.940002,101.010002,102.779999,102.779999,359400
2008-04-28,102.440002,106.250000,102.120003,103.620003,103.620003,822200
2008-04-29,103.379997,103.379997,97.769997,99.400002,99.400002,887400
2008-04-30,99.320000,100.860001,91.629997,93.080002,93.080002,1586700
2008-05-01,100.000000,100.000000,96.110001,96.989998,96.989998,1403700
2008-05-02,99.239998,99.239998,97.220001,97.540001,97.540001,673700
2008-05-05,97.750000,99.800003,94.760002,95.779999,95.779999,507000
2008-05-06,95.389999,95.690002,93.050003,94.470001,94.470001,426800
2008-05-07,92.260002,94.500000,90.660004,92.209999,92.209999,1360000
2008-05-08,92.769997,94.010002,91.779999,93.349998,93.349998,584400
2008-05-09,92.370003,93.089996,91.720001,92.220001,92.220001,566900
2008-05-12,92.790001,92.790001,91.190002,92.099998,92.099998,420500
2008-05-13,92.250000,93.059998,90.500000,91.959999,91.959999,547600
2008-05-14,92.279999,92.599998,89.889999,90.059998,90.059998,621000
2008-05-15,90.110001,93.059998,88.769997,92.589996,92.589996,880200
2008-05-16,93.239998,94.650002,90.639999,94.389999,94.389999,678400
2008-05-19,94.389999,95.099998,91.870003,92.870003,92.870003,701900
2008-05-20,92.080002,93.290001,90.870003,92.199997,92.199997,310200
2008-05-21,92.940002,93.000000,90.820000,91.750000,91.750000,613300
2008-05-22,91.809998,93.129997,91.089996,92.050003,92.050003,406100
2008-05-23,91.900002,93.290001,91.000000,92.040001,92.040001,421000
2008-05-27,92.500000,94.000000,91.739998,93.910004,93.910004,351300
2008-05-28,94.930000,95.019997,93.589996,95.000000,95.000000,322500
2008-05-29,94.510002,97.750000,93.940002,96.300003,96.300003,559300
2008-05-30,97.160004,97.750000,95.180000,97.580002,97.580002,510600
2008-06-02,97.080002,97.760002,95.639999,97.419998,97.419998,428300
2008-06-03,97.500000,98.449997,95.320000,96.449997,96.449997,444900
2008-06-04,95.800003,98.389999,95.489998,96.769997,96.769997,493600
2008-06-05,97.230003,98.879997,96.800003,98.620003,98.620003,447700
2008-06-06,97.720001,98.400002,96.459999,97.089996,97.089996,408500
2008-06-09,97.750000,97.930000,94.769997,95.500000,95.500000,560400
2008-06-10,93.570000,95.589996,93.500000,94.419998,94.419998,344700
2008-06-11,94.080002,94.820000,92.349998,92.349998,92.349998,370800
2008-06-12,92.900002,95.139999,92.510002,93.000000,93.000000,362500
2008-06-13,93.910004,97.239998,93.910004,96.050003,96.050003,402300
2008-06-16,95.809998,96.669998,94.830002,96.040001,96.040001,202000
2008-06-17,96.150002,96.739998,94.489998,94.750000,94.750000,267200
2008-06-18,95.040001,96.860001,94.949997,96.290001,96.290001,455200
2008-06-19,96.809998,97.889999,95.440002,97.839996,97.839996,430700
2008-06-20,97.370003,97.989998,94.870003,96.260002,96.260002,619900
2008-06-23,97.010002,97.010002,95.099998,95.709999,95.709999,273600
2008-06-24,95.180000,97.650002,94.620003,95.510002,95.510002,336200
2008-06-25,97.279999,99.570000,96.760002,98.059998,98.059998,665900
2008-06-26,97.050003,97.949997,95.139999,97.489998,97.489998,556100
2008-06-27,97.040001,100.419998,94.559998,100.419998,100.419998,3442700
2008-06-30,99.790001,100.470001,95.559998,98.349998,98.349998,1280400
2008-07-01,97.900002,101.000000,96.820000,100.739998,100.739998,1825400
2008-07-02,99.510002,101.000000,95.940002,96.800003,96.800003,686200
2008-07-03,96.800003,96.930000,93.910004,96.570000,96.570000,392000
2008-07-07,96.160004,97.900002,94.040001,94.419998,94.419998,499000
2008-07-08,93.860001,94.000000,91.610001,93.709999,93.709999,567200
2008-07-09,93.269997,96.699997,92.260002,92.459999,92.459999,485300
2008-07-10,92.930000,94.940002,92.169998,94.199997,94.199997,499100
2008-07-11,92.650002,94.470001,90.970001,91.980003,91.980003,407000
2008-07-14,94.750000,94.750000,87.190002,88.599998,88.599998,896300
2008-07-15,88.599998,89.209999,84.709999,87.739998,87.739998,1496500
2008-07-16,87.220001,89.169998,86.529999,89.000000,89.000000,560300
2008-07-17,89.330002,91.669998,88.610001,91.559998,91.559998,653900
2008-07-18,90.940002,92.660004,90.580002,92.300003,92.300003,630500
2008-07-21,93.900002,96.000000,93.070000,94.959999,94.959999,812300
2008-07-22,94.830002,97.790001,94.000000,96.339996,96.339996,988400
2008-07-23,97.489998,97.500000,95.760002,96.180000,96.180000,617900
2008-07-24,96.959999,97.709999,93.330002,94.349998,94.349998,491800
2008-07-25,94.110001,96.220001,94.000000,94.629997,94.629997,565400
2008-07-28,95.389999,95.620003,92.220001,92.510002,92.510002,488500
2008-07-29,92.500000,93.440002,91.980003,92.980003,92.980003,407300
2008-07-30,93.000000,94.080002,90.750000,91.470001,91.470001,821000
2008-07-31,96.349998,96.349998,90.769997,92.330002,92.330002,1547600
2008-08-01,93.820000,93.820000,90.669998,92.239998,92.239998,469800
2008-08-04,93.300003,93.459999,92.029999,92.410004,92.410004,644000
2008-08-05,92.570000,96.500000,91.970001,96.250000,96.250000,771100
2008-08-06,95.860001,98.389999,95.459999,97.879997,97.879997,367900
2008-08-07,96.360001,98.620003,96.209999,98.050003,98.050003,337100
2008-08-08,97.050003,101.230003,97.050003,100.809998,100.809998,514200
2008-08-11,99.900002,100.680000,98.769997,99.919998,99.919998,364400
2008-08-12,99.010002,100.570000,98.809998,100.129997,100.129997,284400
2008-08-13,100.930000,101.180000,98.620003,100.919998,100.919998,269200
2008-08-14,98.389999,103.099998,98.230003,102.650002,102.650002,664500
2008-08-15,102.330002,105.230003,100.769997,105.029999,105.029999,739700
2008-08-18,105.989998,105.989998,101.919998,102.230003,102.230003,439300
2008-08-19,98.430000,103.489998,98.430000,101.860001,101.860001,289100
2008-08-20,102.290001,103.559998,101.510002,102.989998,102.989998,491700
2008-08-21,102.989998,103.769997,101.680000,103.430000,103.430000,303400
2008-08-22,103.440002,105.279999,103.410004,104.790001,104.790001,240000
2008-08-25,104.300003,104.300003,102.510002,103.239998,103.239998,156900
2008-08-26,103.120003,103.589996,100.690002,101.639999,101.639999,289600
2008-08-27,102.000000,103.980003,101.660004,103.449997,103.449997,319300
2008-08-28,104.540001,105.889999,103.730003,105.529999,105.529999,208600
2008-08-29,105.389999,105.760002,103.209999,103.580002,103.580002,278700
2008-09-02,103.790001,103.940002,100.110001,100.779999,100.779999,363600
2008-09-03,101.160004,101.769997,97.699997,97.980003,97.980003,300900
2008-09-04,97.169998,98.120003,95.790001,96.339996,96.339996,418400
2008-09-05,95.949997,97.589996,92.910004,97.110001,97.110001,515400
2008-09-08,100.000000,101.529999,95.980003,97.940002,97.940002,300100
2008-09-09,97.540001,98.660004,95.570000,96.800003,96.800003,462800
2008-09-10,97.330002,97.330002,93.949997,97.059998,97.059998,495900
2008-09-11,96.029999,97.620003,94.260002,96.830002,96.830002,453400
2008-09-12,96.139999,98.800003,94.019997,97.629997,97.629997,394800
2008-09-15,96.080002,100.029999,93.199997,93.610001,93.610001,647400
2008-09-16,93.169998,96.349998,92.089996,94.870003,94.870003,557900
2008-09-17,92.519997,94.000000,90.830002,90.830002,90.830002,769900
2008-09-18,91.230003,99.239998,89.519997,97.919998,97.919998,1181600
2008-09-19,92.790001,101.790001,92.790001,99.269997,99.269997,660700
2008-09-22,99.089996,100.809998,94.989998,95.889999,95.889999,310000
2008-09-23,96.570000,97.220001,93.660004,95.000000,95.000000,352800
2008-09-24,95.830002,97.000000,94.239998,94.900002,94.900002,328600
2008-09-25,95.230003,98.620003,94.769997,97.989998,97.989998,451200
2008-09-26,95.699997,96.339996,94.389999,95.839996,95.839996,447200
2008-09-29,94.550003,95.000000,87.800003,91.180000,91.180000,1290800
2008-09-30,89.230003,92.040001,87.699997,88.529999,88.529999,799100
2008-10-01,88.419998,90.099998,87.379997,88.410004,88.410004,354500
2008-10-02,87.750000,88.089996,80.370003,80.440002,80.440002,876500
2008-10-03,81.239998,84.029999,78.610001,78.610001,78.610001,532900
2008-10-06,75.870003,77.430000,69.099998,74.349998,74.349998,804400
2008-10-07,74.510002,78.690002,69.889999,70.339996,70.339996,655400
2008-10-08,69.050003,74.550003,67.059998,73.019997,73.019997,1053200
2008-10-09,73.110001,76.000000,70.099998,71.129997,71.129997,1352000
2008-10-10,69.370003,74.610001,66.029999,71.250000,71.250000,1382100
2008-10-13,74.540001,81.430000,74.010002,81.040001,81.040001,619800
2008-10-14,82.080002,82.129997,74.169998,75.949997,75.949997,1061800
2008-10-15,73.089996,75.000000,67.599998,68.099998,68.099998,508000
2008-10-16,67.320000,67.500000,55.000000,58.650002,58.650002,2906000
2008-10-17,57.500000,61.980000,56.599998,57.099998,57.099998,1351000
2008-10-20,58.759998,60.290001,57.320000,59.560001,59.560001,795700
2008-10-21,58.369999,59.580002,55.009998,55.250000,55.250000,621600
2008-10-22,55.000000,55.000000,51.250000,51.900002,51.900002,613200
2008-10-23,54.000000,54.540001,47.939999,49.060001,49.060001,926000
2008-10-24,45.970001,49.570000,45.000000,48.660000,48.660000,927600
2008-10-27,47.000000,48.259998,45.169998,45.310001,45.310001,680900
2008-10-28,45.799999,48.090000,44.060001,47.529999,47.529999,937200
2008-10-29,48.509998,53.349998,47.080002,50.830002,50.830002,1695400
2008-10-30,48.520000,53.500000,48.520000,49.630001,49.630001,1187400
2008-10-31,49.099998,49.540001,47.520000,48.480000,48.480000,1154200
2008-11-03,48.619999,50.520000,48.070000,49.549999,49.549999,892000
2008-11-04,51.000000,53.220001,50.740002,52.880001,52.880001,1260000
2008-11-05,53.189999,54.200001,50.630001,51.029999,51.029999,1042500
2008-11-06,52.160000,53.910000,47.130001,47.529999,47.529999,958400
2008-11-07,48.540001,51.000000,47.430000,50.200001,50.200001,608900
2008-11-10,50.110001,51.389999,48.540001,48.740002,48.740002,871600
2008-11-11,48.680000,50.400002,46.599998,46.799999,46.799999,998200
2008-11-12,46.939999,46.939999,42.320000,42.860001,42.860001,969600
2008-11-13,42.490002,46.680000,41.259998,46.680000,46.680000,1466000
2008-11-14,45.139999,46.660000,43.220001,44.150002,44.150002,601100
2008-11-17,42.830002,45.000000,41.310001,41.400002,41.400002,730800
2008-11-18,41.730000,42.869999,39.689999,41.299999,41.299999,724000
2008-11-19,40.540001,40.970001,36.000000,36.360001,36.360001,1228600
2008-11-20,35.720001,38.310001,34.250000,34.430000,34.430000,935100
2008-11-21,34.910000,38.009998,34.279999,37.959999,37.959999,1056500
2008-11-24,38.709999,41.689999,37.750000,40.840000,40.840000,915900
2008-11-25,41.549999,41.889999,39.169998,41.880001,41.880001,801700
2008-11-26,42.840000,45.849998,42.330002,45.619999,45.619999,1301200
2008-11-28,45.990002,47.410000,45.459999,47.380001,47.380001,330100
2008-12-01,47.250000,47.250000,43.529999,43.700001,43.700001,879000
2008-12-02,43.970001,46.630001,43.020000,45.470001,45.470001,978400
2008-12-03,44.180000,44.540001,42.110001,44.160000,44.160000,688100
2008-12-04,43.970001,45.889999,42.880001,43.669998,43.669998,564500
2008-12-05,42.610001,47.380001,41.950001,47.000000,47.000000,709900
2008-12-08,48.830002,58.320000,48.830002,57.160000,57.160000,2032100
2008-12-09,55.049999,58.430000,54.950001,56.200001,56.200001,1142900
2008-12-10,57.000000,61.180000,57.000000,58.130001,58.130001,793500
2008-12-11,57.009998,60.680000,55.549999,57.650002,57.650002,914900
2008-12-12,56.439999,58.619999,55.939999,57.279999,57.279999,844700
2008-12-15,57.450001,58.950001,53.799999,54.750000,54.750000,743500
2008-12-16,55.349998,56.529999,53.500000,56.220001,56.220001,813100
2008-12-17,54.849998,60.000000,54.250000,59.790001,59.790001,808500
2008-12-18,60.189999,60.540001,57.099998,57.970001,57.970001,507400
2008-12-19,57.060001,59.849998,57.000000,59.090000,59.090000,422900
2008-12-22,56.400002,59.400002,56.400002,58.480000,58.480000,632100
2008-12-23,58.349998,60.000000,57.369999,57.790001,57.790001,282300
2008-12-24,58.369999,59.770000,58.040001,59.270000,59.270000,172900
2008-12-26,58.799999,58.799999,57.500000,58.130001,58.130001,152000
2008-12-29,57.619999,60.430000,57.619999,59.000000,59.000000,417100
2008-12-30,60.389999,62.799999,58.840000,62.369999,62.369999,1200300
2008-12-31,62.869999,65.430000,62.560001,63.740002,63.740002,670300
2009-01-02,64.230003,66.080002,62.560001,65.949997,65.949997,335500
2009-01-05,64.980003,66.580002,63.549999,65.730003,65.730003,498700
2009-01-06,63.070000,65.879997,63.070000,64.680000,64.680000,650000
2009-01-07,63.830002,63.830002,60.009998,60.810001,60.810001,574000
2009-01-08,60.770000,63.490002,60.110001,63.279999,63.279999,386100
2009-01-09,64.889999,64.889999,60.000000,60.549999,60.549999,402000
2009-01-12,61.029999,61.840000,60.330002,60.860001,60.860001,438500
2009-01-13,60.119999,61.959999,59.349998,61.500000,61.500000,780100
2009-01-14,59.360001,59.990002,56.840000,58.430000,58.430000,1380300
2009-01-15,58.849998,63.310001,57.820000,62.110001,62.110001,830700
2009-01-16,60.759998,62.669998,59.230000,62.639999,62.639999,1564700
2009-01-20,61.009998,61.799999,57.580002,58.000000,58.000000,1068900
2009-01-21,59.349998,59.889999,56.419998,58.990002,58.990002,719100
2009-01-22,58.049999,58.349998,55.900002,56.990002,56.990002,866200
2009-01-23,55.900002,59.150002,55.500000,58.099998,58.099998,782500
2009-01-26,59.389999,60.900002,59.009998,60.009998,60.009998,592800
2009-01-27,60.220001,62.770000,59.590000,62.419998,62.419998,851000
2009-01-28,63.490002,65.320000,62.650002,65.000000,65.000000,563100
2009-01-29,64.980003,66.440002,63.840000,66.250000,66.250000,1045800
2009-01-30,65.260002,66.660004,64.290001,65.300003,65.300003,655300
2009-02-02,61.619999,62.130001,59.310001,60.310001,60.310001,888900
2009-02-03,60.669998,61.439999,59.540001,60.759998,60.759998,405400
2009-02-04,60.549999,61.080002,58.779999,60.189999,60.189999,613900
2009-02-05,60.119999,61.500000,59.299999,60.720001,60.720001,842300
2009-02-06,60.950001,63.619999,60.419998,63.169998,63.169998,483600
2009-02-09,62.029999,62.439999,58.900002,59.290001,59.290001,1117700
2009-02-10,59.230000,60.290001,57.250000,58.209999,58.209999,590900
2009-02-11,58.700001,59.000000,56.310001,57.610001,57.610001,562700
2009-02-12,56.500000,58.500000,56.320000,58.040001,58.040001,574200
2009-02-13,57.790001,58.660000,56.790001,57.959999,57.959999,611000
2009-02-17,56.669998,57.250000,53.490002,54.099998,54.099998,1010100
2009-02-18,54.400002,54.970001,50.660000,53.459999,53.459999,1347700
2009-02-19,50.540001,50.919998,45.639999,45.980000,45.980000,2972000
2009-02-20,44.720001,47.070000,43.040001,46.840000,46.840000,1779400
2009-02-23,46.580002,47.490002,44.869999,44.980000,44.980000,1440200
2009-02-24,45.849998,48.349998,45.020000,47.820000,47.820000,810700
2009-02-25,48.000000,48.410000,45.990002,47.490002,47.490002,912300
2009-02-26,48.049999,48.799999,47.110001,48.220001,48.220001,891200
2009-02-27,47.540001,47.900002,44.389999,44.660000,44.660000,1147500
2009-03-02,43.860001,44.380001,40.099998,40.590000,40.590000,1296700
2009-03-03,41.590000,42.180000,40.919998,41.610001,41.610001,791900
2009-03-04,42.470001,45.540001,42.320000,44.939999,44.939999,1032000
2009-03-05,44.610001,44.740002,41.660000,41.889999,41.889999,712700
2009-03-06,42.130001,42.549999,40.630001,41.910000,41.910000,928900
2009-03-09,41.139999,42.500000,40.650002,40.910000,40.910000,424600
2009-03-10,42.259998,45.490002,41.520000,45.389999,45.389999,914300
2009-03-11,46.020000,48.500000,45.779999,46.580002,46.580002,953100
2009-03-12,46.820000,49.980000,46.090000,49.720001,49.720001,691500
2009-03-13,49.860001,50.230000,47.980000,48.790001,48.790001,565000
2009-03-16,47.259998,48.830002,43.970001,44.299999,44.299999,1332100
2009-03-17,44.639999,44.730000,42.349998,44.570000,44.570000,908600
2009-03-18,44.599998,45.779999,43.279999,45.009998,45.009998,784600
2009-03-19,45.869999,46.630001,44.970001,45.740002,45.740002,600400
2009-03-20,45.500000,45.950001,42.040001,42.869999,42.869999,772500
2009-03-23,44.459999,46.410000,43.150002,46.000000,46.000000,689900
2009-03-24,45.840000,47.500000,45.310001,46.320000,46.320000,646400
2009-03-25,45.939999,47.430000,44.810001,46.180000,46.180000,845300
2009-03-26,45.500000,49.410000,45.500000,49.080002,49.080002,4562700
2009-03-27,48.590000,50.480000,47.730000,49.439999,49.439999,1476700
2009-03-30,47.799999,48.529999,45.900002,47.950001,47.950001,1129300
2009-03-31,48.330002,48.599998,47.090000,47.349998,47.349998,707200
2009-04-01,46.520000,47.250000,45.189999,47.119999,47.119999,746200
2009-04-02,48.099998,48.590000,47.090000,47.240002,47.240002,1084500
2009-04-03,47.299999,47.959999,46.779999,47.880001,47.880001,598200
2009-04-06,49.150002,49.150002,45.459999,46.110001,46.110001,785200
2009-04-07,45.650002,45.650002,43.759998,44.070000,44.070000,455600
2009-04-08,44.400002,44.810001,43.810001,44.709999,44.709999,507100
2009-04-09,45.509998,47.500000,45.049999,47.290001,47.290001,901200
2009-04-13,46.980000,47.230000,45.060001,46.049999,46.049999,398200
2009-04-14,46.330002,46.400002,45.150002,45.500000,45.500000,362100
2009-04-15,45.430000,46.040001,44.389999,45.139999,45.139999,585500
2009-04-16,46.660000,47.610001,45.630001,46.720001,46.720001,754400
2009-04-17,46.540001,47.110001,45.520000,46.549999,46.549999,463400
2009-04-20,46.590000,46.630001,45.099998,45.150002,45.150002,517900
2009-04-21,45.160000,45.660000,44.139999,44.939999,44.939999,680200
2009-04-22,44.430000,47.660000,44.430000,46.430000,46.430000,696000
2009-04-23,46.779999,47.279999,45.110001,46.439999,46.439999,729700
2009-04-24,46.779999,48.740002,45.970001,47.580002,47.580002,1001700
2009-04-27,46.049999,48.150002,46.049999,47.290001,47.290001,977000
2009-04-28,46.919998,48.439999,46.060001,48.169998,48.169998,1275400
2009-04-29,47.730000,52.400002,47.730000,51.349998,51.349998,1823800
2009-04-30,46.099998,49.900002,42.770000,46.000000,46.000000,5180000
2009-05-01,45.939999,46.990002,45.570000,46.779999,46.779999,992700
2009-05-04,46.860001,50.000000,46.540001,49.820000,49.820000,1217300
2009-05-05,49.029999,49.790001,48.630001,49.549999,49.549999,721400
2009-05-06,49.900002,50.160000,48.900002,49.490002,49.490002,726600
2009-05-07,50.150002,50.200001,47.290001,48.200001,48.200001,825500
2009-05-08,48.580002,49.189999,47.369999,48.849998,48.849998,385900
2009-05-11,47.700001,49.230000,47.700001,48.740002,48.740002,468300
2009-05-12,48.779999,49.189999,47.230000,48.110001,48.110001,427600
2009-05-13,47.880001,48.410000,46.200001,46.709999,46.709999,549400
2009-05-14,46.000000,48.029999,46.000000,47.689999,47.689999,470200
2009-05-15,47.779999,49.360001,47.779999,48.680000,48.680000,560200
2009-05-18,48.939999,50.029999,47.950001,50.000000,50.000000,653200
2009-05-19,50.779999,57.650002,50.250000,56.419998,56.419998,2574800
2009-05-20,57.320000,59.220001,56.720001,58.330002,58.330002,1892300
2009-05-21,58.130001,58.959999,56.630001,57.970001,57.970001,826300
2009-05-22,58.509998,58.590000,56.709999,56.779999,56.779999,505200
2009-05-26,56.400002,58.369999,56.160000,58.220001,58.220001,812400
2009-05-27,57.529999,58.240002,55.720001,56.389999,56.389999,1051600
2009-05-28,57.520000,57.770000,55.160000,55.810001,55.810001,856100
2009-05-29,55.000000,58.340000,54.180000,58.340000,58.340000,3037900
2009-06-01,58.520000,60.139999,58.520000,59.200001,59.200001,1162200
2009-06-02,59.770000,62.189999,59.330002,60.779999,60.779999,1332000
2009-06-03,61.619999,62.000000,58.360001,59.470001,59.470001,636700
2009-06-04,59.200001,59.860001,58.240002,58.740002,58.740002,562900
2009-06-05,59.119999,59.270000,56.540001,57.279999,57.279999,602300
2009-06-08,59.990002,60.509998,57.660000,59.509998,59.509998,974600
2009-06-09,60.349998,60.610001,58.470001,60.500000,60.500000,620100
2009-06-10,60.560001,61.169998,58.250000,59.520000,59.520000,579300
2009-06-11,59.950001,61.580002,59.810001,60.799999,60.799999,680400
2009-06-12,61.200001,61.200001,59.200001,60.799999,60.799999,372800
2009-06-15,59.759998,59.759998,57.240002,58.320000,58.320000,561800
2009-06-16,58.919998,59.250000,56.040001,56.400002,56.400002,587800
2009-06-17,56.099998,58.360001,55.770000,57.349998,57.349998,551700
2009-06-18,56.980000,57.759998,56.290001,56.599998,56.599998,378100
2009-06-19,57.500000,57.959999,55.959999,56.590000,56.590000,490100
2009-06-22,55.520000,55.950001,54.130001,54.259998,54.259998,727700
2009-06-23,54.439999,54.560001,52.049999,52.509998,52.509998,680700
2009-06-24,53.040001,55.200001,52.959999,53.490002,53.490002,774700
2009-06-25,53.509998,54.240002,52.820000,53.700001,53.700001,425900
2009-06-26,53.799999,54.650002,52.880001,54.400002,54.400002,559800
2009-06-29,54.439999,55.919998,54.200001,55.410000,55.410000,512300
2009-06-30,55.759998,55.820000,54.419998,55.070000,55.070000,467200
2009-07-01,54.860001,56.250000,54.040001,55.270000,55.270000,420700
2009-07-02,54.580002,54.730000,53.060001,53.459999,53.459999,432800
2009-07-06,52.980000,53.240002,51.029999,51.860001,51.860001,539100
2009-07-07,51.639999,52.470001,51.150002,51.240002,51.240002,754900
2009-07-08,51.590000,52.230000,50.150002,50.889999,50.889999,698500
2009-07-09,50.930000,51.410000,50.259998,50.880001,50.880001,412500
2009-07-10,50.419998,51.400002,50.419998,51.360001,51.360001,528600
2009-07-13,51.730000,52.310001,50.849998,52.299999,52.299999,459100
2009-07-14,52.110001,52.490002,51.410000,52.150002,52.150002,482400
2009-07-15,53.220001,54.480000,52.549999,54.139999,54.139999,433400
2009-07-16,54.380001,55.230000,54.049999,55.099998,55.099998,323100
2009-07-17,55.270000,55.299999,54.169998,54.590000,54.590000,224300
2009-07-20,54.419998,55.799999,54.290001,55.759998,55.759998,368300
2009-07-21,56.090000,56.849998,55.439999,55.990002,55.990002,443200
2009-07-22,55.689999,56.139999,55.200001,55.389999,55.389999,348800
2009-07-23,55.410000,55.410000,54.410000,55.009998,55.009998,1000800
2009-07-24,54.360001,56.470001,54.099998,56.029999,56.029999,1247600
2009-07-27,56.200001,56.840000,55.029999,56.169998,56.169998,596400
2009-07-28,56.080002,57.200001,55.830002,56.459999,56.459999,540900
2009-07-29,56.259998,56.910000,54.849998,55.840000,55.840000,838300
2009-07-30,53.660000,54.000000,50.369999,52.310001,52.310001,2270700
2009-07-31,51.910000,52.759998,51.480000,52.169998,52.169998,824100
2009-08-03,52.939999,53.700001,52.400002,53.529999,53.529999,595000
2009-08-04,53.270000,54.080002,52.459999,52.680000,52.680000,503400
2009-08-05,53.320000,53.630001,51.160000,52.139999,52.139999,612200
2009-08-06,52.799999,52.939999,51.520000,52.320000,52.320000,370200
2009-08-07,53.639999,54.639999,53.200001,54.080002,54.080002,596500
2009-08-10,54.119999,54.500000,53.619999,53.869999,53.869999,385900
2009-08-11,54.049999,54.169998,52.450001,53.090000,53.090000,554300
2009-08-12,52.990002,53.820000,52.349998,52.500000,52.500000,628000
2009-08-13,52.549999,53.279999,51.750000,52.689999,52.689999,925000
2009-08-14,52.790001,53.130001,51.590000,52.389999,52.389999,431900
2009-08-17,51.849998,51.990002,51.169998,51.880001,51.880001,668500
2009-08-18,51.959999,52.650002,51.360001,52.529999,52.529999,406900
2009-08-19,51.820000,53.099998,51.509998,52.950001,52.950001,382500
2009-08-20,52.619999,53.230000,52.500000,53.070000,53.070000,452500
2009-08-21,53.650002,53.980000,52.980000,53.380001,53.380001,606600
2009-08-24,53.599998,54.160000,52.900002,53.169998,53.169998,413100
2009-08-25,53.290001,54.099998,52.910000,53.650002,53.650002,563300
2009-08-26,53.740002,54.080002,53.150002,53.700001,53.700001,301200
2009-08-27,54.000000,54.000000,53.299999,53.799999,53.799999,363500
2009-08-28,54.400002,54.910000,54.160000,54.689999,54.689999,372200
2009-08-31,53.959999,54.889999,53.959999,54.790001,54.790001,341800
2009-09-01,54.959999,56.240002,54.040001,55.279999,55.279999,926100
2009-09-02,54.939999,56.590000,54.889999,56.259998,56.259998,836500
2009-09-03,56.250000,56.939999,55.520000,56.860001,56.860001,456800
2009-09-04,56.630001,58.060001,56.090000,58.000000,58.000000,366400
2009-09-08,58.119999,59.590000,58.080002,59.560001,59.560001,927100
2009-09-09,59.840000,60.250000,58.639999,60.150002,60.150002,387700
2009-09-10,60.750000,61.439999,60.549999,61.310001,61.310001,356600
2009-09-11,61.240002,63.439999,61.240002,62.849998,62.849998,610500
2009-09-14,62.580002,63.270000,62.500000,63.119999,63.119999,251500
2009-09-15,63.400002,64.910004,63.259998,64.669998,64.669998,526300
2009-09-16,64.870003,64.980003,64.239998,64.540001,64.540001,572400
2009-09-17,64.500000,67.720001,64.349998,66.669998,66.669998,1013200
2009-09-18,66.599998,67.889999,66.519997,66.889999,66.889999,470700
2009-09-21,66.389999,66.389999,65.089996,65.849998,65.849998,360400
2009-09-22,66.029999,66.459999,64.790001,65.110001,65.110001,475000
2009-09-23,64.949997,65.470001,63.779999,64.110001,64.110001,490300
2009-09-24,64.040001,64.610001,62.380001,63.250000,63.250000,417600
2009-09-25,62.849998,63.560001,61.880001,62.349998,62.349998,221900
2009-09-28,62.200001,63.599998,61.810001,63.049999,63.049999,270300
2009-09-29,63.320000,64.500000,63.070000,64.169998,64.169998,299000
2009-09-30,64.419998,65.190002,63.169998,64.139999,64.139999,433700
2009-10-01,64.330002,64.330002,60.119999,60.889999,60.889999,629300
2009-10-02,60.320000,60.900002,59.299999,59.480000,59.480000,441700
2009-10-05,59.400002,61.049999,59.189999,60.740002,60.740002,357600
2009-10-06,61.259998,63.070000,61.250000,61.970001,61.970001,464300
2009-10-07,61.509998,62.830002,60.930000,61.509998,61.509998,378500
2009-10-08,61.610001,62.950001,61.349998,62.090000,62.090000,400700
2009-10-09,61.880001,62.490002,61.000000,62.349998,62.349998,511800
2009-10-12,61.680000,63.209999,61.680000,62.169998,62.169998,307300
2009-10-13,62.279999,62.599998,61.660000,62.240002,62.240002,333700
2009-10-14,60.419998,61.509998,60.000000,60.529999,60.529999,1226800
2009-10-15,60.389999,60.910000,59.000000,59.619999,59.619999,1238100
2009-10-16,59.450001,59.450001,56.110001,57.290001,57.290001,1233800
2009-10-19,57.259998,57.520000,56.509998,56.779999,56.779999,784300
2009-10-20,58.349998,58.680000,57.200001,57.410000,57.410000,911000
2009-10-21,57.939999,58.810001,56.119999,56.130001,56.130001,750400
2009-10-22,56.930000,56.939999,54.919998,55.910000,55.910000,719600
2009-10-23,58.990002,59.889999,57.880001,58.150002,58.150002,1343000
2009-10-26,58.900002,59.650002,57.310001,57.790001,57.790001,870300
2009-10-27,59.200001,61.380001,58.810001,59.650002,59.650002,1518200
2009-10-28,59.900002,59.900002,57.430000,57.610001,57.610001,1002400
2009-10-29,57.299999,62.020000,57.200001,61.790001,61.790001,2223900
2009-10-30,60.919998,62.169998,59.509998,60.040001,60.040001,1449800
2009-11-02,60.980000,61.200001,59.500000,60.259998,60.259998,687300
2009-11-03,59.990002,61.509998,59.660000,61.240002,61.240002,1010900
2009-11-04,61.689999,62.480000,61.150002,61.320000,61.320000,928000
2009-11-05,62.500000,63.360001,62.070000,63.130001,63.130001,943500
2009-11-06,62.830002,63.410000,61.939999,62.680000,62.680000,661000
2009-11-09,63.029999,63.389999,62.459999,63.310001,63.310001,586600
2009-11-10,63.180000,63.669998,62.430000,62.919998,62.919998,673200
2009-11-11,63.480000,64.309998,63.230000,64.110001,64.110001,603300
2009-11-12,64.099998,64.599998,62.910000,63.240002,63.240002,415700
2009-11-13,63.590000,64.059998,62.650002,63.520000,63.520000,469700
2009-11-16,63.599998,65.000000,63.279999,63.910000,63.910000,463100
2009-11-17,63.500000,64.169998,62.889999,64.059998,64.059998,594800
2009-11-18,64.000000,64.370003,63.590000,63.950001,63.950001,256900
2009-11-19,63.639999,63.650002,61.369999,62.250000,62.250000,428400
2009-11-20,61.790001,62.430000,61.549999,62.189999,62.189999,304000
2009-11-23,62.779999,63.500000,62.369999,62.689999,62.689999,188000
2009-11-24,62.770000,62.770000,61.099998,62.049999,62.049999,310800
2009-11-25,61.810001,62.250000,61.169998,62.000000,62.000000,289300
2009-11-27,60.430000,61.180000,60.189999,60.470001,60.470001,186300
2009-11-30,60.480000,61.240002,60.130001,60.790001,60.790001,391300
2009-12-01,61.389999,62.299999,61.259998,61.810001,61.810001,297500
2009-12-02,62.040001,63.110001,61.580002,61.880001,61.880001,225000
2009-12-03,61.250000,62.990002,61.250000,61.639999,61.639999,287100
2009-12-04,62.430000,63.040001,61.700001,62.169998,62.169998,395900
2009-12-07,61.790001,62.209999,61.060001,61.439999,61.439999,243800
2009-12-08,62.080002,62.720001,60.880001,62.610001,62.610001,308200
2009-12-09,62.900002,63.380001,61.889999,63.119999,63.119999,346200
2009-12-10,63.450001,64.190002,63.000000,63.980000,63.980000,344500
2009-12-11,64.459999,64.800003,63.220001,64.430000,64.430000,297200
2009-12-14,64.510002,66.629997,64.300003,66.510002,66.510002,611000
2009-12-15,65.820000,68.879997,65.389999,67.599998,67.599998,1155800
2009-12-16,67.230003,67.599998,66.129997,66.830002,66.830002,526000
2009-12-17,66.820000,67.339996,65.389999,65.529999,65.529999,656100
2009-12-18,66.019997,66.910004,65.320000,66.190002,66.190002,1063900
2009-12-21,66.500000,67.410004,66.050003,67.180000,67.180000,603200
2009-12-22,67.089996,67.559998,66.849998,67.339996,67.339996,393900
2009-12-23,67.660004,68.919998,67.440002,68.489998,68.489998,291600
2009-12-24,68.459999,68.480003,68.089996,68.300003,68.300003,92800
2009-12-28,68.300003,68.989998,67.760002,68.010002,68.010002,191100
2009-12-29,68.190002,68.650002,67.029999,68.400002,68.400002,297700
2009-12-30,68.440002,69.489998,68.320000,68.750000,68.750000,470800
2009-12-31,68.699997,68.750000,67.489998,67.570000,67.570000,334700
2010-01-04,68.919998,69.000000,67.580002,67.800003,67.800003,372900
2010-01-05,68.620003,70.070000,68.160004,69.830002,69.830002,649000
2010-01-06,70.050003,72.199997,69.830002,71.919998,71.919998,774200
2010-01-07,71.139999,71.629997,70.080002,71.570000,71.570000,293100
2010-01-08,71.330002,72.370003,70.559998,71.660004,71.660004,592600
2010-01-11,72.169998,72.500000,71.000000,71.580002,71.580002,295700
2010-01-12,71.320000,71.480003,68.980003,69.769997,69.769997,524500
2010-01-13,70.190002,71.070000,68.940002,70.930000,70.930000,268700
2010-01-14,71.099998,71.599998,70.669998,70.889999,70.889999,185600
2010-01-15,71.400002,72.489998,70.449997,70.660004,70.660004,373300
2010-01-19,70.300003,72.449997,70.300003,72.040001,72.040001,341300
2010-01-20,71.750000,71.769997,70.510002,71.610001,71.610001,203600
2010-01-21,71.889999,72.089996,66.900002,68.089996,68.089996,1167500
2010-01-22,67.830002,67.830002,64.000000,64.050003,64.050003,925200
2010-01-25,65.370003,66.180000,64.610001,65.190002,65.190002,425100
2010-01-26,65.190002,66.059998,64.500000,65.050003,65.050003,315200
2010-01-27,64.809998,64.910004,61.720001,64.029999,64.029999,793000
2010-01-28,63.750000,64.279999,61.790001,61.970001,61.970001,518500
2010-01-29,62.270000,63.130001,61.540001,61.549999,61.549999,477500
2010-02-01,61.919998,62.959999,61.779999,62.160000,62.160000,294200
2010-02-02,62.250000,63.310001,61.900002,62.820000,62.820000,391100
2010-02-03,62.820000,63.389999,62.490002,62.700001,62.700001,236500
2010-02-04,62.250000,62.259998,59.750000,60.080002,60.080002,444300
2010-02-05,59.810001,60.669998,59.119999,60.639999,60.639999,330300
2010-02-08,60.970001,60.990002,59.700001,59.709999,59.709999,185200
2010-02-09,60.209999,61.450001,60.150002,60.669998,60.669998,318200
2010-02-10,59.500000,61.220001,59.500000,60.869999,60.869999,277000
2010-02-11,60.590000,61.700001,59.470001,61.560001,61.560001,417000
2010-02-12,60.830002,61.919998,59.410000,61.340000,61.340000,460300
2010-02-16,62.040001,62.290001,60.259998,62.240002,62.240002,431400
2010-02-17,63.220001,63.380001,61.759998,62.450001,62.450001,663600
2010-02-18,65.699997,68.470001,65.449997,67.290001,67.290001,2541400
2010-02-19,66.550003,67.019997,65.320000,66.889999,66.889999,772200
2010-02-22,66.449997,66.940002,65.660004,66.059998,66.059998,353800
2010-02-23,66.000000,66.709999,65.169998,65.379997,65.379997,479600
2010-02-24,65.849998,66.489998,65.440002,66.400002,66.400002,353700
2010-02-25,65.309998,67.059998,64.949997,66.889999,66.889999,359200
2010-02-26,67.139999,67.279999,66.199997,66.949997,66.949997,308600
2010-03-01,67.779999,68.629997,67.500000,67.839996,67.839996,412300
2010-03-02,68.300003,69.889999,68.300003,69.290001,69.290001,542500
2010-03-03,69.419998,70.239998,69.070000,69.419998,69.419998,507200
2010-03-04,69.360001,70.190002,68.680000,68.720001,68.720001,323700
2010-03-05,69.050003,70.910004,69.050003,70.669998,70.669998,552100
2010-03-08,70.889999,71.400002,70.129997,71.209999,71.209999,583200
2010-03-09,70.660004,71.000000,69.160004,69.839996,69.839996,524800
2010-03-10,69.739998,70.690002,69.720001,70.370003,70.370003,377200
2010-03-11,70.250000,70.870003,69.330002,69.959999,69.959999,380400
2010-03-12,70.160004,70.599998,69.320000,69.589996,69.589996,319200
2010-03-15,69.919998,70.389999,68.769997,69.400002,69.400002,282100
2010-03-16,69.529999,69.989998,68.860001,69.750000,69.750000,554000
2010-03-17,69.620003,71.500000,69.449997,70.750000,70.750000,497700
2010-03-18,70.559998,70.559998,69.440002,69.629997,69.629997,392900
2010-03-19,69.260002,70.750000,69.040001,70.070000,70.070000,649000
2010-03-22,69.919998,71.389999,69.870003,71.029999,71.029999,341800
2010-03-23,71.169998,71.699997,70.510002,71.599998,71.599998,390800
2010-03-24,71.510002,72.760002,70.410004,72.709999,72.709999,669900
2010-03-25,72.500000,74.019997,72.339996,72.699997,72.699997,1027900
2010-03-26,72.660004,73.419998,72.129997,72.870003,72.870003,625600
2010-03-29,73.680000,75.959999,73.559998,74.949997,74.949997,620200
2010-03-30,74.360001,74.500000,72.129997,72.180000,72.180000,1050900
2010-03-31,72.510002,73.660004,72.370003,72.570000,72.570000,521000
2010-04-01,73.080002,73.589996,72.080002,72.739998,72.739998,199600
2010-04-05,73.169998,74.160004,72.540001,74.000000,74.000000,226300
2010-04-06,73.510002,74.169998,73.129997,74.010002,74.010002,245100
2010-04-07,73.540001,74.779999,72.919998,73.440002,73.440002,397800
2010-04-08,72.800003,74.279999,72.129997,74.129997,74.129997,331200
2010-04-09,74.010002,74.790001,73.900002,74.580002,74.580002,230600
2010-04-12,74.580002,74.900002,74.440002,74.449997,74.449997,160300
2010-04-13,74.500000,75.290001,74.110001,75.279999,75.279999,272200
2010-04-14,75.459999,76.099998,75.099998,76.099998,76.099998,271900
2010-04-15,75.800003,75.980003,75.160004,75.919998,75.919998,196400
2010-04-16,75.370003,75.820000,74.510002,75.379997,75.379997,523900
2010-04-19,75.360001,75.370003,73.730003,74.620003,74.620003,303000
2010-04-20,74.849998,75.970001,74.430000,75.650002,75.650002,188300
2010-04-21,75.860001,76.809998,74.989998,76.650002,76.650002,249500
2010-04-22,76.639999,76.900002,75.110001,76.660004,76.660004,478500
2010-04-23,76.959999,78.480003,76.800003,77.320000,77.320000,435200
2010-04-26,77.059998,77.349998,76.370003,76.500000,76.500000,378700
2010-04-27,76.470001,77.980003,75.290001,75.510002,75.510002,487900
2010-04-28,76.150002,76.389999,75.379997,75.970001,75.970001,378800
2010-04-29,79.110001,81.250000,79.000000,81.150002,81.150002,1184600
2010-04-30,80.449997,81.949997,79.580002,79.610001,79.610001,1063900
2010-05-03,79.900002,80.910004,79.709999,80.470001,80.470001,481000
2010-05-04,79.650002,79.699997,77.269997,77.690002,77.690002,469900
2010-05-05,76.769997,78.860001,75.430000,76.949997,76.949997,547400
2010-05-06,76.610001,78.000000,69.000000,73.940002,73.940002,555500
2010-05-07,74.000000,74.000000,69.809998,71.989998,71.989998,698600
2010-05-10,75.599998,77.180000,75.099998,75.790001,75.790001,412600
2010-05-11,75.019997,76.550003,75.019997,75.500000,75.500000,550500
2010-05-12,76.000000,77.500000,76.000000,77.410004,77.410004,753300
2010-05-13,77.220001,78.449997,76.269997,76.870003,76.870003,454900
2010-05-14,75.849998,76.379997,73.300003,73.699997,73.699997,722500
2010-05-17,73.599998,74.879997,71.480003,72.320000,72.320000,667600
2010-05-18,72.800003,72.970001,69.699997,70.440002,70.440002,578100
2010-05-19,69.540001,70.529999,67.169998,68.080002,68.080002,896400
2010-05-20,67.010002,67.410004,64.830002,65.400002,65.400002,561900
2010-05-21,64.620003,67.709999,64.309998,67.180000,67.180000,700300
2010-05-24,67.000000,67.559998,65.720001,65.849998,65.849998,252100
2010-05-25,65.000000,65.000000,62.820000,64.540001,64.540001,880900
2010-05-26,64.349998,66.169998,63.990002,64.309998,64.309998,777200
2010-05-27,65.529999,67.839996,65.269997,67.769997,67.769997,735700
2010-05-28,67.769997,67.769997,66.110001,66.660004,66.660004,458900
2010-06-01,66.360001,67.400002,65.500000,65.519997,65.519997,349900
2010-06-02,65.650002,67.449997,65.199997,67.449997,67.449997,377200
2010-06-03,66.849998,67.839996,66.589996,67.489998,67.489998,300700
2010-06-04,66.779999,67.370003,65.000000,65.370003,65.370003,393200
2010-06-07,65.610001,65.760002,63.650002,63.830002,63.830002,508400
2010-06-08,63.779999,64.080002,62.049999,62.970001,62.970001,545500
2010-06-09,63.450001,64.639999,63.049999,64.120003,64.120003,460300
2010-06-10,65.070000,65.510002,64.080002,65.290001,65.290001,287400
2010-06-11,64.900002,65.980003,64.889999,65.849998,65.849998,230100
2010-06-14,66.760002,68.800003,66.320000,67.300003,67.300003,408300
2010-06-15,67.510002,69.370003,67.330002,69.199997,69.199997,335400
2010-06-16,68.790001,69.910004,68.709999,69.830002,69.830002,304900
2010-06-17,67.599998,70.000000,66.809998,68.620003,68.620003,299600
2010-06-18,68.650002,69.540001,67.410004,67.580002,67.580002,564200
2010-06-21,68.099998,68.949997,67.160004,67.629997,67.629997,360000
2010-06-22,66.029999,67.599998,65.120003,65.559998,65.559998,686200
2010-06-23,65.500000,67.320000,65.500000,67.010002,67.010002,446300
2010-06-24,67.040001,67.260002,65.050003,65.419998,65.419998,423500
2010-06-25,65.410004,65.610001,63.849998,65.019997,65.019997,433100
2010-06-28,65.080002,66.139999,64.690002,65.040001,65.040001,163100
2010-06-29,64.220001,64.959999,62.060001,62.680000,62.680000,457700
2010-06-30,62.660000,63.470001,61.599998,61.820000,61.820000,269800
2010-07-01,62.040001,62.040001,58.810001,60.389999,60.389999,420100
2010-07-02,60.389999,60.740002,59.700001,60.240002,60.240002,202400
2010-07-06,60.830002,61.700001,59.000000,59.220001,59.220001,282900
2010-07-07,59.590000,62.230000,59.320000,62.029999,62.029999,390100
2010-07-08,62.349998,63.160000,61.750000,62.349998,62.349998,344200
2010-07-09,62.029999,62.959999,61.610001,62.259998,62.259998,160500
2010-07-12,62.130001,62.889999,60.720001,60.910000,60.910000,325700
2010-07-13,61.529999,64.150002,61.520000,63.970001,63.970001,525200
2010-07-14,64.279999,64.279999,63.000000,63.419998,63.419998,326200
2010-07-15,63.270000,64.180000,62.049999,63.000000,63.000000,316300
2010-07-16,62.830002,62.830002,61.299999,61.520000,61.520000,481300
2010-07-19,62.130001,62.980000,61.580002,62.689999,62.689999,472500
2010-07-20,61.959999,63.450001,61.610001,63.259998,63.259998,356600
2010-07-21,63.369999,63.770000,62.610001,62.730000,62.730000,518000
2010-07-22,59.799999,60.799999,52.580002,57.930000,57.930000,3562500
2010-07-23,57.900002,59.630001,57.430000,59.200001,59.200001,752900
2010-07-26,59.299999,60.060001,59.009998,60.049999,60.049999,443400
2010-07-27,60.259998,60.770000,58.400002,58.500000,58.500000,550200
2010-07-28,58.939999,59.250000,57.590000,57.880001,57.880001,530100
2010-07-29,63.250000,64.650002,62.459999,62.860001,62.860001,2518200
2010-07-30,62.270000,65.870003,60.900002,65.070000,65.070000,1161800
2010-08-02,65.050003,66.870003,59.740002,60.549999,60.549999,3836700
2010-08-03,60.700001,61.750000,58.450001,60.189999,60.189999,1206300
2010-08-04,60.230000,61.939999,60.230000,60.759998,60.759998,578100
2010-08-05,60.490002,61.830002,60.099998,61.570000,61.570000,477000
2010-08-06,60.709999,61.790001,60.200001,60.950001,60.950001,284200
2010-08-09,61.320000,62.090000,60.459999,61.959999,61.959999,263200
2010-08-10,61.119999,61.970001,60.730000,61.400002,61.400002,263900
2010-08-11,60.639999,61.000000,58.470001,59.430000,59.430000,453000
2010-08-12,58.549999,59.029999,57.230000,57.290001,57.290001,542400
2010-08-13,57.310001,58.189999,56.799999,57.020000,57.020000,246900
2010-08-16,56.639999,58.000000,56.130001,57.680000,57.680000,253700
2010-08-17,58.330002,60.389999,57.939999,59.290001,59.290001,459800
2010-08-18,58.980000,60.009998,58.310001,59.330002,59.330002,230900
2010-08-19,58.709999,59.480000,57.009998,57.189999,57.189999,350700
2010-08-20,56.650002,56.790001,55.349998,55.910000,55.910000,534900
2010-08-23,56.330002,57.310001,55.360001,55.430000,55.430000,589400
2010-08-24,55.000000,55.290001,53.740002,54.380001,54.380001,479100
2010-08-25,53.889999,55.799999,52.049999,55.599998,55.599998,668200
2010-08-26,55.570000,56.669998,53.959999,54.020000,54.020000,399900
2010-08-27,54.299999,55.439999,53.770000,55.419998,55.419998,330400
2010-08-30,54.959999,55.950001,54.049999,54.250000,54.250000,214800
2010-08-31,54.000000,54.759998,53.590000,54.000000,54.000000,285100
2010-09-01,55.000000,58.849998,55.000000,57.650002,57.650002,952900
2010-09-02,58.020000,58.450001,57.279999,58.029999,58.029999,356000
2010-09-03,58.419998,58.919998,57.990002,58.900002,58.900002,297200
2010-09-07,60.189999,60.189999,57.840000,58.119999,58.119999,199800
2010-09-08,58.070000,59.299999,57.720001,58.889999,58.889999,239100
2010-09-09,59.430000,60.000000,57.619999,58.130001,58.130001,269500
2010-09-10,58.150002,58.849998,57.439999,57.820000,57.820000,190100
2010-09-13,58.770000,60.500000,58.599998,59.970001,59.970001,413900
2010-09-14,59.990002,60.049999,58.419998,59.500000,59.500000,269000
2010-09-15,59.529999,59.599998,58.509998,59.320000,59.320000,235100
2010-09-16,59.400002,59.400002,57.279999,57.959999,57.959999,339800
2010-09-17,57.889999,58.660000,57.000000,57.410000,57.410000,542100
2010-09-20,57.669998,58.099998,57.009998,57.970001,57.970001,344900
2010-09-21,57.070000,58.330002,57.049999,57.720001,57.720001,233200
2010-09-22,57.200001,58.549999,57.169998,57.849998,57.849998,234700
2010-09-23,57.490002,58.389999,57.180000,57.779999,57.779999,288400
2010-09-24,58.880001,59.320000,57.970001,59.160000,59.160000,329100
2010-09-27,59.290001,59.290001,57.980000,58.369999,58.369999,262700
2010-09-28,59.110001,60.130001,58.900002,60.040001,60.040001,439800
2010-09-29,59.650002,60.400002,58.700001,60.270000,60.270000,971600
2010-09-30,60.900002,62.310001,60.689999,61.230000,61.230000,1046100
2010-10-01,61.689999,61.689999,59.980000,60.000000,60.000000,414400
2010-10-04,59.799999,60.259998,58.959999,59.830002,59.830002,290500
2010-10-05,60.169998,61.119999,59.720001,60.860001,60.860001,431000
2010-10-06,61.299999,62.779999,61.299999,61.900002,61.900002,577400
2010-10-07,62.180000,62.299999,60.939999,61.810001,61.810001,393800
2010-10-08,61.770000,63.070000,61.110001,62.599998,62.599998,429700
2010-10-11,62.700001,62.700001,61.529999,62.070000,62.070000,409000
2010-10-12,61.990002,62.240002,61.220001,62.020000,62.020000,476000
2010-10-13,62.540001,63.070000,61.310001,62.549999,62.549999,410300
2010-10-14,62.560001,62.970001,61.610001,62.500000,62.500000,467700
2010-10-15,62.630001,63.029999,61.599998,62.250000,62.250000,269600
2010-10-18,62.430000,62.799999,62.009998,62.599998,62.599998,308900
2010-10-19,61.950001,61.950001,59.970001,60.369999,60.369999,421700
2010-10-20,60.299999,61.259998,59.700001,60.689999,60.689999,331400
2010-10-21,60.700001,61.160000,59.490002,60.139999,60.139999,378000
2010-10-22,60.040001,61.669998,60.040001,60.709999,60.709999,297400
2010-10-25,61.310001,62.759998,61.150002,62.619999,62.619999,416800
2010-10-26,63.080002,64.500000,62.810001,63.220001,63.220001,672300
2010-10-27,63.160000,63.349998,62.189999,62.959999,62.959999,593100
2010-10-28,66.949997,67.580002,60.360001,60.849998,60.849998,2077300
2010-10-29,60.520000,60.860001,58.849998,60.770000,60.770000,978600
2010-11-01,60.959999,61.130001,58.240002,58.830002,58.830002,882700
2010-11-02,59.110001,59.820000,58.230000,59.540001,59.540001,608600
2010-11-03,59.540001,59.990002,58.790001,59.740002,59.740002,361200
2010-11-04,60.330002,61.680000,60.250000,61.610001,61.610001,543100
2010-11-05,61.419998,61.660000,60.130001,60.709999,60.709999,549900
2010-11-08,60.619999,61.849998,60.509998,61.500000,61.500000,425900
2010-11-09,61.700001,61.910000,60.439999,60.599998,60.599998,293000
2010-11-10,60.540001,61.299999,59.759998,61.230000,61.230000,432800
2010-11-11,60.439999,60.549999,59.619999,60.459999,60.459999,328000
2010-11-12,59.910000,60.639999,58.799999,59.610001,59.610001,281400
2010-11-15,59.700001,60.000000,58.700001,58.750000,58.750000,278600
2010-11-16,58.349998,58.610001,57.500000,58.400002,58.400002,510700
2010-11-17,58.279999,59.560001,57.779999,58.189999,58.189999,265700
2010-11-18,58.480000,59.470001,58.480000,58.820000,58.820000,353200
2010-11-19,58.389999,58.400002,57.500000,58.000000,58.000000,742300
2010-11-22,57.700001,58.400002,57.400002,57.939999,57.939999,322800
2010-11-23,57.380001,58.320000,57.049999,58.320000,58.320000,410200
2010-11-24,59.139999,59.910000,58.820000,58.889999,58.889999,656200
2010-11-26,58.529999,59.110001,58.119999,58.580002,58.580002,219800
2010-11-29,58.320000,58.580002,57.259998,57.840000,57.840000,404800
2010-11-30,57.380001,57.380001,56.439999,56.770000,56.770000,597900
2010-12-01,57.650002,57.650002,56.099998,56.330002,56.330002,778100
2010-12-02,54.419998,55.709999,52.029999,53.250000,53.250000,2126300
2010-12-03,53.200001,54.029999,52.200001,53.840000,53.840000,834300
2010-12-06,54.060001,54.520000,53.540001,54.200001,54.200001,589200
2010-12-07,54.849998,54.849998,53.630001,54.220001,54.220001,526600
2010-12-08,54.509998,54.709999,54.009998,54.209999,54.209999,412600
2010-12-09,54.459999,55.520000,54.000000,55.299999,55.299999,697700
2010-12-10,55.279999,56.480000,55.279999,55.889999,55.889999,515000
2010-12-13,57.060001,59.750000,55.750000,55.950001,55.950001,1418100
2010-12-14,55.560001,56.500000,55.560001,55.669998,55.669998,513900
2010-12-15,55.669998,56.160000,54.820000,54.910000,54.910000,491300
2010-12-16,54.730000,55.540001,54.250000,55.430000,55.430000,425100
2010-12-17,55.250000,55.369999,54.080002,54.439999,54.439999,821400
2010-12-20,54.349998,54.669998,54.200001,54.400002,54.400002,466100
2010-12-21,54.439999,54.810001,54.009998,54.230000,54.230000,511600
2010-12-22,54.650002,54.799999,53.820000,53.849998,53.849998,562800
2010-12-23,54.090000,55.130001,53.470001,54.730000,54.730000,453000
2010-12-27,54.410000,54.990002,54.060001,54.730000,54.730000,250700
2010-12-28,54.959999,54.990002,54.150002,54.570000,54.570000,223900
2010-12-29,55.049999,55.619999,54.720001,55.529999,55.529999,447700
2010-12-30,55.740002,56.189999,55.500000,55.869999,55.869999,863300
2010-12-31,56.150002,56.200001,55.389999,55.450001,55.450001,304300
2011-01-03,55.939999,56.000000,54.900002,55.029999,55.029999,408300
2011-01-04,55.279999,55.279999,53.900002,55.070000,55.070000,665500
2011-01-05,55.000000,55.689999,54.650002,55.419998,55.419998,411400
2011-01-06,55.939999,57.290001,55.630001,57.000000,57.000000,967000
2011-01-07,57.340000,57.340000,56.020000,56.869999,56.869999,522900
2011-01-10,56.459999,57.439999,56.200001,57.279999,57.279999,364200
2011-01-11,57.660000,58.250000,57.340000,58.240002,58.240002,664200
2011-01-12,58.669998,59.150002,58.020000,59.029999,59.029999,502900
2011-01-13,59.310001,59.400002,57.910000,58.330002,58.330002,395700
2011-01-14,58.130001,59.360001,57.840000,59.200001,59.200001,393800
2011-01-18,59.360001,59.400002,58.209999,59.279999,59.279999,579800
2011-01-19,59.139999,60.869999,59.139999,59.900002,59.900002,1440300
2011-01-20,59.630001,59.700001,58.250000,58.590000,58.590000,462700
2011-01-21,58.840000,59.270000,58.200001,58.630001,58.630001,476600
2011-01-24,58.450001,60.000000,58.310001,59.209999,59.209999,366900
2011-01-25,59.029999,59.220001,57.630001,58.380001,58.380001,602700
2011-01-26,58.660000,59.529999,58.180000,59.360001,59.360001,342500
2011-01-27,59.430000,59.750000,58.639999,59.090000,59.090000,256200
2011-01-28,59.500000,59.830002,57.590000,57.830002,57.830002,361800
2011-01-31,57.919998,58.520000,57.770000,58.020000,58.020000,295200
2011-02-01,58.540001,60.250000,58.490002,59.810001,59.810001,381200
2011-02-02,59.750000,60.259998,58.380001,58.820000,58.820000,370100
2011-02-03,58.860001,59.240002,58.000000,58.830002,58.830002,374800
2011-02-04,60.000000,64.389999,59.980000,64.139999,64.139999,1614600
2011-02-07,63.750000,63.799999,61.630001,62.119999,62.119999,778100
2011-02-08,62.250000,62.799999,61.209999,62.790001,62.790001,348600
2011-02-09,62.630001,63.189999,62.279999,63.130001,63.130001,518100
2011-02-10,62.830002,63.689999,62.500000,63.060001,63.060001,244300
2011-02-11,62.439999,63.849998,62.439999,63.389999,63.389999,524900
2011-02-14,63.330002,64.040001,63.259998,63.900002,63.900002,321000
2011-02-15,63.740002,64.099998,62.869999,63.500000,63.500000,620100
2011-02-16,63.730000,64.169998,62.730000,63.619999,63.619999,843200
2011-02-17,58.110001,58.220001,55.180000,57.290001,57.290001,3984000
2011-02-18,57.360001,58.360001,56.500000,57.709999,57.709999,1246000
2011-02-22,57.330002,57.330002,55.330002,55.590000,55.590000,888500
2011-02-23,56.430000,57.209999,55.369999,55.799999,55.799999,706400
2011-02-24,55.669998,57.480000,55.509998,56.650002,56.650002,767200
2011-02-25,56.880001,57.490002,56.509998,56.970001,56.970001,356800
2011-02-28,57.189999,57.200001,56.169998,56.709999,56.709999,402800
2011-03-01,56.980000,57.080002,55.250000,55.490002,55.490002,458700
2011-03-02,55.500000,56.720001,55.250000,56.150002,56.150002,336000
2011-03-03,56.709999,56.990002,56.360001,56.540001,56.540001,225700
2011-03-04,56.500000,56.500000,55.410000,55.980000,55.980000,309300
2011-03-07,55.930000,56.220001,53.759998,54.910000,54.910000,603800
2011-03-08,54.959999,55.189999,54.090000,54.580002,54.580002,413600
2011-03-09,54.529999,54.689999,53.080002,53.740002,53.740002,652100
2011-03-10,53.119999,53.730000,51.930000,52.750000,52.750000,566800
2011-03-11,52.560001,53.540001,52.270000,53.450001,53.450001,209300
2011-03-14,53.180000,53.349998,52.410000,52.910000,52.910000,229300
2011-03-15,51.419998,52.400002,50.759998,51.980000,51.980000,502400
2011-03-16,51.680000,51.910000,50.910000,51.029999,51.029999,1083400
2011-03-17,51.990002,52.230000,50.990002,51.139999,51.139999,473300
2011-03-18,51.689999,51.959999,50.939999,51.290001,51.290001,343000
2011-03-21,51.880001,52.470001,51.119999,51.580002,51.580002,378300
2011-03-22,51.680000,51.759998,51.380001,51.520000,51.520000,225100
2011-03-23,51.560001,51.750000,51.180000,51.459999,51.459999,389900
2011-03-24,51.919998,52.599998,51.320000,52.070000,52.070000,447800
2011-03-25,52.369999,53.200001,52.029999,53.020000,53.020000,433400
2011-03-28,53.000000,53.389999,52.279999,52.990002,52.990002,552200
2011-03-29,53.009998,54.939999,52.470001,54.840000,54.840000,632100
2011-03-30,55.330002,55.950001,55.189999,55.730000,55.730000,636300
2011-03-31,55.650002,56.439999,55.439999,56.439999,56.439999,495300
2011-04-01,56.369999,56.369999,55.060001,55.959999,55.959999,558000
2011-04-04,55.779999,56.259998,55.360001,55.779999,55.779999,334100
2011-04-05,55.439999,56.209999,55.439999,55.580002,55.580002,319800
2011-04-06,55.639999,56.200001,55.279999,55.450001,55.450001,270900
2011-04-07,55.490002,55.500000,54.750000,54.860001,54.860001,394400
2011-04-08,54.970001,55.369999,54.410000,54.500000,54.500000,420200
2011-04-11,54.770000,55.939999,54.560001,54.750000,54.750000,538700
2011-04-12,54.540001,55.389999,54.200001,54.790001,54.790001,398400
2011-04-13,55.320000,55.349998,54.669998,54.750000,54.750000,483800
2011-04-14,54.599998,54.910000,54.580002,54.630001,54.630001,442100
2011-04-15,54.590000,55.279999,54.430000,54.660000,54.660000,313100
2011-04-18,54.169998,54.500000,53.169998,53.849998,53.849998,395300
2011-04-19,54.000000,54.029999,53.250000,53.610001,53.610001,382100
2011-04-20,54.380001,54.830002,54.000000,54.590000,54.590000,375900
2011-04-21,54.689999,54.830002,54.349998,54.630001,54.630001,160900
2011-04-25,54.680000,54.730000,54.150002,54.299999,54.299999,232800
2011-04-26,54.700001,55.570000,54.220001,55.270000,55.270000,444000
2011-04-27,55.230000,55.299999,54.740002,55.180000,55.180000,466100
2011-04-28,53.250000,55.130001,53.119999,54.549999,54.549999,764800
2011-04-29,54.639999,54.709999,54.189999,54.430000,54.430000,353000
2011-05-02,54.799999,54.799999,54.009998,54.160000,54.160000,277000
2011-05-03,53.980000,54.299999,53.750000,54.169998,54.169998,427800
2011-05-04,54.029999,54.029999,53.290001,53.610001,53.610001,395800
2011-05-05,53.419998,53.880001,53.189999,53.240002,53.240002,302300
2011-05-06,53.549999,53.779999,52.939999,52.980000,52.980000,409500
2011-05-09,52.770000,53.310001,52.520000,52.930000,52.930000,241000
2011-05-10,52.980000,53.959999,52.799999,53.849998,53.849998,297200
2011-05-11,53.650002,53.970001,53.360001,53.500000,53.500000,209900
2011-05-12,53.290001,54.570000,53.290001,54.330002,54.330002,237500
2011-05-13,54.610001,55.259998,54.090000,54.919998,54.919998,480600
2011-05-16,55.040001,55.590000,54.560001,54.610001,54.610001,373500
2011-05-17,54.570000,54.570000,53.220001,53.340000,53.340000,396800
2011-05-18,53.369999,53.580002,52.970001,53.270000,53.270000,334700
2011-05-19,53.599998,54.400002,53.400002,54.110001,54.110001,316000
2011-05-20,54.139999,54.599998,53.299999,54.310001,54.310001,236500
2011-05-23,53.660000,53.799999,53.000000,53.000000,53.000000,194300
2011-05-24,53.299999,53.380001,52.860001,52.869999,52.869999,189600
2011-05-25,52.570000,53.450001,52.549999,52.930000,52.930000,221300
2011-05-26,52.919998,53.799999,52.759998,53.419998,53.419998,360100
2011-05-27,51.990002,52.189999,49.400002,50.740002,50.740002,1605000
2011-05-31,51.130001,51.560001,50.520000,51.250000,51.250000,550400
2011-06-01,51.209999,51.669998,50.560001,50.590000,50.590000,391400
2011-06-02,50.529999,51.119999,50.299999,50.459999,50.459999,365100
2011-06-03,49.900002,50.270000,49.540001,49.750000,49.750000,350100
2011-06-06,49.840000,50.049999,49.430000,49.459999,49.459999,352700
2011-06-07,49.630001,49.939999,49.320000,49.750000,49.750000,250300
2011-06-08,49.509998,49.740002,48.840000,48.970001,48.970001,661400
2011-06-09,48.970001,49.500000,48.840000,48.959999,48.959999,424500
2011-06-10,48.799999,49.080002,47.790001,48.009998,48.009998,378400
2011-06-13,48.020000,48.490002,47.700001,47.959999,47.959999,405700
2011-06-14,48.270000,48.779999,48.130001,48.220001,48.220001,362200
2011-06-15,47.919998,48.380001,47.439999,47.660000,47.660000,277200
2011-06-16,47.450001,47.840000,47.029999,47.470001,47.470001,398500
2011-06-17,47.869999,47.970001,47.610001,47.799999,47.799999,370200
2011-06-20,47.480000,47.790001,47.139999,47.369999,47.369999,260500
2011-06-21,47.459999,48.220001,47.410000,47.939999,47.939999,222500
2011-06-22,47.810001,48.480000,47.500000,47.970001,47.970001,273100
2011-06-23,47.470001,47.669998,46.889999,47.560001,47.560001,336700
2011-06-24,47.549999,47.900002,46.169998,46.849998,46.849998,1134400
2011-06-27,47.139999,47.279999,46.650002,46.680000,46.680000,279000
2011-06-28,46.990002,47.090000,46.630001,46.919998,46.919998,348000
2011-06-29,46.980000,47.590000,46.980000,47.520000,47.520000,336500
2011-06-30,47.459999,48.619999,47.459999,48.160000,48.160000,336400
2011-07-01,48.320000,49.130001,48.320000,48.840000,48.840000,320200
2011-07-05,48.709999,49.709999,48.630001,49.400002,49.400002,563000
2011-07-06,49.040001,49.529999,48.590000,48.779999,48.779999,318000
2011-07-07,48.939999,49.430000,48.860001,49.220001,49.220001,183700
2011-07-08,48.820000,48.959999,48.220001,48.939999,48.939999,263500
2011-07-11,48.700001,48.750000,48.500000,48.669998,48.669998,258200
2011-07-12,48.500000,48.750000,47.700001,47.740002,47.740002,311500
2011-07-13,47.669998,48.099998,47.139999,47.250000,47.250000,417000
2011-07-14,47.299999,47.700001,45.669998,46.090000,46.090000,562100
2011-07-15,46.189999,46.580002,45.759998,46.549999,46.549999,264900
2011-07-18,46.500000,46.950001,45.880001,46.310001,46.310001,239300
2011-07-19,46.630001,47.299999,46.630001,47.060001,47.060001,332300
2011-07-20,47.330002,47.849998,47.020000,47.730000,47.730000,323200
2011-07-21,48.000000,49.000000,47.830002,48.959999,48.959999,369500
2011-07-22,48.910000,49.369999,48.660000,49.240002,49.240002,269000
2011-07-25,48.799999,49.709999,48.799999,49.250000,49.250000,440700
2011-07-26,49.500000,49.639999,48.919998,49.250000,49.250000,477500
2011-07-27,48.730000,48.730000,46.660000,47.080002,47.080002,638500
2011-07-28,46.000000,47.310001,42.820000,43.130001,43.130001,2058300
2011-07-29,43.020000,43.810001,42.560001,43.040001,43.040001,601000
2011-08-01,43.650002,43.880001,42.040001,42.700001,42.700001,555600
2011-08-02,42.580002,43.400002,41.709999,41.820000,41.820000,557200
2011-08-03,42.000000,43.290001,41.299999,43.250000,43.250000,748500
2011-08-04,42.730000,43.099998,40.500000,40.529999,40.529999,611600
2011-08-05,40.830002,41.580002,39.020000,40.330002,40.330002,959800
2011-08-08,39.029999,39.849998,35.959999,36.549999,36.549999,923300
2011-08-09,37.180000,39.110001,36.430000,38.389999,38.389999,934500
2011-08-10,38.000000,38.470001,37.290001,37.360001,37.360001,558900
2011-08-11,37.720001,39.910000,37.400002,39.380001,39.380001,558900
2011-08-12,39.669998,40.000000,38.740002,39.349998,39.349998,347000
2011-08-15,39.580002,40.820000,39.380001,40.759998,40.759998,527300
2011-08-16,40.290001,40.669998,39.799999,40.099998,40.099998,210300
2011-08-17,40.330002,40.450001,38.000000,38.639999,38.639999,771500
2011-08-18,37.750000,37.820000,35.139999,35.450001,35.450001,782600
2011-08-19,35.080002,35.849998,34.959999,35.070000,35.070000,495900
2011-08-22,35.840000,35.880001,34.500000,34.650002,34.650002,451100
2011-08-23,34.849998,37.020000,34.849998,37.009998,37.009998,493800
2011-08-24,36.849998,37.470001,36.220001,37.439999,37.439999,211200
2011-08-25,37.540001,37.639999,36.209999,36.279999,36.279999,358900
2011-08-26,35.950001,37.950001,35.759998,37.630001,37.630001,230500
2011-08-29,38.070000,39.799999,37.820000,39.689999,39.689999,198800
2011-08-30,39.630001,40.209999,39.259998,39.919998,39.919998,312300
2011-08-31,40.310001,40.900002,39.599998,39.820000,39.820000,329100
2011-09-01,39.849998,39.939999,37.610001,37.759998,37.759998,681100
2011-09-02,37.049999,37.619999,36.240002,36.669998,36.669998,344900
2011-09-06,35.529999,36.290001,35.009998,36.150002,36.150002,334800
2011-09-07,36.889999,38.299999,36.889999,38.180000,38.180000,266300
2011-09-08,37.700001,38.049999,37.060001,37.240002,37.240002,365300
2011-09-09,36.849998,36.950001,35.470001,35.889999,35.889999,400300
2011-09-12,35.410000,35.950001,35.020000,35.889999,35.889999,337500
2011-09-13,36.040001,37.189999,35.639999,36.709999,36.709999,382800
2011-09-14,36.930000,37.959999,35.889999,37.540001,37.540001,462000
2011-09-15,37.939999,38.480000,37.360001,38.189999,38.189999,209000
2011-09-16,37.919998,38.290001,36.400002,37.259998,37.259998,602900
2011-09-19,36.590000,36.849998,35.650002,36.630001,36.630001,292100
2011-09-20,36.680000,36.889999,35.020000,35.049999,35.049999,438000
2011-09-21,35.000000,35.290001,33.889999,33.959999,33.959999,410100
2011-09-22,32.860001,32.950001,31.440001,32.320000,32.320000,666500
2011-09-23,32.049999,33.209999,32.000000,33.130001,33.130001,453500
2011-09-26,33.720001,34.430000,33.119999,33.880001,33.880001,481400
2011-09-27,34.650002,35.980000,33.930000,34.709999,34.709999,264200
2011-09-28,34.799999,34.799999,32.369999,32.610001,32.610001,370200
2011-09-29,31.840000,32.650002,31.309999,32.139999,32.139999,804700
2011-09-30,31.059999,31.170000,29.030001,29.500000,29.500000,964000
2011-10-03,29.309999,29.770000,27.500000,27.520000,27.520000,619600
2011-10-04,27.129999,29.980000,26.900000,29.969999,29.969999,655600
2011-10-05,29.760000,32.070000,29.549999,31.889999,31.889999,743800
2011-10-06,31.660000,32.619999,30.760000,32.250000,32.250000,351000
2011-10-07,32.380001,32.439999,30.059999,30.830000,30.830000,360700
2011-10-10,31.430000,32.209999,31.070000,31.530001,31.530001,259800
2011-10-11,31.490000,31.889999,30.950001,31.540001,31.540001,398900
2011-10-12,31.930000,33.150002,31.740000,32.759998,32.759998,392300
2011-10-13,33.619999,34.970001,32.840000,33.200001,33.200001,542600
2011-10-14,33.750000,33.900002,32.500000,33.310001,33.310001,253800
2011-10-17,34.709999,34.709999,33.330002,33.570000,33.570000,885800
2011-10-18,33.770000,33.779999,31.780001,32.130001,32.130001,1513900
2011-10-19,32.220001,32.250000,30.750000,31.040001,31.040001,953000
2011-10-20,31.070000,31.440001,30.400000,31.090000,31.090000,599200
2011-10-21,31.610001,31.959999,30.870001,31.480000,31.480000,1039100
2011-10-24,31.809999,33.980000,31.629999,33.860001,33.860001,655100
2011-10-25,33.790001,34.009998,32.230000,32.540001,32.540001,764000
2011-10-26,31.000000,37.450001,30.750000,35.730000,35.730000,1980400
2011-10-27,36.639999,38.990002,36.639999,37.189999,37.189999,1257400
2011-10-28,37.380001,37.580002,36.980000,37.220001,37.220001,916600
2011-10-31,38.029999,38.310001,36.450001,36.790001,36.790001,781100
2011-11-01,35.970001,37.270000,35.290001,36.439999,36.439999,1025700
2011-11-02,37.020000,37.930000,36.650002,37.580002,37.580002,687700
2011-11-03,38.139999,38.590000,37.000000,38.400002,38.400002,481000
2011-11-04,37.980000,38.790001,37.340000,38.490002,38.490002,337000
2011-11-07,38.410000,38.439999,36.840000,37.950001,37.950001,315900
2011-11-08,38.310001,38.950001,37.360001,38.169998,38.169998,428800
2011-11-09,37.029999,37.500000,35.669998,36.250000,36.250000,677200
2011-11-10,36.730000,37.000000,35.779999,35.930000,35.930000,610000
2011-11-11,36.310001,37.419998,36.279999,36.840000,36.840000,701400
2011-11-14,36.619999,37.279999,36.110001,36.720001,36.720001,318900
2011-11-15,36.459999,37.220001,35.980000,36.820000,36.820000,427200
2011-11-16,36.400002,37.700001,36.400002,36.750000,36.750000,365300
2011-11-17,36.610001,36.750000,35.500000,35.880001,35.880001,339700
2011-11-18,35.959999,36.189999,34.770000,35.009998,35.009998,458000
2011-11-21,34.230000,34.540001,33.470001,34.349998,34.349998,547300
2011-11-22,34.200001,34.320000,33.110001,33.369999,33.369999,471500
2011-11-23,33.009998,33.349998,31.469999,32.060001,32.060001,536300
2011-11-25,31.840000,32.380001,31.750000,32.200001,32.200001,229500
2011-11-28,33.189999,34.250000,33.189999,33.529999,33.529999,661600
2011-11-29,33.529999,34.220001,33.529999,33.889999,33.889999,519600
2011-11-30,35.139999,35.470001,34.709999,35.430000,35.430000,758300
2011-12-01,35.209999,35.709999,35.090000,35.400002,35.400002,455000
2011-12-02,35.779999,36.360001,35.189999,35.290001,35.290001,443200
2011-12-05,35.950001,36.820000,35.509998,36.630001,36.630001,461100
2011-12-06,36.590000,37.500000,36.470001,36.900002,36.900002,492600
2011-12-07,36.529999,37.320000,36.180000,36.869999,36.869999,491700
2011-12-08,36.480000,36.720001,35.029999,35.139999,35.139999,429700
2011-12-09,35.150002,36.740002,35.000000,36.650002,36.650002,365500
2011-12-12,36.099998,36.099998,35.040001,35.650002,35.650002,374600
2011-12-13,35.779999,36.189999,34.910000,35.020000,35.020000,398400
2011-12-14,34.910000,35.320000,34.610001,34.919998,34.919998,479100
2011-12-15,35.299999,36.000000,34.660000,34.849998,34.849998,530600
2011-12-16,35.009998,35.660000,34.720001,34.990002,34.990002,690300
2011-12-19,34.880001,35.500000,33.810001,33.910000,33.910000,642500
2011-12-20,34.290001,35.020000,33.919998,34.169998,34.169998,748100
2011-12-21,34.169998,34.549999,33.410000,34.209999,34.209999,302700
2011-12-22,33.939999,35.330002,33.939999,35.090000,35.090000,372100
2011-12-23,35.200001,35.770000,34.900002,35.770000,35.770000,196700
2011-12-27,35.630001,35.799999,35.220001,35.700001,35.700001,294100
2011-12-28,35.830002,36.000000,35.490002,35.900002,35.900002,432900
2011-12-29,35.939999,36.810001,35.840000,36.689999,36.689999,537500
2011-12-30,36.740002,36.740002,35.700001,35.770000,35.770000,320500
2012-01-03,36.500000,37.980000,36.279999,37.549999,37.549999,614000
2012-01-04,37.410000,37.439999,36.330002,36.790001,36.790001,724000
2012-01-05,36.509998,36.790001,36.110001,36.599998,36.599998,495900
2012-01-06,36.439999,37.299999,36.380001,36.770000,36.770000,238800
2012-01-09,36.770000,37.820000,36.759998,37.759998,37.759998,385100
2012-01-10,38.060001,39.040001,37.900002,38.599998,38.599998,391000
2012-01-11,38.450001,39.369999,38.220001,38.950001,38.950001,344900
2012-01-12,39.000000,39.360001,38.259998,39.119999,39.119999,256300
2012-01-13,38.919998,39.320000,38.220001,38.580002,38.580002,260700
2012-01-17,38.770000,39.090000,37.880001,37.900002,37.900002,249100
2012-01-18,37.720001,38.680000,37.619999,38.549999,38.549999,361700
2012-01-19,38.509998,39.570000,38.509998,39.060001,39.060001,402700
2012-01-20,39.000000,39.349998,38.619999,38.849998,38.849998,250000
2012-01-23,39.020000,39.480000,38.599998,38.889999,38.889999,166700
2012-01-24,38.700001,39.330002,38.279999,38.849998,38.849998,272000
2012-01-25,38.919998,39.500000,38.540001,39.340000,39.340000,363700
2012-01-26,39.689999,40.049999,39.369999,39.459999,39.459999,231000
2012-01-27,39.220001,40.279999,39.110001,40.220001,40.220001,183400
2012-01-30,39.830002,39.980000,39.450001,39.599998,39.599998,243400
2012-01-31,39.900002,40.000000,38.689999,38.790001,38.790001,317200
2012-02-01,39.009998,39.330002,38.049999,38.610001,38.610001,496600
2012-02-02,38.709999,39.060001,38.259998,38.389999,38.389999,320500
2012-02-03,38.750000,40.000000,38.430000,39.790001,39.790001,324600
2012-02-06,39.759998,41.130001,39.220001,41.040001,41.040001,403600
2012-02-07,41.000000,41.810001,40.820000,41.299999,41.299999,436900
2012-02-08,41.419998,41.770000,40.790001,41.189999,41.189999,316400
2012-02-09,41.220001,42.910000,41.040001,42.419998,42.419998,509100
2012-02-10,41.900002,41.900002,41.180000,41.450001,41.450001,530200
2012-02-13,41.709999,42.230000,40.820000,41.119999,41.119999,326000
2012-02-14,40.790001,41.230000,40.320000,40.799999,40.799999,515100
2012-02-15,40.880001,41.259998,39.450001,40.110001,40.110001,823800
2012-02-16,45.619999,50.349998,45.480000,48.230000,48.230000,4242700
2012-02-17,47.380001,48.520000,47.080002,47.880001,47.880001,1003800
2012-02-21,46.619999,47.880001,46.580002,46.779999,46.779999,850100
2012-02-22,46.730000,46.930000,46.389999,46.520000,46.520000,457800
2012-02-23,45.630001,46.290001,44.700001,45.200001,45.200001,845800
2012-02-24,45.459999,45.740002,44.599998,44.680000,44.680000,635200
2012-02-27,44.480000,45.509998,44.130001,45.110001,45.110001,731600
2012-02-28,45.220001,46.270000,45.160000,45.529999,45.529999,360300
2012-02-29,45.529999,45.799999,44.320000,44.459999,44.459999,606900
2012-03-01,44.610001,46.240002,44.380001,45.509998,45.509998,470500
2012-03-02,45.619999,45.830002,44.220001,44.480000,44.480000,302400
2012-03-05,44.400002,45.060001,44.029999,44.599998,44.599998,333600
2012-03-06,44.070000,44.299999,42.889999,43.509998,43.509998,439500
2012-03-07,43.759998,44.410000,43.340000,44.040001,44.040001,363400
2012-03-08,44.619999,45.290001,44.169998,45.060001,45.060001,367400
2012-03-09,45.000000,46.250000,45.000000,46.130001,46.130001,367400
2012-03-12,46.020000,46.080002,45.009998,45.450001,45.450001,244400
2012-03-13,45.700001,46.459999,45.090000,46.380001,46.380001,386400
2012-03-14,46.540001,46.779999,45.770000,46.130001,46.130001,290200
2012-03-15,46.230000,47.139999,46.119999,46.930000,46.930000,500500
2012-03-16,46.990002,47.049999,44.169998,44.650002,44.650002,1117800
2012-03-19,44.810001,45.009998,44.200001,44.619999,44.619999,331300
2012-03-20,44.209999,44.500000,43.509998,44.000000,44.000000,189200
2012-03-21,44.000000,44.369999,43.590000,44.040001,44.040001,210800
2012-03-22,43.340000,43.959999,43.189999,43.840000,43.840000,229300
2012-03-23,43.709999,44.290001,43.549999,44.070000,44.070000,230900
2012-03-26,44.570000,44.669998,44.070000,44.490002,44.490002,240600
2012-03-27,44.770000,44.910000,44.189999,44.860001,44.860001,246200
2012-03-28,44.820000,45.220001,44.360001,45.189999,45.189999,343100
2012-03-29,44.799999,45.630001,44.430000,45.509998,45.509998,453300
2012-03-30,45.560001,45.750000,45.119999,45.410000,45.410000,482900
2012-04-02,45.139999,45.500000,44.310001,45.259998,45.259998,483600
2012-04-03,45.070000,45.630001,44.669998,45.419998,45.419998,360900
2012-04-04,44.959999,45.139999,44.009998,44.730000,44.730000,463000
2012-04-05,44.509998,44.820000,44.000000,44.389999,44.389999,294600
2012-04-09,43.590000,43.590000,42.750000,42.770000,42.770000,332500
2012-04-10,42.689999,42.990002,41.930000,42.070000,42.070000,459200
2012-04-11,42.380001,43.450001,42.230000,43.220001,43.220001,261300
2012-04-12,43.480000,44.540001,43.240002,44.330002,44.330002,193600
2012-04-13,44.299999,44.470001,43.529999,43.610001,43.610001,383200
2012-04-16,43.790001,44.060001,43.040001,43.759998,43.759998,266600
2012-04-17,43.959999,44.700001,43.820000,44.299999,44.299999,288500
2012-04-18,43.959999,44.680000,43.830002,44.400002,44.400002,199100
2012-04-19,44.470001,45.060001,44.009998,44.490002,44.490002,424400
2012-04-20,44.580002,44.959999,44.200001,44.320000,44.320000,232000
2012-04-23,43.840000,44.080002,42.950001,43.560001,43.560001,325000
2012-04-24,43.459999,43.740002,43.060001,43.470001,43.470001,318900
2012-04-25,43.759998,45.119999,43.430000,44.730000,44.730000,687300
2012-04-26,40.259998,43.400002,39.160000,43.099998,43.099998,1823300
2012-04-27,43.189999,43.189999,41.299999,41.680000,41.680000,671100
2012-04-30,41.759998,41.980000,40.680000,40.799999,40.799999,644200
2012-05-01,40.980000,41.680000,40.790001,41.049999,41.049999,407900
2012-05-02,40.750000,41.360001,40.590000,41.330002,41.330002,337600
2012-05-03,41.349998,41.560001,40.450001,40.720001,40.720001,352800
2012-05-04,40.580002,40.580002,39.849998,40.000000,40.000000,369200
2012-05-07,39.840000,40.130001,39.240002,39.680000,39.680000,374000
2012-05-08,39.490002,40.189999,38.849998,39.990002,39.990002,313100
2012-05-09,39.660000,40.279999,38.919998,40.200001,40.200001,514000
2012-05-10,40.470001,40.509998,39.919998,40.290001,40.290001,492000
2012-05-11,39.930000,40.610001,39.930000,40.200001,40.200001,361900
2012-05-14,39.959999,40.209999,39.520000,39.730000,39.730000,325600
2012-05-15,39.500000,39.860001,38.750000,38.889999,38.889999,413600
2012-05-16,38.750000,38.790001,34.840000,34.959999,34.959999,1556800
2012-05-17,35.119999,35.450001,33.709999,33.910000,33.910000,863300
2012-05-18,33.959999,34.480000,33.450001,33.500000,33.500000,658000
2012-05-21,33.639999,35.200001,33.570000,35.119999,35.119999,663600
2012-05-22,35.259998,35.680000,34.950001,35.259998,35.259998,546100
2012-05-23,35.040001,35.419998,34.430000,35.349998,35.349998,409000
2012-05-24,35.549999,35.840000,34.799999,35.299999,35.299999,368800
2012-05-25,35.259998,35.660000,35.150002,35.330002,35.330002,219100
2012-05-29,35.799999,36.750000,35.630001,36.619999,36.619999,321000
2012-05-30,36.330002,36.340000,35.259998,35.419998,35.419998,508100
2012-05-31,35.380001,35.959999,35.169998,35.830002,35.830002,353900
2012-06-01,34.919998,35.349998,34.419998,34.959999,34.959999,306500
2012-06-04,34.709999,34.980000,33.330002,34.279999,34.279999,656700
2012-06-05,34.119999,35.020000,33.939999,34.970001,34.970001,347700
2012-06-06,35.230000,35.930000,35.220001,35.840000,35.840000,298000
2012-06-07,36.270000,36.910000,35.919998,36.080002,36.080002,280300
2012-06-08,35.930000,36.240002,35.250000,36.160000,36.160000,156700
2012-06-11,36.650002,36.650002,35.119999,35.209999,35.209999,310200
2012-06-12,35.310001,36.279999,35.099998,36.119999,36.119999,260700
2012-06-13,36.040001,36.770000,35.680000,35.959999,35.959999,439300
2012-06-14,35.930000,36.830002,35.529999,36.590000,36.590000,292100
2012-06-15,36.650002,37.770000,36.500000,37.509998,37.509998,568600
2012-06-18,37.619999,40.090000,37.570000,39.889999,39.889999,897800
2012-06-19,39.950001,40.270000,39.410000,40.090000,40.090000,518200
2012-06-20,40.189999,40.980000,39.880001,40.270000,40.270000,268400
2012-06-21,40.299999,40.310001,38.200001,38.529999,38.529999,479400
2012-06-22,38.700001,39.000000,38.080002,38.700001,38.700001,425900
2012-06-25,38.549999,39.099998,37.400002,38.810001,38.810001,541700
2012-06-26,38.959999,39.779999,38.509998,39.419998,39.419998,512300
2012-06-27,39.310001,40.070000,38.990002,39.830002,39.830002,301400
2012-06-28,39.209999,39.860001,38.669998,39.759998,39.759998,430000
2012-06-29,40.500000,41.980000,40.270000,41.240002,41.240002,499000
2012-07-02,41.240002,41.950001,40.759998,41.410000,41.410000,428900
2012-07-03,41.540001,43.599998,41.380001,43.439999,43.439999,329200
2012-07-05,43.189999,44.000000,42.490002,43.799999,43.799999,683700
2012-07-06,43.299999,43.369999,42.130001,42.500000,42.500000,284300
2012-07-09,42.200001,42.439999,41.529999,42.220001,42.220001,318600
2012-07-10,42.310001,42.610001,40.549999,40.790001,40.790001,519500
2012-07-11,40.900002,41.680000,40.520000,41.160000,41.160000,290100
2012-07-12,40.790001,41.639999,40.360001,41.310001,41.310001,214600
2012-07-13,41.400002,42.169998,41.070000,41.520000,41.520000,178700
2012-07-16,41.200001,41.200001,40.410000,40.840000,40.840000,319300
2012-07-17,41.139999,41.590000,39.880001,40.169998,40.169998,279600
2012-07-18,40.180000,42.060001,40.180000,41.220001,41.220001,630400
2012-07-19,41.459999,42.639999,40.939999,41.029999,41.029999,416900
2012-07-20,40.709999,40.919998,39.340000,39.720001,39.720001,452100
2012-07-23,39.049999,39.430000,38.549999,39.110001,39.110001,224000
2012-07-24,38.950001,39.180000,38.000000,38.400002,38.400002,316500
2012-07-25,38.590000,39.360001,38.020000,38.310001,38.310001,346300
2012-07-26,39.070000,39.290001,38.220001,38.669998,38.669998,319400
2012-07-27,39.080002,40.480000,38.990002,39.970001,39.970001,397900
2012-07-30,39.660000,40.580002,39.470001,39.549999,39.549999,301900
2012-07-31,39.520000,39.570000,38.889999,38.970001,38.970001,346500
2012-08-01,39.259998,39.259998,37.360001,38.279999,38.279999,670400
2012-08-02,41.849998,43.540001,40.490002,42.169998,42.169998,1404100
2012-08-03,42.990002,43.119999,41.910000,42.360001,42.360001,501900
2012-08-06,42.419998,42.990002,42.139999,42.480000,42.480000,430400
2012-08-07,42.610001,43.240002,42.119999,42.509998,42.509998,341300
2012-08-08,42.180000,42.919998,42.160000,42.450001,42.450001,404400
2012-08-09,42.509998,42.910000,42.320000,42.630001,42.630001,483800
2012-08-10,42.330002,44.000000,42.220001,43.939999,43.939999,524900
2012-08-13,43.720001,44.209999,43.310001,43.900002,43.900002,592900
2012-08-14,44.119999,44.250000,43.180000,43.430000,43.430000,342500
2012-08-15,43.240002,43.880001,42.980000,43.830002,43.830002,238400
2012-08-16,43.660000,44.599998,43.660000,44.459999,44.459999,355800
2012-08-17,44.310001,45.080002,44.000000,44.980000,44.980000,366900
2012-08-20,45.060001,45.200001,44.220001,44.880001,44.880001,276900
2012-08-21,44.970001,45.730000,44.470001,44.750000,44.750000,277900
2012-08-22,44.580002,44.860001,44.130001,44.730000,44.730000,201000
2012-08-23,44.520000,44.520000,43.790001,44.240002,44.240002,273700
2012-08-24,44.119999,44.599998,43.820000,44.369999,44.369999,176400
2012-08-27,44.619999,44.619999,44.009998,44.209999,44.209999,128100
2012-08-28,44.230000,44.799999,43.730000,44.490002,44.490002,225000
2012-08-29,44.439999,44.880001,43.650002,44.509998,44.509998,193600
2012-08-30,44.139999,44.200001,43.119999,43.430000,43.430000,242300
2012-08-31,43.570000,43.720001,42.770000,43.360001,43.360001,191700
2012-09-04,43.090000,43.189999,41.820000,42.980000,42.980000,278500
2012-09-05,43.070000,43.259998,42.220001,42.410000,42.410000,292800
2012-09-06,42.820000,43.250000,41.930000,43.139999,43.139999,249800
2012-09-07,43.209999,44.080002,43.029999,43.889999,43.889999,176000
2012-09-10,44.540001,45.439999,44.250000,44.970001,44.970001,293100
2012-09-11,45.099998,45.349998,44.840000,45.029999,45.029999,178800
2012-09-12,45.270000,45.500000,44.840000,45.340000,45.340000,177500
2012-09-13,45.380001,45.639999,44.779999,45.380001,45.380001,399800
2012-09-14,45.549999,46.000000,44.980000,45.849998,45.849998,165500
2012-09-17,45.750000,45.750000,45.080002,45.340000,45.340000,276300
2012-09-18,45.279999,45.490002,44.689999,44.830002,44.830002,239300
2012-09-19,44.770000,45.230000,44.770000,45.040001,45.040001,221500
2012-09-20,44.650002,44.930000,43.930000,44.049999,44.049999,168200
2012-09-21,44.169998,44.750000,43.400002,43.529999,43.529999,478000
2012-09-24,43.430000,43.910000,42.950001,43.180000,43.180000,204600
2012-09-25,43.340000,43.869999,43.230000,43.369999,43.369999,421300
2012-09-26,43.369999,43.500000,42.340000,42.459999,42.459999,255000
2012-09-27,42.770000,43.290001,42.419998,43.020000,43.020000,245400
2012-09-28,42.700001,43.270000,42.439999,43.130001,43.130001,204900
2012-10-01,43.310001,43.310001,41.750000,42.349998,42.349998,288000
2012-10-02,42.580002,42.840000,41.779999,41.830002,41.830002,205700
2012-10-03,43.279999,44.389999,43.250000,43.959999,43.959999,480900
2012-10-04,44.279999,44.810001,43.700001,44.189999,44.189999,243200
2012-10-05,44.430000,44.490002,43.700001,44.160000,44.160000,221400
2012-10-08,43.880001,44.169998,43.320000,44.110001,44.110001,263300
2012-10-09,44.099998,44.099998,43.150002,43.730000,43.730000,381300
2012-10-10,43.599998,43.779999,42.709999,42.919998,42.919998,135800
2012-10-11,43.110001,43.740002,42.709999,43.119999,43.119999,110400
2012-10-12,43.070000,43.250000,41.990002,42.270000,42.270000,221300
2012-10-15,40.189999,41.950001,39.970001,41.790001,41.790001,409000
2012-10-16,42.070000,42.439999,41.000000,41.959999,41.959999,374700
2012-10-17,42.220001,42.959999,41.450001,42.240002,42.240002,291100
2012-10-18,42.340000,42.689999,41.630001,42.580002,42.580002,233400
2012-10-19,42.470001,43.040001,41.549999,41.939999,41.939999,301500
2012-10-22,41.900002,42.189999,41.439999,41.650002,41.650002,246800
2012-10-23,41.529999,41.720001,40.880001,40.980000,40.980000,306700
2012-10-24,41.419998,41.669998,40.630001,40.660000,40.660000,245600
2012-10-25,40.919998,41.330002,40.520000,41.189999,41.189999,197300
2012-10-26,41.139999,41.369999,40.799999,41.040001,41.040001,140000
2012-10-31,41.090000,41.509998,40.650002,41.060001,41.060001,225600
2012-11-01,39.959999,40.000000,36.869999,39.570000,39.570000,952400
2012-11-02,39.610001,39.799999,39.310001,39.520000,39.520000,390500
2012-11-05,39.349998,40.099998,38.889999,39.820000,39.820000,286500
2012-11-06,40.049999,40.689999,39.779999,40.410000,40.410000,285400
2012-11-07,39.930000,40.340000,39.139999,39.360001,39.360001,349600
2012-11-08,39.230000,39.570000,38.700001,38.930000,38.930000,156400
2012-11-09,38.830002,39.520000,38.450001,38.709999,38.709999,163600
2012-11-12,38.779999,39.220001,38.389999,38.730000,38.730000,112800
2012-11-13,38.610001,39.000000,38.209999,38.770000,38.770000,319100
2012-11-14,38.779999,39.380001,38.779999,38.939999,38.939999,429100
2012-11-15,38.990002,41.810001,38.419998,41.360001,41.360001,1272200
2012-11-16,41.130001,41.220001,39.709999,40.639999,40.639999,650800
2012-11-19,41.119999,41.119999,40.119999,40.799999,40.799999,353200
2012-11-20,40.430000,40.810001,40.299999,40.619999,40.619999,248700
2012-11-21,40.750000,41.419998,40.380001,41.250000,41.250000,184500
2012-11-23,41.669998,41.669998,41.099998,41.480000,41.480000,47600
2012-11-26,41.209999,42.189999,41.009998,41.740002,41.740002,268000
2012-11-27,41.939999,42.580002,41.759998,42.240002,42.240002,306300
2012-11-28,41.799999,43.619999,41.799999,43.509998,43.509998,392300
2012-11-29,43.720001,43.910000,43.110001,43.310001,43.310001,235400
2012-11-30,43.419998,44.060001,43.410000,43.799999,43.799999,336700
2012-12-03,43.720001,44.200001,42.560001,43.040001,43.040001,490800
2012-12-04,43.090000,43.959999,42.919998,43.779999,43.779999,268600
2012-12-05,44.009998,44.240002,43.540001,43.939999,43.939999,210700
2012-12-06,43.709999,44.240002,43.430000,43.880001,43.880001,223300
2012-12-07,43.930000,44.000000,43.580002,43.840000,43.840000,104100
2012-12-10,43.889999,44.630001,43.889999,44.520000,44.520000,159700
2012-12-11,44.549999,44.959999,44.380001,44.580002,44.580002,239200
2012-12-12,44.799999,44.990002,44.040001,44.139999,44.139999,142200
2012-12-13,44.290001,44.340000,43.750000,44.209999,44.209999,222000
2012-12-14,44.220001,44.990002,44.090000,44.480000,44.480000,183000
2012-12-17,44.529999,44.810001,43.950001,44.650002,44.650002,349400
2012-12-18,44.549999,45.270000,44.320000,45.119999,45.119999,295400
2012-12-19,44.930000,45.250000,44.349998,45.139999,45.139999,236200
2012-12-20,45.049999,45.330002,44.610001,45.209999,45.209999,171400
2012-12-21,44.610001,45.410000,43.689999,45.259998,45.259998,911300
2012-12-24,45.200001,45.200001,44.080002,44.509998,44.509998,108500
2012-12-26,44.490002,45.040001,44.290001,44.570000,44.570000,132700
2012-12-27,44.509998,44.509998,43.639999,44.290001,44.290001,121000
2012-12-28,43.970001,44.180000,43.630001,43.790001,43.790001,109900
2012-12-31,43.660000,44.630001,43.560001,44.549999,44.549999,165000
2013-01-02,44.759998,45.650002,44.759998,45.630001,45.630001,213400
2013-01-03,45.580002,45.610001,45.080002,45.320000,45.320000,182800
2013-01-04,45.299999,45.799999,45.110001,45.639999,45.639999,172900
2013-01-07,45.590000,45.730000,44.610001,44.720001,44.720001,316300
2013-01-08,44.709999,45.110001,44.310001,44.880001,44.880001,281100
2013-01-09,44.930000,45.490002,44.790001,44.889999,44.889999,132700
2013-01-10,45.060001,45.259998,44.220001,44.580002,44.580002,232800
2013-01-11,44.490002,45.310001,44.259998,45.279999,45.279999,217000
2013-01-14,45.080002,45.130001,44.410000,44.799999,44.799999,184300
2013-01-15,44.500000,44.810001,44.000000,44.790001,44.790001,115400
2013-01-16,44.700001,45.110001,44.369999,44.980000,44.980000,129400
2013-01-17,44.509998,45.049999,44.000000,44.980000,44.980000,278600
2013-01-18,45.000000,45.029999,44.650002,44.970001,44.970001,168000
2013-01-22,44.869999,45.439999,44.500000,45.290001,45.290001,256200
2013-01-23,45.410000,45.790001,45.220001,45.619999,45.619999,140600
2013-01-24,45.740002,46.410000,45.529999,46.279999,46.279999,160500
2013-01-25,46.490002,47.450001,46.220001,47.259998,47.259998,438000
2013-01-28,47.220001,47.250000,46.560001,46.759998,46.759998,254100
2013-01-29,46.650002,46.939999,46.070000,46.430000,46.430000,122100
2013-01-30,46.230000,46.700001,45.700001,45.759998,45.759998,200500
2013-01-31,45.840000,46.410000,45.630001,46.389999,46.389999,127100
2013-02-01,46.709999,46.869999,46.450001,46.480000,46.480000,189100
2013-02-04,46.400002,46.570000,45.590000,45.869999,45.869999,170500
2013-02-05,46.150002,46.320000,45.599998,46.000000,46.000000,168100
2013-02-06,46.869999,47.840000,46.360001,47.439999,47.439999,253200
2013-02-07,47.450001,47.650002,46.610001,46.930000,46.930000,234800
2013-02-08,47.040001,47.689999,46.950001,47.549999,47.549999,131400
2013-02-11,47.650002,47.889999,47.049999,47.480000,47.480000,279300
2013-02-12,47.500000,47.939999,47.299999,47.900002,47.900002,251200
2013-02-13,47.860001,48.419998,47.369999,47.849998,47.849998,283100
2013-02-14,42.020000,44.509998,42.020000,43.509998,43.509998,1181200
2013-02-15,42.990002,43.880001,42.900002,43.509998,43.509998,358700
2013-02-19,43.610001,43.619999,42.840000,43.400002,43.400002,422100
2013-02-20,43.240002,43.669998,43.139999,43.230000,43.230000,332400
2013-02-21,43.080002,43.099998,42.279999,42.349998,42.349998,487000
2013-02-22,42.410000,43.380001,42.410000,43.380001,43.380001,227300
2013-02-25,43.549999,43.549999,42.029999,42.080002,42.080002,271300
2013-02-26,42.340000,42.880001,41.939999,41.950001,41.950001,296900
2013-02-27,42.009998,42.230000,41.849998,42.099998,42.099998,288300
2013-02-28,42.110001,43.480000,42.070000,42.070000,42.070000,239300
2013-03-01,41.880001,42.049999,41.410000,41.500000,41.500000,332400
2013-03-04,41.459999,42.090000,41.349998,41.959999,41.959999,244100
2013-03-05,42.009998,42.810001,41.959999,42.320000,42.320000,176500
2013-03-06,42.619999,42.980000,42.290001,42.759998,42.759998,233100
2013-03-07,42.669998,43.400002,42.419998,43.169998,43.169998,252200
2013-03-08,43.439999,43.830002,43.180000,43.389999,43.389999,146700
2013-03-11,43.740002,43.810001,43.049999,43.650002,43.650002,190400
2013-03-12,43.470001,43.980000,43.160000,43.869999,43.869999,168400
2013-03-13,43.790001,44.779999,43.759998,44.689999,44.689999,298000
2013-03-14,44.599998,45.970001,44.599998,45.750000,45.750000,330000
2013-03-15,46.000000,46.680000,45.900002,46.349998,46.349998,720000
2013-03-18,45.990002,46.480000,45.570000,46.150002,46.150002,323400
2013-03-19,46.340000,46.459999,45.610001,46.349998,46.349998,265700
2013-03-20,46.509998,47.009998,46.130001,46.730000,46.730000,171000
2013-03-21,46.450001,46.900002,45.990002,46.000000,46.000000,247500
2013-03-22,46.009998,46.169998,45.200001,45.790001,45.790001,233800
2013-03-25,45.810001,46.230000,45.400002,45.709999,45.709999,142200
2013-03-26,45.830002,46.040001,45.490002,45.750000,45.750000,112400
2013-03-27,45.590000,46.230000,44.930000,46.049999,46.049999,188500
2013-03-28,45.910000,46.500000,45.630001,46.400002,46.400002,145600
2013-04-01,46.330002,46.400002,44.970001,45.369999,45.369999,138300
2013-04-02,45.660000,46.099998,44.820000,45.000000,45.000000,145600
2013-04-03,45.139999,45.380001,44.410000,44.759998,44.759998,374100
2013-04-04,44.740002,45.480000,44.740002,45.450001,45.450001,172300
2013-04-05,44.869999,44.930000,44.480000,44.660000,44.660000,454300
2013-04-08,44.790001,45.110001,44.520000,45.090000,45.090000,96500
2013-04-09,45.299999,45.650002,44.919998,45.400002,45.400002,134600
2013-04-10,45.619999,46.880001,45.529999,46.619999,46.619999,172900
2013-04-11,46.700001,46.919998,45.959999,46.919998,46.919998,212900
2013-04-12,46.750000,47.119999,46.450001,47.000000,47.000000,236300
2013-04-15,46.669998,46.880001,44.990002,45.610001,45.610001,388100
2013-04-16,45.959999,45.959999,44.700001,45.110001,45.110001,246200
2013-04-17,44.720001,44.930000,43.250000,43.790001,43.790001,323100
2013-04-18,43.820000,43.820000,42.619999,43.200001,43.200001,189100
2013-04-19,43.389999,43.709999,42.450001,42.820000,42.820000,265900
2013-04-22,42.799999,43.200001,42.650002,42.959999,42.959999,242600
2013-04-23,43.070000,43.860001,43.070000,43.689999,43.689999,136800
2013-04-24,43.779999,44.369999,43.660000,44.200001,44.200001,244000
2013-04-25,44.200001,45.279999,43.820000,44.389999,44.389999,346000
2013-04-26,40.540001,40.910000,38.160000,39.849998,39.849998,1556500
2013-04-29,39.880001,40.169998,38.990002,39.150002,39.150002,624600
2013-04-30,39.029999,39.750000,38.730000,39.650002,39.650002,541600
2013-05-01,39.650002,39.790001,39.189999,39.560001,39.560001,346500
2013-05-02,39.889999,40.000000,39.240002,39.439999,39.439999,283500
2013-05-03,39.900002,40.560001,39.560001,40.310001,40.310001,270800
2013-05-06,40.009998,40.279999,39.669998,40.169998,40.169998,179100
2013-05-07,40.160000,40.509998,40.000000,40.430000,40.430000,184800
2013-05-08,40.430000,40.820000,40.220001,40.799999,40.799999,141500
2013-05-09,40.580002,40.790001,40.299999,40.549999,40.549999,89400
2013-05-10,40.570000,41.259998,40.450001,40.939999,40.939999,89700
2013-05-13,40.770000,40.889999,40.000000,40.770000,40.770000,172700
2013-05-14,40.889999,41.849998,40.869999,41.400002,41.400002,185600
2013-05-15,41.549999,42.459999,41.349998,42.279999,42.279999,350000
2013-05-16,42.070000,42.900002,41.669998,42.290001,42.290001,308500
2013-05-17,42.509998,43.150002,42.459999,42.799999,42.799999,235000
2013-05-20,42.599998,43.369999,42.599998,43.099998,43.099998,194400
2013-05-21,43.209999,43.740002,43.180000,43.470001,43.470001,190700
2013-05-22,43.500000,43.869999,42.099998,42.380001,42.380001,281400
2013-05-23,42.000000,42.259998,41.619999,42.000000,42.000000,437300
2013-05-24,41.900002,41.900002,41.340000,41.630001,41.630001,196400
2013-05-28,42.150002,42.150002,41.419998,41.709999,41.709999,377000
2013-05-29,41.410000,41.500000,40.599998,41.070000,41.070000,294000
2013-05-30,41.230000,42.000000,40.740002,41.959999,41.959999,318500
2013-05-31,42.000000,42.360001,41.560001,42.000000,42.000000,374700
2013-06-03,42.150002,42.400002,41.860001,42.189999,42.189999,337600
2013-06-04,42.060001,42.240002,41.830002,41.930000,41.930000,524300
2013-06-05,42.000000,42.009998,41.619999,41.680000,41.680000,533300
2013-06-06,41.990002,42.500000,41.720001,42.470001,42.470001,384200
2013-06-07,42.610001,43.110001,42.480000,42.990002,42.990002,195600
2013-06-10,42.930000,43.009998,42.459999,42.700001,42.700001,148000
2013-06-11,42.299999,42.980000,42.020000,42.029999,42.029999,203900
2013-06-12,42.169998,42.439999,42.009998,42.250000,42.250000,234400
2013-06-13,42.250000,42.560001,41.910000,42.520000,42.520000,349200
2013-06-14,42.400002,42.740002,42.150002,42.290001,42.290001,187700
2013-06-17,42.770000,43.090000,42.380001,43.060001,43.060001,222800
2013-06-18,43.169998,43.740002,43.080002,43.450001,43.450001,283800
2013-06-19,43.400002,43.740002,43.240002,43.490002,43.490002,301900
2013-06-20,43.110001,43.110001,42.709999,42.849998,42.849998,694300
2013-06-21,42.980000,43.119999,42.119999,42.320000,42.320000,710200
2013-06-24,41.130001,42.700001,41.040001,41.200001,41.200001,329900
2013-06-25,41.709999,42.060001,41.189999,41.520000,41.520000,340300
2013-06-26,41.869999,41.919998,41.290001,41.639999,41.639999,354200
2013-06-27,41.959999,42.529999,41.959999,42.470001,42.470001,413000
2013-06-28,42.270000,42.730000,41.810001,42.430000,42.430000,4640500
2013-07-01,42.610001,43.000000,42.320000,42.830002,42.830002,436600
2013-07-02,42.740002,43.160000,40.919998,41.110001,41.110001,597500
2013-07-03,41.049999,41.450001,40.910000,41.330002,41.330002,401600
2013-07-05,41.889999,42.549999,41.490002,42.520000,42.520000,230500
2013-07-08,42.540001,42.900002,42.180000,42.279999,42.279999,298800
2013-07-09,42.580002,42.700001,42.299999,42.500000,42.500000,334700
2013-07-10,42.570000,42.919998,42.389999,42.740002,42.740002,262900
2013-07-11,43.000000,43.299999,42.529999,43.160000,43.160000,516800
2013-07-12,43.240002,43.340000,42.430000,42.520000,42.520000,367700
2013-07-15,42.509998,42.849998,42.259998,42.439999,42.439999,287200
2013-07-16,42.540001,42.820000,42.360001,42.389999,42.389999,220100
2013-07-17,42.689999,42.770000,42.209999,42.439999,42.439999,190100
2013-07-18,42.540001,42.740002,42.189999,42.730000,42.730000,254500
2013-07-19,42.509998,43.230000,42.509998,43.130001,43.130001,155600
2013-07-22,43.240002,43.810001,42.970001,43.500000,43.500000,214500
2013-07-23,43.549999,43.669998,42.910000,43.150002,43.150002,260700
2013-07-24,43.410000,43.580002,42.900002,43.090000,43.090000,218200
2013-07-25,42.919998,43.720001,42.799999,43.720001,43.720001,221100
2013-07-26,43.410000,43.820000,43.090000,43.410000,43.410000,205600
2013-07-29,43.400002,43.790001,43.029999,43.349998,43.349998,176700
2013-07-30,43.549999,43.990002,43.000000,43.270000,43.270000,227800
2013-07-31,43.299999,43.990002,42.389999,43.119999,43.119999,447200
2013-08-01,40.990002,44.000000,40.560001,40.730000,40.730000,1344500
2013-08-02,40.970001,41.090000,39.889999,40.169998,40.169998,570800
2013-08-05,40.029999,40.599998,40.020000,40.299999,40.299999,328700
2013-08-06,40.150002,40.220001,39.810001,39.959999,39.959999,228400
2013-08-07,39.939999,40.000000,39.549999,39.880001,39.880001,219400
2013-08-08,39.990002,40.209999,39.770000,39.930000,39.930000,216400
2013-08-09,39.930000,40.439999,39.480000,40.119999,40.119999,205500
2013-08-12,40.060001,40.660000,40.040001,40.599998,40.599998,251100
2013-08-13,40.709999,41.099998,40.259998,40.959999,40.959999,285400
2013-08-14,41.049999,41.070000,40.139999,40.290001,40.290001,195800
2013-08-15,39.799999,39.950001,39.340000,39.450001,39.450001,300100
2013-08-16,39.279999,39.700001,39.189999,39.310001,39.310001,187300
2013-08-19,39.330002,39.360001,38.490002,38.509998,38.509998,214300
2013-08-20,38.500000,38.930000,37.799999,38.259998,38.259998,312800
2013-08-21,38.220001,38.340000,37.869999,37.900002,37.900002,242800
2013-08-22,37.900002,38.150002,37.570000,37.919998,37.919998,157400
2013-08-23,37.900002,38.090000,37.349998,37.930000,37.930000,252400
2013-08-26,37.830002,38.099998,37.650002,37.860001,37.860001,215500
2013-08-27,37.520000,37.590000,37.009998,37.160000,37.160000,210700
2013-08-28,37.150002,37.610001,37.020000,37.410000,37.410000,346400
2013-08-29,37.270000,38.290001,37.270000,37.980000,37.980000,253700
2013-08-30,37.959999,38.240002,37.310001,37.459999,37.459999,230100
2013-09-03,37.919998,38.340000,37.520000,37.770000,37.770000,469600
2013-09-04,37.919998,38.750000,37.720001,38.480000,38.480000,352000
2013-09-05,38.400002,38.680000,38.290001,38.549999,38.549999,200000
2013-09-06,38.779999,38.830002,37.830002,38.389999,38.389999,214600
2013-09-09,38.560001,39.139999,38.330002,39.090000,39.090000,155500
2013-09-10,39.320000,39.590000,38.919998,39.490002,39.490002,221400
2013-09-11,39.330002,39.599998,38.950001,39.340000,39.340000,163600
2013-09-12,39.430000,40.400002,38.939999,40.369999,40.369999,519000
2013-09-13,40.500000,41.000000,40.279999,40.770000,40.770000,361900
2013-09-16,41.310001,41.610001,40.540001,40.639999,40.639999,252200
2013-09-17,40.470001,41.299999,40.209999,41.279999,41.279999,278300
2013-09-18,41.299999,42.320000,41.130001,42.209999,42.209999,423700
2013-09-19,42.209999,42.959999,41.950001,42.810001,42.810001,421100
2013-09-20,42.820000,43.529999,42.709999,43.000000,43.000000,795200
2013-09-23,43.000000,43.029999,42.200001,42.580002,42.580002,332300
2013-09-24,42.700001,43.040001,42.310001,42.660000,42.660000,273500
2013-09-25,42.650002,43.200001,42.380001,42.689999,42.689999,222800
2013-09-26,42.840000,43.450001,42.639999,42.980000,42.980000,296400
2013-09-27,42.610001,43.130001,42.439999,43.009998,43.009998,315300
2013-09-30,42.509998,43.090000,42.290001,42.830002,42.830002,526000
2013-10-01,42.799999,43.439999,42.529999,43.040001,43.040001,689800
2013-10-02,42.880001,43.189999,42.669998,42.950001,42.950001,364500
2013-10-03,42.910000,43.090000,42.320000,42.740002,42.740002,478000
2013-10-04,42.599998,43.189999,42.360001,42.990002,42.990002,301700
2013-10-07,42.709999,42.709999,42.310001,42.400002,42.400002,458300
2013-10-08,42.320000,42.330002,41.669998,42.060001,42.060001,446700
2013-10-09,42.160000,42.549999,41.889999,42.310001,42.310001,264400
2013-10-10,42.549999,43.639999,42.410000,43.439999,43.439999,618900
2013-10-11,43.340000,44.759998,43.230000,44.650002,44.650002,516900
2013-10-14,44.250000,44.540001,44.009998,44.200001,44.200001,215800
2013-10-15,44.160000,44.200001,43.660000,43.980000,43.980000,408900
2013-10-16,44.119999,44.450001,44.000000,44.060001,44.060001,341500
2013-10-17,44.020000,44.490002,44.020000,44.330002,44.330002,331100
2013-10-18,44.630001,44.849998,44.279999,44.840000,44.840000,273200
2013-10-21,44.779999,45.389999,44.779999,45.279999,45.279999,331700
2013-10-22,45.299999,45.560001,45.070000,45.349998,45.349998,233600
2013-10-23,45.160000,45.360001,44.830002,45.130001,45.130001,135500
2013-10-24,45.099998,45.529999,44.930000,45.200001,45.200001,180900
2013-10-25,45.369999,45.770000,45.090000,45.759998,45.759998,267800
2013-10-28,45.740002,45.860001,45.290001,45.630001,45.630001,192200
2013-10-29,45.770000,46.090000,45.240002,45.750000,45.750000,201300
2013-10-30,45.709999,45.869999,45.070000,45.580002,45.580002,338000
2013-10-31,44.980000,45.000000,42.340000,42.669998,42.669998,852000
2013-11-01,42.560001,42.599998,41.490002,41.490002,41.490002,571100
2013-11-04,41.549999,42.840000,41.330002,42.750000,42.750000,313100
2013-11-05,42.490002,43.130001,42.119999,42.840000,42.840000,314700
2013-11-06,43.110001,43.410000,42.259998,43.060001,43.060001,176400
2013-11-07,43.110001,43.480000,42.500000,42.529999,42.529999,322700
2013-11-08,42.590000,43.400002,42.590000,43.380001,43.380001,559700
2013-11-11,43.430000,43.740002,43.110001,43.520000,43.520000,157800
2013-11-12,43.520000,43.630001,43.200001,43.500000,43.500000,128800
2013-11-13,43.380001,43.709999,43.090000,43.689999,43.689999,107500
2013-11-14,43.610001,43.610001,43.180000,43.349998,43.349998,111100
2013-11-15,43.290001,43.389999,42.869999,43.180000,43.180000,188200
2013-11-18,43.250000,43.799999,43.020000,43.349998,43.349998,248800
2013-11-19,43.189999,43.189999,41.830002,42.189999,42.189999,338200
2013-11-20,42.160000,42.590000,41.669998,42.110001,42.110001,474000
2013-11-21,42.320000,42.410000,42.040001,42.389999,42.389999,267800
2013-11-22,42.480000,42.500000,41.720001,42.209999,42.209999,206000
2013-11-25,42.240002,42.430000,42.110001,42.310001,42.310001,137900
2013-11-26,42.389999,42.480000,42.119999,42.400002,42.400002,451900
2013-11-27,42.430000,42.500000,42.230000,42.400002,42.400002,213800
2013-11-29,42.650002,42.689999,42.259998,42.349998,42.349998,125400
2013-12-02,42.330002,42.330002,41.270000,41.310001,41.310001,290000
2013-12-03,41.150002,42.020000,41.150002,41.220001,41.220001,266600
2013-12-04,40.959999,41.450001,40.619999,40.750000,40.750000,176400
2013-12-05,40.740002,40.740002,40.230000,40.270000,40.270000,331800
2013-12-06,40.720001,41.240002,40.360001,40.540001,40.540001,346900
2013-12-09,40.509998,40.700001,39.830002,40.020000,40.020000,427800
2013-12-10,39.849998,40.220001,39.619999,39.689999,39.689999,576100
2013-12-11,39.830002,40.029999,39.020000,39.160000,39.160000,454800
2013-12-12,39.139999,39.290001,38.700001,38.939999,38.939999,504000
2013-12-13,38.950001,39.549999,38.529999,38.790001,38.790001,908800
2013-12-16,39.000000,39.410000,38.799999,39.020000,39.020000,553100
2013-12-17,39.160000,40.009998,38.980000,39.990002,39.990002,587800
2013-12-18,40.169998,40.369999,39.680000,40.080002,40.080002,492600
2013-12-19,40.009998,40.259998,39.750000,39.869999,39.869999,365200
2013-12-20,39.990002,40.599998,39.549999,40.320000,40.320000,878900
2013-12-23,40.419998,40.740002,39.910000,40.680000,40.680000,252700
2013-12-24,40.830002,41.139999,40.580002,40.810001,40.810001,127400
2013-12-26,40.869999,41.799999,40.790001,40.970001,40.970001,195500
2013-12-27,41.189999,41.540001,41.009998,41.500000,41.500000,243400
2013-12-30,41.549999,41.720001,41.270000,41.450001,41.450001,170400
2013-12-31,41.599998,41.790001,41.349998,41.430000,41.430000,213000
2014-01-02,41.119999,41.630001,40.340000,40.630001,40.630001,287900
2014-01-03,40.700001,41.599998,40.650002,41.540001,41.540001,311500
2014-01-06,41.619999,41.880001,40.810001,40.889999,40.889999,286300
2014-01-07,40.970001,41.590000,40.700001,41.200001,41.200001,205000
2014-01-08,40.169998,40.549999,39.849998,40.169998,40.169998,523800
2014-01-09,40.410000,40.500000,39.959999,40.400002,40.400002,220200
2014-01-10,40.480000,41.330002,40.090000,41.099998,41.099998,235900
2014-01-13,41.180000,41.529999,40.709999,40.869999,40.869999,251700
2014-01-14,41.090000,42.090000,40.540001,42.029999,42.029999,267500
2014-01-15,42.250000,42.930000,41.750000,42.799999,42.799999,249300
2014-01-16,42.680000,43.099998,42.680000,43.060001,43.060001,154800
2014-01-17,42.939999,43.220001,42.580002,42.790001,42.790001,313100
2014-01-21,43.080002,43.270000,42.520000,43.090000,43.090000,322100
2014-01-22,43.189999,43.209999,42.860001,43.139999,43.139999,172900
2014-01-23,42.849998,43.060001,42.509998,42.910000,42.910000,229200
2014-01-24,42.709999,42.910000,41.680000,41.799999,41.799999,272500
2014-01-27,41.830002,42.060001,40.889999,41.049999,41.049999,240400
2014-01-28,41.169998,41.340000,40.250000,41.139999,41.139999,391400
2014-01-29,40.709999,41.330002,40.590000,40.660000,40.660000,237400
2014-01-30,40.980000,41.610001,40.419998,41.230000,41.230000,225500
2014-01-31,40.380001,40.830002,40.040001,40.380001,40.380001,296300
2014-02-03,40.360001,40.779999,38.520000,38.720001,38.720001,717800
2014-02-04,39.000000,41.279999,38.900002,39.169998,39.169998,452700
2014-02-05,39.000000,39.950001,38.410000,38.840000,38.840000,322500
2014-02-06,38.830002,39.220001,38.459999,39.160000,39.160000,282900
2014-02-07,39.230000,39.570000,39.200001,39.430000,39.430000,277700
2014-02-10,39.380001,39.959999,38.980000,39.139999,39.139999,337400
2014-02-11,39.349998,39.709999,39.000000,39.230000,39.230000,672400
2014-02-12,40.520000,42.000000,39.189999,39.189999,39.189999,526200
2014-02-13,32.419998,33.849998,32.299999,33.639999,33.639999,3307700
2014-02-14,34.990002,36.279999,33.500000,36.119999,36.119999,1202000
2014-02-18,35.910000,36.139999,35.060001,35.139999,35.139999,846900
2014-02-19,35.110001,35.630001,34.820000,35.290001,35.290001,538500
2014-02-20,35.230000,35.590000,34.869999,35.270000,35.270000,512500
2014-02-21,35.250000,35.599998,35.040001,35.049999,35.049999,334600
2014-02-24,35.099998,35.529999,35.000000,35.189999,35.189999,325000
2014-02-25,35.139999,35.310001,34.759998,34.919998,34.919998,330700
2014-02-26,34.950001,35.410000,34.700001,35.000000,35.000000,472400
2014-02-27,34.970001,35.389999,34.740002,34.990002,34.990002,282700
2014-02-28,35.169998,35.660000,34.849998,35.000000,35.000000,391400
2014-03-03,34.759998,35.330002,34.480000,34.590000,34.590000,317400
2014-03-04,35.090000,35.500000,34.740002,35.139999,35.139999,578100
2014-03-05,35.020000,35.259998,34.759998,35.090000,35.090000,387400
2014-03-06,35.060001,35.480000,34.970001,35.150002,35.150002,264800
2014-03-07,35.470001,35.689999,35.110001,35.400002,35.400002,197900
2014-03-10,35.430000,35.570000,35.009998,35.160000,35.160000,130900
2014-03-11,35.250000,35.410000,34.189999,34.549999,34.549999,252200
2014-03-12,34.299999,35.130001,34.270000,35.060001,35.060001,286700
2014-03-13,35.090000,35.380001,34.689999,34.970001,34.970001,348100
2014-03-14,34.910000,35.599998,34.860001,35.099998,35.099998,275800
2014-03-17,35.220001,35.900002,35.220001,35.490002,35.490002,384500
2014-03-18,35.590000,35.779999,35.349998,35.680000,35.680000,313100
2014-03-19,35.709999,36.139999,35.279999,35.549999,35.549999,245300
2014-03-20,35.389999,35.840000,35.119999,35.610001,35.610001,436700
2014-03-21,35.830002,36.139999,35.599998,35.990002,35.990002,859500
2014-03-24,36.169998,36.270000,34.970001,35.480000,35.480000,248400
2014-03-25,35.700001,36.099998,35.000000,35.360001,35.360001,207100
2014-03-26,35.639999,35.779999,34.529999,34.639999,34.639999,518600
2014-03-27,34.610001,34.669998,34.139999,34.340000,34.340000,387300
2014-03-28,34.330002,35.049999,34.169998,34.639999,34.639999,250000
2014-03-31,34.950001,35.779999,34.669998,35.540001,35.540001,333300
2014-04-01,35.590000,35.880001,35.139999,35.820000,35.820000,327900
2014-04-02,35.810001,36.240002,35.529999,36.209999,36.209999,266300
2014-04-03,36.150002,36.389999,35.830002,35.950001,35.950001,188700
2014-04-04,36.189999,36.430000,34.900002,35.099998,35.099998,317500
2014-04-07,34.900002,34.900002,33.770000,34.049999,34.049999,353200
2014-04-08,34.040001,34.349998,33.509998,34.189999,34.189999,315900
2014-04-09,34.349998,35.060001,34.180000,34.820000,34.820000,366700
2014-04-10,34.770000,35.009998,33.549999,33.680000,33.680000,226100
2014-04-11,33.419998,34.509998,33.349998,34.060001,34.060001,431300
2014-04-14,34.459999,34.820000,34.090000,34.360001,34.360001,368500
2014-04-15,34.490002,34.709999,33.450001,34.040001,34.040001,204400
2014-04-16,34.349998,35.610001,34.220001,35.520000,35.520000,368000
2014-04-17,35.570000,35.939999,35.110001,35.750000,35.750000,308300
2014-04-21,35.930000,35.930000,35.209999,35.310001,35.310001,215700
2014-04-22,35.380001,35.860001,34.919998,35.529999,35.529999,254600
2014-04-23,35.520000,35.900002,35.209999,35.259998,35.259998,201600
2014-04-24,35.590000,36.189999,35.009998,36.040001,36.040001,767000
2014-04-25,37.840000,41.040001,37.330002,39.959999,39.959999,1678900
2014-04-28,40.169998,40.480000,37.889999,38.029999,38.029999,733600
2014-04-29,38.330002,38.480000,37.700001,37.759998,37.759998,415500
2014-04-30,37.570000,38.130001,36.790001,38.000000,38.000000,437300
2014-05-01,38.080002,38.880001,37.799999,38.310001,38.310001,302800
2014-05-02,38.299999,38.869999,38.110001,38.270000,38.270000,317400
2014-05-05,38.189999,38.590000,37.369999,38.070000,38.070000,340000
2014-05-06,38.009998,38.619999,37.680000,38.310001,38.310001,394200
2014-05-07,38.560001,38.919998,37.619999,38.740002,38.740002,351900
2014-05-08,38.709999,40.020000,38.410000,38.759998,38.759998,260300
2014-05-09,38.520000,39.090000,37.750000,38.889999,38.889999,295000
2014-05-12,38.990002,40.340000,38.990002,40.020000,40.020000,365600
2014-05-13,40.070000,40.340000,38.330002,38.720001,38.720001,544100
2014-05-14,38.570000,38.570000,37.400002,37.540001,37.540001,404800
2014-05-15,37.520000,38.139999,37.020000,38.049999,38.049999,508100
2014-05-16,38.189999,38.349998,37.299999,38.240002,38.240002,261600
2014-05-19,38.110001,39.099998,37.830002,38.700001,38.700001,327300
2014-05-20,38.610001,38.610001,37.360001,37.689999,37.689999,359700
2014-05-21,37.930000,38.209999,37.340000,37.689999,37.689999,166900
2014-05-22,37.669998,38.450001,37.669998,38.290001,38.290001,220700
2014-05-23,38.380001,38.970001,38.320000,38.919998,38.919998,227400
2014-05-27,39.139999,39.889999,39.139999,39.810001,39.810001,360800
2014-05-28,39.590000,39.700001,38.720001,38.849998,38.849998,253500
2014-05-29,38.849998,39.110001,38.619999,38.930000,38.930000,247200
2014-05-30,39.060001,39.060001,38.009998,38.450001,38.450001,289700
2014-06-02,38.459999,38.459999,37.459999,38.290001,38.290001,188200
2014-06-03,38.080002,38.950001,37.919998,38.430000,38.430000,270700
2014-06-04,38.290001,38.669998,38.130001,38.410000,38.410000,143800
2014-06-05,38.590000,39.689999,38.389999,39.680000,39.680000,193500
2014-06-06,39.910000,40.389999,39.720001,39.820000,39.820000,223900
2014-06-09,39.919998,40.820000,39.700001,40.419998,40.419998,257100
2014-06-10,40.230000,40.230000,39.689999,40.090000,40.090000,197500
2014-06-11,40.049999,40.529999,39.919998,40.250000,40.250000,161700
2014-06-12,40.090000,40.250000,39.560001,39.840000,39.840000,241400
2014-06-13,40.040001,40.160000,39.639999,39.810001,39.810001,263800
2014-06-16,39.669998,39.779999,38.860001,39.660000,39.660000,247300
2014-06-17,39.590000,41.000000,39.270000,40.919998,40.919998,346100
2014-06-18,40.889999,41.250000,40.389999,41.209999,41.209999,300200
2014-06-19,41.259998,41.259998,39.410000,39.889999,39.889999,388000
2014-06-20,39.889999,40.599998,39.669998,40.200001,40.200001,729400
2014-06-23,40.209999,40.490002,40.000000,40.340000,40.340000,259600
2014-06-24,40.200001,40.700001,39.709999,39.779999,39.779999,229500
2014-06-25,39.660000,40.470001,39.470001,40.270000,40.270000,229300
2014-06-26,40.290001,40.330002,39.779999,40.320000,40.320000,108300
2014-06-27,39.970001,40.900002,39.970001,40.820000,40.820000,423000
2014-06-30,40.660000,40.860001,40.000000,40.549999,40.549999,341800
2014-07-01,40.770000,41.750000,40.580002,41.419998,41.419998,414400
2014-07-02,41.320000,41.669998,40.980000,41.049999,41.049999,180200
2014-07-03,41.119999,41.540001,40.959999,41.330002,41.330002,75900
2014-07-07,41.090000,41.299999,40.730000,41.169998,41.169998,378300
2014-07-08,40.990002,41.160000,40.599998,41.099998,41.099998,265000
2014-07-09,41.340000,41.759998,41.160000,41.590000,41.590000,230500
2014-07-10,40.950001,41.439999,40.840000,41.080002,41.080002,250000
2014-07-11,40.959999,41.270000,40.730000,40.770000,40.770000,165200
2014-07-14,41.189999,41.200001,40.549999,40.889999,40.889999,179900
2014-07-15,40.910000,41.080002,40.169998,40.520000,40.520000,190900
2014-07-16,40.669998,41.279999,40.380001,40.889999,40.889999,290600
2014-07-17,40.599998,41.029999,40.599998,40.849998,40.849998,300200
2014-07-18,40.700001,41.680000,40.700001,41.500000,41.500000,169700
2014-07-21,38.880001,40.389999,37.250000,37.349998,37.349998,848300
2014-07-22,37.520000,37.630001,36.980000,37.590000,37.590000,539800
2014-07-23,37.549999,38.189999,37.270000,37.770000,37.770000,278700
2014-07-24,37.730000,38.110001,36.820000,37.259998,37.259998,355700
2014-07-25,36.930000,36.980000,36.509998,36.680000,36.680000,213700
2014-07-28,36.810001,37.000000,36.220001,36.700001,36.700001,195800
2014-07-29,36.840000,37.139999,36.310001,36.330002,36.330002,244500
2014-07-30,36.619999,37.150002,36.610001,36.900002,36.900002,208000
2014-07-31,36.480000,36.810001,35.930000,35.980000,35.980000,304800
2014-08-01,35.910000,36.259998,35.480000,35.770000,35.770000,300500
2014-08-04,35.889999,36.279999,35.490002,36.110001,36.110001,218800
2014-08-05,35.950001,36.709999,35.669998,36.400002,36.400002,258300
2014-08-06,38.290001,40.799999,38.290001,39.380001,39.380001,1187300
2014-08-07,39.599998,39.970001,39.259998,39.400002,39.400002,486500
2014-08-08,39.310001,39.990002,39.099998,39.799999,39.799999,223700
2014-08-11,40.070000,40.529999,39.709999,39.799999,39.799999,185600
2014-08-12,39.419998,39.830002,38.889999,39.480000,39.480000,201000
2014-08-13,39.509998,39.759998,39.240002,39.580002,39.580002,162400
2014-08-14,39.660000,39.919998,39.240002,39.650002,39.650002,126500
2014-08-15,40.060001,40.250000,39.279999,39.880001,39.880001,239300
2014-08-18,40.130001,40.900002,40.110001,40.650002,40.650002,203700
2014-08-19,40.720001,41.570000,40.660000,41.410000,41.410000,233100
2014-08-20,41.230000,41.400002,40.770000,41.299999,41.299999,210700
2014-08-21,41.360001,41.520000,40.799999,41.380001,41.380001,197300
2014-08-22,41.299999,41.730000,41.180000,41.459999,41.459999,139800
2014-08-25,41.660000,41.790001,41.080002,41.490002,41.490002,108400
2014-08-26,41.419998,42.029999,41.240002,41.990002,41.990002,168500
2014-08-27,41.950001,42.590000,41.830002,41.919998,41.919998,188800
2014-08-28,41.849998,42.220001,41.639999,41.959999,41.959999,102900
2014-08-29,42.009998,42.419998,41.820000,42.220001,42.220001,170400
2014-09-02,42.230000,42.540001,41.860001,41.959999,41.959999,314700
2014-09-03,42.099998,42.470001,41.779999,41.919998,41.919998,243400
2014-09-04,42.080002,42.529999,41.720001,41.790001,41.790001,147800
2014-09-05,41.580002,42.009998,41.230000,41.869999,41.869999,114800
2014-09-08,41.900002,43.209999,41.740002,42.880001,42.880001,376300
2014-09-09,42.720001,42.720001,41.650002,41.740002,41.740002,185900
2014-09-10,41.830002,42.169998,41.700001,41.900002,41.900002,120200
2014-09-11,41.610001,41.930000,41.299999,41.849998,41.849998,137600
2014-09-12,41.709999,41.770000,41.000000,41.279999,41.279999,267600
2014-09-15,41.250000,41.419998,40.389999,40.810001,40.810001,165300
2014-09-16,40.419998,40.930000,40.080002,40.630001,40.630001,248600
2014-09-17,40.610001,41.020000,40.430000,40.590000,40.590000,133200
2014-09-18,40.689999,41.830002,40.689999,41.340000,41.340000,225000
2014-09-19,41.419998,41.869999,40.130001,40.290001,40.290001,463900
2014-09-22,40.090000,40.310001,39.720001,40.040001,40.040001,225700
2014-09-23,39.880001,40.020000,39.169998,39.200001,39.200001,262700
2014-09-24,39.349998,39.490002,38.880001,38.930000,38.930000,202200
2014-09-25,38.759998,38.900002,37.900002,38.750000,38.750000,304500
2014-09-26,38.799999,39.490002,38.799999,39.290001,39.290001,317100
2014-09-29,39.040001,39.099998,38.639999,38.950001,38.950001,228000
2014-09-30,38.939999,39.650002,38.520000,39.310001,39.310001,460000
2014-10-01,39.299999,39.669998,38.700001,38.750000,38.750000,454200
2014-10-02,38.799999,39.160000,38.700001,38.919998,38.919998,281100
2014-10-03,39.270000,40.130001,39.020000,39.799999,39.799999,333700
2014-10-06,39.889999,40.070000,39.060001,39.070000,39.070000,206600
2014-10-07,38.740002,39.349998,38.259998,38.320000,38.320000,235800
2014-10-08,38.310001,38.889999,37.599998,38.750000,38.750000,235500
2014-10-09,38.599998,38.639999,37.000000,37.160000,37.160000,267700
2014-10-10,36.869999,37.480000,36.189999,36.419998,36.419998,206200
2014-10-13,36.450001,36.860001,35.959999,36.430000,36.430000,321600
2014-10-14,36.750000,37.630001,36.470001,37.279999,37.279999,281100
2014-10-15,36.709999,37.840000,36.570000,37.520000,37.520000,394600
2014-10-16,36.919998,37.700001,36.509998,37.060001,37.060001,379400
2014-10-17,37.590000,37.799999,36.869999,37.070000,37.070000,205000
2014-10-20,36.910000,37.450001,36.799999,37.119999,37.119999,314400
2014-10-21,37.380001,38.230000,37.279999,38.200001,38.200001,239200
2014-10-22,38.360001,38.700001,37.990002,38.070000,38.070000,224700
2014-10-23,38.320000,38.830002,37.619999,38.330002,38.330002,208500
2014-10-24,38.330002,38.490002,38.009998,38.020000,38.020000,296700
2014-10-27,37.950001,38.169998,37.759998,38.040001,38.040001,333900
2014-10-28,38.270000,39.099998,38.139999,38.880001,38.880001,397000
2014-10-29,38.910000,39.200001,38.610001,38.759998,38.759998,222800
2014-10-30,38.680000,39.230000,38.639999,38.990002,38.990002,213400
2014-10-31,39.810001,39.849998,38.869999,38.930000,38.930000,441600
2014-11-03,39.099998,40.860001,38.740002,40.540001,40.540001,393700
2014-11-04,40.020000,40.470001,39.259998,39.669998,39.669998,328500
2014-11-05,40.730000,41.900002,39.480000,40.590000,40.590000,312500
2014-11-06,40.709999,41.290001,40.650002,40.939999,40.939999,203300
2014-11-07,40.880001,41.360001,40.689999,41.279999,41.279999,215400
2014-11-10,41.330002,41.619999,40.919998,41.419998,41.419998,196000
2014-11-11,41.419998,41.660000,41.169998,41.259998,41.259998,172600
2014-11-12,40.959999,41.730000,40.860001,41.639999,41.639999,136600
2014-11-13,41.669998,41.849998,40.860001,40.919998,40.919998,124400
2014-11-14,40.869999,41.009998,40.529999,40.630001,40.630001,154900
2014-11-17,40.419998,40.700001,39.779999,39.799999,39.799999,162000
2014-11-18,39.910000,41.029999,39.910000,40.669998,40.669998,177400
2014-11-19,40.509998,40.540001,39.630001,39.970001,39.970001,160900
2014-11-20,39.709999,40.189999,39.540001,40.189999,40.189999,141800
2014-11-21,40.709999,40.709999,39.770000,40.279999,40.279999,213900
2014-11-24,40.279999,40.639999,39.990002,40.500000,40.500000,209200
2014-11-25,40.529999,40.990002,40.209999,40.730000,40.730000,206100
2014-11-26,40.759998,40.900002,40.509998,40.590000,40.590000,92700
2014-11-28,40.490002,41.110001,40.110001,40.400002,40.400002,121300
2014-12-01,40.150002,40.750000,40.060001,40.360001,40.360001,216700
2014-12-02,40.349998,41.410000,40.349998,40.950001,40.950001,200800
2014-12-03,40.799999,41.480000,40.720001,41.220001,41.220001,147500
2014-12-04,41.080002,41.360001,40.509998,40.630001,40.630001,157000
2014-12-05,40.599998,41.580002,40.570000,41.110001,41.110001,152000
2014-12-08,40.860001,41.680000,40.160000,40.299999,40.299999,167800
2014-12-09,39.810001,41.540001,39.480000,41.490002,41.490002,186200
2014-12-10,41.169998,41.560001,40.240002,40.299999,40.299999,148300
2014-12-11,40.570000,41.279999,40.349998,40.680000,40.680000,121900
2014-12-12,40.259998,40.750000,39.919998,39.980000,39.980000,147600
2014-12-15,40.080002,40.590000,39.290001,39.320000,39.320000,230200
2014-12-16,39.080002,39.810001,38.799999,39.590000,39.590000,293900
2014-12-17,39.740002,40.779999,39.060001,40.560001,40.560001,305500
2014-12-18,40.919998,41.720001,40.310001,41.349998,41.349998,249300
2014-12-19,41.310001,41.840000,41.099998,41.529999,41.529999,515600
2014-12-22,41.540001,41.910000,41.419998,41.490002,41.490002,151200
2014-12-23,41.830002,42.490002,41.630001,42.419998,42.419998,183200
2014-12-24,42.380001,43.000000,42.270000,42.630001,42.630001,99700
2014-12-26,42.840000,43.669998,42.840000,43.349998,43.349998,103800
2014-12-29,43.330002,43.650002,42.950001,43.000000,43.000000,200900
2014-12-30,42.970001,43.349998,42.639999,42.779999,42.779999,145700
2014-12-31,42.799999,43.430000,42.189999,42.290001,42.290001,156500
2015-01-02,42.590000,42.660000,41.230000,41.860001,41.860001,119400
2015-01-05,41.720001,42.049999,40.959999,41.220001,41.220001,123000
2015-01-06,41.380001,41.720001,39.939999,40.240002,40.240002,144100
2015-01-07,40.529999,40.730000,40.180000,40.570000,40.570000,109200
2015-01-08,40.990002,41.700001,40.599998,41.230000,41.230000,127500
2015-01-09,41.250000,41.450001,40.549999,40.599998,40.599998,103100
2015-01-12,40.490002,40.700001,39.619999,40.270000,40.270000,125300
2015-01-13,40.560001,41.619999,39.189999,39.619999,39.619999,284400
2015-01-14,39.049999,39.310001,38.139999,38.369999,38.369999,297200
2015-01-15,38.430000,38.810001,37.230000,37.490002,37.490002,296500
2015-01-16,37.340000,37.919998,37.110001,37.500000,37.500000,286400
2015-01-20,37.549999,37.770000,35.299999,35.830002,35.830002,355200
2015-01-21,35.610001,36.330002,34.110001,36.259998,36.259998,444500
2015-01-22,36.599998,38.310001,36.099998,38.000000,38.000000,613700
2015-01-23,37.889999,38.299999,37.700001,37.849998,37.849998,288600
2015-01-26,37.840000,38.919998,37.590000,38.610001,38.610001,241000
2015-01-27,38.119999,39.160000,37.840000,38.689999,38.689999,187600
2015-01-28,39.009998,39.029999,37.849998,37.930000,37.930000,227400
2015-01-29,37.900002,38.389999,37.580002,38.360001,38.360001,150700
2015-01-30,38.139999,38.509998,37.130001,37.209999,37.209999,200500
2015-02-02,37.419998,37.799999,37.060001,37.599998,37.599998,252200
2015-02-03,37.880001,38.360001,37.590000,38.009998,38.009998,349100
2015-02-04,37.880001,38.180000,37.590000,37.630001,37.630001,372800
2015-02-05,37.860001,38.000000,37.470001,37.860001,37.860001,563400
2015-02-06,37.959999,38.520000,37.639999,37.790001,37.790001,424800
2015-02-09,37.689999,38.189999,37.099998,37.290001,37.290001,223900
2015-02-10,37.689999,37.689999,37.009998,37.240002,37.240002,209100
2015-02-11,37.169998,37.400002,35.660000,36.009998,36.009998,771800
2015-02-12,37.009998,39.910000,35.570000,35.869999,35.869999,1513200
2015-02-13,35.840000,36.330002,35.590000,35.750000,35.750000,493900
2015-02-17,35.790001,36.029999,35.160000,35.310001,35.310001,331100
2015-02-18,35.270000,35.919998,34.990002,35.049999,35.049999,423000
2015-02-19,35.080002,35.740002,35.029999,35.290001,35.290001,214600
2015-02-20,35.310001,35.380001,34.590000,35.130001,35.130001,372200
2015-02-23,35.520000,36.310001,35.009998,36.250000,36.250000,296900
2015-02-24,36.130001,37.150002,36.130001,36.970001,36.970001,321900
2015-02-25,36.830002,37.110001,36.259998,36.570000,36.570000,116100
2015-02-26,36.570000,37.070000,36.439999,36.639999,36.639999,136000
2015-02-27,36.180000,36.669998,36.180000,36.480000,36.480000,181800
2015-03-02,36.500000,37.860001,36.439999,37.500000,37.500000,343500
2015-03-03,37.369999,37.619999,36.590000,36.660000,36.660000,175900
2015-03-04,36.439999,36.919998,36.349998,36.630001,36.630001,172100
2015-03-05,36.639999,37.130001,36.250000,36.799999,36.799999,232600
2015-03-06,36.639999,36.950001,35.840000,36.070000,36.070000,184800
2015-03-09,36.180000,36.250000,35.810001,35.919998,35.919998,134900
2015-03-10,35.520000,35.610001,34.119999,35.299999,35.299999,161100
2015-03-11,35.290001,35.720001,34.970001,35.680000,35.680000,218700
2015-03-12,35.959999,36.279999,35.450001,36.150002,36.150002,158000
2015-03-13,36.029999,36.200001,35.349998,35.669998,35.669998,125100
2015-03-16,35.700001,36.419998,35.599998,36.180000,36.180000,169600
2015-03-17,36.160000,36.349998,35.610001,36.040001,36.040001,170300
2015-03-18,35.900002,36.680000,35.650002,36.560001,36.560001,193200
2015-03-19,36.410000,36.549999,36.150002,36.340000,36.340000,216300
2015-03-20,36.619999,37.130001,36.259998,37.000000,37.000000,471600
2015-03-23,36.910000,37.349998,36.709999,37.009998,37.009998,141000
2015-03-24,36.939999,37.480000,36.240002,36.980000,36.980000,178500
2015-03-25,37.060001,37.060001,36.360001,36.500000,36.500000,209800
2015-03-26,36.299999,36.500000,36.009998,36.110001,36.110001,136600
2015-03-27,36.110001,36.360001,35.700001,36.099998,36.099998,122100
2015-03-30,36.259998,36.790001,36.230000,36.610001,36.610001,196300
2015-03-31,36.340000,36.799999,36.049999,36.509998,36.509998,173500
2015-04-01,36.349998,36.750000,35.900002,36.389999,36.389999,136400
2015-04-02,36.389999,36.799999,36.220001,36.450001,36.450001,164100
2015-04-06,36.169998,37.250000,36.169998,37.209999,37.209999,176600
2015-04-07,37.119999,37.119999,36.349998,36.380001,36.380001,129300
2015-04-08,36.360001,36.669998,36.200001,36.580002,36.580002,90100
2015-04-09,36.520000,37.090000,36.259998,37.000000,37.000000,272900
2015-04-10,37.150002,37.349998,36.810001,37.040001,37.040001,88500
2015-04-13,37.000000,37.139999,36.790001,36.880001,36.880001,81500
2015-04-14,36.830002,37.310001,36.439999,37.220001,37.220001,97600
2015-04-15,37.320000,38.029999,37.160000,37.810001,37.810001,136600
2015-04-16,37.799999,37.810001,37.110001,37.230000,37.230000,108800
2015-04-17,36.939999,37.119999,36.410000,36.500000,36.500000,169900
2015-04-20,36.750000,37.730000,36.730000,37.279999,37.279999,123000
2015-04-21,37.290001,37.369999,36.709999,36.919998,36.919998,54300
2015-04-22,36.840000,37.139999,36.220001,36.900002,36.900002,111300
2015-04-23,36.669998,37.250000,36.570000,37.240002,37.240002,83900
2015-04-24,37.290001,37.290001,36.840000,37.029999,37.029999,65300
2015-04-27,37.080002,37.500000,36.669998,36.980000,36.980000,123900
2015-04-28,37.119999,37.549999,36.779999,37.529999,37.529999,134100
2015-04-29,37.290001,37.820000,36.759998,37.220001,37.220001,139400
2015-04-30,36.889999,37.599998,35.790001,35.860001,35.860001,334700
2015-05-01,36.009998,36.549999,35.410000,35.930000,35.930000,222600
2015-05-04,35.939999,36.330002,35.360001,35.700001,35.700001,213000
2015-05-05,34.939999,36.599998,34.169998,35.270000,35.270000,454400
2015-05-06,35.480000,35.919998,34.840000,35.279999,35.279999,221900
2015-05-07,35.189999,36.150002,34.950001,35.990002,35.990002,204000
2015-05-08,36.430000,36.459999,35.529999,35.840000,35.840000,181700
2015-05-11,35.910000,36.110001,35.490002,35.599998,35.599998,135700
2015-05-12,35.400002,35.840000,34.930000,35.810001,35.810001,285700
2015-05-13,35.880001,36.180000,35.709999,35.810001,35.810001,158200
2015-05-14,36.049999,36.610001,35.889999,36.580002,36.580002,144400
2015-05-15,36.580002,36.770000,36.150002,36.410000,36.410000,114100
2015-05-18,36.299999,36.880001,36.000000,36.689999,36.689999,121100
2015-05-19,36.660000,36.709999,36.180000,36.709999,36.709999,142800
2015-05-20,36.730000,36.939999,36.290001,36.590000,36.590000,147800
2015-05-21,36.419998,36.740002,36.070000,36.369999,36.369999,82400
2015-05-22,36.270000,36.599998,36.049999,36.189999,36.189999,95900
2015-05-26,35.970001,36.349998,35.349998,36.320000,36.320000,197700
2015-05-27,36.200001,36.880001,35.820000,36.750000,36.750000,197500
2015-05-28,36.520000,36.860001,36.070000,36.770000,36.770000,101900
2015-05-29,36.470001,36.939999,35.580002,35.889999,35.889999,224700
2015-06-01,36.139999,36.410000,35.340000,35.639999,35.639999,199800
2015-06-02,35.439999,36.320000,35.270000,35.840000,35.840000,138900
2015-06-03,36.000000,36.939999,35.930000,36.779999,36.779999,165000
2015-06-04,36.639999,36.849998,35.980000,36.299999,36.299999,119200
2015-06-05,36.259998,36.490002,35.720001,36.299999,36.299999,181100
2015-06-08,36.200001,36.720001,35.740002,36.110001,36.110001,211000
2015-06-09,36.090000,36.400002,35.750000,36.040001,36.040001,175800
2015-06-10,36.259998,37.160000,35.700001,36.799999,36.799999,148400
2015-06-11,36.720001,37.160000,36.450001,36.779999,36.779999,133700
2015-06-12,36.720001,36.740002,36.090000,36.419998,36.419998,108800
2015-06-15,35.880001,36.040001,34.990002,35.900002,35.900002,429700
2015-06-16,35.790001,36.090000,35.680000,35.889999,35.889999,233700
2015-06-17,35.950001,36.049999,35.029999,35.080002,35.080002,199900
2015-06-18,35.110001,35.779999,35.000000,35.669998,35.669998,245300
2015-06-19,35.779999,36.250000,35.639999,35.919998,35.919998,2391600
2015-06-22,35.959999,36.200001,35.500000,35.869999,35.869999,306700
2015-06-23,35.919998,36.650002,35.700001,36.560001,36.560001,215400
2015-06-24,36.689999,36.779999,35.570000,35.669998,35.669998,301100
2015-06-25,35.669998,35.810001,34.990002,35.459999,35.459999,342500
2015-06-26,35.639999,35.639999,35.169998,35.400002,35.400002,533600
2015-06-29,35.000000,35.080002,34.410000,34.470001,34.470001,361400
2015-06-30,34.799999,34.959999,34.189999,34.439999,34.439999,4492900
2015-07-01,34.840000,34.980000,33.660000,33.910000,33.910000,398200
2015-07-02,34.000000,34.450001,33.580002,33.680000,33.680000,215200
2015-07-06,33.389999,34.020000,33.189999,33.500000,33.500000,276800
2015-07-07,33.509998,33.580002,32.009998,32.680000,32.680000,627500
2015-07-08,32.430000,32.639999,31.600000,31.799999,31.799999,318800
2015-07-09,32.270000,32.709999,31.809999,31.820000,31.820000,288100
2015-07-10,32.310001,32.450001,31.770000,31.980000,31.980000,227700
2015-07-13,32.130001,32.320000,31.650000,31.990000,31.990000,296600
2015-07-14,32.049999,32.610001,31.930000,31.959999,31.959999,408500
2015-07-15,31.950001,32.200001,31.400000,31.670000,31.670000,332500
2015-07-16,32.080002,32.150002,31.490000,31.940001,31.940001,288500
2015-07-17,32.009998,32.009998,31.480000,31.680000,31.680000,135300
2015-07-20,31.820000,31.820000,30.920000,31.080000,31.080000,291400
2015-07-21,30.959999,31.360001,30.510000,30.629999,30.629999,197500
2015-07-22,30.370001,30.610001,30.129999,30.450001,30.450001,247100
2015-07-23,30.520000,30.990000,30.330000,30.400000,30.400000,243800
2015-07-24,30.360001,30.469999,29.320000,29.610001,29.610001,396100
2015-07-27,29.330000,29.790001,29.240000,29.660000,29.660000,224400
2015-07-28,30.510000,31.240000,29.590000,30.170000,30.170000,313000
2015-07-29,30.090000,31.000000,29.959999,30.840000,30.840000,429800
2015-07-30,30.760000,31.889999,30.760000,31.870001,31.870001,472100
2015-07-31,32.009998,32.689999,31.650000,32.230000,32.230000,404500
2015-08-03,32.270000,32.529999,31.840000,32.130001,32.130001,322000
2015-08-04,32.119999,32.480000,30.860001,31.120001,31.120001,382300
2015-08-05,30.930000,31.600000,30.549999,30.910000,30.910000,632000
2015-08-06,30.950001,32.939999,30.469999,32.540001,32.540001,1186400
2015-08-07,32.220001,32.820000,31.990000,32.430000,32.430000,501300
2015-08-10,32.570000,33.700001,32.380001,33.669998,33.669998,405300
2015-08-11,33.230000,33.529999,32.950001,33.369999,33.369999,380200
2015-08-12,33.439999,33.759998,33.250000,33.500000,33.500000,343300
2015-08-13,33.459999,33.930000,33.310001,33.389999,33.389999,407100
2015-08-14,33.270000,33.590000,33.209999,33.580002,33.580002,331200
2015-08-17,33.439999,33.790001,33.090000,33.619999,33.619999,296200
2015-08-18,33.599998,33.709999,33.349998,33.490002,33.490002,410700
2015-08-19,33.299999,33.320000,32.720001,32.990002,32.990002,336700
2015-08-20,32.680000,32.919998,32.259998,32.259998,32.259998,341700
2015-08-21,31.459999,32.590000,31.459999,31.940001,31.940001,357200
2015-08-24,30.650000,31.309999,29.870001,30.330000,30.330000,623000
2015-08-25,31.190001,31.190001,29.930000,29.950001,29.950001,353600
2015-08-26,30.469999,30.469999,29.260000,29.500000,29.500000,638800
2015-08-27,29.650000,29.790001,28.700001,29.639999,29.639999,579500
2015-08-28,29.680000,30.320000,29.340000,30.030001,30.030001,281800
2015-08-31,29.790001,30.100000,29.459999,30.000000,30.000000,394900
2015-09-01,29.379999,29.900000,28.879999,29.000000,29.000000,380600
2015-09-02,29.250000,29.450001,28.959999,29.320000,29.320000,301900
2015-09-03,29.250000,29.680000,29.250000,29.400000,29.400000,183500
2015-09-04,28.959999,29.209999,28.629999,28.660000,28.660000,196400
2015-09-08,29.070000,29.190001,28.709999,29.049999,29.049999,241500
2015-09-09,29.309999,29.420000,28.850000,28.870001,28.870001,223700
2015-09-10,28.860001,29.129999,28.330000,28.469999,28.469999,289800
2015-09-11,28.040001,28.600000,27.930000,28.299999,28.299999,366100
2015-09-14,28.520000,28.809999,28.209999,28.600000,28.600000,807800
2015-09-15,28.719999,29.930000,28.700001,29.910000,29.910000,498000
2015-09-16,29.900000,30.410000,29.900000,30.260000,30.260000,246700
2015-09-17,30.200001,30.809999,30.170000,30.420000,30.420000,344000
2015-09-18,29.950001,30.809999,29.950001,30.250000,30.250000,1349600
2015-09-21,30.420000,30.879999,29.530001,29.620001,29.620001,280900
2015-09-22,29.660000,31.309999,29.379999,31.180000,31.180000,732700
2015-09-23,31.250000,31.400000,31.110001,31.350000,31.350000,613200
2015-09-24,31.280001,32.209999,31.000000,32.090000,32.090000,765600
2015-09-25,32.439999,32.759998,32.080002,32.259998,32.259998,800300
2015-09-28,32.020000,32.180000,31.440001,31.510000,31.510000,360100
2015-09-29,31.430000,31.770000,31.020000,31.280001,31.280001,389300
2015-09-30,31.450001,32.020000,31.320000,31.910000,31.910000,405800
2015-10-01,31.980000,32.130001,31.160000,31.750000,31.750000,391300
2015-10-02,31.450001,31.790001,30.969999,31.770000,31.770000,368700
2015-10-05,31.959999,33.240002,31.950001,33.169998,33.169998,280800
2015-10-06,33.290001,33.730000,33.240002,33.650002,33.650002,231700
2015-10-07,33.540001,34.189999,33.500000,34.189999,34.189999,321400
2015-10-08,34.060001,35.070000,34.029999,35.049999,35.049999,288500
2015-10-09,35.139999,35.180000,34.250000,34.970001,34.970001,367700
2015-10-12,35.009998,35.020000,34.490002,34.830002,34.830002,198200
2015-10-13,34.549999,34.930000,34.360001,34.380001,34.380001,151500
2015-10-14,34.400002,34.740002,34.330002,34.500000,34.500000,216500
2015-10-15,34.619999,35.110001,34.270000,35.099998,35.099998,215900
2015-10-16,35.180000,35.220001,34.189999,34.340000,34.340000,518700
2015-10-19,35.330002,36.439999,34.779999,36.250000,36.250000,531700
2015-10-20,36.150002,36.560001,35.919998,36.110001,36.110001,284300
2015-10-21,36.110001,36.230000,35.580002,35.630001,35.630001,199700
2015-10-22,35.610001,36.330002,35.610001,36.090000,36.090000,214200
2015-10-23,36.279999,36.520000,35.930000,36.480000,36.480000,261600
2015-10-26,36.419998,36.799999,36.299999,36.630001,36.630001,260900
2015-10-27,36.500000,36.799999,36.180000,36.410000,36.410000,329200
2015-10-28,36.400002,37.380001,36.389999,37.360001,37.360001,292000
2015-10-29,37.110001,37.540001,36.970001,37.310001,37.310001,223400
2015-10-30,37.259998,37.439999,36.660000,36.730000,36.730000,380300
2015-11-02,36.730000,37.900002,36.730000,37.529999,37.529999,373500
2015-11-03,37.439999,37.830002,36.630001,37.290001,37.290001,467900
2015-11-04,37.090000,37.650002,34.650002,34.910000,34.910000,983200
2015-11-05,34.290001,35.230000,34.160000,34.950001,34.950001,402700
2015-11-06,34.810001,35.189999,34.029999,35.090000,35.090000,498500
2015-11-09,35.090000,35.279999,34.259998,34.480000,34.480000,366200
2015-11-10,34.419998,34.549999,33.980000,34.500000,34.500000,161100
2015-11-11,34.700001,34.720001,34.250000,34.279999,34.279999,115000
2015-11-12,34.090000,34.130001,33.270000,33.310001,33.310001,111100
2015-11-13,33.110001,33.790001,32.900002,33.669998,33.669998,243400
2015-11-16,33.540001,34.630001,33.540001,34.580002,34.580002,191400
2015-11-17,34.630001,34.779999,34.139999,34.200001,34.200001,148100
2015-11-18,34.299999,35.560001,34.189999,35.369999,35.369999,220400
2015-11-19,35.310001,35.439999,34.919998,35.029999,35.029999,101400
2015-11-20,35.240002,35.660000,34.599998,35.270000,35.270000,124300
2015-11-23,35.169998,35.869999,34.990002,35.700001,35.700001,115300
2015-11-24,35.459999,35.939999,35.349998,35.709999,35.709999,153800
2015-11-25,35.700001,35.910000,35.529999,35.700001,35.700001,100100
2015-11-27,35.680000,36.320000,35.529999,36.000000,36.000000,193700
2015-11-30,36.169998,36.380001,35.880001,35.950001,35.950001,181600
2015-12-01,36.090000,36.330002,35.430000,35.490002,35.490002,414400
2015-12-02,35.490002,35.970001,35.270000,35.349998,35.349998,148800
2015-12-03,35.580002,35.770000,34.980000,35.169998,35.169998,180800
2015-12-04,35.180000,35.730000,35.049999,35.450001,35.450001,219500
2015-12-07,35.330002,35.580002,35.040001,35.169998,35.169998,164700
2015-12-08,34.770000,35.150002,34.430000,34.849998,34.849998,126500
2015-12-09,34.570000,35.230000,34.150002,34.619999,34.619999,108200
2015-12-10,34.650002,35.520000,34.430000,35.130001,35.130001,166200
2015-12-11,34.560001,35.889999,34.400002,35.119999,35.119999,383600
2015-12-14,34.970001,35.209999,34.340000,35.150002,35.150002,245100
2015-12-15,35.450001,36.029999,35.060001,35.869999,35.869999,559200
2015-12-16,36.029999,36.419998,35.750000,36.290001,36.290001,156500
2015-12-17,36.380001,36.400002,35.709999,35.799999,35.799999,254800
2015-12-18,35.630001,36.400002,34.840000,34.939999,34.939999,917700
2015-12-21,35.180000,35.980000,35.000000,35.380001,35.380001,293400
2015-12-22,35.470001,35.939999,34.830002,35.299999,35.299999,216400
2015-12-23,35.500000,36.290001,35.299999,36.270000,36.270000,257500
2015-12-24,36.250000,36.639999,36.169998,36.360001,36.360001,70200
2015-12-28,36.240002,36.360001,35.919998,36.340000,36.340000,182800
2015-12-29,36.470001,36.880001,36.320000,36.770000,36.770000,147500
2015-12-30,36.639999,36.910000,36.139999,36.430000,36.430000,175100
2015-12-31,36.209999,36.639999,35.869999,36.180000,36.180000,208100
2016-01-04,35.680000,36.259998,35.180000,35.610001,35.610001,386500
2016-01-05,35.709999,36.549999,35.330002,36.459999,36.459999,277200
2016-01-06,35.840000,35.970001,34.400002,34.400002,34.400002,287000
2016-01-07,33.980000,34.020000,32.490002,32.560001,32.560001,295600
2016-01-08,32.709999,32.990002,31.940001,31.980000,31.980000,189900
2016-01-11,32.099998,32.480000,31.830000,32.340000,32.340000,240600
2016-01-12,32.610001,32.910000,31.490000,32.090000,32.090000,206400
2016-01-13,32.779999,33.770000,30.629999,30.790001,30.790001,377200
2016-01-14,30.940001,31.809999,30.270000,31.440001,31.440001,296600
2016-01-15,30.660000,31.450001,29.459999,30.309999,30.309999,346500
2016-01-19,30.629999,31.139999,30.100000,30.660000,30.660000,376500
2016-01-20,30.209999,30.860001,29.020000,30.549999,30.549999,266100
2016-01-21,30.620001,31.190001,30.209999,30.559999,30.559999,235100
2016-01-22,31.000000,31.360001,30.580000,30.959999,30.959999,136700
2016-01-25,30.820000,31.250000,30.510000,30.650000,30.650000,134200
2016-01-26,30.889999,31.660000,30.770000,31.530001,31.530001,228400
2016-01-27,31.480000,31.740000,30.900000,31.139999,31.139999,202100
2016-01-28,31.410000,31.840000,31.170000,31.520000,31.520000,144300
2016-01-29,31.430000,33.049999,31.430000,32.959999,32.959999,344600
2016-02-01,32.599998,32.970001,32.150002,32.689999,32.689999,302400
2016-02-02,32.240002,32.770000,32.080002,32.549999,32.549999,202400
2016-02-03,32.759998,34.060001,32.250000,33.910000,33.910000,238800
2016-02-04,33.820000,35.130001,33.820000,34.680000,34.680000,255400
2016-02-05,34.500000,34.740002,33.610001,34.160000,34.160000,160600
2016-02-08,33.779999,34.889999,33.360001,34.820000,34.820000,229900
2016-02-09,34.240002,35.119999,33.810001,34.330002,34.330002,258400
2016-02-10,34.610001,35.009998,34.110001,34.130001,34.130001,217600
2016-02-11,33.570000,34.259998,33.200001,34.180000,34.180000,361500
2016-02-12,34.570000,35.500000,34.389999,35.500000,35.500000,315500
2016-02-16,35.889999,36.820000,35.759998,36.720001,36.720001,313100
2016-02-17,36.919998,37.169998,33.549999,36.500000,36.500000,434900
2016-02-18,38.480000,41.139999,37.040001,39.560001,39.560001,951700
2016-02-19,39.490002,39.959999,38.880001,39.430000,39.430000,502700
2016-02-22,39.590000,40.290001,39.320000,40.000000,40.000000,561100
2016-02-23,39.630001,40.470001,39.630001,39.910000,39.910000,465100
2016-02-24,39.480000,40.349998,39.400002,40.049999,40.049999,514500
2016-02-25,40.220001,40.419998,39.259998,40.020000,40.020000,656800
2016-02-26,40.189999,40.340000,39.669998,39.930000,39.930000,475200
2016-02-29,39.869999,40.720001,38.009998,39.840000,39.840000,404800
2016-03-01,39.990002,40.189999,39.540001,40.040001,40.040001,521000
2016-03-02,40.049999,40.529999,39.900002,40.500000,40.500000,307000
2016-03-03,41.000000,42.189999,40.639999,41.320000,41.320000,461200
2016-03-04,41.410000,42.180000,41.080002,41.290001,41.290001,372700
2016-03-07,41.139999,42.040001,41.139999,42.000000,42.000000,230200
2016-03-08,41.619999,42.060001,40.830002,41.279999,41.279999,271700
2016-03-09,41.570000,42.270000,41.419998,41.730000,41.730000,214900
2016-03-10,42.060001,42.410000,41.669998,42.299999,42.299999,301300
2016-03-11,42.500000,42.950001,42.270000,42.869999,42.869999,221300
2016-03-14,42.930000,43.270000,42.389999,43.000000,43.000000,235400
2016-03-15,43.000000,43.290001,42.799999,42.919998,42.919998,323000
2016-03-16,42.389999,42.869999,39.410000,39.779999,39.779999,1222100
2016-03-17,39.900002,40.689999,39.200001,40.560001,40.560001,532700
2016-03-18,40.790001,42.849998,40.599998,42.259998,42.259998,902500
2016-03-21,42.270000,42.529999,41.090000,42.029999,42.029999,206300
2016-03-22,41.689999,42.470001,41.520000,41.880001,41.880001,176600
2016-03-23,41.650002,41.779999,40.849998,40.880001,40.880001,176100
2016-03-24,40.669998,41.419998,40.130001,41.029999,41.029999,198000
2016-03-28,41.259998,41.259998,40.480000,40.700001,40.700001,109800
2016-03-29,40.730000,42.240002,40.259998,42.070000,42.070000,247000
2016-03-30,42.220001,42.220001,41.330002,41.660000,41.660000,207300
2016-03-31,41.529999,41.980000,41.450001,41.720001,41.720001,209400
2016-04-01,41.430000,42.119999,41.060001,41.860001,41.860001,250200
2016-04-04,41.770000,41.980000,40.980000,41.200001,41.200001,154300
2016-04-05,41.020000,41.310001,40.419998,40.459999,40.459999,204800
2016-04-06,40.610001,40.900002,40.250000,40.650002,40.650002,121900
2016-04-07,40.290001,40.290001,39.500000,39.779999,39.779999,118500
2016-04-08,40.160000,40.570000,39.919998,40.049999,40.049999,75200
2016-04-11,40.180000,40.490002,39.009998,39.919998,39.919998,97800
2016-04-12,39.830002,40.169998,39.470001,39.840000,39.840000,105200
2016-04-13,39.959999,40.770000,39.630001,40.660000,40.660000,197000
2016-04-14,40.580002,40.849998,39.919998,40.509998,40.509998,186500
2016-04-15,40.330002,40.330002,39.740002,40.060001,40.060001,152300
2016-04-18,39.939999,40.500000,39.500000,40.180000,40.180000,153100
2016-04-19,40.450001,41.360001,40.130001,41.080002,41.080002,196900
2016-04-20,41.310001,41.590000,40.799999,41.110001,41.110001,110100
2016-04-21,41.299999,41.439999,40.889999,41.049999,41.049999,169900
2016-04-22,41.240002,41.650002,41.110001,41.549999,41.549999,154800
2016-04-25,41.619999,41.619999,41.000000,41.540001,41.540001,218800
2016-04-26,41.509998,42.139999,41.119999,41.939999,41.939999,185700
2016-04-27,41.830002,42.290001,41.450001,42.160000,42.160000,170300
2016-04-28,41.950001,42.119999,40.790001,41.820000,41.820000,225700
2016-04-29,41.770000,41.810001,40.740002,41.119999,41.119999,190000
2016-05-02,41.189999,41.430000,40.830002,41.230000,41.230000,150400
2016-05-03,40.840000,41.799999,40.840000,41.580002,41.580002,172000
2016-05-04,41.080002,42.820000,40.110001,42.070000,42.070000,358400
2016-05-05,42.310001,42.410000,41.599998,41.680000,41.680000,236500
2016-05-06,41.540001,42.110001,40.330002,42.099998,42.099998,167900
2016-05-09,42.049999,42.049999,41.259998,41.730000,41.730000,150000
2016-05-10,41.959999,42.419998,40.750000,42.290001,42.290001,154300
2016-05-11,42.220001,42.360001,41.419998,42.029999,42.029999,89900
2016-05-12,42.220001,42.540001,42.060001,42.189999,42.189999,189400
2016-05-13,42.009998,42.439999,42.009998,42.139999,42.139999,186200
2016-05-16,42.270000,42.779999,41.779999,42.520000,42.520000,151800
2016-05-17,42.250000,42.770000,41.209999,41.250000,41.250000,143000
2016-05-18,41.090000,41.639999,40.320000,40.910000,40.910000,125500
2016-05-19,40.759998,41.419998,40.400002,41.110001,41.110001,93400
2016-05-20,41.180000,42.130001,41.180000,41.910000,41.910000,119600
2016-05-23,42.020000,42.439999,41.919998,42.330002,42.330002,176800
2016-05-24,42.500000,43.610001,42.049999,43.500000,43.500000,249300
2016-05-25,43.669998,44.000000,43.160000,43.480000,43.480000,140600
2016-05-26,43.500000,43.869999,43.330002,43.750000,43.750000,117700
2016-05-27,43.750000,43.990002,43.290001,43.730000,43.730000,133200
2016-05-31,43.779999,44.340000,43.759998,44.049999,44.049999,216900
2016-06-01,43.990002,44.599998,43.610001,44.450001,44.450001,151600
2016-06-02,44.430000,44.689999,44.000000,44.450001,44.450001,123000
2016-06-03,44.419998,44.580002,44.000000,44.470001,44.470001,128100
2016-06-06,44.450001,45.200001,44.299999,45.130001,45.130001,126000
2016-06-07,45.130001,45.590000,44.680000,45.169998,45.169998,257800
2016-06-08,45.189999,45.630001,44.910000,45.509998,45.509998,95400
2016-06-09,45.290001,45.709999,44.189999,45.320000,45.320000,121300
2016-06-10,44.450001,45.320000,43.930000,44.049999,44.049999,117500
2016-06-13,43.939999,43.939999,41.200001,43.090000,43.090000,316400
2016-06-14,42.869999,43.299999,42.130001,43.250000,43.250000,227200
2016-06-15,43.380001,43.380001,42.470001,42.779999,42.779999,138500
2016-06-16,42.320000,42.939999,42.099998,42.740002,42.740002,145800
2016-06-17,42.820000,43.080002,42.090000,42.410000,42.410000,661000
2016-06-20,42.740002,44.000000,42.419998,43.450001,43.450001,144100
2016-06-21,43.439999,43.590000,43.130001,43.270000,43.270000,96300
2016-06-22,43.439999,43.830002,42.799999,42.849998,42.849998,170800
2016-06-23,43.220001,43.849998,42.410000,43.830002,43.830002,152000
2016-06-24,41.860001,42.700001,41.270000,41.950001,41.950001,1570500
2016-06-27,41.369999,41.459999,40.230000,40.520000,40.520000,187400
2016-06-28,40.990002,41.590000,40.959999,41.189999,41.189999,203000
2016-06-29,41.590000,42.020000,41.279999,41.869999,41.869999,165500
2016-06-30,41.939999,43.119999,41.240002,43.099998,43.099998,231500
2016-07-01,43.130001,43.660000,42.950001,43.250000,43.250000,208200
2016-07-05,42.930000,43.169998,42.220001,42.770000,42.770000,282600
2016-07-06,42.540001,43.169998,42.340000,43.029999,43.029999,191800
2016-07-07,43.040001,43.270000,42.130001,42.340000,42.340000,151400
2016-07-08,42.590000,43.240002,42.529999,43.029999,43.029999,250900
2016-07-11,43.110001,43.750000,40.119999,43.580002,43.580002,138200
2016-07-12,43.950001,44.869999,43.400002,44.599998,44.599998,229100
2016-07-13,44.740002,44.919998,44.310001,44.810001,44.810001,128900
2016-07-14,44.889999,44.980000,42.709999,44.110001,44.110001,121200
2016-07-15,44.419998,44.880001,43.880001,44.049999,44.049999,111900
2016-07-18,44.070000,44.340000,43.720001,44.080002,44.080002,83900
2016-07-19,44.049999,44.360001,43.599998,43.720001,43.720001,68200
2016-07-20,43.720001,44.230000,43.590000,44.139999,44.139999,107800
2016-07-21,44.000000,44.209999,43.590000,43.919998,43.919998,103500
2016-07-22,43.919998,44.250000,43.639999,43.830002,43.830002,90100
2016-07-25,43.740002,43.740002,42.700001,42.880001,42.880001,136800
2016-07-26,42.910000,43.549999,42.360001,42.889999,42.889999,193100
2016-07-27,42.689999,43.110001,42.520000,42.799999,42.799999,204800
2016-07-28,42.580002,43.410000,41.669998,42.740002,42.740002,174000
2016-07-29,42.470001,43.029999,41.590000,42.689999,42.689999,168700
2016-08-01,42.849998,43.570000,42.810001,43.279999,43.279999,175000
2016-08-02,43.310001,43.709999,42.619999,42.650002,42.650002,132500
2016-08-03,42.459999,42.930000,42.369999,42.570000,42.570000,131800
2016-08-04,42.680000,42.869999,42.369999,42.450001,42.450001,57100
2016-08-05,42.689999,43.470001,42.689999,43.259998,43.259998,119600
2016-08-08,43.130001,43.689999,40.529999,43.330002,43.330002,58700
2016-08-09,43.410000,43.619999,43.160000,43.270000,43.270000,69400
2016-08-10,43.410000,43.410000,42.889999,43.270000,43.270000,72600
2016-08-11,43.509998,43.840000,43.400002,43.689999,43.689999,139400
2016-08-12,45.990002,48.709999,44.000000,48.209999,48.209999,733100
2016-08-15,48.669998,48.669998,47.950001,48.389999,48.389999,244000
2016-08-16,48.270000,48.270000,47.310001,47.380001,47.380001,137400
2016-08-17,47.459999,47.970001,47.150002,47.570000,47.570000,109900
2016-08-18,47.680000,48.040001,47.480000,47.869999,47.869999,187900
2016-08-19,47.810001,48.209999,47.669998,48.209999,48.209999,158600
2016-08-22,47.849998,48.290001,47.200001,48.119999,48.119999,111000
2016-08-23,48.360001,48.730000,48.070000,48.380001,48.380001,97000
2016-08-24,48.389999,48.389999,48.060001,48.330002,48.330002,104200
2016-08-25,48.240002,48.480000,47.980000,48.209999,48.209999,140500
2016-08-26,48.500000,49.060001,47.849998,48.240002,48.240002,200900
2016-08-29,48.259998,48.830002,47.990002,48.099998,48.099998,131700
2016-08-30,48.200001,48.540001,47.990002,48.180000,48.180000,87600
2016-08-31,48.020000,48.250000,47.580002,47.630001,47.630001,173000
2016-09-01,50.000000,52.720001,49.599998,50.950001,50.950001,663600
2016-09-02,52.259998,53.389999,51.150002,53.389999,53.389999,651600
2016-09-06,53.049999,53.980000,53.000000,53.959999,53.959999,306500
2016-09-07,53.919998,54.230000,53.560001,54.180000,54.180000,251500
2016-09-08,54.189999,54.259998,53.650002,54.119999,54.119999,233400
2016-09-09,53.750000,54.080002,53.580002,53.849998,53.849998,671500
2016-09-12,53.830002,54.490002,53.169998,54.270000,54.270000,526700
2016-09-13,53.980000,54.150002,52.830002,53.520000,53.520000,354100
2016-09-14,53.570000,53.680000,52.580002,52.639999,52.639999,195400
2016-09-15,52.529999,53.599998,52.480000,53.590000,53.590000,331900
2016-09-16,53.520000,53.669998,52.570000,52.599998,52.599998,1071400
2016-09-19,53.070000,54.730000,53.070000,54.380001,54.380001,386500
2016-09-20,54.740002,54.740002,54.000000,54.160000,54.160000,186200
2016-09-21,54.310001,55.310001,54.299999,55.259998,55.259998,224200
2016-09-22,55.490002,56.000000,55.310001,55.860001,55.860001,246400
2016-09-23,55.650002,55.709999,55.029999,55.169998,55.169998,255900
2016-09-26,55.150002,55.150002,54.509998,54.860001,54.860001,287300
2016-09-27,54.849998,55.150002,54.669998,54.930000,54.930000,287100
2016-09-28,55.230000,56.279999,54.950001,56.230000,56.230000,433400
2016-09-29,55.970001,56.119999,54.419998,54.900002,54.900002,226200
2016-09-30,55.349998,56.119999,55.299999,55.759998,55.759998,358200
2016-10-03,55.439999,56.349998,55.310001,56.299999,56.299999,325600
2016-10-04,56.259998,56.860001,55.930000,56.230000,56.230000,398400
2016-10-05,56.560001,57.250000,56.160000,57.000000,57.000000,337100
2016-10-06,56.980000,56.980000,56.320000,56.720001,56.720001,230900
2016-10-07,56.700001,56.799999,56.090000,56.310001,56.310001,198800
2016-10-10,56.500000,56.970001,56.299999,56.310001,56.310001,166200
2016-10-11,56.310001,56.310001,54.860001,55.240002,55.240002,243400
2016-10-12,55.310001,55.650002,54.820000,55.520000,55.520000,216600
2016-10-13,55.259998,55.959999,54.740002,55.570000,55.570000,314300
2016-10-14,55.770000,55.820000,54.220001,54.680000,54.680000,263300
2016-10-17,54.590000,54.830002,54.240002,54.630001,54.630001,177700
2016-10-18,55.090000,55.090000,54.430000,54.820000,54.820000,195100
2016-10-19,55.070000,55.610001,54.549999,54.889999,54.889999,169700
2016-10-20,54.549999,55.009998,54.340000,54.779999,54.779999,134200
2016-10-21,54.389999,54.919998,54.099998,54.799999,54.799999,138400
2016-10-24,55.029999,55.669998,54.160000,54.820000,54.820000,146700
2016-10-25,55.090000,55.090000,53.790001,54.230000,54.230000,139400
2016-10-26,54.090000,54.820000,53.830002,54.110001,54.110001,125100
2016-10-27,54.369999,54.389999,53.279999,53.549999,53.549999,111900
2016-10-28,53.590000,54.130001,53.110001,53.570000,53.570000,120300
2016-10-31,53.799999,54.049999,53.150002,53.900002,53.900002,190400
2016-11-01,54.000000,54.150002,53.299999,53.349998,53.349998,238200
2016-11-02,53.150002,53.150002,51.549999,51.900002,51.900002,233800
2016-11-03,59.150002,61.650002,56.700001,58.200001,58.200001,1425300
2016-11-04,57.500000,58.650002,56.790001,57.750000,57.750000,462500
2016-11-07,58.950001,59.000000,58.250000,58.599998,58.599998,367600
2016-11-08,58.250000,59.700001,58.250000,59.200001,59.200001,312500
2016-11-09,58.299999,59.799999,58.230000,59.549999,59.549999,330500
2016-11-10,59.900002,60.200001,58.200001,59.349998,59.349998,302200
2016-11-11,59.000000,60.900002,58.080002,60.349998,60.349998,422100
2016-11-14,61.099998,62.549999,60.700001,62.250000,62.250000,319800
2016-11-15,62.400002,64.150002,62.250000,63.599998,63.599998,375400
2016-11-16,63.500000,64.379997,63.049999,64.150002,64.150002,354200
2016-11-17,64.550003,65.400002,64.250000,64.750000,64.750000,208900
2016-11-18,64.650002,64.849998,64.099998,64.849998,64.849998,200700
2016-11-21,65.050003,65.250000,63.299999,64.449997,64.449997,149200
2016-11-22,64.400002,65.500000,63.650002,65.449997,65.449997,266200
2016-11-23,65.199997,65.400002,63.119999,65.099998,65.099998,221800
2016-11-25,64.550003,65.400002,64.550003,64.849998,64.849998,73800
2016-11-28,64.550003,65.550003,64.400002,64.699997,64.699997,221400
2016-11-29,64.699997,65.779999,64.699997,65.550003,65.550003,351400
2016-11-30,66.000000,66.000000,63.900002,64.199997,64.199997,163600
2016-12-01,64.500000,64.800003,62.900002,63.799999,63.799999,180300
2016-12-02,63.650002,64.550003,63.049999,63.099998,63.099998,114600
2016-12-05,64.050003,65.599998,63.299999,64.000000,64.000000,287500
2016-12-06,63.650002,65.000000,63.299999,64.250000,64.250000,346500
2016-12-07,64.050003,65.199997,63.230000,64.500000,64.500000,270400
2016-12-08,64.400002,64.400002,63.549999,64.000000,64.000000,360000
2016-12-09,64.500000,64.500000,63.849998,64.250000,64.250000,332000
2016-12-12,64.250000,64.650002,63.950001,64.500000,64.500000,211600
2016-12-13,65.050003,65.529999,64.800003,65.250000,65.250000,264400
2016-12-14,65.000000,65.400002,64.449997,64.949997,64.949997,228800
2016-12-15,64.949997,66.099998,64.779999,65.750000,65.750000,289300
2016-12-16,65.949997,66.050003,64.150002,64.349998,64.349998,1263200
2016-12-19,64.550003,65.129997,63.910000,64.250000,64.250000,194000
2016-12-20,64.400002,64.949997,63.500000,64.250000,64.250000,173300
2016-12-21,64.300003,64.699997,63.650002,64.250000,64.250000,109600
2016-12-22,64.400002,64.650002,64.000000,64.099998,64.099998,130000
2016-12-23,64.250000,64.650002,63.750000,64.099998,64.099998,80300
2016-12-27,64.000000,64.750000,63.650002,64.449997,64.449997,109200
2016-12-28,64.400002,64.750000,63.250000,63.549999,63.549999,89200
2016-12-29,63.700001,64.000000,63.299999,63.799999,63.799999,102100
2016-12-30,64.099998,64.099998,62.150002,62.849998,62.849998,205200
2017-01-03,63.349998,64.400002,62.450001,62.900002,62.900002,227500
2017-01-04,63.200001,64.650002,63.200001,64.650002,64.650002,226300
2017-01-05,64.400002,64.949997,63.410000,63.700001,63.700001,97700
2017-01-06,63.900002,64.250000,63.250000,63.950001,63.950001,146000
2017-01-09,64.000000,64.000000,62.250000,62.250000,62.250000,158500
2017-01-10,62.200001,63.150002,61.750000,63.049999,63.049999,163800
2017-01-11,63.099998,63.700001,62.700001,63.599998,63.599998,140800
2017-01-12,63.299999,63.299999,61.700001,62.700001,62.700001,65400
2017-01-13,62.700001,63.450001,62.700001,63.349998,63.349998,98700
2017-01-17,63.049999,63.150002,61.000000,61.299999,61.299999,132500
2017-01-18,61.349998,62.500000,60.410000,62.000000,62.000000,117800
2017-01-19,62.000000,62.349998,60.849998,60.900002,60.900002,94500
2017-01-20,61.200001,61.799999,60.599998,61.049999,61.049999,88300
2017-01-23,61.049999,61.450001,60.650002,61.150002,61.150002,83300
2017-01-24,61.250000,61.900002,61.150002,61.700001,61.700001,96600
2017-01-25,62.299999,63.049999,62.299999,62.549999,62.549999,139400
2017-01-26,62.500000,62.599998,61.849998,62.349998,62.349998,113500
2017-01-27,62.299999,62.700001,61.549999,61.849998,61.849998,70400
2017-01-30,61.450001,61.450001,60.349998,61.099998,61.099998,100700
2017-01-31,60.900002,61.799999,60.450001,61.700001,61.700001,149600
2017-02-01,61.950001,62.549999,60.849998,61.700001,61.700001,129000
2017-02-02,61.599998,62.150002,61.200001,61.549999,61.549999,121800
2017-02-03,62.049999,62.049999,61.150002,61.900002,61.900002,101800
2017-02-06,61.650002,61.799999,61.150002,61.650002,61.650002,91500
2017-02-07,61.750000,62.700001,61.250000,62.150002,62.150002,250000
2017-02-08,62.049999,63.299999,61.700001,63.049999,63.049999,172100
2017-02-09,63.200001,64.300003,63.150002,63.549999,63.549999,137100
2017-02-10,63.599998,64.150002,62.700001,64.150002,64.150002,104000
2017-02-13,64.449997,64.650002,64.050003,64.250000,64.250000,132500
2017-02-14,63.950001,64.199997,62.950001,63.049999,63.049999,154600
2017-02-15,62.700001,63.849998,62.700001,63.700001,63.700001,175700
2017-02-16,63.750000,64.180000,63.200001,63.950001,63.950001,184100
2017-02-17,63.900002,64.099998,63.599998,63.950001,63.950001,171800
2017-02-21,63.700001,64.050003,62.959999,63.900002,63.900002,187000
2017-02-22,63.549999,64.750000,63.549999,64.150002,64.150002,368100
2017-02-23,63.849998,65.550003,63.849998,65.550003,65.550003,211700
2017-02-24,64.900002,66.150002,64.849998,65.900002,65.900002,229800
2017-02-27,65.800003,66.449997,65.650002,66.199997,66.199997,255200
2017-02-28,65.750000,65.750000,63.509998,64.699997,64.699997,325200
2017-03-01,64.750000,64.750000,58.349998,61.000000,61.000000,737400
2017-03-02,60.849998,61.299999,58.180000,59.099998,59.099998,493600
2017-03-03,59.099998,59.680000,58.799999,59.450001,59.450001,294000
2017-03-06,59.000000,59.450001,57.799999,59.150002,59.150002,205900
2017-03-07,59.099998,59.880001,58.599998,59.150002,59.150002,325000
2017-03-08,59.250000,59.349998,58.450001,58.700001,58.700001,180300
2017-03-09,58.500000,59.950001,58.500000,59.599998,59.599998,248100
2017-03-10,59.849998,60.250000,59.000000,59.650002,59.650002,241500
2017-03-13,59.349998,59.500000,58.900002,59.250000,59.250000,195700
2017-03-14,59.099998,59.400002,58.299999,58.849998,58.849998,332400
2017-03-15,59.150002,61.080002,58.750000,60.799999,60.799999,276600
2017-03-16,60.849998,62.299999,60.549999,62.200001,62.200001,315400
2017-03-17,62.400002,64.400002,62.250000,64.000000,64.000000,749100
2017-03-20,64.150002,64.550003,62.299999,62.349998,62.349998,335200
2017-03-21,62.549999,62.930000,61.450001,61.549999,61.549999,382600
2017-03-22,61.500000,62.549999,61.400002,62.250000,62.250000,242500
2017-03-23,62.349998,63.299999,62.200001,62.500000,62.500000,228400
2017-03-24,62.599998,63.200001,62.250000,62.950001,62.950001,240600
2017-03-27,62.299999,62.549999,60.549999,62.299999,62.299999,214100
2017-03-28,61.950001,61.950001,59.750000,60.299999,60.299999,322500
2017-03-29,60.049999,60.299999,59.680000,60.250000,60.250000,173300
2017-03-30,60.400002,60.799999,59.950001,60.650002,60.650002,164400
2017-03-31,60.750000,61.279999,60.400002,60.700001,60.700001,145400
2017-04-03,60.750000,60.779999,59.450001,59.650002,59.650002,145000
2017-04-04,59.599998,60.299999,59.599998,59.900002,59.900002,186500
2017-04-05,60.000000,61.049999,59.500000,59.549999,59.549999,232400
2017-04-06,59.599998,60.450001,59.110001,60.349998,60.349998,113700
2017-04-07,60.200001,60.750000,59.799999,59.849998,59.849998,218400
2017-04-10,59.599998,61.080002,59.599998,60.599998,60.599998,124300
2017-04-11,60.500000,61.500000,60.200001,61.400002,61.400002,144500
2017-04-12,61.549999,61.549999,59.849998,59.950001,59.950001,105900
2017-04-13,59.849998,60.299999,59.099998,59.150002,59.150002,74700
2017-04-17,59.400002,59.849998,59.150002,59.750000,59.750000,78300
2017-04-18,59.599998,60.299999,59.450001,60.150002,60.150002,115700
2017-04-19,60.400002,61.099998,60.099998,60.299999,60.299999,83100
2017-04-20,60.400002,61.349998,60.150002,61.200001,61.200001,113800
2017-04-21,61.200001,62.049999,61.099998,61.599998,61.599998,171700
2017-04-24,62.450001,63.950001,61.259998,63.799999,63.799999,213500
2017-04-25,64.300003,64.849998,63.959999,64.500000,64.500000,189600
2017-04-26,64.349998,65.000000,64.000000,64.250000,64.250000,270200
2017-04-27,64.550003,65.150002,64.250000,64.849998,64.849998,132200
2017-04-28,64.849998,65.300003,64.500000,64.849998,64.849998,220100
2017-05-01,64.900002,64.900002,63.400002,64.349998,64.349998,150500
2017-05-02,64.400002,64.800003,63.349998,64.199997,64.199997,156400
2017-05-03,64.000000,64.500000,62.799999,62.950001,62.950001,145800
2017-05-04,65.550003,67.449997,64.599998,66.000000,66.000000,642000
2017-05-05,66.050003,66.150002,64.349998,64.699997,64.699997,303600
2017-05-08,64.550003,66.449997,64.500000,65.550003,65.550003,349900
2017-05-09,65.800003,66.250000,64.900002,65.550003,65.550003,292900
2017-05-10,65.550003,66.199997,65.300003,65.800003,65.800003,195900
2017-05-11,65.599998,65.879997,65.050003,65.849998,65.849998,209000
2017-05-12,65.699997,65.949997,64.949997,65.050003,65.050003,102700
2017-05-15,65.199997,66.099998,63.959999,65.599998,65.599998,151500
2017-05-16,65.699997,67.150002,65.550003,66.449997,66.449997,273100
2017-05-17,65.699997,66.050003,64.550003,64.750000,64.750000,196900
2017-05-18,64.750000,65.550003,64.500000,65.349998,65.349998,191700
2017-05-19,65.349998,66.000000,65.150002,65.400002,65.400002,150900
2017-05-22,65.599998,66.750000,65.500000,66.400002,66.400002,166600
2017-05-23,66.500000,67.099998,65.830002,66.699997,66.699997,185800
2017-05-24,66.900002,67.300003,66.199997,67.099998,67.099998,104300
2017-05-25,67.250000,67.699997,67.050003,67.199997,67.199997,81500
2017-05-26,67.250000,67.900002,67.050003,67.849998,67.849998,131300
2017-05-30,67.599998,68.400002,67.449997,67.449997,67.449997,104000
2017-05-31,67.849998,67.849998,66.900002,67.650002,67.650002,160400
2017-06-01,68.050003,68.699997,67.400002,68.599998,68.599998,160700
2017-06-02,68.750000,69.400002,68.500000,69.000000,69.000000,156600
2017-06-05,69.250000,69.500000,68.349998,68.400002,68.400002,68000
2017-06-06,68.150002,68.849998,67.800003,68.800003,68.800003,116700
2017-06-07,69.599998,69.599998,68.650002,69.300003,69.300003,96300
2017-06-08,69.400002,70.900002,69.050003,70.750000,70.750000,230400
2017-06-09,70.800003,71.949997,69.949997,71.099998,71.099998,222100
2017-06-12,71.300003,71.300003,68.699997,69.800003,69.800003,243700
2017-06-13,69.900002,70.449997,69.250000,70.000000,70.000000,118400
2017-06-14,70.300003,70.500000,69.580002,69.949997,69.949997,112200
2017-06-15,69.349998,69.650002,68.449997,69.099998,69.099998,127000
2017-06-16,68.400002,69.690002,68.400002,69.349998,69.349998,342600
2017-06-19,69.550003,69.550003,68.550003,69.099998,69.099998,118700
2017-06-20,69.500000,69.550003,68.250000,68.449997,68.449997,98600
2017-06-21,68.699997,68.949997,67.599998,67.900002,67.900002,91400
2017-06-22,67.900002,69.150002,67.500000,69.050003,69.050003,124400
2017-06-23,69.099998,69.800003,68.930000,69.199997,69.199997,195700
2017-06-26,69.199997,69.849998,68.699997,69.050003,69.050003,74100
2017-06-27,69.050003,69.400002,67.400002,67.400002,67.400002,103000
2017-06-28,67.900002,69.400002,67.699997,69.349998,69.349998,101600
2017-06-29,69.349998,69.349998,66.650002,67.199997,67.199997,133200
2017-06-30,67.150002,68.199997,67.150002,67.750000,67.750000,116100
2017-07-03,68.000000,68.800003,67.949997,68.000000,68.000000,76500
2017-07-05,68.150002,68.430000,67.199997,67.699997,67.699997,69600
2017-07-06,67.199997,67.750000,66.849998,67.199997,67.199997,91200
2017-07-07,67.250000,68.550003,67.150002,68.400002,68.400002,69800
2017-07-10,68.199997,69.150002,68.000000,68.949997,68.949997,159900
2017-07-11,69.050003,69.750000,68.699997,69.349998,69.349998,135600
2017-07-12,69.949997,70.349998,69.199997,70.150002,70.150002,137700
2017-07-13,70.099998,71.099998,69.900002,70.699997,70.699997,117800
2017-07-14,70.849998,71.099998,69.949997,70.849998,70.849998,119200
2017-07-17,70.800003,71.150002,70.250000,71.099998,71.099998,100400
2017-07-18,71.449997,72.000000,70.930000,72.000000,72.000000,143600
2017-07-19,72.099998,75.500000,72.099998,75.500000,75.500000,357200
2017-07-20,75.500000,75.599998,73.449997,74.150002,74.150002,343400
2017-07-21,74.150002,74.150002,73.000000,73.599998,73.599998,254100
2017-07-24,73.199997,73.900002,71.400002,72.599998,72.599998,196300
2017-07-25,72.849998,73.449997,72.599998,73.199997,73.199997,301100
2017-07-26,70.500000,73.300003,70.500000,72.949997,72.949997,215700
2017-07-27,73.300003,73.500000,71.250000,72.349998,72.349998,145300
2017-07-28,72.099998,72.599998,71.629997,72.500000,72.500000,107300
2017-07-31,72.300003,73.150002,71.949997,73.000000,73.000000,104700
2017-08-01,73.400002,73.650002,72.900002,73.099998,73.099998,123300
2017-08-02,73.199997,73.199997,71.910004,73.050003,73.050003,180300
2017-08-03,74.199997,74.449997,68.800003,72.400002,72.400002,270600
2017-08-04,72.650002,72.650002,71.800003,72.050003,72.050003,182300
2017-08-07,72.250000,73.779999,71.849998,73.050003,73.050003,168400
2017-08-08,72.849998,73.349998,72.449997,73.050003,73.050003,242600
2017-08-09,73.050003,73.449997,72.150002,73.150002,73.150002,271300
2017-08-10,72.900002,73.300003,72.400002,72.650002,72.650002,153200
2017-08-11,72.900002,73.050003,70.349998,71.599998,71.599998,217900
2017-08-14,72.500000,73.099998,71.699997,73.000000,73.000000,191800
2017-08-15,72.900002,73.129997,72.449997,73.050003,73.050003,178800
2017-08-16,73.000000,73.300003,72.650002,73.050003,73.050003,223600
2017-08-17,72.750000,73.300003,72.400002,72.650002,72.650002,206000
2017-08-18,72.250000,72.250000,70.849998,71.150002,71.150002,241700
2017-08-21,71.099998,71.099998,70.199997,70.199997,70.199997,179700
2017-08-22,70.349998,70.599998,70.199997,70.400002,70.400002,149400
2017-08-23,70.150002,71.050003,70.000000,70.900002,70.900002,129200
2017-08-24,71.199997,72.199997,70.800003,72.050003,72.050003,133700
2017-08-25,72.199997,72.750000,72.000000,72.300003,72.300003,66400
2017-08-28,72.599998,72.680000,72.150002,72.550003,72.550003,97000
2017-08-29,72.000000,72.879997,71.900002,72.500000,72.500000,84400
2017-08-30,72.449997,72.949997,72.400002,72.800003,72.800003,81000
2017-08-31,72.949997,73.000000,72.500000,72.599998,72.599998,126100
2017-09-01,72.849998,72.849998,72.400002,72.699997,72.699997,140900
2017-09-05,72.550003,73.150002,71.449997,71.849998,71.849998,273300
2017-09-06,72.150002,72.150002,70.949997,71.550003,71.550003,297300
2017-09-07,71.550003,71.699997,70.750000,71.400002,71.400002,142300
2017-09-08,71.099998,72.650002,71.099998,72.250000,72.250000,162400
2017-09-11,72.400002,72.900002,71.800003,72.349998,72.349998,128100
2017-09-12,72.699997,72.699997,71.199997,72.000000,72.000000,157400
2017-09-13,72.000000,72.250000,71.500000,72.250000,72.250000,145400
2017-09-14,71.849998,72.500000,71.550003,72.000000,72.000000,122900
2017-09-15,72.099998,73.300003,71.900002,72.800003,72.800003,576700
2017-09-18,75.650002,77.400002,73.250000,76.500000,76.500000,948800
2017-09-19,74.599998,77.050003,74.599998,76.099998,76.099998,358700
2017-09-20,76.050003,77.000000,75.349998,76.250000,76.250000,299100
2017-09-21,76.199997,76.349998,75.650002,75.849998,75.849998,189900
2017-09-22,75.500000,77.099998,75.500000,76.599998,76.599998,153200
2017-09-25,76.500000,76.900002,74.550003,75.300003,75.300003,178400
2017-09-26,75.300003,75.650002,74.550003,75.150002,75.150002,189100
2017-09-27,75.250000,76.650002,74.800003,76.199997,76.199997,209000
2017-09-28,76.250000,77.199997,75.949997,77.150002,77.150002,112900
2017-09-29,77.050003,77.650002,76.900002,77.449997,77.449997,212400
2017-10-02,77.750000,78.000000,76.800003,77.900002,77.900002,335000
2017-10-03,78.300003,78.849998,77.699997,78.800003,78.800003,199200
2017-10-04,78.550003,78.900002,77.650002,78.550003,78.550003,219100
2017-10-05,78.849998,78.949997,77.650002,77.900002,77.900002,158200
2017-10-06,77.800003,78.199997,77.099998,78.150002,78.150002,187800
2017-10-09,78.150002,78.400002,77.699997,78.000000,78.000000,78800
2017-10-10,78.150002,78.699997,77.849998,78.300003,78.300003,102900
2017-10-11,78.199997,78.550003,77.849998,77.900002,77.900002,115100
2017-10-12,78.400002,79.500000,78.199997,78.199997,78.199997,214700
2017-10-13,78.550003,78.900002,77.500000,78.750000,78.750000,207600
2017-10-16,79.000000,79.550003,78.849998,79.250000,79.250000,85100
2017-10-17,78.949997,79.949997,78.900002,79.150002,79.150002,146900
2017-10-18,79.500000,79.849998,78.529999,79.099998,79.099998,163600
2017-10-19,78.650002,79.750000,77.550003,78.800003,78.800003,148000
2017-10-20,79.400002,79.800003,79.000000,79.400002,79.400002,98800
2017-10-23,79.599998,79.599998,78.050003,78.099998,78.099998,109400
2017-10-24,78.250000,79.599998,78.099998,79.000000,79.000000,137300
2017-10-25,79.150002,79.599998,78.000000,78.599998,78.599998,89700
2017-10-26,78.750000,79.000000,77.949997,78.449997,78.449997,128100
2017-10-27,78.699997,79.449997,77.779999,79.150002,79.150002,360700
2017-10-30,79.099998,79.099998,76.949997,77.300003,77.300003,120000
2017-10-31,77.750000,78.599998,77.599998,78.150002,78.150002,237100
2017-11-01,78.699997,79.949997,76.750000,78.300003,78.300003,214700
2017-11-02,67.300003,74.750000,66.050003,66.529999,66.529999,1069400
2017-11-03,66.849998,70.800003,66.849998,69.379997,69.379997,366300
2017-11-06,69.349998,70.449997,69.199997,69.400002,69.400002,249900
2017-11-07,69.449997,69.449997,66.400002,67.000000,67.000000,325500
2017-11-08,67.050003,67.849998,66.750000,67.150002,67.150002,199400
2017-11-09,66.949997,69.150002,66.250000,66.800003,66.800003,265600
2017-11-10,66.500000,67.279999,66.300003,66.650002,66.650002,194100
2017-11-13,66.349998,66.849998,65.199997,65.400002,65.400002,291100
2017-11-14,65.300003,65.849998,65.010002,65.550003,65.550003,200200
2017-11-15,65.349998,65.949997,64.500000,65.250000,65.250000,243000
2017-11-16,65.550003,67.199997,64.949997,66.250000,66.250000,311400
2017-11-17,66.599998,66.750000,65.699997,65.699997,65.699997,291800
2017-11-20,65.949997,66.800003,65.800003,66.000000,66.000000,314000
2017-11-21,66.550003,66.900002,65.750000,66.050003,66.050003,384800
2017-11-22,66.199997,67.000000,65.550003,65.750000,65.750000,198600
2017-11-24,66.050003,66.449997,65.830002,66.000000,66.000000,65700
2017-11-27,65.949997,66.599998,65.199997,65.500000,65.500000,309000
2017-11-28,65.900002,66.300003,65.050003,65.250000,65.250000,274300
2017-11-29,63.599998,65.250000,62.650002,63.900002,63.900002,298700
2017-11-30,63.950001,64.900002,63.660000,64.449997,64.449997,310400
2017-12-01,64.250000,64.800003,63.099998,64.750000,64.750000,250700
2017-12-04,65.349998,66.510002,64.550003,65.550003,65.550003,506900
2017-12-05,65.199997,66.900002,64.250000,65.849998,65.849998,411000
2017-12-06,65.699997,68.000000,65.699997,67.400002,67.400002,550300
2017-12-07,67.199997,70.250000,67.199997,69.900002,69.900002,1015100
2017-12-08,70.400002,70.400002,68.500000,69.199997,69.199997,449300
2017-12-11,69.650002,69.800003,68.949997,69.449997,69.449997,272500
2017-12-12,69.650002,71.300003,68.849998,70.550003,70.550003,255800
2017-12-13,70.550003,71.150002,70.449997,71.000000,71.000000,293700
2017-12-14,70.599998,71.300003,69.800003,70.300003,70.300003,378300
2017-12-15,70.550003,71.500000,70.349998,71.199997,71.199997,1005900
2017-12-18,71.800003,72.300003,71.099998,71.250000,71.250000,317200
2017-12-19,71.500000,72.000000,70.099998,70.199997,70.199997,307900
2017-12-20,70.300003,70.599998,68.459999,69.050003,69.050003,314100
2017-12-21,69.400002,69.699997,68.449997,68.550003,68.550003,355300
2017-12-22,68.800003,69.800003,67.949997,68.050003,68.050003,157900
2017-12-26,68.300003,68.750000,67.379997,67.650002,67.650002,293400
2017-12-27,67.550003,68.199997,67.550003,68.050003,68.050003,326800
2017-12-28,68.250000,68.550003,67.849998,68.449997,68.449997,273300
2017-12-29,68.599998,69.900002,68.150002,68.199997,68.199997,262000
2018-01-02,67.900002,69.599998,67.900002,69.300003,69.300003,670400
2018-01-03,70.650002,71.010002,69.599998,70.150002,70.150002,357900
2018-01-04,70.099998,70.300003,69.250000,69.400002,69.400002,411300
2018-01-05,69.500000,70.699997,69.500000,70.199997,70.199997,283400
2018-01-08,70.099998,70.800003,69.629997,70.449997,70.449997,352400
2018-01-09,70.000000,70.550003,69.750000,70.300003,70.300003,177700
2018-01-10,70.250000,70.500000,69.449997,70.099998,70.099998,343200
2018-01-11,70.099998,71.449997,69.900002,71.199997,71.199997,203000
2018-01-12,71.750000,72.449997,71.300003,71.699997,71.699997,248500
2018-01-16,72.300003,73.800003,72.300003,73.500000,73.500000,316300
2018-01-17,73.949997,74.349998,73.220001,74.199997,74.199997,277100
2018-01-18,74.250000,74.550003,73.750000,74.150002,74.150002,192300
2018-01-19,74.349998,75.099998,74.099998,74.800003,74.800003,153400
2018-01-22,75.349998,75.550003,73.699997,74.099998,74.099998,260000
2018-01-23,74.250000,74.599998,73.849998,73.900002,73.900002,136100
2018-01-24,74.300003,75.150002,73.900002,74.400002,74.400002,653300
2018-01-25,74.599998,74.879997,73.449997,74.849998,74.849998,347800
2018-01-26,75.400002,75.400002,74.550003,74.949997,74.949997,257100
2018-01-29,74.750000,75.300003,74.400002,74.449997,74.449997,332500
2018-01-30,73.750000,74.080002,73.150002,73.750000,73.750000,279400
2018-01-31,74.250000,74.599998,73.150002,73.199997,73.199997,227200
2018-02-01,72.500000,72.800003,70.800003,70.849998,70.849998,411700
2018-02-02,70.650002,71.000000,70.150002,70.750000,70.750000,223800
2018-02-05,70.500000,70.949997,68.129997,68.129997,68.129997,250500
2018-02-06,67.099998,68.900002,66.309998,68.400002,68.400002,271600
2018-02-07,68.300003,68.949997,67.900002,68.500000,68.500000,196300
2018-02-08,68.449997,68.449997,65.599998,65.650002,65.650002,205300
2018-02-09,66.400002,67.449997,63.900002,65.900002,65.900002,231100
2018-02-12,66.150002,67.349998,65.449997,66.900002,66.900002,210200
2018-02-13,66.449997,67.050003,66.300003,66.949997,66.949997,91000
2018-02-14,66.550003,67.599998,65.849998,67.599998,67.599998,179900
2018-02-15,68.250000,69.300003,67.500000,68.750000,68.750000,192500
2018-02-16,68.650002,69.470001,68.500000,68.849998,68.849998,136000
2018-02-20,68.650002,69.400002,68.250000,68.500000,68.500000,225200
2018-02-21,68.300003,69.900002,68.250000,69.000000,69.000000,254100
2018-02-22,69.099998,69.849998,69.000000,69.300003,69.300003,111200
2018-02-23,69.500000,69.900002,68.900002,69.550003,69.550003,138700
2018-02-26,69.349998,70.500000,68.449997,70.400002,70.400002,257500
2018-02-27,71.099998,73.349998,70.650002,70.800003,70.800003,426700
2018-02-28,70.349998,72.000000,69.900002,70.000000,70.000000,366100
2018-03-01,73.300003,75.550003,70.610001,74.300003,74.300003,494800
2018-03-02,73.599998,74.650002,72.650002,74.500000,74.500000,303700
2018-03-05,74.250000,74.949997,72.400002,73.250000,73.250000,341000
2018-03-06,73.500000,73.550003,72.099998,73.099998,73.099998,218000
2018-03-07,72.550003,74.099998,72.150002,74.000000,74.000000,260400
2018-03-08,73.900002,73.900002,72.800003,73.349998,73.349998,240900
2018-03-09,74.000000,75.349998,73.800003,75.199997,75.199997,178200
2018-03-12,75.550003,76.349998,74.400002,75.949997,75.949997,351900
2018-03-13,76.449997,77.400002,76.199997,76.500000,76.500000,280300
2018-03-14,76.949997,77.400002,74.449997,74.599998,74.599998,294100
2018-03-15,74.550003,75.430000,74.400002,75.400002,75.400002,247900
2018-03-16,75.500000,76.150002,75.150002,75.949997,75.949997,550300
2018-03-19,75.750000,75.800003,72.750000,72.949997,72.949997,307200
2018-03-20,73.000000,73.250000,72.550003,72.849998,72.849998,171100
2018-03-21,72.800003,73.529999,72.599998,73.000000,73.000000,184700
2018-03-22,72.500000,73.199997,71.199997,71.300003,71.300003,315400
2018-03-23,71.400002,71.750000,70.150002,70.180000,70.180000,327000
2018-03-26,71.250000,71.800003,70.349998,71.199997,71.199997,199800
2018-03-27,71.400002,71.449997,69.550003,69.800003,69.800003,145300
2018-03-28,69.849998,70.650002,68.660004,69.699997,69.699997,243900
2018-03-29,70.099998,72.199997,70.099998,71.550003,71.550003,153700
2018-04-02,70.800003,70.800003,67.349998,68.250000,68.250000,223000
2018-04-03,68.800003,70.000000,68.500000,69.949997,69.949997,225200
2018-04-04,69.199997,70.500000,68.250000,70.050003,70.050003,187100
2018-04-05,70.550003,71.050003,69.849998,70.050003,70.050003,155900
2018-04-06,69.500000,70.050003,67.650002,68.150002,68.150002,162900
2018-04-09,68.449997,69.300003,68.099998,68.449997,68.449997,97500
2018-04-10,69.300003,70.150002,69.199997,69.550003,69.550003,239100
2018-04-11,69.300003,70.139999,68.879997,69.550003,69.550003,138700
2018-04-12,70.050003,70.349998,69.650002,70.000000,70.000000,166200
2018-04-13,70.199997,70.550003,69.150002,69.949997,69.949997,139900
2018-04-16,70.099998,70.849998,69.900002,70.250000,70.250000,187000
2018-04-17,70.500000,71.800003,69.800003,71.449997,71.449997,182800
2018-04-18,71.250000,72.000000,70.800003,71.599998,71.599998,331200
2018-04-19,71.400002,71.849998,69.449997,69.599998,69.599998,144800
2018-04-20,69.500000,70.199997,68.400002,69.099998,69.099998,233700
2018-04-23,69.199997,69.349998,67.750000,68.349998,68.349998,177500
2018-04-24,68.500000,69.199997,66.449997,67.050003,67.050003,291800
2018-04-25,66.949997,67.400002,65.750000,66.000000,66.000000,223800
2018-04-26,66.199997,66.199997,64.900002,65.849998,65.849998,248200
2018-04-27,66.000000,69.089996,65.349998,65.699997,65.699997,107000
2018-04-30,65.750000,66.199997,65.400002,65.400002,65.400002,176100
2018-05-01,65.250000,65.449997,64.250000,65.449997,65.449997,227400
2018-05-02,65.199997,65.849998,64.949997,65.099998,65.099998,159000
2018-05-03,64.849998,65.400002,64.449997,64.849998,64.849998,166000
2018-05-04,64.849998,65.699997,64.050003,64.949997,64.949997,340500
2018-05-07,65.349998,66.650002,65.000000,66.349998,66.349998,271600
2018-05-08,66.500000,67.599998,66.349998,67.349998,67.349998,313900
2018-05-09,67.400002,67.599998,66.800003,67.250000,67.250000,208500
2018-05-10,67.650002,67.900002,67.199997,67.800003,67.800003,211700
2018-05-11,67.449997,68.000000,65.599998,66.250000,66.250000,460100
2018-05-14,66.650002,67.650002,66.199997,67.150002,67.150002,250400
2018-05-15,63.000000,64.699997,60.000000,62.130001,62.130001,1045100
2018-05-16,61.799999,61.930000,59.650002,59.700001,59.700001,530600
2018-05-17,59.400002,59.650002,58.099998,58.150002,58.150002,468700
2018-05-18,58.400002,58.750000,57.959999,58.349998,58.349998,336700
2018-05-21,58.950001,60.380001,58.950001,59.849998,59.849998,538100
2018-05-22,59.950001,60.349998,58.799999,58.900002,58.900002,312100
2018-05-23,58.950001,60.400002,58.849998,59.450001,59.450001,369000
2018-05-24,59.500000,59.900002,59.049999,59.400002,59.400002,410100
2018-05-25,59.500000,59.900002,58.650002,59.049999,59.049999,402400
2018-05-29,58.750000,58.849998,57.180000,57.549999,57.549999,339300
2018-05-30,57.950001,58.450001,57.650002,58.200001,58.200001,396700
2018-05-31,58.049999,58.349998,57.049999,57.099998,57.099998,193100
2018-06-01,57.549999,58.450001,56.700001,56.950001,56.950001,265500
2018-06-04,57.099998,58.150002,56.950001,58.049999,58.049999,319600
2018-06-05,58.000000,58.950001,57.779999,58.849998,58.849998,272400
2018-06-06,59.150002,59.900002,58.549999,59.849998,59.849998,297400
2018-06-07,59.849998,59.900002,58.900002,58.950001,58.950001,252400
2018-06-08,59.000000,59.150002,58.250000,58.599998,58.599998,274200
2018-06-11,58.900002,59.500000,58.500000,58.599998,58.599998,364200
2018-06-12,58.599998,59.150002,58.049999,58.250000,58.250000,258600
2018-06-13,58.450001,59.150002,57.799999,57.950001,57.950001,441600
2018-06-14,58.000000,58.349998,57.700001,57.900002,57.900002,237900
2018-06-15,58.849998,58.849998,57.240002,58.549999,58.549999,635100
2018-06-18,58.349998,61.099998,58.049999,60.200001,60.200001,478300
2018-06-19,59.450001,59.750000,58.099998,58.549999,58.549999,208400
2018-06-20,58.950001,60.700001,58.750000,60.599998,60.599998,289500
2018-06-21,60.750000,61.000000,59.700001,60.000000,60.000000,339000
2018-06-22,60.450001,61.099998,59.099998,59.450001,59.450001,373600
2018-06-25,58.900002,59.200001,57.450001,58.700001,58.700001,387900
2018-06-26,58.750000,59.849998,58.250000,59.700001,59.700001,248300
2018-06-27,59.799999,60.599998,59.049999,59.049999,59.049999,211000
2018-06-28,58.799999,60.200001,58.549999,59.700001,59.700001,233700
2018-06-29,59.849998,61.000000,59.599998,60.049999,60.049999,215800
2018-07-02,59.299999,60.650002,59.200001,60.599998,60.599998,553500
2018-07-03,60.950001,61.099998,60.250000,60.599998,60.599998,63000
2018-07-05,60.650002,62.000000,60.509998,61.900002,61.900002,205300
2018-07-06,61.900002,61.950001,61.000000,61.299999,61.299999,156600
2018-07-09,61.400002,62.150002,61.250000,61.950001,61.950001,140000
2018-07-10,62.099998,62.200001,60.799999,61.150002,61.150002,214800
2018-07-11,60.900002,61.500000,60.650002,61.200001,61.200001,156100
2018-07-12,61.650002,62.250000,60.950001,61.599998,61.599998,234800
2018-07-13,61.500000,62.200001,60.799999,61.000000,61.000000,304900
2018-07-16,60.900002,60.950001,59.849998,60.150002,60.150002,203900
2018-07-17,59.849998,60.099998,59.400002,59.500000,59.500000,216600
2018-07-18,59.700001,59.799999,59.200001,59.599998,59.599998,290800
2018-07-19,59.549999,60.900002,59.450001,60.500000,60.500000,304700
2018-07-20,60.400002,61.500000,60.230000,61.349998,61.349998,160600
2018-07-23,61.000000,61.349998,60.200001,61.099998,61.099998,107000
2018-07-24,61.099998,61.500000,60.049999,60.250000,60.250000,178400
2018-07-25,60.049999,61.299999,59.810001,60.750000,60.750000,152300
2018-07-26,60.799999,61.349998,60.700001,60.799999,60.799999,199500
2018-07-27,60.950001,61.000000,59.349998,59.400002,59.400002,230900
2018-07-30,59.549999,60.400002,59.330002,59.500000,59.500000,349600
2018-07-31,59.750000,61.200001,59.750000,61.200001,61.200001,327900
2018-08-01,61.000000,61.299999,58.549999,59.150002,59.150002,340200
2018-08-02,58.950001,60.310001,58.950001,59.950001,59.950001,225100
2018-08-03,58.950001,61.049999,58.950001,59.650002,59.650002,208200
2018-08-06,59.750000,61.000000,59.750000,60.599998,60.599998,212400
2018-08-07,57.000000,64.750000,55.259998,64.500000,64.500000,1064000
2018-08-08,64.400002,64.400002,62.950001,63.500000,63.500000,388400
2018-08-09,63.400002,64.250000,63.000000,63.049999,63.049999,215500
2018-08-10,62.849998,62.849998,61.599998,61.650002,61.650002,159700
2018-08-13,61.849998,61.849998,60.700001,61.099998,61.099998,349100
2018-08-14,61.549999,61.849998,60.500000,61.650002,61.650002,197800
2018-08-15,61.250000,61.549999,60.150002,61.349998,61.349998,180700
2018-08-16,61.549999,62.400002,61.389999,61.849998,61.849998,116100
2018-08-17,61.599998,62.549999,61.450001,62.450001,62.450001,199800
2018-08-20,62.250000,63.349998,62.250000,63.150002,63.150002,257800
2018-08-21,63.400002,64.570000,63.400002,64.400002,64.400002,223100
2018-08-22,65.300003,65.449997,64.629997,65.250000,65.250000,283000
2018-08-23,65.400002,65.699997,64.970001,65.300003,65.300003,321300
2018-08-24,65.000000,65.500000,64.300003,65.150002,65.150002,290900
2018-08-27,65.000000,66.449997,64.550003,65.949997,65.949997,266000
2018-08-28,66.300003,66.400002,65.750000,65.800003,65.800003,295100
2018-08-29,65.800003,66.250000,65.599998,65.699997,65.699997,221500
2018-08-30,65.800003,66.349998,65.400002,66.000000,66.000000,243700
2018-08-31,65.750000,66.500000,65.400002,66.400002,66.400002,220700
2018-09-04,66.250000,66.250000,65.150002,65.900002,65.900002,263800
2018-09-05,66.050003,66.209999,65.330002,66.099998,66.099998,180000
2018-09-06,66.199997,66.940002,65.500000,65.800003,65.800003,233100
2018-09-07,65.650002,66.250000,65.349998,65.800003,65.800003,241200
2018-09-10,66.099998,66.099998,65.269997,65.800003,65.800003,244600
2018-09-11,65.550003,66.250000,65.400002,65.699997,65.699997,198200
2018-09-12,65.800003,66.500000,65.099998,66.300003,66.300003,183500
2018-09-13,66.300003,66.839996,65.400002,66.199997,66.199997,107300
2018-09-14,66.000000,66.800003,65.349998,66.650002,66.650002,221900
2018-09-17,66.699997,66.900002,65.449997,65.949997,65.949997,433100
2018-09-18,66.300003,66.500000,65.580002,65.900002,65.900002,167900
2018-09-19,65.800003,66.300003,65.349998,66.050003,66.050003,191400
2018-09-20,66.449997,66.550003,65.949997,66.300003,66.300003,138100
2018-09-21,66.349998,66.949997,65.949997,66.050003,66.050003,881800
2018-09-24,66.099998,66.099998,65.349998,65.599998,65.599998,167800
2018-09-25,65.800003,66.199997,64.000000,64.150002,64.150002,213400
2018-09-26,64.250000,64.900002,62.450001,62.750000,62.750000,247200
2018-09-27,62.950001,64.449997,62.299999,64.400002,64.400002,278700
2018-09-28,64.150002,65.099998,63.799999,64.199997,64.199997,193600
2018-10-01,64.290001,64.550003,62.209999,62.230000,62.230000,262700
2018-10-02,62.110001,62.840000,61.189999,61.540001,61.540001,192600
2018-10-03,61.590000,61.919998,61.139999,61.220001,61.220001,158000
2018-10-04,61.040001,61.040001,59.320000,59.939999,59.939999,158500
2018-10-05,59.950001,60.400002,58.470001,59.080002,59.080002,344500
2018-10-08,58.880001,59.279999,57.700001,58.880001,58.880001,494800
2018-10-09,58.750000,59.070000,58.009998,58.250000,58.250000,214700
2018-10-10,58.139999,58.180000,54.500000,54.740002,54.740002,395700
2018-10-11,54.590000,55.110001,53.549999,53.549999,53.549999,313500
2018-10-12,54.590000,54.990002,52.959999,53.820000,53.820000,214100
2018-10-15,53.830002,54.369999,52.880001,53.779999,53.779999,262400
2018-10-16,55.020000,56.160000,53.310001,55.939999,55.939999,446600
2018-10-17,55.930000,57.160000,54.540001,55.480000,55.480000,209700
2018-10-18,55.080002,55.419998,53.730000,53.889999,53.889999,160200
2018-10-19,53.939999,54.180000,52.799999,53.009998,53.009998,139200
2018-10-22,53.299999,54.139999,52.830002,53.320000,53.320000,202900
2018-10-23,52.400002,52.700001,51.040001,52.259998,52.259998,251100
2018-10-24,52.330002,52.709999,49.849998,49.919998,49.919998,210600
2018-10-25,50.330002,52.049999,50.330002,51.849998,51.849998,263200
2018-10-26,50.959999,52.810001,49.959999,51.779999,51.779999,149300
2018-10-29,52.790001,53.869999,49.849998,50.570000,50.570000,171000
2018-10-30,50.570000,52.110001,50.000000,52.020000,52.020000,168100
2018-10-31,52.500000,53.230000,51.500000,52.139999,52.139999,192500
2018-11-01,52.599998,54.810001,52.270000,54.139999,54.139999,207700
2018-11-02,54.419998,55.000000,53.570000,54.430000,54.430000,246300
2018-11-05,54.650002,55.090000,53.700001,54.770000,54.770000,264000
2018-11-06,52.250000,53.889999,49.590000,51.689999,51.689999,953000
2018-11-07,51.840000,55.480000,51.029999,55.200001,55.200001,371900
2018-11-08,53.270000,56.639999,53.270000,55.849998,55.849998,243300
2018-11-09,55.590000,55.590000,53.139999,53.990002,53.990002,379900
2018-11-12,53.939999,54.139999,52.869999,52.939999,52.939999,305700
2018-11-13,53.060001,54.150002,52.070000,52.680000,52.680000,292300
2018-11-14,52.950001,53.639999,51.400002,51.889999,51.889999,298800
2018-11-15,51.619999,53.340000,51.230000,53.220001,53.220001,220100
2018-11-16,52.759998,54.070000,51.840000,53.770000,53.770000,272600
2018-11-19,53.570000,54.689999,52.209999,52.669998,52.669998,284500
2018-11-20,51.689999,52.439999,50.200001,50.500000,50.500000,242100
2018-11-21,51.000000,51.900002,50.869999,51.490002,51.490002,189000
2018-11-23,51.049999,52.240002,51.009998,51.380001,51.380001,62500
2018-11-26,51.980000,53.209999,51.189999,52.389999,52.389999,185500
2018-11-27,51.959999,52.410000,50.590000,50.840000,50.840000,237500
2018-11-28,51.060001,53.759998,50.419998,53.400002,53.400002,242000
2018-11-29,53.320000,54.220001,52.720001,54.060001,54.060001,211200
2018-11-30,53.919998,54.480000,53.480000,54.160000,54.160000,202200
2018-12-03,54.660000,55.680000,54.410000,55.650002,55.650002,246800
2018-12-04,55.439999,55.689999,52.230000,52.299999,52.299999,306300
2018-12-06,51.180000,54.759998,50.619999,53.169998,53.169998,175800
2018-12-07,53.110001,54.230000,51.709999,51.990002,51.990002,237800
2018-12-10,52.000000,52.490002,50.529999,52.070000,52.070000,189500
2018-12-11,52.980000,53.099998,51.689999,52.200001,52.200001,218300
2018-12-12,53.020000,53.889999,52.419998,53.060001,53.060001,158600
2018-12-13,53.369999,53.820000,51.889999,52.080002,52.080002,247900
2018-12-14,51.509998,51.750000,49.910000,50.220001,50.220001,151900
2018-12-17,49.799999,49.860001,47.380001,47.869999,47.869999,332800
2018-12-18,48.419998,49.290001,47.470001,49.029999,49.029999,253700
2018-12-19,48.950001,49.700001,47.759998,48.150002,48.150002,235200
2018-12-20,47.889999,48.860001,47.349998,47.880001,47.880001,243500
2018-12-21,47.790001,48.730000,46.230000,46.349998,46.349998,644800
2018-12-24,45.810001,45.860001,44.349998,44.610001,44.610001,98800
2018-12-26,44.810001,46.959999,44.389999,46.849998,46.849998,137300
2018-12-27,46.080002,47.459999,45.369999,47.450001,47.450001,169900
2018-12-28,47.439999,47.970001,46.349998,47.029999,47.029999,226900
2018-12-31,47.500000,47.520000,46.290001,47.290001,47.290001,197500
2019-01-02,46.549999,48.230000,46.000000,48.070000,48.070000,151600
2019-01-03,47.430000,47.970001,46.009998,46.259998,46.259998,186800
2019-01-04,47.139999,49.000000,46.290001,48.500000,48.500000,180800
2019-01-07,48.509998,49.459999,47.950001,48.990002,48.990002,105100
2019-01-08,49.400002,49.689999,48.549999,49.490002,49.490002,272900
2019-01-09,49.759998,51.299999,49.759998,50.930000,50.930000,182600
2019-01-10,50.750000,51.959999,50.099998,51.880001,51.880001,166800
2019-01-11,51.580002,52.520000,51.480000,52.119999,52.119999,183100
2019-01-14,51.799999,52.570000,50.810001,52.000000,52.000000,163100
2019-01-15,52.070000,52.450001,51.189999,52.020000,52.020000,300100
2019-01-16,52.119999,54.020000,51.880001,53.860001,53.860001,202500
2019-01-17,53.580002,54.540001,53.080002,53.529999,53.529999,303100
2019-01-18,53.840000,54.680000,53.240002,54.480000,54.480000,193400
2019-01-22,54.320000,54.610001,52.090000,52.950001,52.950001,204900
2019-01-23,53.000000,53.560001,51.270000,52.000000,52.000000,137500
2019-01-24,51.990002,53.180000,51.680000,52.660000,52.660000,248200
2019-01-25,53.220001,54.709999,52.709999,53.820000,53.820000,577000
2019-01-28,53.270000,53.639999,52.070000,52.360001,52.360001,210300
2019-01-29,52.630001,53.220001,52.220001,52.230000,52.230000,379100
2019-01-30,52.880001,53.610001,51.610001,53.310001,53.310001,169900
2019-01-31,53.380001,55.240002,53.330002,54.630001,54.630001,232400
2019-02-01,54.820000,55.369999,54.049999,55.060001,55.060001,211500
2019-02-04,55.099998,56.290001,54.720001,56.209999,56.209999,187600
2019-02-05,56.380001,57.520000,52.900002,57.330002,57.330002,169800
2019-02-06,57.290001,58.349998,57.290001,58.209999,58.209999,135300
2019-02-07,57.730000,58.200001,55.939999,56.910000,56.910000,152400
2019-02-08,56.330002,57.160000,55.950001,57.160000,57.160000,155100
2019-02-11,57.369999,58.000000,56.610001,57.759998,57.759998,146200
2019-02-12,58.230000,58.980000,57.799999,58.959999,58.959999,150500
2019-02-13,59.130001,59.830002,58.910000,59.610001,59.610001,117600
2019-02-14,59.389999,59.840000,59.049999,59.480000,59.480000,187800
2019-02-15,59.759998,60.529999,59.490002,60.110001,60.110001,119500
2019-02-19,60.049999,61.340000,59.849998,60.619999,60.619999,163900
2019-02-20,60.610001,61.910000,59.959999,61.740002,61.740002,192300
2019-02-21,61.750000,61.930000,60.259998,60.910000,60.910000,131900
2019-02-22,61.029999,61.660000,60.290001,61.470001,61.470001,172000
2019-02-25,61.570000,62.209999,60.549999,60.650002,60.650002,312200
2019-02-26,60.430000,61.619999,60.189999,60.540001,60.540001,275700
2019-02-27,60.110001,61.660000,60.060001,61.570000,61.570000,251900
2019-02-28,58.200001,58.500000,52.380001,53.009998,53.009998,1021100
2019-03-01,53.209999,54.000000,51.360001,51.400002,51.400002,572000
2019-03-04,51.400002,53.020000,50.369999,51.000000,51.000000,404300
2019-03-05,50.990002,51.290001,49.930000,50.020000,50.020000,244400
2019-03-06,50.130001,50.439999,49.570000,49.790001,49.790001,200600
2019-03-07,49.799999,50.299999,48.939999,49.349998,49.349998,184000
2019-03-08,48.849998,49.220001,48.750000,48.990002,48.990002,285100
2019-03-11,49.209999,49.840000,48.889999,49.720001,49.720001,378000
2019-03-12,49.669998,50.630001,49.330002,50.130001,50.130001,352900
2019-03-13,50.410000,50.730000,49.880001,50.470001,50.470001,200000
2019-03-14,50.470001,50.919998,49.169998,49.230000,49.230000,154000
2019-03-15,49.240002,50.060001,49.240002,49.480000,49.480000,542900
2019-03-18,49.700001,50.070000,48.950001,49.790001,49.790001,166300
2019-03-19,50.169998,51.419998,49.509998,50.040001,50.040001,238300
2019-03-20,50.040001,51.000000,49.500000,50.500000,50.500000,282500
2019-03-21,50.419998,52.380001,50.419998,51.189999,51.189999,299800
2019-03-22,50.799999,50.910000,48.049999,48.250000,48.250000,352800
2019-03-25,48.200001,48.290001,46.919998,47.360001,47.360001,343200
2019-03-26,47.790001,47.860001,46.299999,46.730000,46.730000,296600
2019-03-27,46.709999,46.939999,45.540001,46.230000,46.230000,305100
2019-03-28,46.349998,47.669998,45.900002,46.410000,46.410000,349700
2019-03-29,46.880001,47.099998,45.930000,46.650002,46.650002,474700
2019-04-01,47.130001,47.810001,46.799999,47.599998,47.599998,542700
2019-04-02,47.779999,47.880001,46.330002,46.779999,46.779999,304800
2019-04-03,47.279999,47.810001,47.009998,47.310001,47.310001,193800
2019-04-04,47.459999,47.740002,46.160000,46.779999,46.779999,798100
2019-04-05,46.770000,48.130001,46.590000,48.080002,48.080002,433600
2019-04-08,47.750000,48.020000,47.220001,47.959999,47.959999,544600
2019-04-09,47.790001,48.049999,47.200001,47.639999,47.639999,313500
2019-04-10,47.740002,48.040001,47.419998,47.700001,47.700001,338600
2019-04-11,47.790001,47.799999,47.310001,47.590000,47.590000,326800
2019-04-12,48.009998,48.759998,47.799999,48.709999,48.709999,421200
2019-04-15,48.520000,48.939999,48.029999,48.830002,48.830002,443500
2019-04-16,49.029999,49.889999,48.959999,49.650002,49.650002,268700
2019-04-17,49.919998,50.669998,49.669998,50.279999,50.279999,299000
2019-04-18,50.040001,50.430000,49.459999,50.119999,50.119999,220500
2019-04-22,49.830002,50.000000,49.180000,49.590000,49.590000,170100
2019-04-23,49.650002,51.470001,48.990002,51.400002,51.400002,269400
2019-04-24,51.459999,52.200001,50.820000,51.730000,51.730000,198200
2019-04-25,51.669998,51.669998,50.040001,50.650002,50.650002,150600
2019-04-26,50.740002,52.150002,50.250000,52.009998,52.009998,223100
2019-04-29,52.119999,52.820000,51.779999,52.799999,52.799999,191100
2019-04-30,52.799999,53.779999,51.930000,53.660000,53.660000,324700
2019-05-01,54.020000,54.330002,52.049999,52.130001,52.130001,486700
2019-05-02,52.099998,53.029999,51.310001,51.560001,51.560001,378800
2019-05-03,51.959999,53.299999,51.459999,53.160000,53.160000,312400
2019-05-06,51.750000,53.709999,50.549999,53.470001,53.470001,306700
2019-05-07,56.799999,65.309998,56.799999,64.930000,64.930000,2072500
2019-05-08,64.900002,64.900002,61.150002,61.680000,61.680000,1006000
2019-05-09,60.880001,61.830002,59.529999,61.009998,61.009998,883700
2019-05-10,60.910000,61.599998,58.980000,59.599998,59.599998,720100
2019-05-13,58.650002,59.110001,56.689999,56.970001,56.970001,616600
2019-05-14,57.279999,57.549999,56.119999,56.520000,56.520000,424300
2019-05-15,56.020000,57.490002,56.020000,57.009998,57.009998,413900
2019-05-16,57.340000,59.060001,56.730000,58.759998,58.759998,438800
2019-05-17,58.150002,58.400002,56.480000,56.869999,56.869999,306300
2019-05-20,56.080002,57.290001,55.759998,56.570000,56.570000,252100
2019-05-21,57.099998,57.849998,56.410000,57.830002,57.830002,410300
2019-05-22,57.320000,58.009998,56.000000,57.430000,57.430000,201600
2019-05-23,56.790001,57.759998,55.830002,56.490002,56.490002,386900
2019-05-24,56.980000,57.669998,56.700001,57.349998,57.349998,193300
2019-05-28,57.490002,57.830002,56.709999,57.340000,57.340000,334400
2019-05-29,56.849998,57.810001,56.220001,57.049999,57.049999,579000
2019-05-30,57.450001,58.549999,56.770000,58.130001,58.130001,374700
2019-05-31,57.490002,57.840000,56.209999,56.650002,56.650002,367900
2019-06-03,56.799999,57.700001,56.410000,57.500000,57.500000,433700
2019-06-04,58.040001,59.400002,57.959999,59.299999,59.299999,214800
2019-06-05,59.720001,59.720001,58.299999,58.660000,58.660000,312800
2019-06-06,58.660000,59.029999,57.369999,57.790001,57.790001,652300
2019-06-07,57.889999,59.090000,57.889999,58.820000,58.820000,155200
2019-06-10,59.009998,60.380001,59.009998,59.459999,59.459999,386400
2019-06-11,60.119999,60.990002,59.299999,60.009998,60.009998,313300
2019-06-12,59.779999,60.029999,59.169998,59.889999,59.889999,175100
2019-06-13,60.299999,60.669998,59.560001,59.950001,59.950001,277300
2019-06-14,59.750000,59.900002,58.630001,59.610001,59.610001,280600
2019-06-17,59.779999,60.529999,59.509998,59.849998,59.849998,247500
2019-06-18,60.439999,62.169998,60.310001,62.070000,62.070000,331200
2019-06-19,62.119999,62.860001,61.759998,62.150002,62.150002,353500
2019-06-20,62.910000,63.380001,61.580002,62.509998,62.509998,292100
2019-06-21,62.080002,62.639999,61.220001,61.230000,61.230000,536800
2019-06-24,61.240002,62.529999,60.250000,60.790001,60.790001,209200
2019-06-25,60.570000,61.560001,60.130001,60.400002,60.400002,327600
2019-06-26,60.610001,61.340000,60.509998,60.869999,60.869999,226000
2019-06-27,61.520000,62.639999,61.259998,61.580002,61.580002,405200
2019-06-28,61.720001,62.700001,61.450001,62.570000,62.570000,678300
2019-07-01,63.000000,63.830002,61.900002,63.599998,63.599998,485000
2019-07-02,63.560001,63.669998,61.509998,62.189999,62.189999,283300
2019-07-03,62.470001,62.900002,62.270000,62.700001,62.700001,107300
2019-07-05,61.919998,62.639999,61.630001,62.630001,62.630001,130800
2019-07-08,62.549999,62.770000,61.750000,62.090000,62.090000,324000
2019-07-09,61.450001,62.209999,60.020000,61.889999,61.889999,398800
2019-07-10,62.330002,62.799999,61.400002,61.459999,61.459999,185800
2019-07-11,61.419998,61.689999,60.560001,61.070000,61.070000,241600
2019-07-12,61.070000,62.080002,61.070000,61.810001,61.810001,172600
2019-07-15,61.900002,61.919998,61.330002,61.590000,61.590000,145400
2019-07-16,61.509998,61.770000,60.860001,60.880001,60.880001,187300
2019-07-17,60.770000,60.799999,59.660000,59.700001,59.700001,189900
2019-07-18,59.840000,59.990002,58.599998,59.480000,59.480000,208500
2019-07-19,59.520000,60.369999,58.930000,59.820000,59.820000,486700
2019-07-22,60.169998,60.680000,59.599998,60.660000,60.660000,260200
2019-07-23,60.840000,62.160000,60.790001,61.910000,61.910000,254800
2019-07-24,61.720001,62.480000,61.340000,62.470001,62.470001,196400
2019-07-25,62.090000,62.400002,61.250000,62.169998,62.169998,181700
2019-07-26,62.549999,62.900002,60.650002,62.869999,62.869999,141200
2019-07-29,62.759998,62.950001,61.599998,62.470001,62.470001,216700
2019-07-30,61.889999,62.900002,61.799999,62.549999,62.549999,188800
2019-07-31,62.720001,62.849998,59.990002,62.000000,62.000000,310800
2019-08-01,62.000000,63.349998,60.830002,61.209999,61.209999,203900
2019-08-02,60.650002,61.200001,59.560001,59.869999,59.869999,230300
2019-08-05,58.919998,59.599998,56.939999,57.959999,57.959999,251800
2019-08-06,63.509998,67.910004,62.000000,67.860001,67.860001,969000
2019-08-07,65.769997,66.650002,65.150002,65.769997,65.769997,420200
2019-08-08,66.540001,69.089996,65.760002,69.050003,69.050003,391900
2019-08-09,68.949997,68.949997,67.059998,67.970001,67.970001,277000
2019-08-12,67.370003,68.339996,66.949997,67.430000,67.430000,311900
2019-08-13,66.959999,68.470001,66.959999,68.000000,68.000000,219900
2019-08-14,66.480003,67.559998,65.519997,66.919998,66.919998,438600
2019-08-15,67.309998,67.849998,66.220001,67.540001,67.540001,341600
2019-08-16,68.570000,69.809998,67.980003,69.699997,69.699997,429600
2019-08-19,70.019997,71.000000,69.629997,70.019997,70.019997,323500
2019-08-20,68.589996,69.190002,67.769997,68.209999,68.209999,482700
2019-08-21,68.989998,68.989998,67.800003,68.620003,68.620003,435900
2019-08-22,69.110001,69.230003,68.400002,68.500000,68.500000,250800
2019-08-23,68.089996,68.769997,66.839996,67.089996,67.089996,270000
2019-08-26,67.760002,68.410004,66.800003,68.120003,68.120003,177000
2019-08-27,68.519997,68.860001,66.029999,66.550003,66.550003,242700
2019-08-28,66.660004,67.330002,66.040001,67.110001,67.110001,229600
2019-08-29,67.800003,69.620003,67.800003,69.440002,69.440002,208200
2019-08-30,69.849998,70.470001,68.660004,69.449997,69.449997,203000
2019-09-03,69.110001,69.239998,67.790001,68.660004,68.660004,305800
2019-09-04,69.339996,69.400002,68.680000,69.309998,69.309998,151800
2019-09-05,70.169998,71.639999,69.760002,71.250000,71.250000,267300
2019-09-06,71.529999,71.800003,70.739998,71.150002,71.150002,213700
2019-09-09,71.320000,72.690002,71.099998,72.660004,72.660004,425700
2019-09-10,72.320000,73.160004,71.769997,72.379997,72.379997,312500
2019-09-11,72.870003,74.120003,71.540001,74.050003,74.050003,366700
2019-09-12,74.410004,74.410004,72.639999,73.370003,73.370003,277000
2019-09-13,73.419998,74.750000,72.480003,74.660004,74.660004,204400
2019-09-16,73.480003,75.330002,73.000000,75.180000,75.180000,345500
2019-09-17,74.970001,75.680000,74.419998,75.629997,75.629997,289500
2019-09-18,75.000000,77.800003,74.410004,77.120003,77.120003,729200
2019-09-19,77.349998,77.760002,76.099998,76.550003,76.550003,438100
2019-09-20,77.080002,77.360001,76.169998,76.839996,76.839996,839000
2019-09-23,76.550003,76.779999,75.370003,75.400002,75.400002,288900
2019-09-24,75.790001,76.059998,73.730003,74.080002,74.080002,290300
2019-09-25,72.000000,75.610001,71.559998,75.379997,75.379997,333800
2019-09-26,75.629997,75.930000,73.320000,73.860001,73.860001,231500
2019-09-27,73.820000,74.080002,72.459999,73.010002,73.010002,333100
2019-09-30,73.320000,74.489998,73.070000,73.959999,73.959999,207800
2019-10-01,74.650002,74.940002,71.059998,71.500000,71.500000,279200
2019-10-02,71.239998,72.790001,69.580002,72.379997,72.379997,308700
2019-10-03,72.519997,73.570000,70.889999,72.669998,72.669998,183600
2019-10-04,72.839996,74.139999,72.839996,73.919998,73.919998,181800
2019-10-07,73.919998,74.550003,73.529999,73.930000,73.930000,219500
2019-10-08,72.989998,73.160004,71.120003,71.220001,71.220001,183900
2019-10-09,71.699997,72.639999,71.419998,72.589996,72.589996,255000
2019-10-10,72.559998,73.430000,72.239998,72.650002,72.650002,216500
2019-10-11,73.690002,75.559998,73.519997,74.680000,74.680000,214200
2019-10-14,74.290001,74.900002,74.040001,74.160004,74.160004,138900
2019-10-15,74.489998,75.639999,74.089996,75.110001,75.110001,195800
2019-10-16,75.500000,76.430000,75.430000,75.830002,75.830002,201400
2019-10-17,76.320000,76.690002,75.989998,76.430000,76.430000,194900
2019-10-18,76.430000,77.489998,75.510002,77.279999,77.279999,200100
2019-10-21,78.000000,78.870003,76.540001,76.610001,76.610001,303700
2019-10-22,76.930000,78.370003,76.620003,77.769997,77.769997,284800
2019-10-23,77.570000,78.099998,76.919998,77.199997,77.199997,126100
2019-10-24,78.400002,78.400002,76.760002,76.809998,76.809998,167600
2019-10-25,76.690002,77.690002,75.830002,76.360001,76.360001,246200
2019-10-28,76.870003,77.680000,76.860001,77.110001,77.110001,158900
2019-10-29,77.139999,77.690002,76.430000,76.750000,76.750000,333600
2019-10-30,76.779999,77.139999,76.000000,76.379997,76.379997,150900
2019-10-31,76.209999,76.279999,75.320000,76.260002,76.260002,174500
2019-11-01,76.660004,77.860001,76.489998,77.650002,77.650002,167100
2019-11-04,78.029999,78.879997,77.300003,77.400002,77.400002,224100
2019-11-05,80.000000,81.290001,75.639999,80.300003,80.300003,572700
2019-11-06,80.400002,80.879997,79.290001,79.940002,79.940002,280300
2019-11-07,80.309998,80.889999,78.040001,78.980003,78.980003,225400
2019-11-08,78.739998,79.150002,78.029999,78.570000,78.570000,172700
2019-11-11,78.510002,78.510002,77.550003,78.430000,78.430000,369100
2019-11-12,78.139999,78.370003,76.360001,77.000000,77.000000,292200
2019-11-13,76.650002,76.980003,76.150002,76.699997,76.699997,296600
2019-11-14,76.269997,76.769997,75.760002,76.160004,76.160004,179600
2019-11-15,76.550003,76.610001,74.949997,75.419998,75.419998,295600
2019-11-18,75.330002,75.470001,74.419998,75.430000,75.430000,210000
2019-11-19,75.889999,76.910004,75.139999,76.669998,76.669998,175200
2019-11-20,76.699997,78.430000,76.699997,78.320000,78.320000,328400
2019-11-21,78.519997,79.500000,78.129997,79.250000,79.250000,360900
2019-11-22,79.440002,79.779999,78.169998,79.660004,79.660004,284900
2019-11-25,79.379997,80.800003,77.900002,80.660004,80.660004,269900
2019-11-26,80.330002,80.519997,79.480003,80.480003,80.480003,259800
2019-11-27,80.690002,80.830002,78.849998,80.500000,80.500000,263600
2019-11-29,80.480003,80.650002,79.550003,80.080002,80.080002,119000
2019-12-02,80.379997,80.779999,79.239998,80.040001,80.040001,266200
2019-12-03,79.400002,81.400002,78.400002,81.199997,81.199997,286600
2019-12-04,81.410004,82.519997,81.089996,81.190002,81.190002,183700
2019-12-05,81.449997,81.449997,80.459999,81.430000,81.430000,202300
2019-12-06,82.290001,83.099998,81.930000,82.059998,82.059998,239200
2019-12-09,82.050003,82.570000,81.629997,81.639999,81.639999,165500
2019-12-10,81.370003,82.220001,81.349998,81.949997,81.949997,148900
2019-12-11,82.360001,82.820000,81.849998,82.769997,82.769997,180600
2019-12-12,82.529999,84.430000,82.529999,84.260002,84.260002,233400
2019-12-13,84.250000,84.849998,83.900002,84.470001,84.470001,170600
2019-12-16,85.000000,85.360001,83.449997,83.660004,83.660004,228400
2019-12-17,83.650002,85.010002,82.339996,84.989998,84.989998,214800
2019-12-18,85.129997,85.190002,82.279999,84.669998,84.669998,184800
2019-12-19,84.949997,84.949997,84.239998,84.610001,84.610001,198300
2019-12-20,84.610001,85.300003,83.089996,83.620003,83.620003,1347600
2019-12-23,83.760002,83.769997,82.779999,83.660004,83.660004,175300
2019-12-24,83.779999,83.779999,83.279999,83.669998,83.669998,48500
2019-12-26,83.730003,83.739998,82.820000,83.379997,83.379997,83800
2019-12-27,83.500000,84.050003,82.839996,83.760002,83.760002,119600
2019-12-30,83.750000,83.940002,83.000000,83.760002,83.760002,131600
2019-12-31,83.510002,84.389999,83.510002,83.949997,83.949997,158000
2020-01-02,84.470001,84.599998,83.040001,84.269997,84.269997,174600
2020-01-03,83.519997,84.849998,82.739998,84.309998,84.309998,199400
2020-01-06,83.610001,84.110001,83.070000,84.019997,84.019997,168400
2020-01-07,83.629997,84.870003,83.099998,84.269997,84.269997,206600
2020-01-08,84.180000,86.239998,84.040001,85.449997,85.449997,184300
2020-01-09,85.540001,86.580002,85.269997,85.300003,85.300003,203600
2020-01-10,85.230003,85.349998,84.040001,84.309998,84.309998,182700
2020-01-13,84.440002,85.699997,84.209999,85.300003,85.300003,211600
2020-01-14,85.070000,85.940002,84.800003,85.389999,85.389999,261400
2020-01-15,85.139999,86.440002,85.019997,85.779999,85.779999,257300
2020-01-16,86.519997,87.260002,86.080002,86.809998,86.809998,229800
2020-01-17,87.099998,88.089996,86.199997,87.839996,87.839996,332700
2020-01-21,87.690002,88.169998,87.019997,87.470001,87.470001,205200
2020-01-22,87.669998,88.230003,86.959999,86.989998,86.989998,297400
2020-01-23,87.220001,87.650002,86.320000,87.400002,87.400002,244700
2020-01-24,87.750000,87.750000,85.839996,86.269997,86.269997,205700
2020-01-27,84.900002,85.330002,83.940002,84.989998,84.989998,190900
2020-01-28,85.400002,85.800003,84.580002,85.029999,85.029999,301000
2020-01-29,85.379997,86.040001,84.320000,84.930000,84.930000,189900
2020-01-30,84.790001,85.419998,84.260002,84.980003,84.980003,166200
2020-01-31,84.970001,85.379997,81.660004,81.750000,81.750000,230900
2020-02-03,82.379997,83.639999,81.809998,82.029999,82.029999,330800
2020-02-04,83.220001,83.889999,82.760002,83.410004,83.410004,301300
2020-02-05,84.330002,84.559998,82.940002,83.629997,83.629997,547300
2020-02-06,84.029999,84.290001,82.500000,82.959999,82.959999,242300
2020-02-07,82.879997,82.989998,82.019997,82.099998,82.099998,153700
2020-02-10,81.930000,83.199997,81.760002,83.139999,83.139999,277500
2020-02-11,83.720001,85.940002,83.180000,85.650002,85.650002,215300
2020-02-12,85.989998,88.320000,85.820000,88.320000,88.320000,166600
2020-02-13,87.660004,87.809998,86.610001,87.000000,87.000000,221200
2020-02-14,87.139999,87.699997,86.510002,86.790001,86.790001,110400
2020-02-18,86.570000,87.230003,85.879997,86.580002,86.580002,155200
2020-02-19,86.940002,88.160004,86.820000,87.519997,87.519997,217000
2020-02-20,87.389999,87.730003,85.849998,87.269997,87.269997,336100
2020-02-21,87.160004,87.339996,84.190002,85.050003,85.050003,379900
2020-02-24,82.269997,83.169998,78.260002,78.519997,78.519997,457200
2020-02-25,84.389999,87.300003,76.599998,76.980003,76.980003,694500
2020-02-26,77.440002,78.489998,73.699997,74.180000,74.180000,430900
2020-02-27,72.559998,78.160004,71.629997,75.190002,75.190002,613000
2020-02-28,73.220001,77.339996,72.180000,75.839996,75.839996,811400
2020-03-02,76.250000,79.120003,74.860001,79.099998,79.099998,471700
2020-03-03,78.750000,80.339996,74.419998,75.800003,75.800003,322700
2020-03-04,76.820000,77.879997,74.980003,77.660004,77.660004,226300
2020-03-05,75.669998,76.820000,73.389999,74.400002,74.400002,297400
2020-03-06,71.809998,72.830002,70.430000,72.639999,72.639999,278900
2020-03-09,67.720001,70.320000,66.349998,67.089996,67.089996,374600
2020-03-10,69.349998,71.870003,68.269997,71.790001,71.790001,445800
2020-03-11,69.690002,70.410004,65.540001,66.720001,66.720001,337500
2020-03-12,61.700001,61.700001,57.349998,57.680000,57.680000,379500
2020-03-13,61.419998,61.540001,56.950001,61.290001,61.290001,366700
2020-03-16,55.139999,56.750000,51.189999,52.259998,52.259998,350600
2020-03-17,53.750000,56.139999,50.910000,55.639999,55.639999,368900
2020-03-18,51.349998,53.689999,41.580002,42.450001,42.450001,435000
2020-03-19,42.580002,55.549999,40.480000,52.009998,52.009998,523100
2020-03-20,52.840000,54.139999,47.270000,48.080002,48.080002,663600
2020-03-23,49.029999,50.450001,46.599998,49.660000,49.660000,566800
2020-03-24,52.630001,54.860001,50.970001,54.450001,54.450001,429200
2020-03-25,55.320000,60.070000,53.599998,57.639999,57.639999,418400
2020-03-26,58.470001,64.239998,58.470001,63.189999,63.189999,359100
2020-03-27,60.279999,61.480000,55.689999,57.189999,57.189999,281200
2020-03-30,57.910000,59.930000,52.790001,54.930000,54.930000,328000
2020-03-31,54.430000,56.349998,53.919998,55.830002,55.830002,311500
2020-04-01,53.459999,54.950001,50.970001,51.400002,51.400002,381200
2020-04-02,51.340000,54.939999,50.590000,54.320000,54.320000,209400
2020-04-03,54.480000,55.220001,52.630001,54.380001,54.380001,243000
2020-04-06,56.380001,58.980000,55.650002,58.490002,58.490002,341600
2020-04-07,61.380001,63.480000,58.040001,58.360001,58.360001,269400
2020-04-08,59.459999,62.139999,58.570000,61.180000,61.180000,191000
2020-04-09,62.610001,65.580002,61.490002,63.330002,63.330002,221300
2020-04-13,62.540001,63.639999,59.650002,59.840000,59.840000,142200
2020-04-14,60.540001,63.080002,60.540001,62.880001,62.880001,192600
2020-04-15,60.330002,61.060001,58.360001,58.570000,58.570000,215600
2020-04-16,59.080002,59.770000,57.049999,58.430000,58.430000,220000
2020-04-17,59.660000,62.830002,59.660000,61.450001,61.450001,267300
2020-04-20,59.570000,62.029999,58.849998,61.060001,61.060001,231400
2020-04-21,59.529999,61.709999,59.080002,61.529999,61.529999,292100
2020-04-22,63.000000,63.840000,60.900002,63.509998,63.509998,230800
2020-04-23,64.160004,65.910004,63.889999,64.860001,64.860001,221600
2020-04-24,65.320000,65.720001,63.610001,65.660004,65.660004,201900
2020-04-27,66.019997,69.349998,65.949997,68.889999,68.889999,305700
2020-04-28,69.760002,70.540001,68.470001,69.519997,69.519997,275300
2020-04-29,72.040001,76.370003,70.459999,75.370003,75.370003,389400
2020-04-30,73.309998,73.989998,69.480003,69.820000,69.820000,289800
2020-05-01,68.150002,68.669998,66.849998,68.669998,68.669998,206700
2020-05-04,67.180000,68.489998,66.129997,67.379997,67.379997,334600
2020-05-05,59.180000,63.160000,54.009998,56.520000,56.520000,2116700
2020-05-06,57.330002,59.400002,56.849998,57.029999,57.029999,826400
2020-05-07,58.669998,58.930000,56.770000,58.660000,58.660000,515500
2020-05-08,60.049999,63.240002,59.750000,62.630001,62.630001,283800
2020-05-11,61.720001,62.560001,59.490002,61.830002,61.830002,250200
2020-05-12,61.689999,62.360001,57.869999,57.910000,57.910000,304900
2020-05-13,57.000000,57.299999,52.830002,53.720001,53.720001,494800
2020-05-14,52.470001,56.119999,50.869999,56.119999,56.119999,508500
2020-05-15,55.360001,56.419998,54.590000,55.730000,55.730000,259100
2020-05-18,58.360001,61.360001,57.820000,61.040001,61.040001,294000
2020-05-19,60.340000,60.849998,59.070000,59.230000,59.230000,336800
2020-05-20,60.380001,62.669998,60.020000,62.520000,62.520000,365400
2020-05-21,62.290001,63.310001,60.650002,61.480000,61.480000,156300
2020-05-22,61.250000,61.750000,59.820000,61.049999,61.049999,199400
2020-05-26,63.509998,64.489998,62.529999,63.299999,63.299999,325300
2020-05-27,65.989998,68.250000,64.500000,68.080002,68.080002,398700
2020-05-28,68.820000,68.940002,64.769997,65.059998,65.059998,241700
2020-05-29,64.540001,64.930000,62.669998,64.419998,64.419998,349200
2020-06-01,64.599998,66.809998,64.370003,65.970001,65.970001,314800
2020-06-02,66.449997,67.059998,65.099998,66.669998,66.669998,258300
2020-06-03,67.870003,69.989998,67.870003,68.580002,68.580002,210500
2020-06-04,68.330002,69.610001,67.540001,69.260002,69.260002,304000
2020-06-05,70.199997,72.889999,70.199997,71.440002,71.440002,410700
2020-06-08,72.519997,73.139999,71.370003,72.669998,72.669998,251900
2020-06-09,71.510002,71.949997,69.980003,71.089996,71.089996,172200
2020-06-10,70.750000,70.849998,68.029999,68.470001,68.470001,203300
2020-06-11,65.040001,66.169998,63.099998,63.180000,63.180000,194500
2020-06-12,65.970001,66.650002,64.050003,65.720001,65.720001,278100
2020-06-15,63.160000,68.180000,62.209999,67.639999,67.639999,248700
2020-06-16,70.070000,71.239998,68.699997,69.629997,69.629997,211500
2020-06-17,70.040001,70.870003,67.720001,68.440002,68.440002,174200
2020-06-18,68.000000,69.480003,67.879997,68.339996,68.339996,251600
2020-06-19,69.489998,70.559998,67.959999,68.470001,68.470001,593100
2020-06-22,68.419998,68.419998,66.849998,67.839996,67.839996,170700
2020-06-23,68.949997,69.269997,67.480003,67.800003,67.800003,201100
2020-06-24,67.150002,67.519997,65.150002,65.900002,65.900002,282000
2020-06-25,65.639999,67.599998,64.750000,67.580002,67.580002,495800
2020-06-26,67.599998,67.620003,61.660000,62.049999,62.049999,1089500
2020-06-29,62.990002,65.379997,62.410000,64.589996,64.589996,256200
2020-06-30,64.519997,66.730003,63.919998,66.250000,66.250000,212100
2020-07-01,66.820000,67.470001,65.209999,65.400002,65.400002,177300
2020-07-02,66.620003,67.860001,65.690002,65.949997,65.949997,215800
2020-07-06,66.930000,67.870003,65.809998,66.599998,66.599998,138200
2020-07-07,65.879997,66.800003,64.500000,64.610001,64.610001,176600
2020-07-08,64.500000,66.389999,64.180000,66.059998,66.059998,161700
2020-07-09,65.870003,66.209999,63.389999,64.370003,64.370003,325000
2020-07-10,64.739998,65.809998,64.089996,65.660004,65.660004,141600
2020-07-13,66.410004,67.110001,64.379997,64.430000,64.430000,159500
2020-07-14,64.449997,66.860001,64.080002,66.519997,66.519997,179100
2020-07-15,68.089996,69.300003,66.739998,68.949997,68.949997,210700
2020-07-16,68.379997,69.440002,66.720001,67.419998,67.419998,205000
2020-07-17,67.269997,68.769997,66.730003,67.660004,67.660004,199400
2020-07-20,67.589996,68.790001,67.139999,68.000000,68.000000,152000
2020-07-21,68.889999,69.849998,68.440002,68.709999,68.709999,189400
2020-07-22,68.660004,69.989998,68.660004,69.260002,69.260002,146700
2020-07-23,69.300003,70.489998,68.779999,69.750000,69.750000,207700
2020-07-24,69.629997,69.629997,67.570000,67.709999,67.709999,127800
2020-07-27,67.750000,69.269997,67.750000,69.260002,69.260002,171500
2020-07-28,69.169998,69.360001,67.410004,67.510002,67.510002,132200
2020-07-29,67.739998,69.400002,67.739998,69.089996,69.089996,125400
2020-07-30,67.959999,69.040001,67.419998,68.839996,68.839996,158100
2020-07-31,68.900002,69.639999,67.800003,69.559998,69.559998,250900
2020-08-03,70.000000,71.830002,69.559998,71.410004,71.410004,394600
2020-08-04,65.199997,67.500000,63.490002,66.809998,66.809998,996600
2020-08-05,67.570000,70.279999,67.260002,67.769997,67.769997,355100
2020-08-06,67.669998,67.989998,64.540001,65.610001,65.610001,203500
2020-08-07,65.250000,67.080002,65.169998,67.059998,67.059998,179200
2020-08-10,67.000000,67.970001,66.199997,66.470001,66.470001,239400
2020-08-11,67.169998,68.269997,66.620003,67.089996,67.089996,303600
2020-08-12,67.940002,68.360001,66.879997,67.650002,67.650002,240600
2020-08-13,67.190002,67.309998,66.209999,66.839996,66.839996,151400
2020-08-14,66.660004,66.930000,65.650002,66.220001,66.220001,181800
2020-08-17,66.430000,67.169998,65.769997,66.050003,66.050003,264300
2020-08-18,65.900002,66.550003,64.940002,65.220001,65.220001,184000
2020-08-19,65.699997,66.589996,65.599998,66.480003,66.480003,243900
2020-08-20,65.669998,66.500000,64.379997,64.489998,64.489998,207100
2020-08-21,64.779999,64.839996,62.450001,62.869999,62.869999,266200
2020-08-24,63.290001,64.769997,63.290001,64.559998,64.559998,208100
2020-08-25,65.160004,65.160004,62.080002,62.660000,62.660000,368300
2020-08-26,62.490002,62.599998,59.970001,60.119999,60.119999,518900
2020-08-27,60.540001,60.689999,59.180000,59.549999,59.549999,654200
2020-08-28,60.160000,60.570000,59.070000,60.549999,60.549999,309400
2020-08-31,61.060001,61.060001,59.520000,59.570000,59.570000,276100
2020-09-01,59.529999,60.540001,59.029999,59.779999,59.779999,319200
2020-09-02,60.060001,62.119999,59.549999,61.970001,61.970001,242600
2020-09-03,62.049999,62.770000,59.009998,59.430000,59.430000,216000
2020-09-04,60.230000,60.540001,58.040001,59.130001,59.130001,218600
2020-09-08,58.299999,59.369999,57.389999,57.590000,57.590000,290600
2020-09-09,58.430000,59.240002,57.340000,58.779999,58.779999,322100
2020-09-10,59.340000,59.820000,57.520000,57.680000,57.680000,264200
2020-09-11,58.380001,58.540001,57.349998,58.080002,58.080002,367800
2020-09-14,58.500000,58.500000,57.340000,57.500000,57.500000,513600
2020-09-15,58.000000,58.590000,57.639999,57.810001,57.810001,374600
2020-09-16,58.340000,60.680000,58.340000,58.840000,58.840000,454600
2020-09-17,57.660000,59.990002,57.660000,59.040001,59.040001,288100
2020-09-18,60.090000,60.090000,58.080002,58.529999,58.529999,1500800
2020-09-21,56.990002,56.990002,55.279999,56.029999,56.029999,305200
2020-09-22,56.270000,56.810001,55.430000,56.669998,56.669998,191000
2020-09-23,56.500000,57.200001,54.070000,54.169998,54.169998,250700
2020-09-24,53.970001,55.820000,53.490002,55.430000,55.430000,436600
2020-09-25,55.189999,58.200001,55.189999,56.230000,56.230000,392000
2020-09-28,59.279999,59.430000,57.860001,59.200001,59.200001,503400
2020-09-29,59.099998,59.820000,58.439999,59.580002,59.580002,446900
2020-09-30,59.560001,61.730000,59.410000,60.740002,60.740002,419900
2020-10-01,61.750000,63.480000,61.459999,63.349998,63.349998,322600
2020-10-02,61.740002,63.790001,60.020000,63.150002,63.150002,215700
2020-10-05,63.950001,64.900002,63.830002,64.800003,64.800003,249700
2020-10-06,65.000000,66.389999,64.449997,64.680000,64.680000,501400
2020-10-07,65.699997,65.699997,64.459999,65.199997,65.199997,349800
2020-10-08,66.029999,66.750000,65.300003,66.199997,66.199997,401400
2020-10-09,66.870003,67.790001,66.099998,67.519997,67.519997,171200
2020-10-12,67.959999,68.870003,67.239998,68.800003,68.800003,305400
2020-10-13,68.230003,69.199997,68.160004,68.860001,68.860001,349500
2020-10-14,68.849998,69.870003,68.000000,69.589996,69.589996,351900
2020-10-15,68.519997,69.879997,68.339996,69.570000,69.570000,153700
2020-10-16,69.989998,71.160004,69.110001,70.620003,70.620003,225600
2020-10-19,71.089996,71.580002,69.839996,69.989998,69.989998,157500
2020-10-20,70.690002,71.419998,69.830002,69.989998,69.989998,233000
2020-10-21,70.209999,72.000000,69.699997,71.849998,71.849998,264300
2020-10-22,71.889999,72.860001,71.050003,72.459999,72.459999,288500
2020-10-23,72.790001,73.139999,72.180000,72.820000,72.820000,201700
2020-10-26,71.779999,71.959999,70.440002,71.559998,71.559998,209200
2020-10-27,71.680000,72.309998,71.110001,71.480003,71.480003,176300
2020-10-28,69.650002,69.910004,68.190002,68.400002,68.400002,230700
2020-10-29,69.059998,69.059998,66.269997,68.570000,68.570000,292800
2020-10-30,68.699997,69.029999,66.959999,67.949997,67.949997,432600
2020-11-02,69.110001,72.970001,66.519997,67.230003,67.230003,353500
2020-11-03,68.599998,69.269997,67.760002,68.860001,68.860001,286700
2020-11-04,68.169998,69.019997,65.500000,65.959999,65.959999,400500
2020-11-05,67.169998,68.889999,66.320000,68.470001,68.470001,422800
2020-11-06,68.889999,69.279999,68.040001,68.400002,68.400002,208300
2020-11-09,73.349998,75.599998,72.169998,73.720001,73.720001,550900
2020-11-10,74.699997,75.300003,71.720001,72.279999,72.279999,421400
2020-11-11,72.720001,73.489998,69.919998,70.860001,70.860001,290200
2020-11-12,70.440002,71.470001,69.540001,70.419998,70.419998,275200
2020-11-13,71.389999,73.680000,71.389999,73.419998,73.419998,170300
2020-11-16,74.910004,76.260002,74.279999,75.400002,75.400002,252800
2020-11-17,74.650002,75.760002,73.949997,75.519997,75.519997,282200
2020-11-18,76.059998,77.080002,75.239998,75.830002,75.830002,268700
2020-11-19,75.529999,76.739998,73.809998,76.629997,76.629997,180900
2020-11-20,76.220001,77.430000,75.559998,77.080002,77.080002,155500
2020-11-23,77.870003,80.639999,77.839996,80.599998,80.599998,241500
2020-11-24,81.959999,84.309998,80.750000,84.150002,84.150002,407700
2020-11-25,84.029999,84.129997,79.980003,80.629997,80.629997,418100
2020-11-27,81.199997,82.099998,81.000000,81.790001,81.790001,144000
2020-11-30,81.330002,81.750000,78.370003,78.610001,78.610001,342400
2020-12-01,80.529999,81.220001,79.190002,80.699997,80.699997,296700
2020-12-02,80.709999,82.739998,79.379997,82.550003,82.550003,195100
2020-12-03,83.040001,84.370003,81.900002,82.650002,82.650002,324200
2020-12-04,83.559998,84.669998,83.190002,83.500000,83.500000,428000
2020-12-07,84.040001,84.739998,82.800003,83.930000,83.930000,201900
2020-12-08,83.779999,84.940002,83.660004,84.599998,84.599998,153500
2020-12-09,85.459999,85.779999,83.430000,84.690002,84.690002,164600
2020-12-10,84.209999,85.370003,83.400002,84.379997,84.379997,224300
2020-12-11,84.040001,85.449997,83.139999,83.360001,83.360001,194800