Date,Open,High,Low,Close,Adj Close,Volume
1990-03-23,0.000000,15.250000,15.000000,15.083333,7.931474,2117100
1990-03-26,0.000000,15.041667,14.583333,14.791667,7.778104,1916400
1990-03-27,0.000000,14.875000,14.500000,14.500000,7.624733,3452700
1990-03-28,0.000000,14.625000,14.500000,14.500000,7.624733,334500
1990-03-29,0.000000,14.583333,14.500000,14.500000,7.624733,319800
1990-03-30,0.000000,14.458333,14.250000,14.291667,7.515179,353700
1990-04-02,0.000000,14.291667,14.000000,14.000000,7.361810,60600
1990-04-03,0.000000,14.000000,13.833333,14.000000,7.361810,195300
1990-04-04,0.000000,14.000000,13.916667,13.958333,7.339900,61800
1990-04-05,0.000000,13.958333,13.791667,13.791667,7.252260,115500
1990-04-06,0.000000,13.750000,12.750000,12.833333,6.748325,1158600
1990-04-09,0.000000,13.125000,12.916667,13.125000,6.901695,42900
1990-04-10,0.000000,13.125000,12.958333,13.041667,6.857876,95700
1990-04-11,0.000000,13.333333,13.041667,13.166667,6.923607,140100
1990-04-12,0.000000,13.250000,13.125000,13.166667,6.923607,86400
1990-04-16,0.000000,13.250000,13.041667,13.041667,6.857876,90900
1990-04-17,0.000000,13.166667,13.041667,13.125000,6.901695,54900
1990-04-18,0.000000,13.250000,13.125000,13.250000,6.967426,135600
1990-04-19,0.000000,13.291667,13.250000,13.250000,6.967426,27600
1990-04-20,0.000000,13.250000,13.083333,13.125000,6.901695,45300
1990-04-23,0.000000,13.041667,12.666667,12.666667,6.660686,103500
1990-04-24,0.000000,12.791667,12.458333,12.458333,6.551133,66300
1990-04-25,0.000000,12.541667,12.500000,12.500000,6.573045,32100
1990-04-26,0.000000,12.500000,12.333333,12.333333,6.485404,33900
1990-04-27,0.000000,12.291667,12.000000,12.166667,6.397763,54900
1990-04-30,0.000000,12.125000,11.916667,12.125000,6.375854,79500
1990-05-01,0.000000,12.208333,12.125000,12.166667,6.397763,14700
1990-05-02,0.000000,12.125000,11.875000,11.875000,6.244391,70800
1990-05-03,0.000000,12.000000,11.791667,11.958333,6.288211,24000
1990-05-04,0.000000,11.958333,11.875000,11.916667,6.266303,169200
1990-05-07,0.000000,12.000000,11.875000,12.000000,6.310122,73200
1990-05-08,0.000000,12.333333,12.041667,12.333333,6.485404,76200
1990-05-09,0.000000,12.458333,12.333333,12.333333,6.485404,37200
1990-05-10,0.000000,12.500000,12.416667,12.416667,6.529225,41700
1990-05-11,0.000000,12.500000,12.416667,12.500000,6.573045,20400
1990-05-14,0.000000,12.583333,12.333333,12.333333,6.485404,62700
1990-05-15,0.000000,12.333333,12.291667,12.291667,6.463496,139500
1990-05-16,0.000000,12.416667,12.333333,12.333333,6.485404,69900
1990-05-17,0.000000,12.416667,12.333333,12.416667,6.529225,12000
1990-05-18,0.000000,12.500000,12.333333,12.375000,6.507313,58200
1990-05-21,0.000000,12.458333,12.333333,12.333333,6.485404,57000
1990-05-22,0.000000,12.416667,12.250000,12.333333,6.485404,76800
1990-05-23,0.000000,12.416667,12.333333,12.416667,6.529225,83100
1990-05-24,0.000000,12.625000,12.500000,12.625000,6.638773,31200
1990-05-25,0.000000,12.833333,12.708333,12.833333,6.748325,11700
1990-05-29,0.000000,13.250000,12.833333,13.166667,6.923607,89700
1990-05-30,0.000000,13.500000,13.208333,13.333333,7.011247,66000
1990-05-31,0.000000,13.333333,13.250000,13.250000,6.967426,87000
1990-06-01,0.000000,13.333333,13.250000,13.250000,6.967426,123000
1990-06-04,0.000000,13.291667,13.250000,13.291667,6.989336,42900
1990-06-05,0.000000,13.291667,13.208333,13.250000,6.976175,89400
1990-06-06,0.000000,13.291667,13.000000,13.041667,6.866488,33300
1990-06-07,0.000000,13.083333,12.958333,13.041667,6.866488,34500
1990-06-08,0.000000,13.041667,12.833333,12.875000,6.778737,169200
1990-06-11,0.000000,12.916667,12.833333,12.833333,6.756799,86700
1990-06-12,0.000000,12.875000,12.583333,12.625000,6.647109,94500
1990-06-13,0.000000,12.666667,12.500000,12.541667,6.603237,91500
1990-06-14,0.000000,12.625000,12.541667,12.583333,6.625173,72600
1990-06-15,0.000000,12.625000,12.541667,12.541667,6.603237,71100
1990-06-18,0.000000,12.583333,12.416667,12.416667,6.537424,66900
1990-06-19,0.000000,12.458333,12.333333,12.333333,6.493548,51000
1990-06-20,0.000000,12.375000,12.333333,12.375000,6.515485,30000
1990-06-21,0.000000,12.375000,12.291667,12.333333,6.493548,34200
1990-06-22,0.000000,12.416667,12.375000,12.416667,6.537424,135000
1990-06-25,0.000000,12.416667,12.333333,12.416667,6.537424,174900
1990-06-26,0.000000,12.416667,12.375000,12.416667,6.537424,32100
1990-06-27,0.000000,12.500000,12.333333,12.458333,6.559359,69300
1990-06-28,0.000000,12.500000,12.375000,12.375000,6.515485,22200
1990-06-29,0.000000,12.541667,12.375000,12.458333,6.559359,102600
1990-07-02,0.000000,12.583333,12.500000,12.500000,6.581299,15300
1990-07-03,0.000000,12.500000,12.416667,12.458333,6.559359,14100
1990-07-05,0.000000,12.458333,12.375000,12.416667,6.537424,9300
1990-07-06,0.000000,12.541667,12.375000,12.541667,6.603237,55200
1990-07-09,0.000000,12.583333,12.416667,12.500000,6.581299,18300
1990-07-10,0.000000,12.500000,12.375000,12.375000,6.515485,68400
1990-07-11,0.000000,12.500000,12.375000,12.458333,6.559359,52200
1990-07-12,0.000000,12.583333,12.416667,12.500000,6.581299,322800
1990-07-13,0.000000,12.541667,12.458333,12.500000,6.581299,211200
1990-07-16,0.000000,12.625000,12.541667,12.541667,6.603237,479700
1990-07-17,0.000000,12.583333,12.541667,12.541667,6.603237,76500
1990-07-18,0.000000,12.625000,12.541667,12.625000,6.647109,18900
1990-07-19,0.000000,12.625000,12.541667,12.625000,6.647109,23400
1990-07-20,0.000000,12.625000,12.583333,12.625000,6.647109,33900
1990-07-23,0.000000,12.625000,12.541667,12.583333,6.625173,41400
1990-07-24,0.000000,12.666667,12.583333,12.583333,6.625173,62400
1990-07-25,0.000000,12.750000,12.625000,12.666667,6.669049,118500
1990-07-26,0.000000,12.916667,12.750000,12.916667,6.800674,30900
1990-07-27,0.000000,12.916667,12.791667,12.791667,6.734861,49800
1990-07-30,0.000000,12.791667,12.708333,12.791667,6.734861,59100
1990-07-31,0.000000,12.791667,12.750000,12.791667,6.734861,130200
1990-08-01,0.000000,12.833333,12.791667,12.833333,6.756799,62700
1990-08-02,0.000000,12.791667,12.666667,12.666667,6.669049,51300
1990-08-03,0.000000,12.666667,12.291667,12.291667,6.471611,210000
1990-08-06,0.000000,12.250000,11.791667,11.916667,6.274172,183000
1990-08-07,0.000000,11.958333,11.875000,11.875000,6.252233,72300
1990-08-08,0.000000,12.000000,11.916667,11.958333,6.296108,19200
1990-08-09,0.000000,12.000000,11.833333,11.833333,6.230296,60000
1990-08-10,0.000000,11.875000,11.708333,11.875000,6.252233,66900
1990-08-13,0.000000,11.750000,11.708333,11.708333,6.164484,12600
1990-08-14,0.000000,11.750000,11.666667,11.750000,6.186421,32400
1990-08-15,0.000000,11.708333,11.625000,11.666667,6.142545,27900
1990-08-16,0.000000,11.583333,11.333333,11.333333,5.967043,20700
1990-08-17,0.000000,11.250000,10.916667,10.916667,5.747668,35700
1990-08-20,0.000000,10.958333,10.875000,10.958333,5.769604,21300
1990-08-21,0.000000,10.875000,10.666667,10.750000,5.659917,81000
1990-08-22,0.000000,10.791667,10.708333,10.750000,5.659917,19500
1990-08-23,0.000000,10.666667,10.583333,10.583333,5.572165,42600
1990-08-24,0.000000,10.791667,10.625000,10.625000,5.594103,35100
1990-08-27,0.000000,11.000000,10.666667,10.708333,5.637979,79500
1990-08-28,0.000000,10.666667,10.625000,10.666667,5.616041,17100
1990-08-29,0.000000,10.666667,10.625000,10.666667,5.616041,65100
1990-08-30,0.000000,10.666667,10.625000,10.625000,5.594103,19200
1990-08-31,0.000000,10.625000,10.583333,10.583333,5.572165,25800
1990-09-04,0.000000,10.583333,10.500000,10.583333,5.580955,6300
1990-09-05,0.000000,10.666667,10.583333,10.625000,5.602929,41400
1990-09-06,0.000000,10.750000,10.541667,10.625000,5.602929,85800
1990-09-07,0.000000,10.625000,10.541667,10.583333,5.580955,15900
1990-09-10,0.000000,10.666667,10.583333,10.625000,5.602929,54900
1990-09-11,0.000000,10.666667,10.541667,10.583333,5.580955,50400
1990-09-12,0.000000,10.666667,10.583333,10.583333,5.580955,84600
1990-09-13,0.000000,10.625000,10.500000,10.500000,5.537010,41700
1990-09-14,0.000000,10.625000,10.458333,10.541667,5.558983,71100
1990-09-17,0.000000,10.666667,10.500000,10.500000,5.537010,139800
1990-09-18,0.000000,10.458333,10.250000,10.333333,5.449123,93900
1990-09-19,0.000000,10.458333,10.375000,10.416667,5.493068,22800
1990-09-20,0.000000,10.416667,10.333333,10.333333,5.449123,87000
1990-09-21,0.000000,10.416667,10.333333,10.333333,5.449123,10500
1990-09-24,0.000000,10.333333,10.208333,10.250000,5.405178,5700
1990-09-25,0.000000,10.208333,10.083333,10.166667,5.361236,78000
1990-09-26,0.000000,10.125000,10.041667,10.041667,5.295315,2700
1990-09-27,0.000000,10.083333,9.750000,9.750000,5.141510,57300
1990-09-28,0.000000,9.833333,9.750000,9.750000,5.141510,27300
1990-10-01,0.000000,9.875000,9.500000,9.625000,5.075593,92100
1990-10-02,0.000000,9.541667,9.458333,9.458333,4.987704,66000
1990-10-03,0.000000,9.375000,9.250000,9.250000,4.877843,23100
1990-10-04,0.000000,9.208333,8.916667,8.958333,4.724040,54900
1990-10-05,0.000000,9.083333,8.833333,9.083333,4.789953,114900
1990-10-08,0.000000,9.083333,9.000000,9.083333,4.789953,17100
1990-10-09,0.000000,9.083333,9.041667,9.041667,4.767982,24000
1990-10-10,0.000000,9.041667,8.875000,8.875000,4.680092,17400
1990-10-11,0.000000,8.958333,8.750000,8.750000,4.614176,33000
1990-10-12,0.000000,8.916667,8.791667,8.833333,4.658121,94200
1990-10-15,0.000000,8.875000,8.541667,8.625000,4.548261,58200
1990-10-16,0.000000,8.625000,8.500000,8.583333,4.526288,65700
1990-10-17,0.000000,8.708333,8.541667,8.625000,4.548261,147000
1990-10-18,0.000000,8.833333,8.625000,8.750000,4.614176,268200
1990-10-19,0.000000,9.083333,8.750000,9.041667,4.767982,107100
1990-10-22,0.000000,9.125000,9.000000,9.125000,4.811927,40800
1990-10-23,0.000000,9.500000,9.083333,9.458333,4.987704,153900
1990-10-24,0.000000,9.666667,9.458333,9.625000,5.075593,74100
1990-10-25,0.000000,9.625000,9.500000,9.541667,5.031650,12600
1990-10-26,0.000000,9.458333,9.333333,9.416667,4.965733,90600
1990-10-29,0.000000,9.458333,9.333333,9.416667,4.965733,36600
1990-10-30,0.000000,9.458333,9.375000,9.458333,4.987704,12600
1990-10-31,0.000000,9.541667,9.416667,9.458333,4.987704,27300
1990-11-01,0.000000,9.583333,9.500000,9.541667,5.031650,31200
1990-11-02,0.000000,9.583333,9.500000,9.541667,5.031650,9300
1990-11-05,0.000000,9.791667,9.625000,9.791667,5.163483,8700
1990-11-06,0.000000,10.291667,9.875000,10.083333,5.317288,80100
1990-11-07,0.000000,10.250000,10.125000,10.125000,5.339261,21300
1990-11-08,0.000000,10.208333,10.083333,10.208333,5.383204,8700
1990-11-09,0.000000,10.291667,10.166667,10.250000,5.405178,17700
1990-11-12,0.000000,10.291667,10.083333,10.166667,5.361236,20700
1990-11-13,0.000000,10.458333,10.250000,10.458333,5.515039,39000
1990-11-14,0.000000,10.500000,10.333333,10.416667,5.493068,24600
1990-11-15,0.000000,10.416667,10.291667,10.375000,5.471096,48300
1990-11-16,0.000000,10.416667,10.333333,10.416667,5.493068,7200
1990-11-19,0.000000,10.416667,10.375000,10.416667,5.493068,129300
1990-11-20,0.000000,10.416667,10.375000,10.375000,5.471096,33000
1990-11-21,0.000000,10.416667,10.333333,10.333333,5.449123,51600
1990-11-23,0.000000,10.333333,10.333333,10.333333,5.449123,3000
1990-11-26,0.000000,10.333333,10.291667,10.291667,5.427149,7800
1990-11-27,0.000000,10.333333,10.083333,10.083333,5.317288,111300
1990-11-28,0.000000,10.083333,10.041667,10.041667,5.295315,3600
1990-11-29,0.000000,9.958333,9.750000,9.750000,5.141510,16800
1990-11-30,0.000000,10.000000,9.791667,10.000000,5.273345,10500
1990-12-03,0.000000,10.000000,9.833333,9.833333,5.185455,5100
1990-12-04,0.000000,9.833333,9.708333,9.833333,5.194262,19500
1990-12-05,0.000000,9.916667,9.750000,9.916667,5.238281,29100
1990-12-06,0.000000,10.000000,9.708333,9.791667,5.172251,40500
1990-12-07,0.000000,9.791667,9.708333,9.791667,5.172251,26700
1990-12-10,0.000000,9.833333,9.750000,9.833333,5.194262,17400
1990-12-11,0.000000,9.916667,9.833333,9.833333,5.194262,18900
1990-12-12,0.000000,9.916667,9.791667,9.833333,5.194262,45300
1990-12-13,0.000000,9.833333,9.750000,9.833333,5.194262,20400
1990-12-14,0.000000,9.875000,9.791667,9.875000,5.216271,61200
1990-12-17,0.000000,9.791667,9.791667,9.791667,5.172251,7800
1990-12-18,0.000000,9.875000,9.791667,9.875000,5.216271,70500
1990-12-19,0.000000,9.958333,9.791667,9.833333,5.194262,150300
1990-12-20,0.000000,9.833333,9.791667,9.791667,5.172251,4200
1990-12-21,0.000000,9.791667,9.666667,9.666667,5.106223,36900
1990-12-24,0.000000,9.666667,9.583333,9.583333,5.062203,10500
1990-12-26,0.000000,9.708333,9.625000,9.625000,5.084214,14700
1990-12-27,0.000000,9.750000,9.500000,9.583333,5.062203,21000
1990-12-28,0.000000,9.541667,9.333333,9.375000,4.952155,33300
1990-12-31,0.000000,9.375000,9.208333,9.250000,4.886127,31800
1991-01-02,0.000000,9.416667,9.291667,9.416667,4.974166,15900
1991-01-03,0.000000,9.416667,9.250000,9.250000,4.886127,16500
1991-01-04,0.000000,9.375000,9.250000,9.375000,4.952155,6600
1991-01-07,0.000000,9.291667,9.208333,9.208333,4.864118,10800
1991-01-08,0.000000,9.291667,9.166667,9.166667,4.842109,6900
1991-01-09,0.000000,9.333333,9.250000,9.250000,4.886127,15600
1991-01-10,0.000000,9.250000,9.166667,9.166667,4.842109,5100
1991-01-11,0.000000,9.166667,9.125000,9.125000,4.820099,5700
1991-01-14,0.000000,9.041667,9.000000,9.000000,4.754070,15600
1991-01-15,0.000000,9.083333,9.000000,9.000000,4.754070,6600
1991-01-16,0.000000,9.000000,8.958333,8.958333,4.732060,3600
1991-01-17,0.000000,9.458333,9.166667,9.291667,4.908136,91800
1991-01-18,0.000000,9.416667,9.291667,9.291667,4.908136,15300
1991-01-21,0.000000,9.333333,9.208333,9.250000,4.886127,12300
1991-01-22,0.000000,9.208333,9.166667,9.166667,4.842109,42000
1991-01-23,0.000000,9.250000,9.166667,9.250000,4.886127,5100
1991-01-24,0.000000,9.583333,9.166667,9.583333,5.062203,503400
1991-01-25,0.000000,9.958333,9.666667,9.875000,5.216271,48600
1991-01-28,0.000000,10.208333,10.000000,10.125000,5.348327,51900
1991-01-29,0.000000,10.208333,10.125000,10.125000,5.348327,9000
1991-01-30,0.000000,10.250000,10.125000,10.250000,5.414356,5700
1991-01-31,0.000000,10.333333,10.166667,10.250000,5.414356,24600
1991-02-01,0.000000,10.250000,10.166667,10.250000,5.414356,291000
1991-02-04,0.000000,10.666667,10.291667,10.541667,5.568423,42900
1991-02-05,0.000000,11.125000,10.583333,11.041667,5.832539,36900
1991-02-06,0.000000,11.333333,11.041667,11.291667,5.964597,17100
1991-02-07,0.000000,11.333333,11.166667,11.166667,5.898568,15900
1991-02-08,0.000000,11.125000,11.083333,11.083333,5.854548,3900
1991-02-11,0.000000,11.416667,11.083333,11.375000,6.008616,32700
1991-02-12,0.000000,11.458333,11.166667,11.166667,5.898568,46500
1991-02-13,0.000000,11.166667,11.000000,11.083333,5.854548,12300
1991-02-14,0.000000,11.291667,11.166667,11.291667,5.964597,142800
1991-02-15,0.000000,11.625000,11.250000,11.333333,5.986606,44700
1991-02-19,0.000000,11.583333,11.416667,11.541667,6.096654,9600
1991-02-20,0.000000,11.708333,11.541667,11.666667,6.162683,125100
1991-02-21,0.000000,11.791667,11.666667,11.750000,6.206703,16800
1991-02-22,0.000000,11.708333,11.666667,11.666667,6.162683,23700
1991-02-25,0.000000,11.666667,11.625000,11.625000,6.140674,16500
1991-02-26,0.000000,11.625000,11.625000,11.625000,6.140674,12300
1991-02-27,0.000000,11.916667,11.666667,11.833333,6.250720,18300
1991-02-28,0.000000,11.875000,11.750000,11.833333,6.250720,6300
1991-03-01,0.000000,11.958333,11.708333,11.958333,6.316748,31800
1991-03-04,0.000000,11.875000,11.791667,11.791667,6.228713,6300
1991-03-05,0.000000,11.875000,11.750000,11.833333,6.259569,24000
1991-03-06,0.000000,11.875000,11.750000,11.750000,6.215490,3000
1991-03-07,0.000000,11.833333,11.708333,11.708333,6.193449,5400
1991-03-08,0.000000,11.791667,11.708333,11.750000,6.215490,13200
1991-03-11,0.000000,11.916667,11.833333,11.916667,6.303653,24600
1991-03-12,0.000000,11.916667,11.875000,11.916667,6.303653,17700
1991-03-13,0.000000,11.958333,11.875000,11.875000,6.281612,8100
1991-03-14,0.000000,11.916667,11.833333,11.875000,6.281612,10800
1991-03-15,0.000000,11.958333,11.875000,11.875000,6.281612,12000
1991-03-18,0.000000,11.958333,11.875000,11.875000,6.281612,4500
1991-03-19,0.000000,11.833333,11.750000,11.750000,6.215490,4200
1991-03-20,0.000000,11.791667,11.708333,11.791667,6.237531,8100
1991-03-21,0.000000,11.833333,11.708333,11.750000,6.215490,316800
1991-03-22,0.000000,11.791667,11.625000,11.666667,6.171408,12300
1991-03-25,0.000000,11.666667,11.583333,11.583333,6.127326,9900
1991-03-26,0.000000,11.625000,11.458333,11.458333,6.061203,164100
1991-03-27,0.000000,11.375000,11.333333,11.333333,5.995081,4200
1991-03-28,0.000000,11.333333,11.166667,11.166667,5.906919,159900
1991-04-01,0.000000,11.208333,11.125000,11.125000,5.884878,13800
1991-04-02,0.000000,11.166667,11.041667,11.125000,5.884878,81600
1991-04-03,0.000000,11.166667,11.000000,11.041667,5.840796,24600
1991-04-04,0.000000,11.125000,11.041667,11.041667,5.840796,2100
1991-04-05,0.000000,11.083333,10.875000,10.875000,5.752634,34200
1991-04-08,0.000000,10.833333,10.791667,10.833333,5.730593,18300
1991-04-09,0.000000,10.833333,10.708333,10.833333,5.730593,16800
1991-04-10,0.000000,10.791667,10.666667,10.666667,5.642429,9900
1991-04-11,0.000000,10.791667,10.625000,10.625000,5.620389,11700
1991-04-12,0.000000,10.875000,10.625000,10.750000,5.686512,26700
1991-04-15,0.000000,10.750000,10.583333,10.625000,5.620389,13500
1991-04-16,0.000000,10.541667,10.416667,10.416667,5.510186,63600
1991-04-17,0.000000,10.333333,10.166667,10.250000,5.422021,180000
1991-04-18,0.000000,10.250000,10.041667,10.125000,5.355899,53400
1991-04-19,0.000000,10.125000,10.083333,10.125000,5.355899,43200
1991-04-22,0.000000,10.166667,10.083333,10.166667,5.377942,9000
1991-04-23,0.000000,10.208333,10.083333,10.083333,5.333859,20700
1991-04-24,0.000000,10.333333,10.166667,10.333333,5.466104,87600
1991-04-25,0.000000,10.500000,10.333333,10.458333,5.532226,88500
1991-04-26,0.000000,10.375000,10.291667,10.291667,5.444063,58800
1991-04-29,0.000000,10.375000,10.250000,10.333333,5.466104,42600
1991-04-30,0.000000,10.750000,10.333333,10.750000,5.686512,31800
1991-05-01,0.000000,11.083333,10.750000,11.000000,5.818755,75000
1991-05-02,0.000000,11.208333,11.083333,11.125000,5.884878,35700
1991-05-03,0.000000,11.500000,11.166667,11.333333,5.995081,40800
1991-05-06,0.000000,11.250000,11.041667,11.166667,5.906919,41700
1991-05-07,0.000000,11.208333,11.125000,11.208333,5.928959,20100
1991-05-08,0.000000,11.375000,11.250000,11.333333,5.995081,37800
1991-05-09,0.000000,11.625000,11.333333,11.416667,6.039163,68100
1991-05-10,0.000000,11.416667,11.333333,11.333333,5.995081,11400
1991-05-13,0.000000,11.250000,11.125000,11.250000,5.951000,347400
1991-05-14,0.000000,11.291667,11.250000,11.250000,5.951000,22500
1991-05-15,0.000000,11.166667,10.916667,11.000000,5.818755,37200
1991-05-16,0.000000,11.125000,11.000000,11.083333,5.862837,23100
1991-05-17,0.000000,11.083333,11.083333,11.083333,5.862837,300
1991-05-20,0.000000,11.125000,11.000000,11.083333,5.862837,10200
1991-05-21,0.000000,11.250000,11.166667,11.166667,5.906919,6900
1991-05-22,0.000000,11.250000,11.000000,11.000000,5.818755,66900
1991-05-23,0.000000,11.250000,11.083333,11.166667,5.906919,23100
1991-05-24,0.000000,11.250000,11.125000,11.208333,5.928959,9300
1991-05-28,0.000000,11.333333,11.208333,11.333333,5.995081,12600
1991-05-29,0.000000,11.333333,11.250000,11.250000,5.951000,28800
1991-05-30,0.000000,11.416667,11.333333,11.333333,5.995081,49500
1991-05-31,0.000000,11.541667,11.375000,11.541667,6.105285,45000
1991-06-03,0.000000,11.625000,11.458333,11.583333,6.127326,79500
1991-06-04,0.000000,11.625000,11.458333,11.458333,6.061203,22200
1991-06-05,0.000000,11.416667,11.416667,11.416667,6.039163,4500
1991-06-06,0.000000,11.458333,11.416667,11.416667,6.039163,10500
1991-06-07,0.000000,11.375000,11.333333,11.375000,6.017123,11100
1991-06-10,0.000000,11.333333,11.166667,11.166667,5.915588,10200
1991-06-11,0.000000,11.208333,11.208333,11.208333,5.937660,1500
1991-06-12,0.000000,11.291667,11.125000,11.250000,5.959733,62100
1991-06-13,0.000000,11.208333,11.125000,11.208333,5.937660,15000
1991-06-14,0.000000,11.333333,11.208333,11.250000,5.959733,40200
1991-06-17,0.000000,11.500000,11.250000,11.500000,6.092171,18000
1991-06-18,0.000000,11.666667,11.416667,11.500000,6.092171,41100
1991-06-19,0.000000,11.416667,11.333333,11.416667,6.048026,9600
1991-06-20,0.000000,11.416667,11.291667,11.375000,6.025952,18900
1991-06-21,0.000000,11.416667,11.333333,11.416667,6.048026,5100
1991-06-24,0.000000,11.333333,11.250000,11.333333,6.003880,22500
1991-06-25,0.000000,11.291667,11.166667,11.208333,5.937660,18900
1991-06-26,0.000000,11.375000,11.291667,11.375000,6.025952,31500
1991-06-27,0.000000,11.416667,11.291667,11.375000,6.025952,26400
1991-06-28,0.000000,11.416667,11.250000,11.416667,6.048026,40200
1991-07-01,0.000000,11.416667,11.250000,11.416667,6.048026,36600
1991-07-02,0.000000,11.500000,11.375000,11.375000,6.025952,13500
1991-07-03,0.000000,11.291667,11.166667,11.166667,5.915588,151800
1991-07-05,0.000000,11.416667,11.250000,11.416667,6.048026,21600
1991-07-08,0.000000,11.333333,11.250000,11.291667,5.981808,35100
1991-07-09,0.000000,11.291667,11.208333,11.208333,5.937660,28500
1991-07-10,0.000000,11.208333,11.208333,11.208333,5.937660,600
1991-07-11,0.000000,11.333333,11.208333,11.333333,6.003880,35400
1991-07-12,0.000000,11.458333,11.291667,11.416667,6.048026,98700
1991-07-15,0.000000,11.541667,11.416667,11.458333,6.070099,137700
1991-07-16,0.000000,11.500000,11.416667,11.458333,6.070099,23100
1991-07-17,0.000000,11.583333,11.416667,11.458333,6.070099,50700
1991-07-18,0.000000,11.500000,11.458333,11.458333,6.070099,51000
1991-07-19,0.000000,11.541667,11.458333,11.458333,6.070099,74100
1991-07-22,0.000000,11.458333,11.458333,11.458333,6.070099,4800
1991-07-23,0.000000,11.458333,11.458333,11.458333,6.070099,4500
1991-07-24,0.000000,11.458333,11.458333,11.458333,6.070099,9300
1991-07-25,0.000000,11.500000,11.500000,11.500000,6.092171,2400
1991-07-26,0.000000,11.500000,11.416667,11.416667,6.048026,71700
1991-07-29,0.000000,11.500000,11.458333,11.500000,6.092171,147600
1991-07-30,0.000000,11.458333,11.416667,11.416667,6.048026,62400
1991-07-31,0.000000,11.500000,11.416667,11.458333,6.070099,131100
1991-08-01,0.000000,11.458333,11.375000,11.375000,6.025952,31800
1991-08-02,0.000000,11.458333,11.375000,11.458333,6.070099,42000
1991-08-05,0.000000,11.541667,11.375000,11.375000,6.025952,39300
1991-08-06,0.000000,11.583333,11.458333,11.583333,6.136317,17400
1991-08-07,0.000000,11.708333,11.625000,11.666667,6.180465,27000
1991-08-08,0.000000,11.666667,11.416667,11.416667,6.048026,59100
1991-08-09,0.000000,11.458333,11.333333,11.333333,6.003880,36900
1991-08-12,0.000000,11.291667,11.166667,11.208333,5.937660,13200
1991-08-13,0.000000,11.208333,11.000000,11.000000,5.827296,38100
1991-08-14,0.000000,11.041667,11.000000,11.000000,5.827296,53400
1991-08-15,0.000000,10.958333,10.791667,10.833333,5.739005,19500
1991-08-16,0.000000,10.916667,10.833333,10.833333,5.739005,19800
1991-08-19,0.000000,10.750000,10.458333,10.500000,5.562418,19500
1991-08-20,0.000000,10.416667,10.250000,10.250000,5.429979,22800
1991-08-21,0.000000,10.416667,10.291667,10.375000,5.496199,42300
1991-08-22,0.000000,10.500000,10.291667,10.458333,5.540344,31200
1991-08-23,0.000000,10.708333,10.500000,10.708333,5.672782,19200
1991-08-26,0.000000,10.750000,10.625000,10.708333,5.672782,33900
1991-08-27,0.000000,10.875000,10.791667,10.875000,5.761077,11400
1991-08-28,0.000000,10.875000,10.750000,10.833333,5.739005,270900
1991-08-29,0.000000,10.791667,10.750000,10.791667,5.716929,14700
1991-08-30,0.000000,10.791667,10.750000,10.750000,5.694860,3600
1991-09-03,0.000000,10.833333,10.791667,10.833333,5.739005,20700
1991-09-04,0.000000,10.750000,10.666667,10.708333,5.672782,76500
1991-09-05,0.000000,10.916667,10.708333,10.708333,5.672782,148200
1991-09-06,0.000000,10.666667,10.458333,10.500000,5.562418,11400
1991-09-09,0.000000,10.500000,10.416667,10.500000,5.571264,20100
1991-09-10,0.000000,10.458333,10.416667,10.458333,5.549154,4800
1991-09-11,0.000000,10.500000,10.458333,10.458333,5.549154,60600
1991-09-12,0.000000,10.583333,10.500000,10.500000,5.571264,31200
1991-09-13,0.000000,10.541667,10.500000,10.500000,5.571264,52500
1991-09-16,0.000000,10.583333,10.500000,10.500000,5.571264,35700
1991-09-17,0.000000,10.625000,10.500000,10.500000,5.571264,81600
1991-09-18,0.000000,10.583333,10.458333,10.500000,5.571264,11700
1991-09-19,0.000000,10.583333,10.500000,10.583333,5.615479,6000
1991-09-20,0.000000,10.666667,10.500000,10.500000,5.571264,11400
1991-09-23,0.000000,10.583333,10.500000,10.541667,5.593372,7800
1991-09-24,0.000000,10.541667,10.541667,10.541667,5.593372,43800
1991-09-25,0.000000,10.708333,10.583333,10.583333,5.615479,39300
1991-09-26,0.000000,10.666667,10.541667,10.666667,5.659697,11100
1991-09-27,0.000000,10.833333,10.625000,10.833333,5.748129,58200
1991-09-30,0.000000,10.916667,10.833333,10.916667,5.792347,33000
1991-10-01,0.000000,10.916667,10.833333,10.916667,5.792347,16800
1991-10-02,0.000000,10.916667,10.833333,10.833333,5.748129,8100
1991-10-03,0.000000,10.916667,10.833333,10.916667,5.792347,13800
1991-10-04,0.000000,10.958333,10.875000,10.875000,5.770237,5700
1991-10-07,0.000000,10.916667,10.833333,10.916667,5.792347,18300
1991-10-08,0.000000,10.958333,10.833333,10.875000,5.770237,10500
1991-10-09,0.000000,10.916667,10.791667,10.791667,5.726021,5100
1991-10-10,0.000000,10.750000,10.666667,10.708333,5.681804,156000
1991-10-11,0.000000,10.708333,10.708333,10.708333,5.681804,1800
1991-10-14,10.708333,10.708333,10.708333,10.708333,5.681804,0
1991-10-15,0.000000,10.708333,10.708333,10.708333,5.681804,30300
1991-10-16,0.000000,10.750000,10.666667,10.750000,5.703913,14400
1991-10-17,0.000000,10.750000,10.666667,10.750000,5.703913,38100
1991-10-18,0.000000,10.750000,10.750000,10.750000,5.703913,6300
1991-10-21,0.000000,10.833333,10.750000,10.750000,5.703913,34200
1991-10-22,0.000000,10.791667,10.750000,10.750000,5.703913,4500
1991-10-23,0.000000,10.833333,10.750000,10.750000,5.703913,75600
1991-10-24,0.000000,10.791667,10.750000,10.750000,5.703913,12900
1991-10-25,0.000000,10.791667,10.750000,10.750000,5.703913,12300
1991-10-28,0.000000,10.833333,10.750000,10.750000,5.703913,9600
1991-10-29,0.000000,11.083333,10.791667,11.083333,5.880778,17700
1991-10-30,0.000000,11.333333,11.166667,11.333333,6.013427,34500
1991-10-31,0.000000,11.666667,11.416667,11.625000,6.168184,22200
1991-11-01,0.000000,11.708333,11.458333,11.458333,6.079751,18600
1991-11-04,0.000000,11.416667,11.291667,11.291667,5.991319,13200
1991-11-05,0.000000,11.291667,11.166667,11.166667,5.924995,24000
1991-11-06,0.000000,11.250000,10.875000,10.916667,5.792347,36600
1991-11-07,0.000000,11.000000,10.916667,10.958333,5.814454,4800
1991-11-08,0.000000,11.125000,10.958333,11.125000,5.902887,23100
1991-11-11,11.083333,11.083333,11.083333,11.083333,5.880778,9600
1991-11-12,11.083333,11.083333,10.916667,10.916667,5.792347,35100
1991-11-13,10.916667,10.916667,10.750000,10.833333,5.748129,32100
1991-11-14,10.750000,10.791667,10.708333,10.750000,5.703913,12000
1991-11-15,10.791667,10.791667,10.666667,10.708333,5.681804,23700
1991-11-18,10.708333,10.708333,10.666667,10.666667,5.659697,60000
1991-11-19,10.666667,10.666667,10.625000,10.625000,5.637589,45000
1991-11-20,10.625000,10.666667,10.625000,10.625000,5.637589,12600
1991-11-21,10.625000,10.708333,10.541667,10.541667,5.593372,16800
1991-11-22,10.541667,10.541667,10.541667,10.541667,5.593372,68400
1991-11-25,10.541667,10.625000,10.541667,10.625000,5.637589,23700
1991-11-26,10.583333,10.666667,10.583333,10.666667,5.659697,41100
1991-11-27,10.750000,10.791667,10.708333,10.750000,5.703913,13500
1991-11-29,10.750000,10.750000,10.708333,10.708333,5.681804,3900
1991-12-02,10.708333,10.708333,10.666667,10.708333,5.681804,5700
1991-12-03,10.708333,10.750000,10.708333,10.750000,5.703913,8400
1991-12-04,10.708333,10.750000,10.666667,10.666667,5.659697,6900
1991-12-05,10.666667,10.708333,10.500000,10.500000,5.571264,45600
1991-12-06,10.500000,10.500000,10.291667,10.291667,5.460726,17400
1991-12-09,10.250000,10.250000,10.125000,10.125000,5.372290,15300
1991-12-10,10.125000,10.125000,10.000000,10.000000,5.305965,9300
1991-12-11,9.958333,10.000000,9.916667,9.916667,5.261749,12900
1991-12-12,9.916667,9.916667,9.791667,9.791667,5.195425,59100
1991-12-13,9.750000,9.750000,9.583333,9.625000,5.106992,30300
1991-12-16,9.625000,9.791667,9.625000,9.708333,5.151209,30300
1991-12-17,9.666667,9.750000,9.625000,9.666667,5.137923,8700
1991-12-18,9.750000,9.750000,9.541667,9.541667,5.071484,47700
1991-12-19,9.583333,9.625000,9.541667,9.541667,5.071484,68700
1991-12-20,9.625000,9.666667,9.583333,9.583333,5.093627,21300
1991-12-23,9.666667,9.791667,9.625000,9.791667,5.204360,24900
1991-12-24,10.000000,10.250000,9.916667,10.083333,5.359385,60900
1991-12-26,10.041667,10.125000,10.041667,10.041667,5.337238,1800
1991-12-27,10.125000,10.166667,10.000000,10.041667,5.337238,20400
1991-12-30,10.083333,10.083333,10.000000,10.000000,5.315092,24900
1991-12-31,10.083333,10.083333,10.000000,10.083333,5.359385,30900
1992-01-02,10.000000,10.083333,9.958333,10.041667,5.337238,23400
1992-01-03,10.041667,10.125000,10.000000,10.083333,5.359385,10500
1992-01-06,10.166667,10.416667,10.166667,10.333333,5.492261,45900
1992-01-07,10.250000,10.291667,10.208333,10.291667,5.470118,5400
1992-01-08,10.291667,10.291667,10.208333,10.208333,5.425823,27600
1992-01-09,10.208333,10.291667,10.208333,10.208333,5.425823,15900
1992-01-10,10.291667,10.291667,10.208333,10.208333,5.425823,9300
1992-01-13,10.291667,10.583333,10.291667,10.583333,5.625138,20400
1992-01-14,10.666667,10.708333,10.625000,10.708333,5.691577,11100
1992-01-15,10.791667,10.916667,10.791667,10.875000,5.780162,90600
1992-01-16,10.875000,10.916667,10.708333,10.875000,5.780162,25200
1992-01-17,10.875000,10.916667,10.833333,10.833333,5.758016,63000
1992-01-20,10.916667,10.916667,10.666667,10.750000,5.713724,32700
1992-01-21,10.791667,10.791667,10.458333,10.458333,5.558698,28500
1992-01-22,10.458333,10.583333,10.458333,10.583333,5.625138,6300
1992-01-23,10.500000,10.666667,10.500000,10.666667,5.669432,18000
1992-01-24,10.625000,10.625000,10.541667,10.583333,5.625138,12000
1992-01-27,10.583333,10.666667,10.583333,10.666667,5.669432,92100
1992-01-28,10.833333,10.916667,10.750000,10.833333,5.758016,75600
1992-01-29,10.833333,10.875000,10.833333,10.875000,5.780162,33900
1992-01-30,10.833333,10.875000,10.791667,10.791667,5.735870,14400
1992-01-31,10.750000,10.791667,10.708333,10.791667,5.735870,219900
1992-02-03,10.833333,10.875000,10.833333,10.875000,5.780162,3900
1992-02-04,10.875000,11.000000,10.875000,11.000000,5.846601,11700
1992-02-05,11.000000,11.375000,11.000000,11.250000,5.979476,94200
1992-02-06,11.375000,11.500000,11.375000,11.458333,6.090208,15900
1992-02-07,11.583333,11.583333,11.500000,11.500000,6.112355,62100
1992-02-10,11.541667,11.541667,11.458333,11.500000,6.112355,8700
1992-02-11,11.583333,11.583333,11.416667,11.458333,6.090208,48600
1992-02-12,11.458333,11.666667,11.458333,11.666667,6.200940,20700
1992-02-13,11.666667,11.875000,11.666667,11.750000,6.245234,23400
1992-02-14,11.791667,11.791667,11.541667,11.708333,6.223087,17100
1992-02-18,11.666667,11.791667,11.666667,11.750000,6.245234,20100
1992-02-19,11.666667,11.708333,11.625000,11.666667,6.200940,9300
1992-02-20,11.666667,11.916667,11.625000,11.916667,6.333817,31800
1992-02-21,11.916667,12.166667,11.916667,12.000000,6.378109,21600
1992-02-24,12.083333,12.250000,12.000000,12.166667,6.466696,28800
1992-02-25,12.208333,12.208333,11.833333,11.916667,6.333817,32100
1992-02-26,11.958333,12.125000,11.958333,12.125000,6.444548,54600
1992-02-27,12.125000,12.333333,12.041667,12.250000,6.510985,111900
1992-02-28,12.166667,12.500000,12.166667,12.291667,6.533134,89700
1992-03-02,12.208333,12.458333,12.208333,12.458333,6.621718,51600
1992-03-03,12.541667,13.166667,12.541667,12.916667,6.865326,116100
1992-03-04,13.041667,13.416667,13.000000,13.416667,7.131083,68100
1992-03-05,13.333333,13.375000,13.166667,13.250000,7.042496,37200
1992-03-06,13.208333,13.416667,13.208333,13.333333,7.086788,50700
1992-03-09,13.333333,13.375000,13.208333,13.208333,7.020349,24000
1992-03-10,13.291667,13.333333,13.125000,13.208333,7.020349,19200
1992-03-11,13.250000,13.333333,13.166667,13.250000,7.042496,42600
1992-03-12,13.208333,13.625000,13.208333,13.625000,7.241812,53400
1992-03-13,13.625000,13.625000,13.458333,13.541667,7.197520,28800
1992-03-16,13.458333,13.958333,13.458333,13.875000,7.374689,50400
1992-03-17,13.666667,13.666667,13.333333,13.458333,7.153227,106500
1992-03-18,13.333333,13.416667,12.958333,13.083333,6.962538,71100
1992-03-19,13.000000,13.000000,12.958333,13.000000,6.918189,68700
1992-03-20,13.083333,13.333333,13.083333,13.250000,7.051231,57300
1992-03-23,13.208333,13.291667,13.208333,13.291667,7.073405,16800
1992-03-24,13.291667,13.291667,12.916667,13.083333,6.962538,31800
1992-03-25,13.083333,13.083333,13.000000,13.000000,6.918189,2700
1992-03-26,13.041667,13.125000,12.833333,12.833333,6.829494,55500
1992-03-27,12.791667,12.791667,12.416667,12.416667,6.607757,38100
1992-03-30,12.083333,12.333333,12.083333,12.291667,6.541237,131400
1992-03-31,12.291667,12.416667,12.291667,12.416667,6.607757,4800
1992-04-01,12.333333,12.666667,12.333333,12.666667,6.740799,38400
1992-04-02,12.583333,12.666667,12.541667,12.541667,6.674279,6300
1992-04-03,12.583333,12.583333,12.458333,12.500000,6.652103,44100
1992-04-06,12.541667,12.583333,12.541667,12.583333,6.696452,3600
1992-04-07,12.583333,12.583333,12.333333,12.333333,6.563410,8700
1992-04-08,12.333333,12.416667,12.250000,12.250000,6.519060,25200
1992-04-09,12.250000,12.458333,12.250000,12.458333,6.629930,12900
1992-04-10,12.541667,12.541667,12.500000,12.541667,6.674279,12900
1992-04-13,12.583333,12.625000,12.541667,12.541667,6.674279,6600
1992-04-14,12.541667,12.625000,12.500000,12.500000,6.652103,25800
1992-04-15,12.583333,12.708333,12.541667,12.583333,6.696452,23700
1992-04-16,12.708333,12.708333,12.583333,12.583333,6.696452,20400
1992-04-20,12.666667,12.666667,12.500000,12.625000,6.718625,14400
1992-04-21,12.541667,12.625000,12.541667,12.625000,6.718625,4800
1992-04-22,12.666667,12.666667,12.541667,12.583333,6.696452,11100
1992-04-23,12.541667,12.583333,12.500000,12.583333,6.696452,25800
1992-04-24,12.500000,12.625000,12.500000,12.500000,6.652103,9000
1992-04-27,12.500000,12.625000,12.500000,12.625000,6.718625,9000
1992-04-28,12.625000,12.625000,12.500000,12.500000,6.652103,5700
1992-04-29,12.583333,12.583333,12.458333,12.500000,6.652103,78900
1992-04-30,12.500000,12.583333,12.500000,12.583333,6.696452,26400
1992-05-01,12.666667,12.666667,12.666667,12.666667,6.740799,3300
1992-05-04,12.583333,12.625000,12.583333,12.625000,6.718625,2100
1992-05-05,12.583333,12.583333,12.583333,12.583333,6.696452,5700
1992-05-06,12.583333,12.666667,12.541667,12.541667,6.674279,18600
1992-05-07,12.583333,12.666667,12.583333,12.666667,6.740799,12900
1992-05-08,12.625000,12.750000,12.625000,12.666667,6.740799,41400
1992-05-11,12.666667,12.666667,12.583333,12.583333,6.696452,16200
1992-05-12,12.625000,12.625000,12.541667,12.541667,6.674279,5100
1992-05-13,12.500000,12.541667,12.458333,12.458333,6.629930,14400
1992-05-14,12.541667,12.583333,12.500000,12.500000,6.652103,3000
1992-05-15,12.583333,12.583333,12.458333,12.458333,6.629930,5700
1992-05-18,12.416667,12.583333,12.416667,12.583333,6.696452,17400
1992-05-19,12.666667,12.750000,12.583333,12.625000,6.718625,28200
1992-05-20,12.666667,12.708333,12.583333,12.583333,6.696452,34800
1992-05-21,12.583333,12.625000,12.541667,12.583333,6.696452,13500
1992-05-22,12.666667,12.708333,12.625000,12.666667,6.740799,12300
1992-05-26,12.750000,12.875000,12.708333,12.875000,6.851666,67200
1992-05-27,12.958333,13.416667,12.958333,13.375000,7.117751,66300
1992-05-28,13.416667,13.583333,13.166667,13.250000,7.051231,46800
1992-05-29,13.250000,13.250000,13.083333,13.083333,6.962538,21900
1992-06-01,13.125000,13.125000,13.000000,13.125000,6.984709,15900
1992-06-02,13.125000,13.125000,13.000000,13.041667,6.940364,18300
1992-06-03,13.041667,13.041667,12.958333,13.041667,6.940364,5400
1992-06-04,13.000000,13.041667,12.916667,12.916667,6.873840,9300
1992-06-05,12.958333,12.958333,12.875000,12.875000,6.851666,6300
1992-06-08,12.791667,12.833333,12.666667,12.750000,6.785146,14100
1992-06-09,12.708333,12.833333,12.625000,12.666667,6.740799,7500
1992-06-10,12.666667,12.750000,12.666667,12.750000,6.785146,6000
1992-06-11,12.791667,12.791667,12.666667,12.708333,6.762972,18000
1992-06-12,12.750000,12.750000,12.708333,12.708333,6.762972,8100
1992-06-15,12.708333,12.750000,12.625000,12.625000,6.718625,19500
1992-06-16,12.666667,12.666667,12.625000,12.625000,6.718625,10800
1992-06-17,12.666667,12.666667,12.583333,12.583333,6.696452,13200
1992-06-18,12.541667,12.625000,12.541667,12.583333,6.705334,2400
1992-06-19,12.583333,12.625000,12.583333,12.625000,6.727537,1500
1992-06-22,12.541667,12.541667,12.541667,12.541667,6.683132,5100
1992-06-23,12.583333,12.583333,12.458333,12.500000,6.660928,8700
1992-06-24,12.500000,12.500000,12.375000,12.375000,6.594319,24900
1992-06-25,12.375000,12.375000,12.375000,12.375000,6.594319,5100
1992-06-26,12.333333,12.416667,12.333333,12.333333,6.572117,32100
1992-06-29,12.333333,12.458333,12.333333,12.458333,6.638724,23700
1992-06-30,12.458333,12.458333,12.375000,12.458333,6.638724,10800
1992-07-01,12.416667,12.458333,12.375000,12.458333,6.638724,28800
1992-07-02,12.375000,12.458333,12.375000,12.458333,6.638724,12900
1992-07-06,12.416667,12.458333,12.375000,12.416667,6.616522,7500
1992-07-07,12.333333,12.333333,12.166667,12.166667,6.483304,25200
1992-07-08,12.166667,12.166667,12.041667,12.041667,6.416694,50400
1992-07-09,12.083333,12.083333,12.000000,12.083333,6.438897,15000
1992-07-10,12.125000,12.125000,12.083333,12.125000,6.461100,28200
1992-07-13,12.083333,12.083333,12.000000,12.000000,6.394491,12300
1992-07-14,12.041667,12.041667,11.791667,11.916667,6.350085,30600
1992-07-15,11.875000,11.875000,11.791667,11.833333,6.305677,11100
1992-07-16,11.916667,11.916667,11.833333,11.833333,6.305677,40200
1992-07-17,11.875000,11.916667,11.791667,11.833333,6.305677,15000
1992-07-20,11.833333,11.833333,11.750000,11.833333,6.305677,11100
1992-07-21,11.791667,11.875000,11.791667,11.833333,6.305677,5700
1992-07-22,11.833333,11.833333,11.750000,11.750000,6.261274,15600
1992-07-23,11.791667,11.791667,11.750000,11.791667,6.283477,4200
1992-07-24,11.791667,11.833333,11.750000,11.833333,6.305677,12300
1992-07-27,11.750000,11.750000,11.750000,11.750000,6.261274,2100
1992-07-28,11.791667,11.916667,11.750000,11.916667,6.350085,83100
1992-07-29,11.958333,12.250000,11.958333,12.208333,6.505507,26400
1992-07-30,12.208333,12.208333,12.166667,12.166667,6.483304,52500
1992-07-31,12.166667,12.166667,12.041667,12.125000,6.461100,4500
1992-08-03,12.083333,12.083333,11.958333,11.958333,6.372287,34500
1992-08-04,12.000000,12.000000,11.583333,11.625000,6.194663,63000
1992-08-05,11.625000,11.666667,11.583333,11.666667,6.216866,10200
1992-08-06,11.750000,11.875000,11.666667,11.875000,6.327882,21600
1992-08-07,11.875000,11.875000,11.833333,11.833333,6.305677,8700
1992-08-10,11.750000,11.750000,11.708333,11.708333,6.239070,2400
1992-08-11,11.666667,11.708333,11.666667,11.708333,6.239070,14400
1992-08-12,11.708333,11.708333,11.625000,11.625000,6.194663,7500
1992-08-13,11.666667,11.708333,11.666667,11.708333,6.239070,1500
1992-08-14,11.666667,11.666667,11.625000,11.666667,6.216866,3300
1992-08-17,11.625000,11.666667,11.625000,11.625000,6.194663,6000
1992-08-18,11.625000,11.625000,11.500000,11.500000,6.128053,44700
1992-08-19,11.583333,11.583333,11.416667,11.458333,6.105850,17700
1992-08-20,11.416667,11.500000,11.291667,11.416667,6.083648,29700
1992-08-21,11.500000,11.500000,11.333333,11.333333,6.039241,25200
1992-08-24,11.250000,11.333333,11.250000,11.333333,6.039241,12000
1992-08-25,11.250000,11.291667,11.250000,11.250000,5.994834,9000
1992-08-26,11.208333,11.458333,11.208333,11.333333,6.039241,10800
1992-08-27,11.416667,11.666667,11.375000,11.500000,6.128053,80400
1992-08-28,11.416667,11.416667,11.250000,11.250000,5.994834,15300
1992-08-31,11.291667,11.375000,11.250000,11.291667,6.017038,7200
1992-09-01,11.250000,11.583333,11.250000,11.500000,6.128053,15600
1992-09-02,11.500000,11.500000,11.416667,11.458333,6.105850,13200
1992-09-03,11.583333,11.833333,11.583333,11.750000,6.261274,22200
1992-09-04,11.750000,11.791667,11.625000,11.791667,6.283477,16500
1992-09-08,11.833333,12.041667,11.833333,11.958333,6.372287,20400
1992-09-09,12.000000,12.166667,11.916667,12.125000,6.461100,31200
1992-09-10,12.250000,12.458333,12.250000,12.416667,6.616522,29400
1992-09-11,12.416667,12.416667,12.166667,12.166667,6.483304,15900
1992-09-14,12.208333,12.333333,12.208333,12.333333,6.572117,21000
1992-09-15,12.250000,12.291667,12.208333,12.208333,6.505507,10200
1992-09-16,12.291667,12.291667,12.208333,12.208333,6.505507,5700
1992-09-17,12.208333,12.208333,12.166667,12.166667,6.492169,600
1992-09-18,12.250000,12.250000,12.166667,12.166667,6.492169,17700
1992-09-21,12.083333,12.083333,11.875000,11.958333,6.381000,26100
1992-09-22,12.000000,12.083333,11.833333,11.833333,6.314301,42600
1992-09-23,11.833333,11.916667,11.833333,11.875000,6.336535,4800
1992-09-24,11.875000,11.875000,11.833333,11.833333,6.314301,5400
1992-09-25,11.791667,11.791667,11.583333,11.666667,6.225368,11100
1992-09-28,11.583333,11.625000,11.583333,11.625000,6.203135,10800
1992-09-29,11.625000,11.625000,11.333333,11.333333,6.047499,14100
1992-09-30,11.333333,11.333333,11.291667,11.333333,6.047499,15000
1992-10-01,11.333333,11.333333,11.291667,11.291667,6.025267,18000
1992-10-02,11.250000,11.291667,11.250000,11.291667,6.025267,3600
1992-10-05,11.291667,11.666667,11.250000,11.625000,6.203135,170700
1992-10-06,11.708333,11.958333,11.708333,11.916667,6.358768,72900
1992-10-07,11.833333,11.916667,11.791667,11.916667,6.358768,28200
1992-10-08,11.833333,12.166667,11.833333,12.166667,6.492169,39900
1992-10-09,12.083333,12.291667,12.083333,12.208333,6.514401,47400
1992-10-12,12.250000,12.291667,12.166667,12.291667,6.558870,10500
1992-10-13,12.208333,12.333333,12.208333,12.333333,6.581103,19800
1992-10-14,12.416667,12.416667,12.375000,12.375000,6.603336,10200
1992-10-15,12.416667,12.666667,12.416667,12.666667,6.758970,18900
1992-10-16,12.750000,13.166667,12.750000,13.166667,7.025772,143400
1992-10-19,13.083333,13.250000,12.958333,12.958333,6.914603,84300
1992-10-20,12.916667,12.958333,12.750000,12.750000,6.803437,27300
1992-10-21,12.791667,12.791667,12.708333,12.708333,6.781203,31200
1992-10-22,12.666667,12.791667,12.541667,12.666667,6.758970,21600
1992-10-23,12.750000,12.791667,12.666667,12.666667,6.758970,11700
1992-10-26,12.750000,12.833333,12.666667,12.833333,6.847904,10500
1992-10-27,12.750000,12.791667,12.666667,12.666667,6.758970,7800
1992-10-28,12.750000,12.750000,12.666667,12.666667,6.758970,1200
1992-10-29,12.708333,12.791667,12.708333,12.791667,6.825670,6000
1992-10-30,12.791667,12.791667,12.666667,12.666667,6.758970,24600
1992-11-02,12.666667,12.666667,12.458333,12.500000,6.670037,14700
1992-11-03,12.541667,12.625000,12.500000,12.583333,6.714503,144300
1992-11-04,12.625000,12.666667,12.625000,12.666667,6.758970,13800
1992-11-05,12.666667,12.666667,12.625000,12.625000,6.736735,17400
1992-11-06,12.625000,12.625000,12.583333,12.625000,6.736735,3300
1992-11-09,12.583333,12.583333,12.458333,12.541667,6.692270,36900
1992-11-10,12.541667,12.583333,12.458333,12.500000,6.670037,9300
1992-11-11,12.500000,12.500000,12.375000,12.416667,6.625569,13200
1992-11-12,12.375000,12.458333,12.333333,12.333333,6.581103,32100
1992-11-13,12.333333,12.333333,12.250000,12.333333,6.581103,17100
1992-11-16,12.375000,12.375000,12.250000,12.333333,6.581103,4200
1992-11-17,12.333333,12.375000,12.291667,12.333333,6.581103,11400
1992-11-18,12.291667,12.291667,12.208333,12.250000,6.536635,11100
1992-11-19,12.333333,12.375000,12.250000,12.250000,6.536635,4800
1992-11-20,12.333333,12.458333,12.250000,12.458333,6.647802,10500
1992-11-23,12.375000,12.416667,12.333333,12.416667,6.625569,12300
1992-11-24,12.250000,12.333333,12.166667,12.208333,6.514401,51000
1992-11-25,12.250000,12.250000,12.166667,12.250000,6.536635,17100
1992-11-27,12.250000,12.250000,12.208333,12.208333,6.514401,7500
1992-11-30,12.291667,12.375000,12.250000,12.375000,6.603336,37500
1992-12-01,12.333333,12.375000,12.250000,12.333333,6.581103,15000
1992-12-02,12.333333,12.333333,12.291667,12.291667,6.558870,15300
1992-12-03,12.250000,12.250000,12.166667,12.250000,6.536635,32100
1992-12-04,12.291667,12.291667,12.250000,12.291667,6.558870,8100
1992-12-07,12.333333,12.625000,12.333333,12.625000,6.736735,39300
1992-12-08,12.625000,12.750000,12.583333,12.583333,6.714503,133500
1992-12-09,12.583333,12.583333,12.458333,12.583333,6.714503,15300
1992-12-10,12.541667,12.541667,12.416667,12.416667,6.625569,10200
1992-12-11,12.541667,12.541667,12.375000,12.375000,6.603336,13800
1992-12-14,12.416667,12.416667,12.333333,12.375000,6.603336,3000
1992-12-15,12.250000,12.333333,12.250000,12.291667,6.558870,33300
1992-12-16,12.375000,12.458333,12.333333,12.416667,6.625569,15900
1992-12-17,12.458333,12.458333,12.458333,12.458333,6.656740,18600
1992-12-18,12.458333,12.500000,12.375000,12.500000,6.679003,17700
1992-12-21,12.500000,12.583333,12.500000,12.500000,6.679003,30900
1992-12-22,12.500000,12.500000,12.458333,12.500000,6.679003,32400
1992-12-23,12.541667,12.750000,12.500000,12.750000,6.812583,57900
1992-12-24,12.666667,12.666667,12.666667,12.666667,6.768055,4500
1992-12-28,12.666667,12.666667,12.583333,12.666667,6.768055,6000
1992-12-29,12.625000,12.625000,12.541667,12.541667,6.701266,20400
1992-12-30,12.541667,12.583333,12.458333,12.583333,6.723529,6600
1992-12-31,12.625000,12.708333,12.625000,12.625000,6.745792,26100
1993-01-04,12.625000,12.708333,12.583333,12.583333,6.723529,7200
1993-01-05,12.583333,12.666667,12.500000,12.666667,6.768055,21900
1993-01-06,12.583333,12.750000,12.583333,12.750000,6.812583,79800
1993-01-07,12.750000,12.916667,12.750000,12.916667,6.901637,66000
1993-01-08,13.000000,13.000000,12.833333,12.833333,6.857110,31500
1993-01-11,12.916667,12.958333,12.875000,12.916667,6.901637,3600
1993-01-12,12.958333,12.958333,12.833333,12.833333,6.857110,4800
1993-01-13,12.875000,12.916667,12.750000,12.750000,6.812583,22500
1993-01-14,12.833333,12.833333,12.666667,12.666667,6.768055,11700
1993-01-15,12.750000,12.875000,12.666667,12.875000,6.879373,10800
1993-01-18,12.833333,12.916667,12.833333,12.833333,6.857110,9900
1993-01-19,12.916667,12.916667,12.833333,12.833333,6.857110,9600
1993-01-20,12.916667,13.000000,12.833333,12.958333,6.923899,20100
1993-01-21,12.875000,13.000000,12.875000,12.958333,6.923899,21900
1993-01-22,13.000000,13.000000,12.875000,12.916667,6.901637,4500
1993-01-25,12.958333,12.958333,12.875000,12.958333,6.923899,2700
1993-01-26,12.875000,12.916667,12.875000,12.916667,6.901637,8100
1993-01-27,12.958333,12.958333,12.875000,12.875000,6.879373,15300
1993-01-28,12.791667,12.833333,12.750000,12.791667,6.834848,13500
1993-01-29,12.833333,12.833333,12.791667,12.791667,6.834848,14700
1993-02-01,12.750000,12.791667,12.750000,12.750000,6.812583,36900
1993-02-02,12.750000,12.750000,12.708333,12.708333,6.790320,3300
1993-02-03,12.666667,12.708333,12.625000,12.625000,6.745792,129600
1993-02-04,12.666667,13.166667,12.625000,13.166667,7.035216,169200
1993-02-05,13.083333,13.083333,12.875000,12.916667,6.901637,39300
1993-02-08,12.916667,12.916667,12.791667,12.875000,6.879373,20700
1993-02-09,12.875000,12.916667,12.791667,12.875000,6.879373,35700
1993-02-10,12.875000,12.875000,12.833333,12.875000,6.879373,34500
1993-02-11,12.875000,12.916667,12.833333,12.875000,6.879373,33600
1993-02-12,12.791667,12.833333,12.791667,12.791667,6.834848,40800
1993-02-16,12.833333,12.833333,12.583333,12.625000,6.745792,95700
1993-02-17,12.708333,12.750000,12.708333,12.750000,6.812583,6000
1993-02-18,12.708333,12.791667,12.666667,12.708333,6.790320,12000
1993-02-19,12.666667,12.791667,12.666667,12.791667,6.834848,31800
1993-02-22,12.875000,12.875000,12.750000,12.833333,6.857110,18300
1993-02-23,12.791667,13.041667,12.791667,13.000000,6.946163,54300
1993-02-24,13.041667,13.291667,13.041667,13.041667,6.968427,61500
1993-02-25,13.000000,13.000000,12.958333,12.958333,6.923899,6600
1993-02-26,13.000000,13.208333,12.958333,13.083333,6.990689,21000
1993-03-01,13.000000,13.000000,12.916667,12.958333,6.923899,12600
1993-03-02,12.916667,13.291667,12.916667,13.291667,7.102006,24600
1993-03-03,13.250000,13.416667,13.208333,13.333333,7.124268,19500
1993-03-04,13.333333,13.666667,13.333333,13.666667,7.302376,39000
1993-03-05,13.666667,13.916667,13.541667,13.791667,7.369166,46800
1993-03-08,13.875000,14.416667,13.875000,14.375000,7.680854,130800
1993-03-09,14.416667,14.583333,14.083333,14.500000,7.747642,99900
1993-03-10,14.416667,14.416667,14.208333,14.333333,7.658587,33900
1993-03-11,14.333333,14.333333,14.125000,14.166667,7.569537,31500
1993-03-12,14.166667,14.166667,13.958333,14.166667,7.569537,24600
1993-03-15,14.250000,14.458333,14.250000,14.458333,7.725378,65700
1993-03-16,14.416667,14.541667,14.416667,14.458333,7.725378,30600
1993-03-17,14.500000,14.541667,14.500000,14.541667,7.769905,9000
1993-03-18,14.458333,14.541667,14.458333,14.541667,7.778820,33300
1993-03-19,14.583333,14.666667,14.541667,14.583333,7.801114,33900
1993-03-22,14.583333,14.625000,14.541667,14.583333,7.801114,44400
1993-03-23,14.583333,14.833333,14.583333,14.833333,7.934846,72600
1993-03-24,14.833333,14.833333,14.333333,14.333333,7.667377,87300
1993-03-25,14.250000,14.250000,13.916667,14.083333,7.533648,37200
1993-03-26,14.083333,14.083333,13.916667,14.000000,7.489069,20400
1993-03-29,14.083333,14.083333,13.916667,13.916667,7.444489,3600
1993-03-30,13.958333,13.958333,13.666667,13.666667,7.310759,9600
1993-03-31,13.708333,13.791667,13.625000,13.708333,7.333045,18300
1993-04-01,13.750000,13.791667,13.666667,13.791667,7.377624,9600
1993-04-02,13.875000,13.875000,13.750000,13.875000,7.422202,8700
1993-04-05,13.791667,13.791667,13.625000,13.708333,7.333045,34800
1993-04-06,13.750000,13.750000,13.583333,13.666667,7.310759,15900
1993-04-07,13.666667,13.666667,13.541667,13.541667,7.243890,6000
1993-04-08,13.541667,13.541667,13.333333,13.333333,7.132445,12900
1993-04-12,13.333333,13.500000,13.333333,13.500000,7.221601,27300
1993-04-13,13.500000,13.500000,13.333333,13.333333,7.132445,10200
1993-04-14,13.416667,13.416667,13.250000,13.291667,7.110158,6300
1993-04-15,13.291667,13.333333,13.166667,13.166667,7.043291,29700
1993-04-16,13.291667,13.291667,13.166667,13.250000,7.087868,19800
1993-04-19,13.166667,13.166667,13.166667,13.166667,7.043291,3000
1993-04-20,13.166667,13.208333,13.125000,13.125000,7.021002,9000
1993-04-21,13.041667,13.125000,12.916667,13.125000,7.021002,37500
1993-04-22,13.083333,13.208333,13.083333,13.125000,7.021002,13200
1993-04-23,13.125000,13.125000,12.833333,12.916667,6.909558,28800
1993-04-26,12.958333,13.041667,12.916667,13.000000,6.954134,36300
1993-04-27,12.916667,13.041667,12.916667,13.000000,6.954134,15900
1993-04-28,12.916667,13.083333,12.916667,13.000000,6.954134,19200
1993-04-29,13.000000,13.083333,13.000000,13.000000,6.954134,49200
1993-04-30,13.000000,13.125000,13.000000,13.125000,7.021002,24900
1993-05-03,13.208333,13.208333,13.166667,13.166667,7.043291,13800
1993-05-04,13.166667,13.333333,13.166667,13.250000,7.087868,18600
1993-05-05,13.208333,13.291667,13.208333,13.208333,7.065579,20700
1993-05-06,13.250000,13.250000,13.166667,13.166667,7.043291,22500
1993-05-07,13.208333,13.208333,13.125000,13.125000,7.021002,6000
1993-05-10,13.125000,13.125000,12.958333,13.000000,6.954134,37800
1993-05-11,13.000000,13.000000,12.958333,12.958333,6.931845,8100
1993-05-12,13.000000,13.000000,12.958333,13.000000,6.954134,20100
1993-05-13,12.958333,12.958333,12.916667,12.916667,6.909558,12600
1993-05-14,12.958333,13.000000,12.958333,13.000000,6.954134,7500
1993-05-17,12.958333,13.000000,12.958333,13.000000,6.954134,3300
1993-05-18,13.000000,13.000000,13.000000,13.000000,6.954134,3600
1993-05-19,13.000000,13.000000,13.000000,13.000000,6.954134,5700
1993-05-20,13.000000,13.041667,12.958333,13.000000,6.954134,28800
1993-05-21,13.000000,13.041667,12.958333,13.041667,6.976424,11100
1993-05-24,13.000000,13.000000,12.958333,12.958333,6.931845,9300
1993-05-25,12.916667,13.000000,12.916667,13.000000,6.954134,54600
1993-05-26,13.000000,13.041667,12.916667,13.041667,6.976424,26700
1993-05-27,13.041667,13.166667,12.958333,13.125000,7.021002,53100
1993-05-28,13.083333,13.083333,13.000000,13.000000,6.954134,5400
1993-06-01,13.041667,13.041667,12.958333,13.000000,6.954134,7800
1993-06-02,12.916667,12.958333,12.875000,12.916667,6.909558,9600
1993-06-03,12.875000,13.083333,12.875000,13.083333,6.998712,12900
1993-06-04,13.000000,13.000000,12.958333,13.000000,6.954134,5700
1993-06-07,12.916667,13.000000,12.916667,13.000000,6.954134,7200
1993-06-08,13.000000,13.000000,12.958333,13.000000,6.954134,6900
1993-06-09,12.958333,13.000000,12.916667,12.958333,6.931845,6000
1993-06-10,12.916667,12.958333,12.875000,12.875000,6.887269,19500
1993-06-11,12.875000,12.958333,12.875000,12.916667,6.909558,1800
1993-06-14,12.958333,13.000000,12.958333,12.958333,6.931845,9000
1993-06-15,12.916667,13.000000,12.916667,13.000000,6.954134,18000
1993-06-16,13.000000,13.083333,13.000000,13.000000,6.954134,7800
1993-06-17,12.958333,13.000000,12.916667,12.958333,6.931845,12000
1993-06-18,13.000000,13.000000,12.958333,12.958333,6.940774,18000
1993-06-21,12.958333,13.083333,12.958333,13.083333,7.007728,8700
1993-06-22,13.041667,13.125000,13.041667,13.083333,7.007728,9000
1993-06-23,13.125000,13.125000,12.958333,13.000000,6.963092,22800
1993-06-24,12.916667,12.958333,12.916667,12.958333,6.940774,10800
1993-06-25,12.958333,12.958333,12.916667,12.958333,6.940774,4200
1993-06-28,13.000000,13.041667,13.000000,13.041667,6.985410,33300
1993-06-29,13.083333,13.208333,13.000000,13.166667,7.052364,85500
1993-06-30,13.250000,13.291667,13.166667,13.250000,7.096997,54600
1993-07-01,13.166667,13.208333,13.083333,13.083333,7.007728,9300
1993-07-02,13.166667,13.208333,13.125000,13.208333,7.074681,21000
1993-07-06,13.250000,13.250000,13.208333,13.208333,7.074681,13500
1993-07-07,13.208333,13.375000,13.208333,13.375000,7.163950,43500
1993-07-08,13.291667,13.583333,13.291667,13.375000,7.163950,18300
1993-07-09,13.416667,13.416667,13.333333,13.333333,7.141631,14700
1993-07-12,13.375000,13.500000,13.333333,13.500000,7.230904,11700
1993-07-13,13.583333,14.083333,13.583333,13.833333,7.409444,54600
1993-07-14,13.750000,14.041667,13.750000,13.958333,7.476398,25800
1993-07-15,14.041667,14.083333,13.916667,14.000000,7.498715,21300
1993-07-16,14.083333,14.083333,13.916667,13.958333,7.476398,15600
1993-07-19,13.958333,14.083333,13.958333,14.041667,7.521036,20400
1993-07-20,14.125000,14.125000,13.958333,14.000000,7.498715,32100
1993-07-21,14.083333,14.083333,13.833333,13.833333,7.409444,25200
1993-07-22,13.833333,13.833333,13.666667,13.708333,7.342491,44400
1993-07-23,13.666667,13.666667,13.583333,13.583333,7.275538,5400
1993-07-26,13.625000,13.708333,13.625000,13.666667,7.320175,7800
1993-07-27,13.708333,13.708333,13.625000,13.666667,7.320175,7200
1993-07-28,13.666667,14.458333,13.583333,14.458333,7.744211,78300
1993-07-29,14.458333,14.458333,14.125000,14.250000,7.632621,61800
1993-07-30,14.166667,14.500000,14.166667,14.375000,7.699575,49800
1993-08-02,14.416667,14.500000,14.333333,14.500000,7.766524,19500
1993-08-03,14.500000,14.500000,14.375000,14.458333,7.744211,4200
1993-08-04,14.458333,14.583333,14.375000,14.583333,7.811162,9600
1993-08-05,14.541667,14.625000,14.500000,14.500000,7.766524,15600
1993-08-06,14.583333,14.666667,14.583333,14.666667,7.855798,16200
1993-08-09,14.666667,14.666667,14.208333,14.208333,7.610302,36300
1993-08-10,14.291667,14.375000,14.250000,14.333333,7.677255,9900
1993-08-11,14.375000,14.375000,14.041667,14.041667,7.521036,27900
1993-08-12,13.916667,14.000000,13.750000,13.750000,7.364809,45900
1993-08-13,13.750000,14.000000,13.666667,14.000000,7.498715,15000
1993-08-16,13.958333,14.250000,13.875000,14.208333,7.610302,23700
1993-08-17,14.250000,14.333333,14.166667,14.250000,7.632621,9300
1993-08-18,14.333333,14.625000,14.333333,14.458333,7.744211,34500
1993-08-19,14.416667,14.416667,14.250000,14.250000,7.632621,11400
1993-08-20,14.375000,15.333333,14.375000,15.333333,8.212880,162000
1993-08-23,15.583333,18.333334,15.583333,16.625000,8.904722,963000
1993-08-24,16.833334,17.041666,16.625000,16.666666,8.927042,405600
1993-08-25,16.750000,16.750000,16.041666,16.458334,8.815454,159000
1993-08-26,16.375000,16.500000,15.958333,16.500000,8.837770,143700
1993-08-27,16.500000,16.916666,16.500000,16.916666,9.060948,36900
1993-08-30,16.916666,17.333334,16.916666,17.208334,9.217169,151200
1993-08-31,17.291666,17.333334,17.208334,17.291666,9.261803,107100
1993-09-01,17.291666,17.291666,17.166666,17.291666,9.261803,45900
1993-09-02,17.208334,17.625000,17.208334,17.583334,9.418028,143400
1993-09-03,17.583334,17.583334,17.375000,17.500000,9.373393,23400
1993-09-07,17.416666,17.500000,16.750000,16.833334,9.016309,56400
1993-09-08,16.750000,16.750000,15.833333,16.000000,8.569963,82500
1993-09-09,16.000000,16.333334,15.833333,16.333334,8.757627,49200
1993-09-10,16.416666,16.625000,16.416666,16.500000,8.846991,70200
1993-09-13,16.458334,16.458334,16.250000,16.250000,8.712943,63000
1993-09-14,16.250000,16.250000,16.000000,16.041666,8.601239,19800
1993-09-15,15.958333,16.041666,15.833333,15.833333,8.489533,29700
1993-09-16,15.916667,15.916667,15.708333,15.708333,8.422512,39600
1993-09-17,15.750000,15.958333,15.750000,15.875000,8.511875,63000
1993-09-20,15.791667,15.916667,15.750000,15.916667,8.534218,35400
1993-09-21,15.833333,15.958333,15.833333,15.958333,8.556557,14400
1993-09-22,15.875000,16.000000,15.833333,16.000000,8.578897,33900
1993-09-23,15.916667,16.000000,15.916667,15.958333,8.556557,25800
1993-09-24,16.000000,16.000000,15.875000,15.958333,8.556557,13800
1993-09-27,16.000000,16.083334,15.875000,15.875000,8.511875,28200
1993-09-28,15.833333,15.875000,15.625000,15.625000,8.377832,30000
1993-09-29,15.625000,15.625000,15.458333,15.458333,8.288465,36900
1993-09-30,15.416667,15.416667,15.291667,15.375000,8.243787,23100
1993-10-01,15.458333,15.500000,15.416667,15.458333,8.288465,14400
1993-10-04,15.416667,15.500000,15.291667,15.291667,8.199105,11700
1993-10-05,15.333333,15.416667,15.250000,15.375000,8.243787,43200
1993-10-06,15.416667,15.958333,15.416667,15.958333,8.556557,36000
1993-10-07,15.958333,16.250000,15.958333,16.250000,8.712943,48300
1993-10-08,16.250000,16.416666,16.250000,16.375000,8.779966,62400
1993-10-11,16.291666,16.291666,16.208334,16.208334,8.690603,12300
1993-10-12,16.250000,16.375000,16.250000,16.291666,8.735285,22500
1993-10-13,16.250000,16.416666,16.250000,16.291666,8.735285,23400
1993-10-14,16.291666,16.375000,16.250000,16.375000,8.779966,32700
1993-10-15,16.375000,16.500000,16.375000,16.458334,8.824649,18000
1993-10-18,16.375000,16.375000,16.291666,16.333334,8.757627,17700
1993-10-19,16.291666,16.458334,16.291666,16.291666,8.735285,14100
1993-10-20,16.291666,16.375000,16.208334,16.333334,8.757627,18300
1993-10-21,16.250000,16.333334,16.208334,16.291666,8.735285,17400
1993-10-22,16.291666,16.333334,16.250000,16.250000,8.712943,9600
1993-10-25,16.208334,16.333334,16.208334,16.333334,8.757627,5700
1993-10-26,16.416666,16.416666,16.416666,16.416666,8.802304,3600
1993-10-27,16.375000,16.416666,16.333334,16.416666,8.802304,20400
1993-10-28,16.333334,16.333334,16.166666,16.166666,8.668262,60600
1993-10-29,16.166666,16.416666,16.166666,16.416666,8.802304,12600
1993-11-01,16.333334,16.375000,16.291666,16.291666,8.735285,9300
1993-11-02,16.208334,16.291666,16.041666,16.250000,8.712943,24000
1993-11-03,16.375000,16.833334,16.333334,16.500000,8.846991,74700
1993-11-04,16.458334,16.458334,16.291666,16.291666,8.735285,16800
1993-11-05,16.291666,16.416666,16.250000,16.416666,8.802304,10500
1993-11-08,16.583334,16.875000,16.541666,16.791666,9.003377,56400
1993-11-09,16.833334,16.833334,16.750000,16.791666,9.003377,15000
1993-11-10,16.708334,17.166666,16.708334,17.125000,9.182101,25800
1993-11-11,17.125000,17.250000,17.083334,17.166666,9.204441,40800
1993-11-12,17.166666,17.708334,17.166666,17.625000,9.450194,30000
1993-11-15,17.666666,17.708334,17.333334,17.333334,9.293806,56400
1993-11-16,17.333334,17.333334,17.125000,17.208334,9.226784,14100
1993-11-17,17.250000,17.291666,17.166666,17.166666,9.204441,32400
1993-11-18,17.208334,17.208334,16.958334,17.000000,9.115080,25200
1993-11-19,17.000000,17.000000,16.625000,16.666666,8.936354,14400
1993-11-22,16.666666,16.666666,16.000000,16.250000,8.712943,31800
1993-11-23,16.333334,16.458334,16.333334,16.458334,8.824649,11100
1993-11-24,16.500000,16.916666,16.500000,16.833334,9.025716,17400
1993-11-26,16.916666,17.166666,16.916666,17.166666,9.204441,10200
1993-11-29,17.083334,17.458334,17.083334,17.375000,9.316150,19200
1993-11-30,17.333334,17.458334,17.333334,17.333334,9.293806,21600
1993-12-01,17.333334,17.833334,17.333334,17.750000,9.517220,53100
1993-12-02,17.791666,17.833334,17.791666,17.833334,9.561895,10800
1993-12-03,17.875000,18.000000,17.791666,17.833334,9.561895,58200
1993-12-06,17.916666,17.958334,17.833334,17.958334,9.628922,7500
1993-12-07,17.875000,17.875000,17.541666,17.583334,9.427855,29700
1993-12-08,17.583334,17.750000,17.583334,17.666666,9.472534,19500
1993-12-09,17.583334,17.666666,17.500000,17.541666,9.414394,15600
1993-12-10,17.625000,17.708334,17.541666,17.666666,9.481480,20100
1993-12-13,17.583334,17.625000,17.583334,17.583334,9.436758,15900
1993-12-14,17.666666,17.708334,17.416666,17.416666,9.347312,49200
1993-12-15,17.333334,17.333334,17.000000,17.083334,9.168414,13800
1993-12-16,17.041666,17.125000,16.916666,17.125000,9.190776,13800
1993-12-17,17.166666,17.291666,17.166666,17.250000,9.257864,15600
1993-12-20,17.250000,17.250000,17.000000,17.000000,9.123686,8400
1993-12-21,17.041666,17.041666,16.916666,16.916666,9.078963,12300
1993-12-22,16.875000,16.916666,16.750000,16.750000,8.989513,7200
1993-12-23,16.750000,16.750000,16.583334,16.583334,8.900070,10500
1993-12-27,16.500000,16.750000,16.458334,16.750000,8.989513,9900
1993-12-28,16.750000,16.791666,16.708334,16.708334,8.967155,4800
1993-12-29,16.583334,16.625000,16.541666,16.625000,8.922431,11400
1993-12-30,16.708334,16.916666,16.583334,16.791666,9.011877,30000
1993-12-31,16.875000,17.000000,16.791666,16.875000,9.056606,31200
1994-01-03,16.875000,16.875000,16.750000,16.833334,9.034239,10800
1994-01-04,16.833334,17.125000,16.833334,17.000000,9.123686,31800
1994-01-05,17.083334,17.291666,17.083334,17.208334,9.235500,17400
1994-01-06,17.208334,17.291666,17.208334,17.208334,9.235500,11400
1994-01-07,17.208334,17.541666,17.208334,17.541666,9.414394,15900
1994-01-10,17.625000,17.750000,17.500000,17.541666,9.414394,39300
1994-01-11,17.541666,17.750000,17.541666,17.750000,9.526209,24900
1994-01-12,17.791666,17.791666,17.583334,17.666666,9.481480,15000
1994-01-13,17.750000,17.958334,17.625000,17.916666,9.615652,25200
1994-01-14,17.958334,18.500000,17.958334,18.333334,9.839274,91800
1994-01-17,18.291666,18.291666,18.083334,18.083334,9.705099,13800
1994-01-18,18.125000,18.333334,18.125000,18.250000,9.794548,34500
1994-01-19,18.166666,18.166666,17.875000,17.875000,9.593293,29400
1994-01-20,17.666666,17.791666,17.666666,17.791666,9.548567,30600
1994-01-21,17.708334,17.708334,17.375000,17.500000,9.392032,13200
1994-01-24,17.416666,17.500000,17.416666,17.500000,9.392032,18000
1994-01-25,17.583334,17.583334,17.333334,17.458334,9.369667,16800
1994-01-26,17.416666,17.458334,17.416666,17.458334,9.369667,51300
1994-01-27,17.500000,17.625000,17.500000,17.500000,9.392032,15000
1994-01-28,17.500000,17.583334,17.458334,17.541666,9.414394,36000
1994-01-31,17.625000,18.291666,17.541666,18.291666,9.816914,33900
1994-02-01,18.458334,18.458334,18.208334,18.291666,9.816914,24600
1994-02-02,18.375000,18.375000,18.250000,18.250000,9.794548,71400
1994-02-03,18.333334,18.333334,18.041666,18.333334,9.839274,34500
1994-02-04,18.375000,18.416666,17.875000,17.875000,9.593293,36000
1994-02-07,17.583334,17.958334,17.500000,17.916666,9.615652,30300
1994-02-08,17.875000,18.041666,17.875000,18.041666,9.682738,16200
1994-02-09,18.083334,18.208334,18.083334,18.083334,9.705099,12900
1994-02-10,18.250000,18.333334,18.125000,18.166666,9.749821,14700
1994-02-11,18.208334,18.208334,18.125000,18.166666,9.749821,4800
1994-02-14,18.083334,18.166666,18.083334,18.166666,9.749821,2700
1994-02-15,18.208334,18.208334,18.000000,18.083334,9.705099,9300
1994-02-16,18.000000,18.000000,17.916666,17.958334,9.638013,9900
1994-02-17,18.041666,18.166666,18.041666,18.125000,9.727464,13200
1994-02-18,18.125000,18.125000,18.125000,18.125000,9.727464,13200
1994-02-22,18.125000,18.166666,18.041666,18.083334,9.705099,13200
1994-02-23,18.083334,18.166666,18.083334,18.166666,9.749821,2400
1994-02-24,18.083334,18.125000,17.916666,18.000000,9.660374,48600
1994-02-25,18.083334,18.083334,17.916666,17.958334,9.638013,21600
1994-02-28,17.875000,17.875000,17.833334,17.875000,9.593293,4200
1994-03-01,17.958334,17.958334,17.791666,17.833334,9.570927,25800
1994-03-02,17.750000,17.750000,17.583334,17.583334,9.436758,7500
1994-03-03,17.625000,17.625000,17.500000,17.541666,9.414394,6300
1994-03-04,17.541666,17.666666,17.541666,17.625000,9.459118,7200
1994-03-07,17.791666,17.916666,17.791666,17.791666,9.548567,21600
1994-03-08,17.750000,17.750000,17.541666,17.666666,9.481480,18900
1994-03-09,17.666666,17.666666,17.458334,17.458334,9.369667,32400
1994-03-10,17.541666,17.541666,17.333334,17.416666,9.347312,6300
1994-03-11,17.416666,17.541666,17.416666,17.541666,9.414394,6300
1994-03-14,17.625000,17.875000,17.625000,17.875000,9.593293,27900
1994-03-15,17.916666,18.166666,17.875000,18.166666,9.749821,42000
1994-03-16,18.250000,19.000000,18.250000,19.000000,10.197066,101100
1994-03-17,19.083334,19.166666,18.583334,19.000000,10.197066,48900
1994-03-18,19.291666,19.333334,19.000000,19.166666,10.295542,46200
1994-03-21,19.208334,19.208334,19.000000,19.041666,10.228401,63300
1994-03-22,19.000000,19.041666,18.916666,19.041666,10.228401,43800
1994-03-23,19.041666,19.083334,18.916666,19.083334,10.250782,69900
1994-03-24,19.083334,19.083334,18.916666,19.000000,10.206017,35700
1994-03-25,19.000000,19.000000,18.916666,19.000000,10.206017,21300
1994-03-28,19.000000,19.000000,18.958334,19.000000,10.206017,17400
1994-03-29,19.000000,19.000000,18.750000,18.791666,10.094110,30900
1994-03-30,18.708334,18.708334,18.208334,18.250000,9.803147,61500
1994-03-31,18.208334,18.291666,17.916666,18.000000,9.668859,42300
1994-04-04,17.958334,17.958334,17.500000,17.583334,9.445045,42600
1994-04-05,17.666666,18.125000,17.666666,18.125000,9.736007,33900
1994-04-06,18.041666,18.083334,18.000000,18.000000,9.668859,34500
1994-04-07,18.083334,18.083334,17.750000,17.791666,9.556951,83100
1994-04-08,17.875000,18.208334,17.875000,18.208334,9.780768,33000
1994-04-11,18.250000,18.250000,18.041666,18.125000,9.736007,34200
1994-04-12,18.166666,18.166666,17.916666,18.000000,9.668859,19800
1994-04-13,18.041666,18.041666,17.666666,17.750000,9.534570,7800
1994-04-14,17.750000,17.791666,17.708334,17.791666,9.556951,20400
1994-04-15,17.875000,18.708334,17.875000,18.708334,10.049345,46200
1994-04-18,18.708334,18.916666,18.583334,18.625000,10.004583,36900
1994-04-19,18.541666,18.541666,18.416666,18.458334,9.915057,3600
1994-04-20,18.458334,18.458334,18.291666,18.291666,9.825531,17700
1994-04-21,18.375000,18.416666,18.291666,18.416666,9.892673,20700
1994-04-22,18.416666,18.500000,18.333334,18.500000,9.937442,28500
1994-04-25,18.583334,18.791666,18.583334,18.791666,10.094110,16800
1994-04-26,18.916666,18.958334,18.750000,18.875000,10.138876,23700
1994-04-28,18.958334,18.958334,18.750000,18.791666,10.094110,17100
1994-04-29,18.708334,18.791666,18.625000,18.791666,10.094110,14100
1994-05-02,18.708334,18.708334,18.583334,18.583334,9.982203,11400
1994-05-03,18.583334,18.833334,18.583334,18.833334,10.116492,9000
1994-05-04,18.833334,18.958334,18.833334,18.958334,10.183640,11400
1994-05-05,18.958334,18.958334,18.791666,18.791666,10.094110,12900
1994-05-06,18.875000,18.958334,18.708334,18.916666,10.161254,19200
1994-05-09,18.916666,18.916666,18.708334,18.708334,10.049345,5700
1994-05-10,18.666666,18.958334,18.562500,18.833334,10.116492,22800
1994-05-11,18.750000,18.750000,18.333334,18.375000,9.870292,24600
1994-05-12,18.291666,18.291666,18.083334,18.250000,9.803147,18900
1994-05-13,18.166666,18.250000,18.083334,18.083334,9.713624,8100
1994-05-16,18.125000,18.166666,18.000000,18.125000,9.736007,12300
1994-05-17,18.208334,18.208334,17.666666,18.208334,9.780768,37500
1994-05-18,18.125000,18.416666,18.083334,18.416666,9.892673,23100
1994-05-19,18.416666,18.500000,18.333334,18.500000,9.937442,10500
1994-05-20,18.416666,18.458334,18.416666,18.416666,9.892673,2700
1994-05-23,18.333334,18.416666,18.291666,18.416666,9.892673,5100
1994-05-24,18.333334,18.333334,18.250000,18.250000,9.803147,9000
1994-05-25,18.250000,18.291666,18.166666,18.208334,9.780768,10200
1994-05-26,18.250000,18.625000,18.125000,18.625000,10.004583,40500
1994-05-27,18.666666,18.916666,18.666666,18.916666,10.161254,12000
1994-05-31,18.833334,19.000000,18.666666,18.666666,10.026963,28200
1994-06-01,18.750000,18.916666,18.750000,18.833334,10.116492,18300
1994-06-02,18.791666,18.791666,18.708334,18.708334,10.049345,10500
1994-06-03,18.750000,18.791666,18.666666,18.791666,10.094110,5100
1994-06-06,18.708334,18.750000,18.708334,18.750000,10.071731,3000
1994-06-07,18.708334,18.708334,18.500000,18.541666,9.959823,10800
1994-06-08,18.625000,18.625000,18.458334,18.541666,9.959823,5100
1994-06-09,18.500000,18.625000,18.500000,18.625000,10.004583,6300
1994-06-10,18.541666,18.541666,18.458334,18.500000,9.937442,5100
1994-06-13,18.541666,18.750000,18.541666,18.750000,10.071731,10800
1994-06-14,18.750000,18.875000,18.750000,18.875000,10.138876,13500
1994-06-15,18.875000,18.875000,18.583334,18.625000,10.004583,24300
1994-06-16,18.666666,18.666666,18.500000,18.500000,9.937442,8700
1994-06-17,18.541666,18.541666,18.166666,18.166666,9.758384,10800
1994-06-20,18.125000,18.125000,18.000000,18.000000,9.677741,4800
1994-06-21,18.083334,18.083334,17.708334,17.708334,9.520927,10800
1994-06-22,17.666666,17.750000,17.625000,17.625000,9.476119,27000
1994-06-23,17.666666,17.750000,17.666666,17.708334,9.520927,8700
1994-06-24,17.791666,17.791666,17.666666,17.750000,9.543325,9300
1994-06-27,17.625000,17.666666,17.250000,17.416666,9.364111,24900
1994-06-28,17.333334,17.333334,16.750000,17.000000,9.140086,37200
1994-06-29,16.916666,16.958334,16.458334,16.541666,8.893664,36900
1994-06-30,16.375000,16.583334,16.375000,16.583334,8.916065,26700
1994-07-01,16.458334,16.541666,16.416666,16.500000,8.871261,7800
1994-07-05,16.583334,16.625000,16.541666,16.541666,8.893664,5100
1994-07-06,16.625000,16.666666,16.583334,16.583334,8.916065,3900
1994-07-07,16.666666,16.958334,16.666666,16.916666,9.095282,28800
1994-07-08,16.958334,17.791666,16.958334,17.708334,9.520927,43800
1994-07-11,17.708334,18.041666,17.708334,17.958334,9.655339,26100
1994-07-12,17.958334,18.958334,17.958334,18.958334,10.192990,40800
1994-07-13,18.958334,18.958334,18.541666,18.541666,9.968964,19200
1994-07-14,18.458334,19.000000,18.416666,18.916666,10.170585,32100
1994-07-15,18.916666,20.083334,18.916666,20.000000,10.753041,44700
1994-07-18,19.916666,20.333334,19.541666,20.083334,10.797853,73500
1994-07-19,20.000000,20.083334,19.583334,19.625000,10.551426,70500
1994-07-20,19.583334,19.666666,19.416666,19.500000,10.484219,74100
1994-07-21,19.583334,20.333334,19.583334,19.958334,10.730642,48000
1994-07-22,20.166666,20.333334,19.875000,19.958334,10.730642,47400
1994-07-25,20.125000,20.833334,20.125000,20.583334,11.066679,67800
1994-07-26,20.666666,20.791666,20.416666,20.500000,11.021871,38400
1994-07-27,20.500000,20.500000,20.125000,20.166666,10.842651,42900
1994-07-28,20.083334,20.083334,19.583334,19.708334,10.596231,36000
1994-07-29,19.708334,19.708334,19.333334,19.333334,10.394611,53100
1994-08-01,19.375000,19.416666,19.250000,19.250000,10.349805,23100
1994-08-02,19.250000,19.833334,19.250000,19.791666,10.641035,49800
1994-08-03,19.833334,19.875000,19.750000,19.833334,10.663438,20400
1994-08-04,19.916666,20.000000,19.625000,19.625000,10.551426,47700
1994-08-05,19.666666,19.666666,19.500000,19.583334,10.529023,6600
1994-08-08,19.625000,19.750000,19.541666,19.708334,10.596231,16800
1994-08-09,19.750000,19.750000,19.583334,19.750000,10.618630,24900
1994-08-10,19.708334,19.875000,19.708334,19.833334,10.663438,12300
1994-08-11,19.750000,19.958334,19.666666,19.791666,10.641035,19200
1994-08-12,19.875000,20.125000,19.875000,20.041666,10.775446,22200
1994-08-15,20.041666,20.125000,20.000000,20.083334,10.797853,10200
1994-08-16,20.083334,20.166666,19.916666,20.166666,10.842651,25800
1994-08-17,20.125000,20.291666,20.083334,20.291666,10.909860,11100
1994-08-18,20.208334,20.208334,20.083334,20.083334,10.797853,6900
1994-08-19,20.166666,20.166666,20.083334,20.166666,10.842651,3300
1994-08-22,20.250000,20.333334,20.166666,20.291666,10.909860,9600
1994-08-23,20.375000,20.833334,20.333334,20.333334,10.932262,28800
1994-08-24,20.416666,20.791666,20.416666,20.791666,11.178687,28500
1994-08-25,20.708334,20.875000,20.333334,20.375000,10.954666,45300
1994-08-26,20.416666,20.416666,19.833334,19.916666,10.708236,65700
1994-08-29,19.958334,20.125000,19.958334,20.125000,10.820250,16200
1994-08-30,20.125000,20.250000,20.125000,20.208334,10.865056,14400
1994-08-31,20.208334,20.291666,20.166666,20.208334,10.865056,20400
1994-09-01,20.291666,20.291666,20.166666,20.166666,10.842651,11100
1994-09-02,20.208334,20.250000,20.083334,20.208334,10.865056,10200
1994-09-06,20.125000,20.166666,20.083334,20.166666,10.842651,4500
1994-09-07,20.125000,20.125000,19.875000,19.916666,10.708236,17700
1994-09-08,19.958334,20.125000,19.916666,19.958334,10.730642,29100
1994-09-09,19.833334,19.916666,19.708334,19.708334,10.596231,14400
1994-09-12,19.500000,19.625000,19.500000,19.583334,10.537937,33000
1994-09-13,19.541666,19.750000,19.541666,19.666666,10.582778,25500
1994-09-14,19.666666,19.666666,19.583334,19.625000,10.560357,4800
1994-09-15,19.541666,19.625000,19.541666,19.583334,10.537937,19200
1994-09-16,19.583334,19.625000,19.500000,19.541666,10.515515,11400
1994-09-19,19.625000,19.625000,19.250000,19.416666,10.448249,30300
1994-09-20,19.333334,19.416666,19.333334,19.416666,10.448249,12600
1994-09-21,19.458334,19.458334,19.250000,19.250000,10.358568,6300
1994-09-22,19.166666,19.208334,19.000000,19.000000,10.224040,12600
1994-09-23,19.083334,19.125000,19.000000,19.125000,10.291306,17700
1994-09-26,19.125000,19.166666,19.125000,19.166666,10.313722,8700
1994-09-27,19.083334,19.125000,18.958334,19.000000,10.224040,11400
1994-09-28,19.000000,19.000000,18.875000,18.875000,10.156776,9900
1994-09-29,18.833334,18.833334,18.625000,18.666666,10.044672,13200
1994-09-30,18.666666,19.083334,18.500000,19.000000,10.224040,20100
1994-10-03,19.083334,19.083334,18.708334,18.750000,10.089517,8100
1994-10-04,18.750000,18.875000,18.750000,18.750000,10.089517,4200
1994-10-05,18.666666,18.666666,18.250000,18.333334,9.865302,30600
1994-10-06,18.333334,18.500000,18.250000,18.500000,9.954988,11100
1994-10-07,18.541666,18.666666,18.500000,18.666666,10.044672,17100
1994-10-10,18.666666,18.875000,18.666666,18.875000,10.156776,34200
1994-10-11,18.791666,19.166666,18.666666,19.166666,10.313722,32100
1994-10-12,19.250000,19.708334,19.250000,19.500000,10.493094,56400
1994-10-13,19.791666,20.041666,19.791666,19.916666,10.717301,54600
1994-10-14,20.166666,20.291666,20.000000,20.041666,10.784568,59100
1994-10-17,20.041666,20.041666,20.000000,20.041666,10.784568,5100
1994-10-18,19.958334,19.958334,19.666666,19.708334,10.605200,15900
1994-10-19,19.708334,19.708334,19.666666,19.666666,10.582778,18300
1994-10-20,19.583334,19.583334,19.500000,19.500000,10.493094,12900
1994-10-21,19.416666,19.458334,19.416666,19.458334,10.470671,8700
1994-10-24,19.458334,19.458334,19.333334,19.458334,10.470671,27000
1994-10-25,19.416666,19.416666,19.333334,19.375000,10.425834,4500
1994-10-26,19.291666,19.291666,19.083334,19.083334,10.268881,17400
1994-10-27,19.166666,19.166666,19.000000,19.166666,10.313722,13500
1994-10-28,19.083334,19.125000,18.958334,19.000000,10.224040,15600
1994-10-31,19.000000,19.166666,18.916666,18.916666,10.179195,80100
1994-11-01,18.875000,19.000000,18.666666,19.000000,10.224040,31500
1994-11-02,19.000000,19.041666,18.916666,18.916666,10.179195,60600
1994-11-03,18.916666,18.958334,18.750000,18.916666,10.179195,18900
1994-11-04,18.958334,19.000000,18.833334,18.833334,10.134356,28800
1994-11-07,18.833334,18.833334,18.750000,18.750000,10.089517,2400
1994-11-08,18.791666,18.791666,18.666666,18.666666,10.044672,6600
1994-11-09,18.750000,18.875000,18.750000,18.875000,10.156776,23700
1994-11-10,18.791666,18.791666,18.708334,18.708334,10.067089,2100
1994-11-11,18.791666,18.791666,18.583334,18.583334,9.999826,9300
1994-11-14,18.541666,18.708334,18.541666,18.666666,10.044672,7800
1994-11-15,18.750000,18.958334,18.666666,18.958334,10.201621,14700
1994-11-16,19.000000,20.000000,19.000000,20.000000,10.762144,71400
1994-11-17,20.000000,20.625000,19.833334,20.625000,11.098464,70500
1994-11-18,20.333334,20.583334,20.208334,20.416666,10.986359,59100
1994-11-21,20.375000,20.583334,20.375000,20.500000,11.031202,50700
1994-11-22,20.416666,20.416666,19.833334,19.875000,10.694881,42000
1994-11-23,19.791666,19.791666,19.125000,19.458334,10.470671,37800
1994-11-25,19.500000,19.583334,19.500000,19.583334,10.537937,9900
1994-11-28,19.500000,19.541666,19.416666,19.458334,10.470671,4800
1994-11-29,19.416666,19.416666,19.250000,19.250000,10.358568,7500
1994-11-30,19.333334,19.750000,19.291666,19.750000,10.627621,24900
1994-12-01,19.791666,20.250000,19.791666,20.000000,10.762144,29400
1994-12-02,19.833334,20.083334,19.750000,19.916666,10.717301,54300
1994-12-05,19.916666,19.916666,19.791666,19.791666,10.650043,8400
1994-12-06,19.750000,19.791666,19.750000,19.791666,10.650043,1500
1994-12-07,19.708334,19.833334,19.666666,19.666666,10.582778,10500
1994-12-08,19.666666,19.666666,19.583334,19.583334,10.537937,7200
1994-12-09,19.458334,19.541666,19.333334,19.333334,10.412273,16500
1994-12-12,19.333334,19.500000,19.250000,19.250000,10.367391,18900
1994-12-13,19.291666,19.333334,19.250000,19.333334,10.412273,13800
1994-12-14,19.250000,19.333334,19.166666,19.333334,10.412273,7500
1994-12-15,19.333334,19.333334,19.166666,19.333334,10.412273,24600
1994-12-16,19.375000,19.375000,19.041666,19.125000,10.300074,30300
1994-12-19,19.125000,19.125000,19.041666,19.041666,10.255192,4200
1994-12-20,19.083334,19.125000,19.083334,19.125000,10.300074,9900
1994-12-21,19.125000,19.125000,19.000000,19.000000,10.232752,10800
1994-12-22,18.916666,19.083334,18.750000,18.750000,10.098110,19800
1994-12-23,18.666666,18.666666,18.375000,18.375000,9.896150,13800
1994-12-27,18.458334,18.458334,18.250000,18.291666,9.851268,26400
1994-12-28,18.291666,18.375000,18.125000,18.125000,9.761504,25200
1994-12-29,18.125000,18.291666,18.125000,18.208334,9.806385,8100
1994-12-30,18.166666,18.208334,18.083334,18.083334,9.739067,21000
1995-01-03,18.041666,18.458334,17.791666,18.458334,9.941026,45000
1995-01-04,18.541666,18.583334,18.458334,18.583334,10.008345,8100
1995-01-05,18.750000,18.833334,18.666666,18.750000,10.098110,23100
1995-01-06,18.833334,18.833334,18.541666,18.541666,9.985908,52200
1995-01-09,18.541666,18.666666,18.458334,18.458334,9.941026,14100
1995-01-10,18.375000,18.375000,18.125000,18.208334,9.806385,22800
1995-01-11,18.125000,18.208334,17.958334,18.083334,9.739067,21600
1995-01-12,18.083334,18.125000,17.916666,17.916666,9.649306,30900
1995-01-13,18.000000,18.166666,17.750000,18.125000,9.761504,153000
1995-01-16,18.208334,18.291666,18.125000,18.208334,9.806385,52800
1995-01-17,18.291666,18.458334,18.208334,18.458334,9.941026,74400
1995-01-18,18.541666,18.916666,18.541666,18.916666,10.187869,81900
1995-01-19,18.916666,18.916666,18.666666,18.708334,10.075665,32100
1995-01-20,18.666666,18.708334,18.500000,18.708334,10.075665,20700
1995-01-23,18.625000,18.916666,18.416666,18.916666,10.187869,53700
1995-01-24,18.833334,19.166666,18.833334,19.125000,10.300074,33000
1995-01-25,19.083334,19.125000,18.916666,19.083334,10.277631,12000
1995-01-26,19.125000,19.208334,19.125000,19.208334,10.344953,21000
1995-01-27,19.208334,19.333334,19.208334,19.250000,10.367391,16200
1995-01-30,19.333334,19.333334,18.666666,18.666666,10.053229,23100
1995-01-31,18.750000,18.750000,18.625000,18.666666,10.053229,28200
1995-02-01,18.750000,18.875000,18.666666,18.875000,10.165431,16500
1995-02-02,18.791666,19.000000,18.791666,19.000000,10.232752,19500
1995-02-03,19.000000,19.333334,19.000000,19.333334,10.412273,27600
1995-02-06,19.333334,19.375000,19.166666,19.250000,10.367391,21000
1995-02-07,19.333334,19.916666,19.208334,19.833334,10.681556,51300
1995-02-08,19.875000,20.166666,19.750000,19.958334,10.748878,58500
1995-02-09,19.916666,20.083334,19.875000,20.000000,10.771317,25200
1995-02-10,20.000000,20.000000,19.875000,20.000000,10.771317,8400
1995-02-13,19.916666,19.958334,19.708334,19.958334,10.748878,23700
1995-02-14,19.958334,19.958334,19.666666,19.791666,10.659114,14700
1995-02-15,19.958334,20.000000,19.875000,19.916666,10.726431,34800
1995-02-16,19.958334,20.000000,19.916666,19.916666,10.726431,17100
1995-02-17,19.875000,19.875000,19.666666,19.750000,10.636673,13500
1995-02-21,19.708334,19.708334,19.666666,19.666666,10.591794,30600
1995-02-22,19.541666,19.666666,19.479166,19.583334,10.546914,25200
1995-02-23,19.625000,19.625000,19.541666,19.541666,10.524472,6900
1995-02-24,19.625000,19.666666,19.583334,19.583334,10.546914,10800
1995-02-27,19.625000,19.625000,19.458334,19.583334,10.546914,19500
1995-02-28,19.500000,19.916666,19.500000,19.833334,10.681556,26100
1995-03-01,21.416666,22.666666,21.375000,22.583334,12.162615,462600
1995-03-02,22.416666,22.666666,21.500000,21.750000,11.713809,257100
1995-03-03,21.666666,21.666666,21.333334,21.583334,11.624044,54900
1995-03-06,21.500000,21.583334,21.166666,21.500000,11.579166,49200
1995-03-07,21.500000,21.500000,20.833334,20.958334,11.287444,90900
1995-03-08,20.958334,20.958334,20.625000,20.875000,11.242557,70800
1995-03-09,20.875000,20.875000,20.666666,20.708334,11.152800,65700
1995-03-10,20.666666,20.666666,20.625000,20.625000,11.107922,24300
1995-03-13,20.625000,20.666666,20.500000,20.500000,11.040600,23100
1995-03-14,20.583334,20.583334,20.416666,20.500000,11.040600,41700
1995-03-15,20.500000,20.500000,20.500000,20.500000,11.040600,30000
1995-03-16,20.583334,20.666666,20.541666,20.666666,11.130362,58800
1995-03-17,20.666666,20.666666,20.583334,20.583334,11.085483,36900
1995-03-20,20.500000,20.666666,20.500000,20.583334,11.094466,81600
1995-03-21,20.541666,20.666666,20.541666,20.666666,11.139383,30600
1995-03-22,20.666666,20.666666,20.583334,20.583334,11.094466,7200
1995-03-23,20.666666,20.666666,20.583334,20.583334,11.094466,30300
1995-03-24,20.666666,20.666666,20.625000,20.666666,11.139383,51600
1995-03-27,20.666666,20.666666,20.541666,20.625000,11.116922,15600
1995-03-28,20.583334,20.625000,20.541666,20.541666,11.072008,19500
1995-03-29,20.541666,20.625000,20.500000,20.500000,11.049548,15600
1995-03-30,20.583334,20.625000,20.541666,20.625000,11.116922,69000
1995-03-31,20.583334,20.666666,20.583334,20.625000,11.116922,53400
1995-04-03,20.666666,20.833334,20.666666,20.833334,11.229217,79800
1995-04-04,20.875000,21.333334,20.875000,21.250000,11.453799,174600
1995-04-05,21.166666,21.333334,21.166666,21.250000,11.453799,15600
1995-04-06,21.250000,21.250000,21.000000,21.000000,11.319051,15900
1995-04-07,21.666666,22.083334,21.291666,21.291666,11.476256,179400
1995-04-10,21.375000,21.375000,21.000000,21.041666,11.341506,59700
1995-04-11,20.958334,21.041666,20.875000,20.875000,11.251670,28200
1995-04-12,20.875000,20.916666,20.750000,20.833334,11.229217,52200
1995-04-13,20.916666,21.000000,20.791666,20.833334,11.229217,10200
1995-04-17,20.750000,20.833334,20.333334,20.416666,11.004631,57000
1995-04-18,20.375000,20.375000,20.000000,20.208334,10.892342,43800
1995-04-19,20.250000,20.500000,20.208334,20.416666,11.004631,15300
1995-04-20,20.500000,20.708334,20.500000,20.625000,11.116922,14700
1995-04-21,20.541666,20.916666,20.500000,20.916666,11.274135,14400
1995-04-24,21.000000,21.000000,20.916666,20.916666,11.274135,36900
1995-04-25,20.916666,20.916666,20.541666,20.541666,11.072008,29100
1995-04-26,20.583334,20.583334,20.458334,20.541666,11.072008,33300
1995-04-27,20.583334,20.666666,20.541666,20.583334,11.094466,34500
1995-04-28,20.583334,20.791666,20.583334,20.750000,11.184298,31200
1995-05-01,20.750000,20.958334,20.750000,20.958334,11.296591,44700
1995-05-02,21.041666,21.083334,20.875000,21.083334,11.363967,31800
1995-05-03,21.166666,21.250000,21.083334,21.083334,11.363967,23100
1995-05-04,21.833334,22.000000,21.541666,21.625000,11.655927,165900
1995-05-05,21.541666,21.541666,21.250000,21.291666,11.476256,29400
1995-05-08,21.208334,21.250000,21.083334,21.250000,11.453799,25200
1995-05-09,21.333334,21.500000,21.250000,21.416666,11.543632,27300
1995-05-10,21.458334,21.625000,21.458334,21.625000,11.655927,13500
1995-05-11,21.708334,21.833334,21.666666,21.833334,11.768218,19800
1995-05-12,21.750000,21.750000,21.625000,21.625000,11.655927,11100
1995-05-15,21.541666,21.541666,21.416666,21.458334,11.566092,32400
1995-05-16,21.458334,21.458334,21.333334,21.458334,11.566092,13500
1995-05-17,21.416666,21.458334,21.416666,21.416666,11.543632,21000
1995-05-18,21.375000,21.375000,21.166666,21.166666,11.408886,20100
1995-05-19,21.166666,21.166666,21.083334,21.083334,11.363967,4200
1995-05-22,21.125000,21.125000,21.125000,21.125000,11.386422,2400
1995-05-23,21.125000,21.166666,21.083334,21.166666,11.408886,17100
1995-05-24,21.166666,21.416666,21.166666,21.208334,11.431339,27000
1995-05-25,21.166666,21.166666,21.125000,21.125000,11.386422,10500
1995-05-26,21.083334,21.125000,21.083334,21.125000,11.386422,6900
1995-05-30,21.166666,21.166666,21.041666,21.041666,11.341506,6600
1995-05-31,21.166666,21.166666,21.125000,21.125000,11.386422,3000
1995-06-01,21.125000,21.250000,21.083334,21.166666,11.408886,5400
1995-06-02,21.250000,21.250000,21.208334,21.208334,11.431339,30900
1995-06-05,21.208334,21.208334,21.041666,21.083334,11.363967,8100
1995-06-06,21.083334,21.125000,21.083334,21.125000,11.386422,18600
1995-06-07,21.125000,21.125000,21.041666,21.041666,11.341506,6900
1995-06-08,21.041666,21.041666,20.916666,20.916666,11.274135,18000
1995-06-09,21.000000,21.000000,20.833334,20.916666,11.274135,16500
1995-06-12,20.916666,21.250000,20.916666,21.083334,11.363967,28200
1995-06-13,21.166666,21.250000,21.125000,21.250000,11.453799,11700
1995-06-14,21.291666,21.416666,21.250000,21.333334,11.498716,5400
1995-06-15,21.416666,21.458334,21.416666,21.458334,11.566092,4200
1995-06-16,21.416666,21.458334,21.291666,21.458334,11.566092,17400
1995-06-19,21.375000,21.416666,21.333334,21.416666,11.543632,7800
1995-06-20,21.333334,21.333334,21.166666,21.166666,11.408886,18900
1995-06-21,21.208334,21.208334,21.083334,21.166666,11.417876,17400
1995-06-22,21.166666,21.250000,21.125000,21.250000,11.462828,18600
1995-06-23,21.000000,21.000000,20.833334,20.916666,11.283020,56100
1995-06-26,20.916666,21.166666,20.916666,21.125000,11.395398,25200
1995-06-27,21.041666,21.125000,21.041666,21.083334,11.372922,15900
1995-06-28,21.125000,21.125000,21.041666,21.125000,11.395398,12000
1995-06-29,21.166666,21.208334,21.125000,21.166666,11.417876,18300
1995-06-30,21.166666,21.250000,21.166666,21.166666,11.417876,19500
1995-07-03,21.083334,21.166666,21.083334,21.125000,11.395398,6600
1995-07-05,21.166666,21.291666,21.166666,21.291666,11.485303,6000
1995-07-06,21.208334,21.500000,21.208334,21.500000,11.597686,21900
1995-07-07,21.500000,21.500000,21.250000,21.250000,11.462828,46200
1995-07-10,21.166666,21.291666,21.166666,21.166666,11.417876,47700
1995-07-11,21.250000,21.250000,21.083334,21.208334,11.440351,12900
1995-07-12,21.333334,21.375000,21.250000,21.333334,11.507779,26700
1995-07-13,21.333334,21.416666,21.250000,21.291666,11.485303,24300
1995-07-14,21.333334,21.333334,21.125000,21.125000,11.395398,15000
1995-07-17,21.125000,21.333334,21.125000,21.291666,11.485303,36300
1995-07-18,21.208334,21.333334,21.208334,21.333334,11.507779,10800
1995-07-19,21.333334,21.333334,20.958334,21.041666,11.350447,23400
1995-07-20,21.000000,21.083334,20.875000,21.000000,11.327973,13200
1995-07-21,21.041666,21.041666,20.916666,20.958334,11.305494,3000
1995-07-24,21.000000,21.000000,20.791666,20.833334,11.238068,19500
1995-07-25,20.875000,20.875000,20.708334,20.833334,11.238068,10800
1995-07-26,20.750000,20.875000,20.750000,20.750000,11.193115,35100
1995-07-27,20.750000,20.750000,20.625000,20.708334,11.170639,12300
1995-07-28,20.708334,20.708334,20.541666,20.625000,11.125688,22800
1995-07-31,20.541666,20.583334,20.458334,20.500000,11.058257,18900
1995-08-01,20.500000,20.541666,20.333334,20.375000,10.990830,31800
1995-08-02,20.375000,20.375000,20.166666,20.291666,10.945876,39900
1995-08-03,20.208334,20.291666,20.000000,20.000000,10.788544,20400
1995-08-04,20.083334,20.583334,20.041666,20.458334,11.035780,34800
1995-08-07,20.625000,20.666666,20.625000,20.666666,11.148163,32100
1995-08-08,20.583334,20.583334,20.375000,20.375000,10.990830,22800
1995-08-09,20.375000,20.500000,20.250000,20.250000,10.923402,15000
1995-08-10,20.250000,20.416666,20.166666,20.375000,10.990830,13800
1995-08-11,20.375000,20.375000,20.083334,20.083334,10.833498,9900
1995-08-14,20.125000,20.291666,20.125000,20.208334,10.900926,12900
1995-08-15,20.375000,20.375000,20.208334,20.291666,10.945876,48600
1995-08-16,20.333334,20.458334,20.250000,20.250000,10.923402,17100
1995-08-17,20.208334,20.791666,20.208334,20.708334,11.170639,48600
1995-08-18,20.750000,21.083334,20.750000,20.916666,11.283020,42900
1995-08-21,21.000000,21.291666,21.000000,21.166666,11.417876,36300
1995-08-22,21.166666,21.166666,21.000000,21.083334,11.372922,12600
1995-08-23,21.166666,21.250000,21.041666,21.166666,11.417876,32400
1995-08-24,21.208334,21.208334,21.041666,21.041666,11.350447,9300
1995-08-25,21.041666,21.125000,20.916666,21.000000,11.327973,12900
1995-08-28,21.000000,21.041666,20.708334,20.708334,11.170639,28800
1995-08-29,20.750000,20.791666,20.666666,20.708334,11.170639,7500
1995-08-30,20.625000,20.625000,20.250000,20.250000,10.923402,41400
1995-08-31,20.333334,20.416666,20.333334,20.416666,11.013304,27600
1995-09-01,20.458334,20.458334,20.333334,20.375000,10.990830,3600
1995-09-05,20.833334,20.958334,20.791666,20.916666,11.283020,83700
1995-09-06,20.750000,20.875000,20.666666,20.791666,11.215591,49800
1995-09-07,20.708334,20.875000,20.708334,20.833334,11.238068,10200
1995-09-08,20.875000,21.041666,20.875000,20.958334,11.305494,86100
1995-09-11,20.916666,20.916666,20.750000,20.791666,11.215591,45600
1995-09-12,20.708334,20.708334,20.458334,20.541666,11.080734,18300
1995-09-13,20.416666,20.625000,20.416666,20.541666,11.089734,35400
1995-09-14,20.541666,20.583334,20.458334,20.500000,11.067238,21300
1995-09-15,20.458334,20.791666,20.458334,20.791666,11.224700,18300
1995-09-18,20.791666,20.833334,20.541666,20.541666,11.089734,10800
1995-09-19,20.541666,20.750000,20.541666,20.625000,11.134724,32700
1995-09-20,20.625000,20.875000,20.625000,20.875000,11.269685,23400
1995-09-21,20.791666,21.000000,20.750000,21.000000,11.337173,55800
1995-09-22,20.916666,20.916666,20.833334,20.833334,11.247194,6300
1995-09-25,20.833334,20.833334,20.750000,20.750000,11.202206,5100
1995-09-26,20.833334,20.833334,20.750000,20.750000,11.202206,15300
1995-09-27,20.791666,20.916666,20.708334,20.708334,11.179710,40500
1995-09-28,20.791666,20.958334,20.708334,20.958334,11.314677,21600
1995-09-29,20.958334,21.208334,20.875000,21.208334,11.449642,32700
1995-10-02,21.208334,21.458334,20.916666,20.916666,11.292185,195300
1995-10-03,20.833334,20.875000,20.583334,20.625000,11.134724,29400
1995-10-04,20.583334,20.625000,20.583334,20.625000,11.134724,5700
1995-10-05,20.541666,20.541666,20.458334,20.541666,11.089734,22800
1995-10-06,20.458334,20.625000,20.416666,20.625000,11.134724,7800
1995-10-09,20.625000,20.625000,20.500000,20.500000,11.067238,6300
1995-10-10,20.541666,20.583334,20.500000,20.583334,11.112227,24600
1995-10-11,20.625000,20.750000,20.625000,20.625000,11.134724,66000
1995-10-12,20.666666,20.791666,20.666666,20.708334,11.179710,35700
1995-10-13,20.750000,20.916666,20.708334,20.916666,11.292185,33900
1995-10-16,21.000000,21.000000,20.791666,20.791666,11.224700,14700
1995-10-17,20.791666,20.875000,20.625000,20.625000,11.134724,15300
1995-10-18,20.708334,20.708334,20.458334,20.458334,11.044744,43800
1995-10-19,20.416666,20.541666,20.375000,20.375000,10.999757,8400
1995-10-20,20.458334,20.750000,20.458334,20.583334,11.112227,31200
1995-10-23,20.666666,20.708334,20.583334,20.708334,11.179710,18600
1995-10-24,20.708334,20.750000,20.625000,20.750000,11.202206,12300
1995-10-25,20.750000,20.750000,20.500000,20.500000,11.067238,18900
1995-10-26,20.416666,20.458334,20.375000,20.458334,11.044744,13500
1995-10-27,20.375000,20.458334,20.375000,20.416666,11.022249,5400
1995-10-30,20.375000,20.500000,20.375000,20.375000,10.999757,14400
1995-10-31,20.333334,20.416666,20.166666,20.208334,10.909779,66300
1995-11-01,20.166666,20.208334,20.083334,20.208334,10.909779,7200
1995-11-02,20.333334,20.416666,19.833334,19.833334,10.707330,44100
1995-11-03,19.750000,19.833334,18.666666,18.916666,10.212451,139500
1995-11-06,18.833334,18.916666,18.625000,18.708334,10.099979,115200
1995-11-07,18.666666,18.791666,18.416666,18.583334,10.032495,56100
1995-11-08,18.416666,18.458334,17.500000,18.000000,9.717574,177900
1995-11-09,18.000000,18.083334,17.875000,18.000000,9.717574,78900
1995-11-10,17.916666,18.458334,17.916666,18.250000,9.852541,349500
1995-11-13,18.041666,18.416666,17.916666,18.333334,9.897530,237000
1995-11-14,18.416666,18.833334,18.375000,18.666666,10.077486,329700
1995-11-15,18.666666,18.666666,18.416666,18.458334,9.965012,53400
1995-11-16,18.500000,18.666666,18.375000,18.375000,9.920025,105000
1995-11-17,18.458334,18.625000,18.458334,18.500000,9.987509,38100
1995-11-20,18.500000,18.666666,18.458334,18.500000,9.987509,46800
1995-11-21,18.666666,18.750000,18.583334,18.666666,10.077486,26700
1995-11-22,18.666666,18.666666,18.541666,18.541666,10.010000,19500
1995-11-24,18.541666,18.625000,18.541666,18.625000,10.054994,1800
1995-11-27,18.500000,18.625000,18.458334,18.458334,9.965012,109200
1995-11-28,18.500000,18.625000,18.458334,18.500000,9.987509,39600
1995-11-29,18.500000,18.625000,18.416666,18.625000,10.054994,50700
1995-11-30,18.541666,19.125000,18.458334,19.125000,10.324925,88200
1995-12-01,19.166666,19.250000,18.750000,18.833334,10.167463,46200
1995-12-04,18.833334,18.833334,18.666666,18.708334,10.099979,21300
1995-12-05,18.625000,18.625000,18.541666,18.625000,10.054994,29100
1995-12-06,18.666666,18.958334,18.666666,18.916666,10.212451,41100
1995-12-07,18.958334,19.250000,18.916666,19.125000,10.324925,46500
1995-12-08,19.208334,19.250000,19.125000,19.125000,10.324925,12000
1995-12-11,19.125000,19.125000,18.750000,18.750000,10.122477,20700
1995-12-12,18.666666,18.666666,18.291666,18.291666,9.875036,32700
1995-12-13,18.333334,18.458334,18.250000,18.250000,9.861528,30600
1995-12-14,18.416666,18.458334,18.250000,18.333334,9.906558,20700
1995-12-15,18.333334,18.375000,18.250000,18.333334,9.906558,19200
1995-12-18,18.250000,18.250000,17.833334,17.833334,9.636379,75000
1995-12-19,17.916666,18.416666,17.833334,18.416666,9.951590,55200
1995-12-20,18.375000,18.416666,18.208334,18.208334,9.839013,29700
1995-12-21,18.208334,18.250000,18.166666,18.166666,9.816495,17100
1995-12-22,18.208334,18.333334,18.166666,18.166666,9.816495,32400
1995-12-26,18.250000,18.625000,18.250000,18.458334,9.974102,28800
1995-12-27,18.416666,18.750000,18.416666,18.625000,10.064166,22800
1995-12-28,18.583334,18.625000,18.458334,18.500000,9.996619,37200
1995-12-29,18.583334,18.666666,18.333334,18.333334,9.906558,30000
1996-01-02,18.416666,18.916666,18.416666,18.916666,10.221766,30000
1996-01-03,19.000000,19.541666,19.000000,19.416666,10.491942,39900
1996-01-04,19.500000,19.791666,19.333334,19.333334,10.446918,34200
1996-01-05,19.250000,19.416666,19.208334,19.208334,10.379372,16500
1996-01-08,19.250000,19.333334,19.250000,19.333334,10.446918,5100
1996-01-09,19.416666,19.458334,19.125000,19.208334,10.379372,63000
1996-01-10,19.125000,19.166666,18.833334,18.833334,10.176738,25200
1996-01-11,18.875000,18.875000,18.541666,18.541666,10.019132,15000
1996-01-12,18.500000,18.583334,18.500000,18.583334,10.041645,6000
1996-01-15,18.583334,18.583334,18.333334,18.500000,9.996619,49800
1996-01-16,18.541666,18.541666,18.500000,18.500000,9.996619,73800
1996-01-17,18.583334,18.625000,18.541666,18.583334,10.041645,20400
1996-01-18,18.625000,18.708334,18.583334,18.708334,10.109193,16200
1996-01-19,18.625000,18.750000,18.541666,18.583334,10.041645,16200
1996-01-22,18.750000,18.875000,18.625000,18.625000,10.064166,45600
1996-01-23,18.708334,18.750000,18.541666,18.666666,10.086678,26400
1996-01-24,18.750000,18.833334,18.666666,18.708334,10.109193,39900
1996-01-25,18.666666,18.666666,18.625000,18.666666,10.086678,7500
1996-01-26,18.666666,18.666666,18.541666,18.583334,10.041645,12000
1996-01-29,18.625000,18.625000,18.541666,18.625000,10.064166,18300
1996-01-30,18.625000,18.666666,18.583334,18.666666,10.086678,18900
1996-01-31,18.666666,18.666666,18.583334,18.583334,10.041645,8700
1996-02-01,18.666666,18.666666,18.500000,18.500000,9.996619,27300
1996-02-02,18.458334,18.458334,18.333334,18.416666,9.951590,16200
1996-02-05,18.500000,18.500000,18.375000,18.375000,9.929074,12300
1996-02-06,18.416666,18.416666,18.375000,18.416666,9.951590,9300
1996-02-07,18.375000,18.416666,18.250000,18.333334,9.906558,32100
1996-02-08,18.333334,18.333334,18.166666,18.250000,9.861528,26400
1996-02-09,18.166666,18.250000,17.916666,18.041666,9.748957,33900
1996-02-12,17.958334,18.041666,17.958334,18.000000,9.726439,34500
1996-02-13,18.041666,18.083334,17.916666,17.958334,9.703926,21300
1996-02-14,18.041666,18.166666,18.041666,18.125000,9.793984,14100
1996-02-15,18.125000,18.125000,18.000000,18.041666,9.748957,45600
1996-02-16,18.000000,18.000000,17.875000,18.000000,9.726439,32100
1996-02-20,17.916666,18.083334,17.875000,18.083334,9.771469,40500
1996-02-21,18.083334,18.125000,18.000000,18.000000,9.726439,19800
1996-02-22,17.958334,18.041666,17.916666,17.958334,9.703926,59400
1996-02-23,17.916666,18.000000,17.875000,18.000000,9.726439,21900
1996-02-26,18.083334,18.583334,18.083334,18.458334,9.974102,89400
1996-02-27,19.500000,20.083334,19.458334,19.916666,10.762123,231300
1996-02-28,19.958334,20.083334,19.833334,20.000000,10.807154,120300
1996-02-29,20.333334,20.750000,20.166666,20.333334,10.987275,152400
1996-03-01,20.416666,20.458334,20.166666,20.333334,10.987275,65100
1996-03-04,20.416666,20.625000,20.416666,20.500000,11.077333,56100
1996-03-05,20.500000,20.500000,20.250000,20.375000,11.009789,42600
1996-03-06,20.291666,20.375000,20.208334,20.208334,10.919730,8400
1996-03-07,20.125000,20.125000,19.916666,19.958334,10.784639,43200
1996-03-08,19.875000,19.875000,19.416666,19.625000,10.604521,49800
1996-03-11,19.541666,19.625000,19.500000,19.541666,10.559491,10800
1996-03-12,19.541666,19.666666,19.375000,19.666666,10.627035,57600
1996-03-13,19.666666,19.666666,19.500000,19.583334,10.582008,8700
1996-03-14,19.666666,19.666666,19.583334,19.583334,10.582008,43500
1996-03-15,19.666666,19.708334,19.375000,19.416666,10.491942,44100
1996-03-18,19.500000,19.500000,19.125000,19.250000,10.401886,31200
1996-03-19,19.250000,19.375000,19.083334,19.208334,10.379372,24900
1996-03-20,19.083334,19.083334,18.791666,18.875000,10.208112,20700
1996-03-21,18.875000,19.166666,18.875000,18.916666,10.230645,55500
1996-03-22,19.041666,19.083334,18.833334,18.875000,10.208112,27300
1996-03-25,18.833334,18.916666,18.625000,18.791666,10.163042,23400
1996-03-26,18.875000,18.875000,18.333334,18.333334,9.915163,55800
1996-03-27,18.333334,18.333334,18.250000,18.291666,9.892630,15900
1996-03-28,18.250000,18.541666,18.250000,18.541666,10.027834,72600
1996-03-29,18.625000,19.375000,18.625000,19.250000,10.410921,66300
1996-04-01,19.333334,19.625000,19.208334,19.625000,10.613731,64500
1996-04-02,19.750000,19.958334,19.750000,19.958334,10.794007,31800
1996-04-03,19.875000,20.125000,19.791666,20.125000,10.884142,35400
1996-04-04,20.083334,20.500000,20.083334,20.333334,10.996819,46500
1996-04-08,20.250000,20.250000,19.916666,19.958334,10.794007,43200
1996-04-09,19.875000,19.958334,19.708334,19.958334,10.794007,14700
1996-04-10,20.041666,20.083334,19.791666,19.791666,10.703869,24300
1996-04-11,19.750000,19.833334,19.583334,19.750000,10.681335,25200
1996-04-12,19.916666,20.166666,19.916666,20.125000,10.884142,23400
1996-04-15,20.208334,20.458334,20.125000,20.458334,11.064420,34800
1996-04-16,20.375000,20.666666,20.250000,20.583334,11.132025,57600
1996-04-17,20.666666,20.666666,20.500000,20.625000,11.154561,30900
1996-04-18,20.625000,20.625000,20.166666,20.166666,10.906679,22500
1996-04-19,20.083334,20.083334,19.875000,20.000000,10.816541,91500
1996-04-22,19.916666,20.041666,19.708334,20.041666,10.839077,38400
1996-04-23,20.041666,20.666666,19.958334,20.666666,11.177094,85800
1996-04-24,20.666666,20.708334,20.416666,20.500000,11.086955,60600
1996-04-25,20.708334,20.833334,20.666666,20.791666,11.244698,55200
1996-04-26,20.666666,21.041666,20.666666,21.000000,11.357371,67200
1996-04-29,21.000000,21.208334,20.958334,21.208334,11.470040,33600
1996-04-30,21.166666,21.166666,21.083334,21.083334,11.402437,43800
1996-05-01,21.000000,21.041666,20.833334,20.958334,11.334835,33900
1996-05-02,20.916666,20.916666,20.458334,20.458334,11.064420,33300
1996-05-03,20.500000,20.666666,20.500000,20.500000,11.086955,12000
1996-05-06,20.458334,20.750000,20.416666,20.750000,11.222163,19200
1996-05-07,20.666666,20.666666,20.500000,20.500000,11.086955,27300
1996-05-08,20.416666,20.416666,20.208334,20.208334,10.929215,25800
1996-05-09,20.208334,20.375000,20.208334,20.250000,10.951750,70200
1996-05-10,20.333334,20.750000,20.333334,20.750000,11.222163,36000
1996-05-13,20.833334,21.250000,20.833334,21.125000,11.424971,47700
1996-05-14,21.166666,21.625000,21.166666,21.625000,11.695386,81000
1996-05-15,21.583334,21.583334,21.083334,21.250000,11.492576,67800
1996-05-16,21.416666,21.416666,21.208334,21.375000,11.560179,42600
1996-05-17,21.333334,21.875000,21.333334,21.750000,11.762990,70800
1996-05-20,21.708334,21.791666,21.666666,21.666666,11.717920,51600
1996-05-21,21.583334,21.750000,21.500000,21.583334,11.672852,35100
1996-05-22,21.666666,21.750000,21.583334,21.625000,11.695386,13500
1996-05-23,21.541666,21.541666,21.333334,21.500000,11.627785,37800
1996-05-24,21.375000,21.583334,21.333334,21.375000,11.560179,40200
1996-05-28,21.333334,21.333334,21.083334,21.083334,11.402437,19800
1996-05-29,21.166666,21.333334,21.000000,21.041666,11.379904,24900
1996-05-30,21.000000,21.333334,21.000000,21.250000,11.492576,82200
1996-05-31,21.166666,21.416666,21.166666,21.416666,11.582713,22800
1996-06-03,21.375000,21.458334,21.333334,21.416666,11.582713,14400
1996-06-04,21.458334,21.458334,21.208334,21.208334,11.470040,60000
1996-06-05,21.166666,21.208334,21.125000,21.125000,11.424971,22200
1996-06-06,21.083334,21.083334,20.750000,20.750000,11.222163,19200
1996-06-07,20.625000,20.833334,20.583334,20.791666,11.244698,33000
1996-06-10,20.875000,21.000000,20.833334,21.000000,11.357371,7800
1996-06-11,21.166666,21.208334,21.083334,21.083334,11.402437,113700
1996-06-12,21.000000,21.208334,20.958334,21.208334,11.479115,18900
1996-06-13,21.125000,21.166666,21.041666,21.083334,11.411460,14700
1996-06-14,21.083334,21.250000,21.083334,21.166666,11.456569,14700
1996-06-17,21.166666,21.416666,21.125000,21.333334,11.546773,142200
1996-06-18,21.333334,21.375000,21.250000,21.333334,11.546773,19200
1996-06-19,21.291666,21.625000,21.291666,21.458334,11.614432,51300
1996-06-20,21.541666,21.583334,21.458334,21.583334,11.682089,26100
1996-06-21,21.666666,21.708334,21.625000,21.666666,11.727190,27300
1996-06-24,21.666666,21.750000,21.666666,21.708334,11.749747,59400
1996-06-25,21.666666,21.666666,21.375000,21.458334,11.614432,37200
1996-06-26,21.500000,21.541666,21.166666,21.250000,11.501672,26400
1996-06-27,21.333334,21.541666,21.291666,21.416666,11.591877,36600
1996-06-28,21.500000,21.666666,21.416666,21.500000,11.636986,61800
1996-07-01,21.583334,21.583334,21.416666,21.416666,11.591877,8400
1996-07-02,21.500000,21.500000,21.375000,21.375000,11.569326,4800
1996-07-03,21.333334,21.416666,21.250000,21.250000,11.501672,5100
1996-07-05,21.166666,21.166666,21.000000,21.000000,11.366357,4200
1996-07-08,20.916666,21.000000,20.750000,20.958334,11.343804,14100
1996-07-09,21.041666,21.166666,21.000000,21.125000,11.434014,24300
1996-07-10,21.208334,21.208334,21.000000,21.000000,11.366357,19200
1996-07-11,21.083334,21.083334,20.916666,20.958334,11.343804,25800
1996-07-12,21.000000,21.000000,20.916666,20.916666,11.321255,7800
1996-07-15,20.833334,20.916666,20.791666,20.875000,11.298695,17400
1996-07-16,20.833334,20.916666,20.458334,20.500000,11.095727,52800
1996-07-17,20.583334,20.791666,20.541666,20.666666,11.185940,16500
1996-07-18,20.833334,20.833334,20.583334,20.625000,11.163385,15300
1996-07-19,20.541666,20.750000,20.500000,20.708334,11.208490,32100
1996-07-22,20.625000,20.666666,20.541666,20.583334,11.140834,20100
1996-07-23,20.583334,20.708334,20.583334,20.583334,11.140834,23100
1996-07-24,20.500000,20.500000,20.208334,20.208334,10.937864,88800
1996-07-25,20.291666,20.666666,20.250000,20.333334,11.005521,52500
1996-07-26,20.250000,20.291666,20.166666,20.291666,10.982966,7800
1996-07-29,20.208334,20.333334,20.000000,20.000000,10.825100,22200
1996-07-30,20.041666,20.166666,20.041666,20.125000,10.892755,3300
1996-07-31,20.083334,20.083334,20.000000,20.041666,10.847652,6600
1996-08-01,20.125000,20.125000,19.875000,19.916666,10.779994,7500
1996-08-02,20.000000,20.083334,19.958334,20.083334,10.870207,12900
1996-08-05,20.000000,20.166666,20.000000,20.166666,10.915309,7200
1996-08-06,20.208334,20.375000,20.125000,20.291666,10.982966,15300
1996-08-07,20.416666,20.750000,20.416666,20.541666,11.118282,49800
1996-08-08,20.625000,20.666666,20.541666,20.625000,11.163385,9600
1996-08-09,20.666666,21.125000,20.625000,21.000000,11.366357,24300
1996-08-12,21.041666,21.041666,20.875000,21.000000,11.366357,9900
1996-08-13,21.000000,21.041666,20.791666,21.000000,11.366357,17700
1996-08-14,21.083334,21.208334,20.916666,21.208334,11.479115,10200
1996-08-15,21.291666,21.458334,21.041666,21.458334,11.614432,15600
1996-08-16,21.375000,21.458334,21.250000,21.416666,11.591877,23100
1996-08-19,21.291666,21.291666,21.125000,21.208334,11.479115,16500
1996-08-20,21.291666,21.375000,21.208334,21.250000,11.501672,24900
1996-08-21,21.208334,21.333334,21.166666,21.208334,11.479115,7800
1996-08-22,21.125000,21.125000,20.916666,21.041666,11.388909,18000
1996-08-23,21.083334,21.083334,20.958334,21.041666,11.388909,3000
1996-08-26,21.000000,21.083334,20.750000,20.750000,11.231044,10800
1996-08-27,20.833334,20.833334,20.708334,20.750000,11.231044,11100
1996-08-28,20.833334,21.166666,20.833334,21.166666,11.456569,11700
1996-08-29,21.083334,21.083334,20.833334,20.833334,11.276148,12900
1996-08-30,20.750000,20.750000,20.500000,20.500000,11.095727,29100
1996-09-03,20.458334,20.666666,20.458334,20.500000,11.095727,8400
1996-09-04,20.583334,20.916666,20.583334,20.750000,11.231044,27300
1996-09-05,20.833334,20.833334,20.791666,20.791666,11.253596,11400
1996-09-06,20.875000,20.875000,20.833334,20.833334,11.276148,10200
1996-09-09,20.833334,21.000000,20.833334,20.916666,11.321255,5400
1996-09-10,20.916666,21.625000,20.875000,21.583334,11.682089,49800
1996-09-11,21.458334,21.625000,21.416666,21.625000,11.713690,15000
1996-09-12,21.666666,21.916666,21.666666,21.916666,11.871675,51900
1996-09-13,21.833334,21.833334,21.666666,21.666666,11.736258,7200
1996-09-16,21.750000,21.750000,21.583334,21.708334,11.758829,6300
1996-09-17,21.625000,21.625000,21.416666,21.500000,11.645982,10200
1996-09-18,21.500000,21.500000,21.250000,21.250000,11.510561,12300
1996-09-19,21.166666,21.583334,21.166666,21.583334,11.691116,22500
1996-09-20,21.500000,21.916666,21.500000,21.666666,11.736258,32400
1996-09-23,21.750000,21.750000,21.500000,21.500000,11.645982,3900
1996-09-24,21.583334,21.583334,21.375000,21.458334,11.623410,12600
1996-09-25,21.583334,21.583334,21.250000,21.500000,11.645982,60900
1996-09-26,21.458334,21.583334,21.458334,21.583334,11.691116,5400
1996-09-27,21.500000,21.583334,21.500000,21.583334,11.691116,5100
1996-09-30,21.500000,21.541666,21.250000,21.333334,11.555702,20700
1996-10-01,21.166666,21.500000,21.166666,21.458334,11.623410,19200
1996-10-02,21.458334,21.500000,21.458334,21.500000,11.645982,5400
1996-10-03,21.583334,21.625000,21.541666,21.625000,11.713690,7800
1996-10-04,21.666666,21.750000,21.625000,21.708334,11.758829,13500
1996-10-07,21.791666,21.833334,21.708334,21.791666,11.803965,11100
1996-10-08,21.791666,21.833334,21.791666,21.791666,11.803965,5100
1996-10-09,21.791666,21.833334,21.750000,21.750000,11.781399,29100
1996-10-10,21.750000,21.750000,21.708334,21.708334,11.758829,48300
1996-10-11,21.708334,21.833334,21.708334,21.791666,11.803965,2400
1996-10-14,21.708334,21.750000,21.541666,21.625000,11.713690,10800
1996-10-15,21.625000,21.666666,21.458334,21.666666,11.736258,18900
1996-10-16,21.666666,21.833334,21.666666,21.833334,11.826534,18300
1996-10-17,21.791666,22.666666,21.791666,22.666666,12.277931,59400
1996-10-18,22.666666,22.750000,22.500000,22.750000,12.323071,19800
1996-10-21,22.791666,23.166666,22.791666,22.958334,12.435920,34200
1996-10-22,23.083334,23.083334,22.708334,22.708334,12.300502,22800
1996-10-23,22.625000,22.625000,22.458334,22.541666,12.210222,24300
1996-10-24,22.708334,22.875000,22.708334,22.875000,12.390779,18900
1996-10-25,22.875000,22.875000,22.750000,22.750000,12.323071,2700
1996-10-28,22.750000,22.875000,22.750000,22.833334,12.368210,6300
1996-10-29,22.916666,22.916666,22.541666,22.541666,12.210222,12600
1996-10-30,22.500000,22.500000,22.333334,22.375000,12.119940,9600
1996-10-31,22.333334,22.500000,22.291666,22.333334,12.097375,17100
1996-11-01,22.333334,22.333334,22.250000,22.291666,12.074803,10200
1996-11-04,22.125000,22.125000,21.916666,22.083334,11.961955,22200
1996-11-05,22.000000,22.083334,21.916666,21.958334,11.894244,6600
1996-11-06,21.875000,21.958334,21.750000,21.750000,11.781399,11100
1996-11-07,21.625000,21.750000,21.500000,21.500000,11.645982,16200
1996-11-08,21.583334,22.166666,21.500000,22.166666,12.007093,29400
1996-11-11,22.250000,22.250000,22.166666,22.208334,12.029665,9900
1996-11-12,22.208334,22.208334,22.041666,22.208334,12.029665,17400
1996-11-13,22.250000,22.333334,22.208334,22.208334,12.029665,6300
1996-11-14,22.208334,22.208334,22.166666,22.208334,12.029665,4200
1996-11-15,22.291666,22.333334,22.208334,22.250000,12.052233,5700
1996-11-18,22.333334,22.333334,22.041666,22.125000,11.984523,9600
1996-11-19,22.083334,22.083334,22.000000,22.000000,11.916818,3900
1996-11-20,21.916666,22.083334,21.916666,22.083334,11.961955,16500
1996-11-21,22.041666,22.083334,22.041666,22.041666,11.939385,2100
1996-11-22,22.000000,22.083334,21.958334,22.000000,11.916818,4800
1996-11-25,22.041666,22.041666,21.791666,22.041666,11.939385,27900
1996-11-26,21.958334,22.041666,21.875000,21.958334,11.894244,11400
1996-11-27,22.000000,22.041666,22.000000,22.041666,11.939385,4800
1996-11-29,22.000000,22.041666,22.000000,22.041666,11.939385,1800
1996-12-02,22.000000,22.125000,22.000000,22.125000,11.984523,6600
1996-12-03,22.041666,22.083334,21.916666,21.958334,11.894244,34200
1996-12-04,21.916666,21.958334,21.875000,21.916666,11.871675,7800
1996-12-05,21.833334,21.833334,21.583334,21.583334,11.691116,11700
1996-12-06,21.500000,21.666666,21.208334,21.666666,11.736258,61200
1996-12-09,21.625000,21.750000,21.625000,21.708334,11.758829,62400
1996-12-10,21.791666,21.791666,21.666666,21.708334,11.758829,34200
1996-12-11,21.666666,21.708334,21.625000,21.625000,11.722689,34800
1996-12-12,21.625000,21.708334,21.583334,21.583334,11.700105,24600
1996-12-13,21.583334,21.708334,21.500000,21.708334,11.767862,13200
1996-12-16,21.791666,21.875000,21.625000,21.625000,11.722689,15300
1996-12-17,21.625000,21.666666,21.583334,21.625000,11.722689,7800
1996-12-18,21.708334,21.708334,21.458334,21.458334,11.632344,20100
1996-12-19,21.500000,21.625000,21.500000,21.583334,11.700105,9600
1996-12-20,21.583334,21.791666,21.541666,21.750000,11.790450,54000
1996-12-23,21.750000,21.750000,21.583334,21.583334,11.700105,18300
1996-12-24,21.583334,21.583334,21.333334,21.375000,11.587163,13800
1996-12-26,21.416666,21.500000,21.416666,21.416666,11.609754,46200
1996-12-27,21.416666,21.625000,21.416666,21.583334,11.700105,7800
1996-12-30,21.625000,21.916666,21.625000,21.833334,11.835627,23400
1996-12-31,21.916666,21.958334,21.583334,21.666666,11.745278,47400
1997-01-02,21.708334,21.708334,21.583334,21.583334,11.700105,2400
1997-01-03,21.583334,21.708334,21.583334,21.708334,11.767862,8400
1997-01-06,21.625000,21.708334,21.458334,21.500000,11.654929,24000
1997-01-07,21.458334,21.458334,21.041666,21.041666,11.406470,25800
1997-01-08,21.708334,24.916666,21.708334,24.416666,13.236022,579900
1997-01-09,24.833334,24.958334,24.458334,24.625000,13.348959,385200
1997-01-10,24.458334,24.458334,23.875000,24.291666,13.168261,149100
1997-01-13,24.375000,24.375000,23.416666,23.916666,12.964978,115800
1997-01-14,24.166666,24.166666,23.291666,23.458334,12.716518,138600
1997-01-15,23.541666,23.875000,23.291666,23.333334,12.648761,74100
1997-01-16,23.333334,23.750000,23.333334,23.750000,12.874634,34200
1997-01-17,23.750000,24.041666,23.578125,23.916666,12.964978,328200
1997-01-20,23.958334,24.208334,23.958334,24.166666,13.100501,190200
1997-01-21,24.125000,24.666666,24.041666,24.583334,13.326368,64800
1997-01-22,24.666666,24.958334,24.583334,24.958334,13.529657,59400
1997-01-23,24.958334,25.500000,24.708334,24.708334,13.394133,116700
1997-01-24,24.791666,25.083334,24.750000,24.791666,13.439307,48300
1997-01-27,25.000000,25.000000,24.791666,24.916666,13.507070,42000
1997-01-28,25.041666,25.208334,24.916666,24.916666,13.507070,60000
1997-01-29,24.833334,24.833334,24.500000,24.583334,13.326368,192600
1997-01-30,24.583334,24.708334,24.541666,24.583334,13.326368,306000
1997-01-31,24.625000,24.791666,24.625000,24.625000,13.348959,346500
1997-02-03,24.666666,24.708334,24.500000,24.708334,13.394133,127500
1997-02-04,24.666666,24.666666,24.625000,24.666666,13.371546,18000
1997-02-05,24.500000,24.625000,24.416666,24.500000,13.281198,106500
1997-02-06,24.583334,24.583334,24.375000,24.416666,13.236022,180900
1997-02-07,24.500000,24.583334,24.416666,24.583334,13.326368,115500
1997-02-10,24.625000,24.625000,24.500000,24.583334,13.326368,247500
1997-02-11,24.583334,24.666666,24.541666,24.625000,13.348959,27600
1997-02-12,24.666666,24.666666,24.541666,24.625000,13.348959,101100
1997-02-13,24.666666,24.666666,24.541666,24.625000,13.348959,18300
1997-02-14,24.666666,24.666666,24.458334,24.583334,13.326368,36900
1997-02-18,24.541666,24.625000,24.500000,24.625000,13.348959,83400
1997-02-19,24.625000,24.625000,24.416666,24.458334,13.258614,23100
1997-02-20,24.500000,24.500000,24.208334,24.375000,13.213437,29400
1997-02-21,24.375000,24.416666,24.291666,24.291666,13.168261,13200
1997-02-24,24.375000,24.833334,24.375000,24.833334,13.461893,49500
1997-02-25,24.833334,24.833334,24.708334,24.750000,13.416720,25800
1997-02-26,24.750000,25.083334,24.750000,25.041666,13.574832,130500
1997-02-27,25.333334,25.958334,25.333334,25.708334,13.936227,89400
1997-02-28,25.750000,25.958334,25.750000,25.875000,14.026571,52200
1997-03-03,25.958334,26.041666,25.791666,26.041666,14.116918,60300
1997-03-04,26.041666,26.875000,26.000000,26.666666,14.455723,82800
1997-03-05,26.750000,27.250000,26.750000,27.250000,14.771943,100500
1997-03-06,27.333334,29.000000,27.333334,28.541666,15.472146,228600
1997-03-07,28.666666,28.833334,28.458334,28.458334,15.426970,72000
1997-03-10,28.416666,29.958334,28.375000,29.625000,16.059412,108600
1997-03-11,29.708334,31.000000,29.583334,29.583334,16.036821,203100
1997-03-12,29.583334,29.583334,28.625000,28.958334,15.698014,96000
1997-03-13,29.041666,29.541666,28.958334,29.250000,15.856124,63900
1997-03-14,29.500000,29.666666,29.500000,29.666666,16.082001,41700
1997-03-17,29.541666,29.666666,29.208334,29.625000,16.059412,43800
1997-03-18,29.625000,29.625000,29.166666,29.250000,15.856124,45300
1997-03-19,25.916666,26.291666,25.833334,26.041666,15.932600,60300
1997-03-20,26.083334,26.083334,25.458334,25.500000,15.601202,48000
1997-03-21,25.500000,26.083334,25.416666,26.000000,15.907107,47100
1997-03-24,25.916666,26.041666,25.708334,25.791666,15.779648,31500
1997-03-25,25.791666,26.250000,25.250000,25.250000,15.448247,134700
1997-03-26,25.208334,25.458334,25.083334,25.458334,15.575708,29400
1997-03-27,25.541666,25.583334,24.958334,24.958334,15.269804,16500
1997-03-31,25.000000,25.000000,24.458334,24.625000,15.065866,135600
1997-04-01,24.541666,25.083334,24.416666,25.083334,15.346282,63600
1997-04-02,25.083334,25.583334,25.083334,25.458334,15.575708,56700
1997-04-03,25.500000,25.583334,25.166666,25.250000,15.448247,22200
1997-04-04,25.250000,25.291666,25.000000,25.208334,15.422753,27300
1997-04-07,25.291666,25.833334,25.291666,25.708334,15.728661,30000
1997-04-08,25.833334,26.083334,25.833334,26.083334,15.958091,21000
1997-04-09,26.083334,26.083334,25.583334,25.583334,15.652182,54000
1997-04-10,25.583334,25.916666,25.583334,25.750000,15.754155,42300
1997-04-11,25.791666,25.791666,25.250000,25.250000,15.448247,46800
1997-04-14,25.333334,25.333334,24.875000,24.875000,15.218818,22500
1997-04-15,24.958334,24.958334,24.708334,24.750000,15.142340,19500
1997-04-16,24.708334,24.750000,24.250000,24.291666,14.861925,123000
1997-04-17,24.250000,24.333334,24.250000,24.333334,14.887421,43200
1997-04-18,24.333334,24.333334,24.250000,24.250000,14.836436,88800
1997-04-21,24.291666,24.291666,23.791666,23.833334,14.581514,23400
1997-04-22,23.666666,23.708334,23.291666,23.666666,14.479546,59100
1997-04-23,23.583334,23.625000,23.458334,23.583334,14.428562,19500
1997-04-24,23.666666,23.750000,23.541666,23.625000,14.454052,28200
1997-04-25,23.541666,23.666666,23.541666,23.583334,14.428562,11100
1997-04-28,23.625000,23.750000,23.625000,23.708334,14.505039,7500
1997-04-29,23.750000,24.500000,23.750000,24.333334,14.887421,51600
1997-04-30,24.291666,24.375000,24.083334,24.208334,14.810943,33300
1997-05-01,24.208334,24.291666,24.000000,24.291666,14.861925,30300
1997-05-02,24.375000,24.416666,24.375000,24.416666,14.938405,33300
1997-05-05,24.500000,27.333334,24.500000,27.250000,16.671867,220800
1997-05-06,27.333334,27.333334,26.208334,26.250000,16.060057,114000
1997-05-07,25.833334,25.875000,25.416666,25.416666,15.550213,72900
1997-05-08,25.083334,25.125000,24.916666,25.000000,15.295298,108900
1997-05-09,25.000000,25.000000,24.750000,24.916666,15.244308,36300
1997-05-12,24.916666,24.958334,24.833334,24.875000,15.218818,80100
1997-05-13,24.875000,24.875000,24.791666,24.833334,15.193324,34800
1997-05-14,24.833334,24.875000,24.583334,24.625000,15.065866,66900
1997-05-15,24.500000,24.541666,24.250000,24.500000,14.989391,68100
1997-05-16,24.416666,24.500000,24.333334,24.375000,14.912910,35400
1997-05-19,24.333334,24.500000,24.333334,24.500000,14.989391,107400
1997-05-20,24.500000,24.541666,24.416666,24.541666,15.014881,211200
1997-05-21,24.541666,25.166666,24.541666,25.041666,15.320788,935700
1997-05-22,25.041666,26.625000,25.041666,26.583334,16.263996,195600
1997-05-23,26.583334,28.208334,26.583334,28.041666,17.156218,131700
1997-05-27,27.791666,28.000000,27.166666,28.000000,17.130733,119100
1997-05-28,27.958334,28.000000,26.833334,26.916666,16.467934,95100
1997-05-29,26.833334,27.583334,26.833334,27.583334,16.875813,66300
1997-05-30,27.625000,27.625000,27.125000,27.416666,16.773838,63600
1997-06-02,27.583334,27.791666,27.291666,27.708334,16.952286,42600
1997-06-03,27.750000,27.833334,27.708334,27.833334,17.028765,27900
1997-06-04,27.833334,27.833334,27.041666,27.041666,16.544409,58800
1997-06-05,27.125000,27.416666,27.083334,27.291666,16.697361,60600
1997-06-06,27.375000,27.375000,27.166666,27.333334,16.722857,97500
1997-06-09,27.333334,27.500000,27.291666,27.333334,16.722857,61200
1997-06-10,27.583334,27.750000,27.583334,27.708334,16.952286,65400
1997-06-11,27.666666,27.708334,27.625000,27.666666,16.926794,17400
1997-06-12,27.833334,28.000000,27.708334,27.708334,16.962505,50400
1997-06-13,27.791666,27.875000,27.750000,27.833334,17.039026,37200
1997-06-16,27.916666,28.000000,27.833334,27.916666,17.090042,28800
1997-06-17,27.833334,27.833334,27.375000,27.458334,16.809462,34500
1997-06-18,27.500000,27.625000,27.250000,27.583334,16.885984,40200
1997-06-19,27.500000,28.250000,27.416666,28.000000,17.141060,42000
1997-06-20,27.916666,28.208334,27.916666,28.041666,17.166561,21600
1997-06-23,27.958334,28.125000,27.791666,27.791666,17.013517,19200
1997-06-24,27.958334,28.041666,27.250000,27.333334,16.732946,55200
1997-06-25,27.416666,27.541666,27.333334,27.541666,16.860470,35700
1997-06-26,27.541666,27.750000,27.291666,27.312500,16.720179,24000
1997-06-27,27.312500,27.416666,27.312500,27.395834,16.771198,14400
1997-06-30,27.791666,28.125000,27.791666,27.916666,17.090042,54000
1997-07-01,27.833334,27.958334,27.708334,27.958334,17.115549,42300
1997-07-02,27.875000,28.083334,27.833334,28.083334,17.192068,40200
1997-07-03,28.166666,28.416666,28.166666,28.250000,17.294102,28500
1997-07-07,28.333334,29.208334,28.250000,29.125000,17.829758,54000
1997-07-08,29.041666,30.083334,28.791666,30.041666,18.390926,77700
1997-07-09,30.041666,30.708334,29.958334,29.958334,18.339909,99900
1997-07-10,29.958334,30.000000,29.458334,29.520834,18.072083,48600
1997-07-11,29.604166,30.000000,29.500000,29.708334,18.186869,39600
1997-07-14,29.875000,29.958334,29.541666,29.541666,18.084833,19500
1997-07-15,29.541666,29.562500,29.250000,29.333334,17.957300,38400
1997-07-16,28.916666,29.166666,28.812500,29.166666,17.855272,55500
1997-07-17,29.083334,29.437500,29.083334,29.333334,17.957300,21600
1997-07-18,29.333334,29.333334,28.916666,28.958334,17.727732,14400
1997-07-21,28.750000,28.750000,28.166666,28.166666,17.243090,33900
1997-07-22,28.208334,28.791666,28.166666,28.708334,17.574688,33300
1997-07-23,28.791666,28.875000,28.708334,28.770834,17.612944,17100
1997-07-24,28.833334,28.958334,28.375000,28.375000,17.370626,12300
1997-07-25,28.437500,28.645834,28.354166,28.458334,17.421646,19800
1997-07-28,28.541666,28.791666,28.270834,28.333334,17.345121,25200
1997-07-29,28.333334,28.916666,28.291666,28.750000,17.600191,41400
1997-07-30,28.708334,28.708334,28.333334,28.395834,17.383381,27600
1997-07-31,28.333334,28.687500,28.333334,28.583334,17.498169,21600
1997-08-01,28.500000,28.625000,28.104166,28.166666,17.243090,28500
1997-08-04,27.958334,28.000000,27.645834,27.666666,16.936995,44400
1997-08-05,27.687500,28.458334,27.666666,28.416666,17.396133,55500
1997-08-06,28.333334,28.687500,28.250000,28.687500,17.561928,41700
1997-08-07,28.604166,28.937500,28.604166,28.687500,17.561928,37800
1997-08-08,28.687500,28.791666,28.229166,28.229166,17.281347,29700
1997-08-11,28.270834,28.375000,28.250000,28.312500,17.332361,24600
1997-08-12,28.312500,28.562500,28.166666,28.229166,17.281347,19200
1997-08-13,28.166666,28.333334,28.145834,28.166666,17.243090,9000
1997-08-14,28.083334,28.166666,27.875000,27.958334,17.115549,13500
1997-08-15,28.041666,28.208334,27.479166,27.500000,16.834969,24000
1997-08-18,27.583334,27.583334,27.000000,27.333334,16.732946,36300
1997-08-19,27.583334,27.791666,27.500000,27.500000,16.834969,29700
1997-08-20,27.375000,27.604166,27.375000,27.604166,16.898737,25800
1997-08-21,27.666666,27.875000,27.666666,27.750000,16.988014,36900
1997-08-22,27.687500,27.708334,27.666666,27.666666,16.936995,29700
1997-08-25,27.770834,28.208334,27.770834,28.208334,17.268595,24000
1997-08-26,28.500000,29.041666,28.416666,28.958334,17.727732,54600
1997-08-27,29.333334,29.333334,28.916666,28.916666,17.702225,52800
1997-08-28,28.937500,28.937500,28.729166,28.750000,17.600191,13500
1997-08-29,28.666666,28.666666,28.479166,28.541666,17.472654,35400
1997-09-02,28.520834,28.875000,28.520834,28.791666,17.625700,17400
1997-09-03,28.812500,28.875000,28.708334,28.812500,17.638456,12300
1997-09-04,28.854166,28.895834,28.666666,28.750000,17.600191,20400
1997-09-05,28.687500,28.875000,28.687500,28.791666,17.625700,12000
1997-09-08,28.750000,28.895834,28.729166,28.812500,17.638456,26700
1997-09-09,28.770834,28.833334,28.750000,28.812500,17.638456,21000
1997-09-10,28.916666,29.312500,28.916666,29.270834,17.919035,41400
1997-09-11,29.312500,29.625000,29.312500,29.375000,17.982805,53700
1997-09-12,29.458334,29.916666,29.375000,29.895834,18.301655,49800
1997-09-15,30.020834,31.000000,30.000000,30.729166,18.811800,84900
1997-09-16,31.000000,31.416666,31.000000,31.375000,19.207169,56400
1997-09-17,31.291666,31.791666,31.270834,31.770834,19.459827,42300
1997-09-18,31.875000,33.625000,31.750000,32.708332,20.034054,102000
1997-09-19,32.708332,32.791668,32.333332,32.458332,19.880924,40800
1997-09-22,32.541668,32.833332,32.541668,32.645832,19.995768,42000
1997-09-23,32.645832,32.645832,32.375000,32.500000,19.906448,19500
1997-09-24,32.375000,32.458332,31.416666,31.416666,19.242895,43200
1997-09-25,31.333334,31.937500,31.062500,31.937500,19.561918,104100
1997-09-26,32.020832,32.208332,32.020832,32.104168,19.663998,22800
1997-09-29,32.187500,32.479168,32.187500,32.479168,19.893690,26400
1997-09-30,32.562500,33.166668,32.458332,33.000000,20.212696,45600
1997-10-01,33.333332,38.500000,33.333332,38.333332,23.479397,162900
1997-10-02,37.333332,37.354168,35.166668,35.166668,21.539799,127500
1997-10-03,36.500000,37.666668,36.250000,36.250000,22.203344,83400
1997-10-06,36.333332,38.333332,36.333332,37.916668,23.224186,58500
1997-10-07,38.333332,38.500000,36.833332,37.416668,22.917940,59700
1997-10-08,37.666668,37.666668,36.500000,37.000000,22.662725,83400
1997-10-09,37.083332,37.333332,36.666668,36.833332,22.560635,47700
1997-10-10,37.000000,37.208332,36.875000,37.000000,22.662725,19500
1997-10-13,36.833332,36.958332,36.729168,36.916668,22.611681,11400
1997-10-14,37.041668,37.125000,36.708332,36.916668,22.611681,12900
1997-10-15,36.708332,36.708332,36.166668,36.645832,22.445793,18600
1997-10-16,36.645832,37.166668,36.250000,36.375000,22.279907,27900
1997-10-17,36.333332,36.333332,35.208332,35.208332,21.565317,34200
1997-10-20,35.000000,35.875000,35.000000,35.875000,21.973654,35700
1997-10-21,35.958332,36.166668,35.833332,36.166668,22.152302,11100
1997-10-22,36.166668,36.166668,35.750000,35.750000,21.897091,18300
1997-10-23,35.166668,35.166668,34.333332,34.958332,21.412191,56700
1997-10-24,35.291668,35.625000,34.916668,35.333332,21.641882,11400
1997-10-27,34.833332,34.833332,32.416668,32.416668,19.855408,58500
1997-10-28,31.333334,34.000000,31.166666,33.833332,20.723125,93000
1997-10-29,34.333332,34.333332,33.666668,33.666668,20.621044,28800
1997-10-30,33.750000,33.833332,33.166668,33.291668,20.391350,22500
1997-10-31,33.312500,33.312500,31.750000,31.750000,19.447069,50100
1997-11-03,31.916666,33.000000,31.916666,32.916668,20.161663,44100
1997-11-04,33.000000,33.041668,32.916668,32.916668,20.161663,8700
1997-11-05,32.958332,32.958332,32.625000,32.750000,20.059572,9900
1997-11-06,32.666668,32.833332,32.666668,32.750000,20.059572,2400
1997-11-07,32.583332,32.666668,31.666666,31.750000,19.447069,27900
1997-11-10,31.875000,32.041668,31.687500,31.812500,19.485352,10800
1997-11-11,32.041668,32.041668,31.666666,31.729166,19.434305,24000
1997-11-12,31.645834,31.729166,30.666666,30.666666,18.783518,26400
1997-11-13,30.666666,31.333334,30.250000,30.500000,18.681437,89100
1997-11-14,30.500000,31.166666,30.416666,30.562500,18.719717,34500
1997-11-17,30.750000,31.583334,30.583334,31.500000,19.293941,44400
1997-11-18,31.500000,32.250000,31.333334,32.166668,19.702280,21000
1997-11-19,32.000000,32.333332,32.000000,32.083332,19.651236,16800
1997-11-20,32.083332,32.083332,31.416666,31.416666,19.242895,25800
1997-11-21,31.250000,31.416666,31.083334,31.250000,19.140816,7800
1997-11-24,31.125000,31.666666,30.666666,31.333334,19.191862,34200
1997-11-25,31.333334,31.541666,31.166666,31.333334,19.191862,29700
1997-11-26,31.229166,31.583334,30.875000,31.583334,19.344984,11100
1997-11-28,31.583334,31.583334,31.416666,31.500000,19.293941,9000
1997-12-01,31.583334,32.333332,31.416666,32.333332,19.804361,39000
1997-12-02,32.291668,32.750000,32.166668,32.166668,19.702280,26400
1997-12-03,32.333332,32.416668,32.166668,32.375000,19.829884,16800
1997-12-04,32.416668,32.416668,32.041668,32.041668,19.625719,5100
1997-12-05,32.208332,32.208332,31.833334,31.833334,19.498108,6600
1997-12-08,32.333332,32.333332,32.000000,32.083332,19.651236,24900
1997-12-09,32.166668,32.187500,31.791666,31.791666,19.472588,9300
1997-12-10,31.708334,32.208332,31.500000,31.500000,19.293941,52500
1997-12-11,31.500000,32.000000,31.500000,31.979166,19.587437,25200
1997-12-12,31.895834,31.958334,31.458334,31.458334,19.268419,17700
1997-12-15,31.354166,31.583334,31.333334,31.583334,19.344984,9600
1997-12-16,31.458334,31.500000,31.041666,31.041666,19.013212,18300
1997-12-17,30.666666,31.958334,30.666666,31.375000,19.430202,132900
1997-12-18,31.833334,32.000000,29.666666,30.166666,18.681885,166500
1997-12-19,30.000000,30.000000,29.458334,30.000000,18.578676,90000
1997-12-22,30.333334,30.583334,30.000000,30.166666,18.713140,106200
1997-12-23,30.208334,30.333334,30.083334,30.083334,18.661451,20400
1997-12-24,30.125000,30.250000,29.916666,30.083334,18.661451,17700
1997-12-26,30.041666,30.083334,29.916666,29.958334,18.583904,16800
1997-12-29,30.145834,30.916666,30.145834,30.291666,18.790684,45900
1997-12-30,30.291666,30.291666,29.875000,30.083334,18.661451,100500
1997-12-31,30.500000,30.500000,30.041666,30.166666,18.713140,70800
1998-01-02,30.250000,30.312500,29.958334,30.125000,18.687290,14700
1998-01-05,30.125000,30.166666,30.020834,30.104166,18.674368,64200
1998-01-06,30.333334,30.437500,30.166666,30.208334,18.738989,93900
1998-01-07,30.583334,31.833334,30.562500,31.583334,19.591936,82500
1998-01-08,31.666666,32.166668,31.666666,31.958334,19.824556,157500
1998-01-09,32.041668,32.125000,31.354166,31.583334,19.591936,91800
1998-01-12,30.333334,31.583334,30.333334,31.583334,19.591936,118800
1998-01-13,32.000000,34.125000,32.000000,33.937500,21.052277,83500
1998-01-14,34.375000,34.750000,32.937500,34.562500,21.439987,125400
1998-01-15,34.562500,34.625000,33.000000,33.437500,20.742119,88500
1998-01-16,33.687500,34.375000,33.687500,34.187500,21.207369,75800
1998-01-20,34.437500,36.437500,34.437500,36.250000,22.486780,72900
1998-01-21,36.625000,36.625000,35.125000,36.000000,22.331701,96000
1998-01-22,35.750000,35.812500,34.375000,34.750000,21.556295,49100
1998-01-23,34.500000,34.625000,34.062500,34.625000,21.478754,112000
1998-01-26,34.625000,35.312500,34.625000,34.875000,21.633841,56600
1998-01-27,35.125000,35.250000,35.000000,35.250000,21.866455,45300
1998-01-28,35.250000,35.250000,34.500000,34.500000,21.401220,142300
1998-01-29,35.000000,35.625000,34.562500,35.437500,21.982771,162300
1998-01-30,36.000000,36.000000,35.500000,35.500000,22.021540,55900
1998-02-02,35.250000,36.125000,35.187500,36.125000,22.409248,92200
1998-02-03,35.875000,36.625000,35.875000,36.625000,22.719406,89200
1998-02-04,36.687500,37.000000,36.250000,36.250000,22.486780,78100
1998-02-05,36.250000,36.250000,35.375000,35.625000,22.099083,63700
1998-02-06,35.750000,36.000000,35.500000,35.500000,22.021540,36500
1998-02-09,35.625000,35.750000,34.500000,35.000000,21.711378,65000
1998-02-10,34.750000,35.500000,33.750000,34.125000,21.168587,124900
1998-02-11,34.000000,34.000000,33.125000,33.687500,20.897202,4890900
1998-02-12,33.500000,33.750000,33.250000,33.250000,20.625811,467400
1998-02-13,33.250000,34.125000,32.375000,33.875000,21.013515,561300
1998-02-17,34.625000,34.625000,33.875000,34.062500,21.129824,634500
1998-02-18,34.125000,34.250000,33.875000,34.062500,21.129824,160600
1998-02-19,34.250000,34.375000,33.875000,33.937500,21.052277,113000
1998-02-20,34.312500,34.437500,34.000000,34.437500,21.362446,215900
1998-02-23,35.000000,35.000000,34.375000,34.687500,21.517527,222700
1998-02-24,34.875000,34.875000,33.750000,34.125000,21.168587,157500
1998-02-25,34.125000,34.875000,33.812500,34.875000,21.633841,131700
1998-02-26,34.500000,34.625000,34.000000,34.375000,21.323673,85500
1998-02-27,34.500000,34.625000,34.062500,34.125000,21.168587,188100
1998-03-02,34.000000,34.437500,34.000000,34.187500,21.207369,162400
1998-03-03,34.312500,34.312500,34.000000,34.125000,21.168587,57000
1998-03-04,34.312500,34.375000,33.750000,33.750000,20.935974,98400
1998-03-05,33.750000,33.937500,33.625000,33.687500,20.897202,111800
1998-03-06,33.750000,34.187500,33.625000,34.062500,21.129824,87400
1998-03-09,33.875000,34.437500,33.875000,34.375000,21.323673,107700
1998-03-10,34.500000,34.562500,34.062500,34.312500,21.284906,79100
1998-03-11,34.250000,34.812500,34.187500,34.625000,21.478754,112900
1998-03-12,34.875000,36.000000,34.750000,35.125000,21.788925,305000
1998-03-13,35.500000,35.500000,33.875000,33.875000,21.013515,143800
1998-03-16,34.500000,35.000000,34.250000,34.812500,21.595068,90400
1998-03-17,35.250000,35.375000,34.750000,34.812500,21.595068,105000
1998-03-18,34.500000,35.000000,34.250000,34.437500,21.374725,120500
1998-03-19,34.187500,34.625000,34.000000,34.062500,21.141972,67600
1998-03-20,34.062500,34.250000,33.750000,34.000000,21.103178,67700
1998-03-23,33.937500,33.937500,33.000000,33.750000,20.948009,69800
1998-03-24,33.937500,33.937500,33.000000,33.187500,20.598869,65400
1998-03-25,33.125000,33.312500,32.312500,32.500000,20.172153,109300
1998-03-26,33.875000,34.250000,33.250000,33.250000,20.637669,215600
1998-03-27,33.875000,34.000000,33.562500,33.562500,20.831627,75600
1998-03-30,34.062500,34.062500,33.250000,33.562500,20.831627,184100
1998-03-31,33.812500,33.812500,32.750000,33.625000,20.870424,140300
1998-04-01,33.562500,34.000000,33.000000,33.250000,20.637669,75400
1998-04-02,33.375000,34.125000,33.000000,33.750000,20.948009,133200
1998-04-03,34.000000,34.375000,33.250000,33.375000,20.715246,89000
1998-04-06,33.625000,33.875000,33.062500,33.437500,20.754044,53800
1998-04-07,33.187500,33.375000,32.687500,33.000000,20.482494,72700
1998-04-08,33.000000,33.000000,32.625000,32.750000,20.327326,104400
1998-04-09,32.750000,33.625000,32.750000,33.625000,20.870424,50800
1998-04-13,34.250000,34.437500,33.562500,33.750000,20.948009,268000
1998-04-14,34.000000,34.437500,33.750000,33.875000,21.025597,205200
1998-04-15,34.000000,34.500000,33.750000,33.875000,21.025597,445400
1998-04-16,34.375000,34.437500,33.375000,33.750000,20.948009,277000
1998-04-17,34.250000,34.312500,34.000000,34.125000,21.180756,190800
1998-04-20,34.375000,34.500000,33.687500,33.750000,20.948009,111500
1998-04-21,33.937500,33.937500,33.437500,33.812500,20.986801,196300
1998-04-22,34.000000,34.000000,33.687500,33.750000,20.948009,113400
1998-04-23,33.562500,33.687500,32.562500,32.812500,20.366117,148600
1998-04-24,32.750000,32.812500,32.437500,32.687500,20.288534,61500
1998-04-27,31.500000,31.500000,30.687500,30.875000,19.163555,194800
1998-04-28,31.125000,31.625000,30.875000,30.875000,19.163555,134800
1998-04-29,30.937500,31.750000,30.875000,31.750000,19.706652,189100
1998-04-30,32.000000,32.125000,31.000000,31.000000,19.241131,140100
1998-05-01,31.750000,31.875000,31.562500,31.750000,19.706652,78600
1998-05-04,32.000000,32.937500,31.937500,32.875000,20.404905,234700
1998-05-05,33.437500,33.875000,33.062500,33.375000,20.715246,235700
1998-05-06,33.562500,33.625000,33.062500,33.250000,20.637669,117100
1998-05-07,33.500000,33.687500,32.875000,32.937500,20.443707,165500
1998-05-08,32.812500,33.625000,32.625000,33.250000,20.637669,115600
1998-05-11,34.250000,34.250000,33.250000,33.500000,20.792833,143100
1998-05-12,33.750000,33.750000,33.125000,33.500000,20.792833,132100
1998-05-13,33.562500,33.875000,33.437500,33.750000,20.948009,156300
1998-05-14,33.750000,33.750000,33.000000,33.375000,20.715246,89800
1998-05-15,33.750000,33.937500,32.312500,32.312500,20.055777,155100
1998-05-18,32.562500,32.750000,30.625000,31.000000,19.241131,193200
1998-05-19,31.000000,31.375000,30.437500,30.625000,19.008379,241700
1998-05-20,30.875000,31.125000,30.187500,30.312500,18.814417,159200
1998-05-21,30.562500,30.750000,30.187500,30.375000,18.853210,164300
1998-05-22,30.437500,30.500000,29.812500,30.062500,18.659243,202000
1998-05-26,30.187500,30.250000,29.562500,29.750000,18.465284,90500
1998-05-27,29.750000,29.812500,28.437500,29.500000,18.310110,135800
1998-05-28,29.750000,30.000000,29.250000,29.437500,18.271313,112800
1998-05-29,29.937500,30.000000,29.750000,29.937500,18.581661,111500
1998-06-01,30.000000,30.375000,29.750000,29.812500,18.504070,53000
1998-06-02,29.750000,30.000000,29.625000,29.937500,18.581661,62000
1998-06-03,29.812500,30.000000,29.250000,29.375000,18.232525,45100
1998-06-04,29.250000,29.937500,29.000000,29.937500,18.581661,122300
1998-06-05,29.937500,29.937500,29.562500,29.562500,18.348906,93200
1998-06-08,29.687500,29.687500,28.812500,29.000000,17.999773,172800
1998-06-09,29.062500,29.125000,28.812500,28.937500,17.960976,90400
1998-06-10,28.937500,29.000000,28.812500,29.000000,17.999773,84700
1998-06-11,28.937500,28.937500,28.187500,28.250000,17.546352,54600
1998-06-12,28.250000,28.625000,27.687500,27.750000,17.235804,112000
1998-06-15,27.562500,27.937500,27.500000,27.500000,17.080526,65600
1998-06-16,27.750000,28.000000,27.375000,27.750000,17.235804,116400
1998-06-17,28.000000,28.500000,27.812500,27.875000,17.313442,45800
1998-06-18,27.875000,28.125000,27.500000,27.500000,17.080526,53800
1998-06-19,27.250000,27.250000,26.562500,26.937500,16.731146,102400
1998-06-22,27.000000,27.625000,26.875000,27.125000,16.847612,52800
1998-06-23,27.250000,27.687500,26.750000,26.937500,16.731146,131400
1998-06-24,27.000000,27.250000,27.000000,27.062500,16.808792,76100
1998-06-25,27.312500,27.375000,26.937500,27.312500,16.964067,83800
1998-06-26,27.250000,27.812500,27.250000,27.437500,17.041708,48500
1998-06-29,27.562500,27.875000,27.187500,27.187500,16.886429,52600
1998-06-30,27.125000,27.500000,27.125000,27.375000,17.002892,61000
1998-07-01,27.625000,28.125000,27.312500,28.000000,17.391085,47000
1998-07-02,28.375000,29.125000,27.812500,27.937500,17.352259,101600
1998-07-06,27.937500,28.375000,27.250000,27.500000,17.080526,77200
1998-07-07,27.500000,28.250000,27.500000,27.812500,17.274624,65900
1998-07-08,28.250000,28.500000,27.875000,28.062500,17.429903,51400
1998-07-09,28.250000,28.250000,27.500000,27.750000,17.235804,44600
1998-07-10,27.687500,27.812500,27.375000,27.625000,17.158169,45700
1998-07-13,27.875000,28.000000,27.312500,27.312500,16.964067,44500
1998-07-14,27.375000,27.500000,26.187500,26.312500,16.342962,424100
1998-07-15,26.312500,27.125000,26.062500,26.125000,16.226503,198900
1998-07-16,26.062500,26.375000,25.750000,26.187500,16.265318,119600
1998-07-17,26.437500,27.250000,26.250000,26.625000,16.537054,83900
1998-07-20,26.500000,26.875000,26.187500,26.500000,16.459417,99800
1998-07-21,26.625000,26.750000,26.312500,26.437500,16.420595,60400
1998-07-22,26.500000,26.687500,26.000000,26.000000,16.148861,51000
1998-07-23,25.875000,25.875000,24.812500,25.062500,15.566572,138400
1998-07-24,25.312500,25.375000,24.500000,24.750000,15.372478,76300
1998-07-27,24.937500,25.625000,24.562500,25.500000,15.838304,106600
1998-07-28,25.750000,25.875000,25.062500,25.312500,15.721850,96400
1998-07-29,25.687500,25.687500,25.000000,25.000000,15.527753,74400
1998-07-30,25.000000,25.437500,25.000000,25.125000,15.605390,67900
1998-07-31,25.125000,25.500000,24.625000,24.812500,15.411295,44700
1998-08-03,24.625000,24.875000,24.312500,24.562500,15.256018,56200
1998-08-04,24.000000,24.000000,21.750000,22.375000,13.897338,318800
1998-08-05,22.250000,22.250000,21.375000,21.750000,13.509146,196700
1998-08-06,21.500000,21.750000,21.375000,21.500000,13.353865,156200
1998-08-07,21.562500,23.750000,21.562500,23.250000,14.440808,185900
1998-08-10,23.437500,23.437500,22.500000,22.812500,14.169073,134100
1998-08-11,22.625000,22.687500,22.375000,22.687500,14.091434,95300
1998-08-12,22.812500,23.875000,22.687500,23.000000,14.285532,249800
1998-08-13,23.062500,23.062500,22.375000,22.500000,13.974976,164600
1998-08-14,22.687500,23.312500,22.687500,23.062500,14.324348,105100
1998-08-17,22.937500,23.187500,22.875000,23.000000,14.285532,332000
1998-08-18,23.250000,23.625000,23.250000,23.500000,14.596087,104500
1998-08-19,23.625000,23.687500,23.375000,23.500000,14.596087,74800
1998-08-20,23.437500,23.625000,23.375000,23.437500,14.557264,257600
1998-08-21,23.562500,23.562500,22.750000,23.000000,14.285532,131300
1998-08-24,23.125000,23.250000,22.875000,22.937500,14.246715,102900
1998-08-25,23.000000,23.875000,23.000000,23.062500,14.324348,78100
1998-08-26,23.062500,23.062500,21.812500,22.000000,13.664421,235400
1998-08-27,21.750000,22.000000,21.625000,21.750000,13.509146,158700
1998-08-28,21.687500,22.125000,21.687500,21.750000,13.509146,75700
1998-08-31,22.000000,22.125000,20.000000,20.062500,12.461020,250600
1998-09-01,20.000000,20.375000,19.625000,20.250000,12.577477,293500
1998-09-02,20.375000,21.125000,20.375000,20.375000,12.655118,87400
1998-09-03,19.875000,20.187500,19.625000,20.000000,12.422200,234200
1998-09-04,20.375000,20.500000,20.062500,20.125000,12.499840,61200
1998-09-08,20.750000,20.875000,20.187500,20.375000,12.655118,119800
1998-09-09,20.562500,20.625000,20.250000,20.437500,12.693936,100400
1998-09-10,19.500000,19.687500,18.875000,19.000000,11.801091,307900
1998-09-11,19.000000,19.125000,18.500000,18.875000,11.735806,1133900
1998-09-14,19.187500,20.000000,19.125000,19.375000,12.046686,93800
1998-09-15,19.500000,20.625000,19.312500,20.562500,12.785032,161100
1998-09-16,21.375000,21.812500,21.125000,21.187500,13.173636,284600
1998-09-17,21.000000,21.125000,20.625000,21.062500,13.095914,113100
1998-09-18,21.000000,21.375000,20.687500,21.000000,13.057055,96600
1998-09-21,20.750000,20.875000,20.125000,20.875000,12.979334,114200
1998-09-22,20.750000,21.250000,20.750000,21.062500,13.095914,99200
1998-09-23,21.187500,21.750000,21.000000,21.500000,13.367935,58500
1998-09-24,21.625000,22.750000,21.625000,22.687500,14.106283,79600
1998-09-25,22.500000,22.500000,22.000000,22.187500,13.795399,119700
1998-09-28,22.312500,22.750000,22.250000,22.562500,14.028564,116800
1998-09-29,22.812500,23.625000,22.812500,23.375000,14.533746,86700
1998-09-30,23.250000,23.875000,22.875000,23.875000,14.844628,129100
1998-10-01,23.375000,23.375000,22.062500,22.375000,13.911983,147800
1998-10-02,22.250000,22.687500,21.937500,22.625000,14.067421,36500
1998-10-05,22.375000,22.625000,21.750000,22.000000,13.678821,108200
1998-10-06,22.187500,22.250000,22.000000,22.000000,13.678821,66700
1998-10-07,22.000000,22.125000,21.125000,21.250000,13.212494,152200
1998-10-08,21.125000,21.125000,19.750000,20.000000,12.435290,113500
1998-10-09,20.125000,20.625000,20.000000,20.312500,12.629591,96800
1998-10-12,20.687500,21.375000,20.625000,21.062500,13.095914,96800
1998-10-13,21.000000,21.062500,20.750000,21.000000,13.057055,38700
1998-10-14,20.812500,20.875000,20.437500,20.750000,12.901614,71700
1998-10-15,21.000000,21.812500,21.000000,21.500000,13.367935,97800
1998-10-16,22.000000,22.562500,21.875000,22.312500,13.873121,38000
1998-10-19,22.437500,22.437500,21.500000,21.875000,13.601100,79900
1998-10-20,22.250000,22.750000,22.125000,22.125000,13.756535,78800
1998-10-21,22.125000,22.125000,21.437500,21.937500,13.639957,77000
1998-10-22,21.750000,22.125000,21.375000,21.812500,13.562241,285400
1998-10-23,21.562500,22.000000,21.375000,21.687500,13.484517,285500
1998-10-26,21.562500,21.625000,21.062500,21.437500,13.329076,35400
1998-10-27,21.187500,22.187500,21.187500,22.187500,13.795399,60300
1998-10-28,22.625000,23.312500,22.375000,22.937500,14.261724,130700
1998-10-29,22.625000,23.875000,22.625000,23.875000,14.844628,109300
1998-10-30,24.000000,24.250000,23.875000,23.937500,14.883489,67500
1998-11-02,24.000000,25.375000,23.750000,25.125000,15.621834,181200
1998-11-03,25.125000,27.437500,25.125000,26.562500,16.515617,200100
1998-11-04,26.812500,27.312500,26.562500,26.750000,16.632200,106900
1998-11-05,26.750000,26.937500,26.375000,26.687500,16.593342,42800
1998-11-06,26.687500,26.875000,26.375000,26.375000,16.399038,96700
1998-11-09,26.250000,26.250000,25.437500,25.500000,15.854992,52400
1998-11-10,25.625000,26.000000,25.500000,25.812500,16.049295,67400
1998-11-11,25.625000,26.437500,25.562500,26.312500,16.360180,39600
1998-11-12,26.375000,26.375000,25.625000,25.750000,16.010435,25900
1998-11-13,25.750000,26.000000,25.562500,25.937500,16.127016,41700
1998-11-16,25.812500,26.000000,25.250000,25.562500,15.893855,40100
1998-11-17,25.375000,25.687500,25.125000,25.125000,15.621834,46800
1998-11-18,25.187500,25.375000,24.875000,25.062500,15.582975,28100
1998-11-19,25.125000,25.125000,24.500000,25.000000,15.544116,33500
1998-11-20,24.937500,25.125000,24.750000,24.812500,15.427533,40600
1998-11-23,24.625000,25.125000,24.062500,25.000000,15.544116,60500
1998-11-24,24.750000,25.250000,24.500000,24.750000,15.388675,108400
1998-11-25,24.625000,25.000000,24.500000,24.625000,15.310950,38500
1998-11-27,24.812500,24.812500,24.500000,24.562500,15.272094,18300
1998-11-30,24.500000,24.500000,23.375000,23.562500,14.650325,161300
1998-12-01,23.562500,24.562500,23.562500,24.562500,15.272094,90000
1998-12-02,24.187500,24.625000,24.062500,24.437500,15.194368,61600
1998-12-03,24.562500,24.750000,24.312500,24.500000,15.233229,53600
1998-12-04,24.375000,24.875000,24.375000,24.625000,15.310950,46600
1998-12-07,24.500000,24.812500,24.062500,24.812500,15.427533,65900
1998-12-08,24.562500,24.687500,23.750000,24.312500,15.116650,61600
1998-12-09,24.500000,24.500000,24.000000,24.125000,15.000070,92600
1998-12-10,24.125000,24.375000,24.000000,24.000000,14.922349,75600
1998-12-11,23.875000,24.187500,23.875000,23.937500,14.883489,86400
1998-12-14,23.875000,24.000000,23.687500,23.812500,14.805768,98000
1998-12-15,24.000000,24.250000,23.250000,23.687500,14.728047,176900
1998-12-16,23.375000,23.875000,23.250000,23.812500,14.818278,84500
1998-12-17,23.687500,24.062500,23.687500,23.875000,14.857173,72000
1998-12-18,23.625000,24.062500,23.625000,24.000000,14.934958,68200
1998-12-21,24.125000,24.125000,23.500000,23.625000,14.701599,121900
1998-12-22,23.500000,23.937500,23.250000,23.250000,14.468243,101400
1998-12-23,23.250000,23.500000,23.000000,23.000000,14.312670,110000
1998-12-24,23.000000,23.250000,22.812500,23.125000,14.390452,64200
1998-12-28,23.062500,23.625000,23.062500,23.375000,14.546026,92800
1998-12-29,23.500000,23.625000,23.062500,23.187500,14.429346,135500
1998-12-30,23.000000,23.375000,23.000000,23.250000,14.468243,114600
1998-12-31,23.000000,23.437500,22.875000,23.437500,14.584919,161300
1999-01-04,23.437500,23.750000,23.375000,23.750000,14.779387,80700
1999-01-05,23.750000,23.875000,23.500000,23.875000,14.857173,45200
1999-01-06,23.812500,24.000000,23.750000,24.000000,14.934958,67800
1999-01-07,23.937500,24.000000,23.687500,23.687500,14.740493,38800
1999-01-08,23.750000,24.000000,23.750000,23.875000,14.857173,68600
1999-01-11,23.750000,23.750000,23.250000,23.375000,14.546026,141200
1999-01-12,23.125000,23.250000,22.937500,23.000000,14.312670,80500
1999-01-13,22.500000,22.750000,22.437500,22.750000,14.157096,60300
1999-01-14,23.000000,23.125000,22.562500,22.937500,14.273776,70000
1999-01-15,22.812500,22.937500,22.500000,22.750000,14.157096,67700
1999-01-19,22.000000,22.250000,21.750000,22.000000,13.690379,121500
1999-01-20,22.000000,22.000000,21.750000,21.937500,13.651484,150900
1999-01-21,21.750000,22.000000,21.750000,21.875000,13.612595,121100
1999-01-22,21.750000,21.937500,21.750000,21.875000,13.612595,48800
1999-01-25,21.812500,22.375000,21.812500,22.312500,13.884844,134900
1999-01-26,22.312500,22.625000,22.250000,22.500000,14.001522,136000
1999-01-27,22.625000,22.625000,22.375000,22.500000,14.001522,112400
1999-01-28,22.500000,22.812500,22.312500,22.437500,13.962629,53000
1999-01-29,22.500000,22.625000,22.250000,22.250000,13.845951,89100
1999-02-01,22.500000,22.750000,22.250000,22.687500,14.118202,101900
1999-02-02,22.687500,22.687500,22.375000,22.437500,13.962629,118200
1999-02-03,22.437500,22.437500,22.000000,22.375000,13.923738,244600
1999-02-04,22.312500,22.375000,21.750000,22.062500,13.729272,107700
1999-02-05,22.000000,22.500000,22.000000,22.437500,13.962629,56800
1999-02-08,22.562500,22.625000,21.562500,22.000000,13.690379,234800
1999-02-09,22.000000,22.000000,21.625000,21.687500,13.495913,63600
1999-02-10,21.562500,21.750000,21.437500,21.750000,13.534808,196000
1999-02-11,21.750000,21.937500,21.625000,21.625000,13.457020,309600
1999-02-12,21.875000,22.125000,21.625000,21.937500,13.651484,119300
1999-02-16,21.875000,22.000000,21.812500,21.937500,13.651484,38600
1999-02-17,21.875000,21.875000,21.125000,21.250000,13.223661,40000
1999-02-18,21.500000,21.500000,21.000000,21.187500,13.184768,40900
1999-02-19,21.187500,21.437500,21.062500,21.375000,13.301450,43400
1999-02-22,21.375000,21.437500,20.937500,21.312500,13.262555,44300
1999-02-23,21.562500,21.625000,20.687500,20.687500,12.873625,45000
1999-02-24,20.750000,20.875000,20.500000,20.750000,12.912519,43100
1999-02-25,20.750000,20.875000,20.500000,20.875000,12.990302,22400
1999-02-26,20.875000,21.562500,20.750000,21.562500,13.418127,52700
1999-03-01,22.125000,22.750000,21.812500,21.812500,13.573702,107700
1999-03-02,22.000000,23.000000,21.875000,23.000000,14.312670,199900
1999-03-03,23.250000,24.687500,23.250000,24.562500,15.284997,284900
1999-03-04,24.625000,24.875000,24.437500,24.812500,15.440570,233600
1999-03-05,24.937500,25.125000,24.625000,24.937500,15.518355,162900
1999-03-08,25.062500,25.250000,24.875000,25.125000,15.635035,172900
1999-03-09,25.187500,25.187500,24.500000,24.750000,15.401681,69200
1999-03-10,24.500000,25.500000,24.125000,24.750000,15.401681,145500
1999-03-11,24.750000,25.125000,24.625000,25.000000,15.557250,84500
1999-03-12,24.937500,25.562500,24.937500,25.375000,15.790609,76200
1999-03-15,24.875000,26.125000,24.875000,26.000000,16.192299,188500
1999-03-16,26.000000,26.250000,25.687500,25.687500,15.997681,47200
1999-03-17,25.687500,25.687500,25.375000,25.437500,15.841989,67300
1999-03-18,25.500000,25.687500,25.375000,25.437500,15.841989,78300
1999-03-19,25.500000,25.687500,25.375000,25.375000,15.803064,76500
1999-03-22,25.375000,25.562500,25.250000,25.375000,15.803064,76800
1999-03-23,25.375000,25.437500,24.687500,24.812500,15.452748,60400
1999-03-24,24.750000,24.812500,24.500000,24.812500,15.452748,72500
1999-03-25,24.750000,25.250000,24.562500,25.062500,15.608445,62700
1999-03-26,25.000000,25.187500,25.000000,25.125000,15.647368,55500
1999-03-29,24.875000,25.312500,24.750000,25.062500,15.608445,138800
1999-03-30,24.812500,25.125000,24.562500,24.937500,15.530598,31500
1999-03-31,24.687500,24.687500,23.750000,24.250000,15.102434,73300
1999-04-01,24.125000,24.375000,24.062500,24.062500,14.985662,35000
1999-04-05,23.562500,24.000000,23.375000,23.750000,14.791043,138600
1999-04-06,23.375000,23.937500,23.375000,23.812500,14.829967,114400
1999-04-07,23.375000,24.250000,23.125000,24.000000,14.946738,185100
1999-04-08,23.750000,23.875000,23.062500,23.750000,14.791043,65100
1999-04-09,23.500000,23.875000,23.312500,23.687500,14.752121,67300
1999-04-12,23.437500,23.937500,23.250000,23.687500,14.752121,61000
1999-04-13,23.625000,23.625000,23.250000,23.312500,14.518577,89600
1999-04-14,23.312500,23.562500,23.250000,23.437500,14.596423,61300
1999-04-15,23.500000,23.750000,23.375000,23.437500,14.596423,180100
1999-04-16,23.625000,23.875000,23.562500,23.812500,14.829967,169300
1999-04-19,23.875000,24.375000,23.750000,24.375000,15.180280,143600
1999-04-20,25.250000,25.250000,24.375000,24.625000,15.335977,42600
1999-04-21,24.500000,24.937500,24.375000,24.750000,15.413827,40500
1999-04-22,24.562500,24.812500,24.312500,24.750000,15.413827,91800
1999-04-23,24.625000,24.875000,24.375000,24.500000,15.258128,97000
1999-04-26,24.500000,24.625000,24.125000,24.312500,15.141357,26600
1999-04-27,24.562500,24.625000,24.250000,24.312500,15.141357,29300
1999-04-28,24.562500,25.375000,24.562500,25.250000,15.725216,102300
1999-04-29,25.125000,25.625000,25.125000,25.437500,15.841989,137100
1999-04-30,25.500000,25.687500,25.375000,25.500000,15.880906,87700
1999-05-03,25.437500,26.250000,25.437500,26.250000,16.347994,124400
1999-05-04,26.250000,27.000000,26.062500,26.625000,16.581539,68500
1999-05-05,26.875000,27.437500,26.625000,27.125000,16.892931,92300
1999-05-06,27.250000,27.375000,27.000000,27.062500,16.854008,37300
1999-05-07,27.000000,28.500000,27.000000,27.000000,16.815083,142400
1999-05-10,26.750000,27.000000,26.500000,26.937500,16.776155,53700
1999-05-11,26.875000,27.125000,26.562500,26.562500,16.542608,29700
1999-05-12,26.500000,27.000000,26.375000,26.875000,16.737230,63700
1999-05-13,27.125000,27.500000,26.562500,27.375000,17.048626,48500
1999-05-14,27.500000,27.500000,26.000000,26.000000,16.192299,39900
1999-05-17,26.062500,26.312500,25.437500,25.687500,15.997681,75000
1999-05-18,26.250000,26.250000,25.750000,25.750000,16.036602,64400
1999-05-19,26.250000,27.000000,26.000000,27.000000,16.815083,92300
1999-05-20,27.937500,28.562500,27.625000,28.125000,17.515707,166900
1999-05-21,28.250000,28.500000,28.000000,28.000000,17.437864,205600
1999-05-24,28.125000,28.375000,28.125000,28.125000,17.515707,58100
1999-05-25,28.187500,28.250000,28.000000,28.000000,17.437864,73600
1999-05-26,27.750000,27.937500,27.375000,27.937500,17.398935,41900
1999-05-27,27.937500,27.937500,27.375000,27.437500,17.087549,60500
1999-05-28,27.125000,27.437500,27.125000,27.312500,17.009697,59500
1999-06-01,27.062500,27.250000,26.937500,27.250000,16.970770,33200
1999-06-02,27.250000,27.250000,27.062500,27.062500,16.854008,80800
1999-06-03,27.062500,27.125000,27.000000,27.062500,16.854008,51900
1999-06-04,27.062500,27.250000,27.062500,27.062500,16.854008,52900
1999-06-07,27.062500,27.312500,27.000000,27.312500,17.009697,40200
1999-06-08,27.375000,27.750000,27.125000,27.125000,16.892931,33400
1999-06-09,27.500000,27.500000,27.375000,27.437500,17.087549,46500
1999-06-10,27.375000,27.437500,27.125000,27.187500,16.931852,68700
1999-06-11,27.250000,27.375000,26.875000,27.062500,16.854008,50300
1999-06-14,27.000000,27.312500,27.000000,27.062500,16.854008,31800
1999-06-15,26.937500,27.250000,26.937500,27.062500,16.854008,21600
1999-06-16,27.062500,27.500000,27.062500,27.375000,17.048626,43600
1999-06-17,27.125000,27.437500,27.000000,27.250000,16.970770,43800
1999-06-18,27.125000,27.500000,27.000000,27.437500,17.087549,24800
1999-06-21,27.437500,27.437500,26.750000,27.000000,16.815083,38300
1999-06-22,27.125000,27.125000,26.750000,26.750000,16.659382,28600
1999-06-23,26.750000,26.812500,26.312500,26.312500,16.386925,29200
1999-06-24,26.312500,26.437500,26.250000,26.250000,16.347994,28700
1999-06-25,26.312500,26.312500,26.000000,26.000000,16.192299,61900
1999-06-28,25.875000,26.375000,25.875000,26.312500,16.386925,27900
1999-06-29,27.000000,27.000000,26.500000,26.812500,16.698305,23200
1999-06-30,26.812500,27.125000,26.500000,27.000000,16.815083,50100
1999-07-01,27.000000,27.125000,26.687500,27.125000,16.892931,32000
1999-07-02,26.875000,27.000000,26.687500,27.000000,16.815083,23500
1999-07-06,27.000000,27.187500,27.000000,27.062500,16.854008,240600
1999-07-07,27.125000,27.187500,27.000000,27.062500,16.854008,20900
1999-07-08,26.875000,26.937500,26.687500,26.687500,16.620462,37700
1999-07-09,26.750000,27.187500,26.750000,27.062500,16.854008,38100
1999-07-12,27.062500,27.187500,26.687500,26.687500,16.620462,34100
1999-07-13,26.937500,26.937500,26.500000,26.750000,16.659382,28800
1999-07-14,26.562500,26.625000,26.437500,26.437500,16.464766,37000
1999-07-15,26.625000,26.750000,26.437500,26.750000,16.659382,33700
1999-07-16,26.750000,27.000000,26.500000,27.000000,16.815083,31700
1999-07-19,27.125000,27.125000,26.250000,26.500000,16.503691,44800
1999-07-20,26.500000,26.750000,25.812500,25.812500,16.075531,52600
1999-07-21,25.375000,25.750000,24.750000,25.312500,15.764139,91100
1999-07-22,25.250000,25.750000,25.187500,25.500000,15.880906,67900
1999-07-23,25.250000,25.937500,25.250000,25.500000,15.880906,23300
1999-07-26,25.500000,25.500000,24.750000,24.875000,15.491670,53900
1999-07-27,25.000000,25.250000,24.812500,24.812500,15.452748,20000
1999-07-28,25.500000,25.500000,24.875000,25.187500,15.686291,43500
1999-07-29,25.437500,25.500000,25.000000,25.125000,15.647368,48400
1999-07-30,25.062500,25.187500,24.750000,25.000000,15.569522,50800
1999-08-02,24.937500,25.062500,24.375000,24.375000,15.180280,53200
1999-08-03,24.375000,24.687500,24.187500,24.250000,15.102434,52000
1999-08-04,24.500000,24.687500,24.312500,24.562500,15.297054,71200
1999-08-05,24.562500,24.687500,24.562500,24.625000,15.335977,29000
1999-08-06,24.625000,24.750000,24.562500,24.750000,15.413827,98000
1999-08-09,24.750000,24.937500,24.750000,24.937500,15.530598,65800
1999-08-10,24.937500,24.937500,24.625000,24.812500,15.452748,239400
1999-08-11,24.937500,25.000000,24.750000,25.000000,15.569522,38200
1999-08-12,25.250000,25.312500,25.000000,25.250000,15.725216,76500
1999-08-13,25.250000,25.312500,25.000000,25.062500,15.608445,74900
1999-08-16,25.000000,25.187500,25.000000,25.125000,15.647368,28800
1999-08-17,25.125000,25.125000,24.687500,24.812500,15.452748,74100
1999-08-18,24.812500,24.937500,24.687500,24.937500,15.530598,36500
1999-08-19,24.687500,24.937500,24.625000,24.625000,15.335977,15400
1999-08-20,24.875000,24.937500,24.625000,24.875000,15.491670,29500
1999-08-23,24.937500,24.937500,24.250000,24.375000,15.180280,156100
1999-08-24,24.437500,24.500000,24.125000,24.187500,15.063510,36100
1999-08-25,24.187500,24.187500,24.000000,24.187500,15.063510,33800
1999-08-26,24.187500,24.250000,24.000000,24.000000,14.946738,40900
1999-08-27,23.750000,24.125000,23.750000,23.937500,14.907815,38400
1999-08-30,24.000000,24.000000,23.500000,23.625000,14.713196,73500
1999-08-31,23.562500,23.750000,23.375000,23.375000,14.557500,58400
1999-09-01,23.437500,23.625000,23.062500,23.375000,14.557500,54600
1999-09-02,23.125000,23.500000,22.750000,23.125000,14.401804,80600
1999-09-03,23.500000,23.625000,23.375000,23.625000,14.713196,38400
1999-09-07,23.375000,23.687500,23.125000,23.375000,14.557500,70100
1999-09-08,23.562500,23.562500,23.062500,23.562500,14.674270,24400
1999-09-09,23.312500,23.375000,22.875000,23.250000,14.479653,27600
1999-09-10,23.250000,23.625000,22.937500,23.500000,14.635349,91200
1999-09-13,23.375000,23.562500,23.250000,23.375000,14.557500,38300
1999-09-14,22.750000,23.312500,22.750000,22.750000,14.168262,52900
1999-09-15,22.875000,22.937500,22.687500,22.750000,14.168262,46600
1999-09-16,22.562500,22.812500,22.375000,22.500000,14.012567,33800
1999-09-17,22.437500,23.000000,22.437500,22.937500,14.285035,40800
1999-09-20,22.750000,22.750000,22.000000,22.250000,13.856871,36100
1999-09-21,22.250000,22.250000,21.750000,21.937500,13.662250,38400
1999-09-22,21.937500,22.437500,21.812500,22.000000,13.701177,58700
1999-09-23,22.250000,22.250000,21.625000,21.625000,13.467634,34700
1999-09-24,21.625000,21.625000,20.062500,21.000000,13.078396,97500
1999-09-27,21.437500,22.500000,21.250000,21.687500,13.506559,121400
1999-09-28,21.875000,22.062500,21.500000,21.625000,13.467634,49800
1999-09-29,21.625000,22.312500,21.625000,21.812500,13.584408,40200
1999-09-30,21.937500,22.125000,21.500000,21.562500,13.428710,70100
1999-10-01,21.625000,21.625000,21.375000,21.562500,13.428710,96000
1999-10-04,21.500000,21.875000,21.500000,21.625000,13.467634,17300
1999-10-05,21.562500,22.000000,21.500000,21.562500,13.428710,45500
1999-10-06,21.625000,21.812500,21.375000,21.750000,13.545484,60500
1999-10-07,21.562500,21.625000,21.500000,21.500000,13.389786,60100
1999-10-08,21.500000,21.750000,21.500000,21.625000,13.467634,73500
1999-10-11,21.375000,21.625000,21.250000,21.625000,13.467634,81700
1999-10-12,21.500000,21.500000,21.250000,21.250000,13.234090,85800
1999-10-13,21.500000,21.625000,21.062500,21.125000,13.156245,69300
1999-10-14,21.062500,21.250000,21.000000,21.062500,13.117317,63800
1999-10-15,20.750000,20.750000,20.500000,20.625000,12.844853,111900
1999-10-18,20.875000,20.875000,20.500000,20.687500,12.883779,95900
1999-10-19,20.562500,20.937500,20.562500,20.812500,12.961624,31300
1999-10-20,20.687500,20.937500,20.500000,20.687500,12.883779,67000
1999-10-21,20.500000,21.000000,20.500000,20.875000,13.000547,440200
1999-10-22,21.125000,21.437500,20.812500,21.312500,13.273016,93800
1999-10-25,21.437500,21.500000,21.062500,21.437500,13.350862,36600
1999-10-26,21.437500,21.437500,21.062500,21.250000,13.234090,50700
1999-10-27,21.500000,23.125000,21.500000,22.875000,14.246110,344800
1999-10-28,23.125000,24.187500,23.125000,23.750000,14.791043,250100
1999-10-29,23.937500,24.000000,23.500000,23.875000,14.868892,96300
1999-11-01,23.625000,23.750000,23.000000,23.187500,14.440728,81900
1999-11-02,23.125000,24.187500,23.000000,24.062500,14.985662,111000
1999-11-03,24.062500,24.062500,23.562500,23.562500,14.674270,68900
1999-11-04,23.312500,23.437500,23.000000,23.312500,14.518577,192400
1999-11-05,23.250000,23.875000,23.125000,23.812500,14.829967,71500
1999-11-08,23.562500,24.250000,23.562500,23.625000,14.713196,55200
1999-11-09,23.375000,24.250000,23.375000,24.062500,14.985662,58200
1999-11-10,24.000000,24.062500,23.562500,23.687500,14.752121,40500
1999-11-11,23.625000,23.812500,23.375000,23.687500,14.752121,25900
1999-11-12,23.875000,23.875000,23.125000,23.625000,14.713196,33000
1999-11-15,23.500000,24.000000,23.000000,24.000000,14.946738,134400
1999-11-16,24.000000,24.125000,23.500000,23.625000,14.713196,86700
1999-11-17,23.750000,23.875000,22.812500,23.250000,14.479653,55200
1999-11-18,23.125000,23.562500,22.875000,23.062500,14.362881,52000
1999-11-19,23.062500,23.250000,23.000000,23.000000,14.323957,97400
1999-11-22,23.250000,23.250000,22.562500,22.625000,14.090414,43200
1999-11-23,22.625000,22.937500,22.250000,22.437500,13.973642,41700
1999-11-24,22.562500,22.562500,22.250000,22.312500,13.895796,41000
1999-11-26,22.250000,22.500000,22.250000,22.375000,13.934720,10600
1999-11-29,22.625000,22.687500,22.250000,22.312500,13.895796,93400
1999-11-30,22.250000,22.437500,22.250000,22.375000,13.934720,67900
1999-12-01,22.250000,22.437500,22.250000,22.437500,13.973642,116400
1999-12-02,22.437500,23.500000,22.437500,23.125000,14.401804,108700
1999-12-03,22.562500,23.500000,22.562500,23.500000,14.635349,54600
1999-12-06,23.250000,23.937500,23.250000,23.687500,14.752121,143800
1999-12-07,23.562500,23.625000,23.000000,23.125000,14.401804,92200
1999-12-08,22.625000,24.000000,22.625000,24.000000,14.946738,139500
1999-12-09,23.937500,24.250000,23.750000,24.125000,15.024586,84600
1999-12-10,24.375000,24.375000,23.875000,23.937500,14.907815,71100
1999-12-13,23.250000,23.937500,23.250000,23.625000,14.713196,82600
1999-12-14,23.375000,24.437500,23.375000,24.000000,14.946738,110900
1999-12-15,24.125000,24.375000,23.875000,24.250000,15.102434,65900
1999-12-16,24.250000,25.250000,24.250000,24.937500,15.530598,231600
1999-12-17,24.875000,25.125000,24.500000,24.750000,15.413827,99500
1999-12-20,24.250000,24.625000,24.000000,24.062500,14.985662,139400
1999-12-21,24.250000,24.250000,23.750000,24.125000,15.024586,81900
1999-12-22,24.000000,24.125000,23.875000,24.000000,14.946738,51800
1999-12-23,24.000000,24.312500,23.875000,24.000000,14.946738,29200
1999-12-27,24.000000,24.750000,24.000000,24.500000,15.258128,111800
1999-12-28,24.375000,24.375000,23.875000,24.125000,15.024586,75700
1999-12-29,24.125000,24.437500,23.812500,24.312500,15.141357,79000
1999-12-30,24.250000,24.312500,23.875000,24.062500,14.985662,77400
1999-12-31,23.625000,24.500000,23.625000,24.312500,15.141357,61100
2000-01-03,24.062500,24.375000,24.062500,24.250000,15.102434,150300
2000-01-04,24.250000,24.250000,23.250000,23.375000,14.557500,59900
2000-01-05,23.312500,24.187500,23.312500,23.937500,14.907815,827200
2000-01-06,24.000000,24.500000,23.937500,24.500000,15.258128,61500
2000-01-07,24.500000,24.562500,23.625000,24.000000,14.946738,94300
2000-01-10,23.750000,24.000000,23.500000,23.937500,14.907815,89400
2000-01-11,23.812500,23.937500,23.500000,23.937500,14.907815,32400
2000-01-12,23.687500,23.937500,23.625000,23.625000,14.713196,42900
2000-01-13,23.500000,24.000000,23.375000,24.000000,14.946738,60500
2000-01-14,23.750000,23.750000,23.187500,23.437500,14.596423,62600
2000-01-18,23.375000,23.500000,23.062500,23.500000,14.635349,38600
2000-01-19,23.250000,23.687500,23.062500,23.062500,14.362881,55800
2000-01-20,23.312500,23.625000,23.125000,23.500000,14.635349,68000
2000-01-21,23.750000,26.000000,23.375000,24.875000,15.491670,206400
2000-01-24,25.375000,25.875000,24.125000,24.250000,15.102434,126100
2000-01-25,24.000000,24.250000,23.687500,24.062500,14.985662,96600
2000-01-26,24.062500,24.375000,23.875000,24.250000,15.102434,69000
2000-01-27,24.500000,24.875000,24.250000,24.875000,15.491670,82700
2000-01-28,24.812500,24.812500,24.000000,24.062500,14.985662,22400
2000-01-31,23.812500,23.937500,23.687500,23.687500,14.752121,38300
2000-02-01,23.937500,24.062500,23.687500,24.062500,14.985662,30100
2000-02-02,23.812500,25.375000,23.812500,25.000000,15.569522,80300
2000-02-03,24.625000,24.687500,23.750000,23.750000,14.791043,63000
2000-02-04,23.625000,24.312500,23.625000,24.000000,14.946738,45000
2000-02-07,24.000000,24.000000,23.625000,23.687500,14.752121,31800
2000-02-08,23.937500,24.062500,23.250000,23.500000,14.635349,44300
2000-02-09,23.750000,24.375000,23.625000,24.187500,15.063510,152200
2000-02-10,24.500000,24.500000,24.125000,24.250000,15.102434,67100
2000-02-11,24.312500,24.750000,24.125000,24.375000,15.180280,63000
2000-02-14,24.500000,24.625000,24.125000,24.500000,15.258128,58900
2000-02-15,24.500000,24.812500,24.312500,24.312500,15.141357,63100
2000-02-16,24.437500,24.750000,24.375000,24.500000,15.258128,42000
2000-02-17,24.500000,24.687500,24.312500,24.437500,15.219206,27800
2000-02-18,24.312500,24.750000,24.250000,24.312500,15.141357,30100
2000-02-22,24.250000,24.437500,24.000000,24.125000,15.024586,80400
2000-02-23,24.375000,24.937500,24.375000,24.812500,15.452748,48300
2000-02-24,24.562500,24.562500,23.937500,24.000000,14.946738,70800
2000-02-25,24.250000,24.250000,23.937500,24.125000,15.024586,36800
2000-02-28,23.937500,24.125000,23.875000,23.937500,14.907815,72700
2000-02-29,24.000000,24.187500,23.937500,24.187500,15.063510,122300
2000-03-01,24.187500,24.187500,23.875000,24.000000,14.946738,83700
2000-03-02,24.062500,25.375000,24.062500,24.875000,15.491670,77500
2000-03-03,24.625000,24.937500,24.625000,24.812500,15.452748,29800
2000-03-06,24.437500,25.500000,24.375000,25.437500,15.841989,134900
2000-03-07,25.500000,25.750000,24.562500,24.687500,15.374896,64600
2000-03-08,24.750000,26.500000,24.625000,26.437500,16.464766,116800
2000-03-09,26.437500,26.500000,25.625000,26.000000,16.192299,98700
2000-03-10,26.250000,26.250000,25.500000,26.062500,16.231226,50800
2000-03-13,25.875000,26.187500,25.625000,26.187500,16.309074,54400
2000-03-14,26.187500,26.312500,25.750000,26.062500,16.231226,51000
2000-03-15,26.187500,27.812500,25.937500,26.875000,16.788765,150400
2000-03-16,27.000000,28.312500,27.000000,28.000000,17.491550,152400
2000-03-17,28.000000,28.250000,27.500000,28.250000,17.647726,80200
2000-03-20,28.250000,28.750000,27.937500,28.562500,17.842941,76400
2000-03-21,28.437500,29.250000,28.375000,28.687500,17.921032,120800
2000-03-22,28.562500,28.937500,28.312500,28.500000,17.803902,83800
2000-03-23,28.375000,28.875000,28.375000,28.625000,17.881985,60100
2000-03-24,28.312500,28.687500,28.312500,28.687500,17.921032,60000
2000-03-27,28.625000,28.937500,28.500000,28.625000,17.881985,64200
2000-03-28,28.562500,28.812500,28.250000,28.375000,17.725815,61100
2000-03-29,28.375000,28.500000,27.750000,28.000000,17.491550,173300
2000-03-30,28.125000,28.875000,28.062500,28.812500,17.999119,96400
2000-03-31,28.812500,29.000000,28.687500,28.937500,18.077209,79300
2000-04-03,28.937500,29.125000,28.875000,28.875000,18.038168,68400
2000-04-04,28.750000,29.000000,28.000000,28.562500,17.842941,55300
2000-04-05,28.187500,29.000000,28.187500,28.937500,18.077209,116300
2000-04-06,29.000000,29.000000,28.750000,28.875000,18.038168,61200
2000-04-07,28.625000,28.750000,28.250000,28.750000,17.960075,21100
2000-04-10,28.500000,29.000000,28.125000,28.125000,17.569641,53700
2000-04-11,28.687500,28.687500,28.125000,28.375000,17.725815,58700
2000-04-12,28.125000,29.000000,28.125000,28.812500,17.999119,38900
2000-04-13,29.062500,29.062500,28.375000,28.562500,17.842941,32500
2000-04-14,28.312500,28.562500,27.125000,27.375000,17.101112,77300
2000-04-17,27.250000,28.000000,26.750000,28.000000,17.491550,86400
2000-04-18,27.750000,27.875000,27.062500,27.437500,17.140162,39200
2000-04-19,27.625000,27.875000,27.125000,27.562500,17.218246,42500
2000-04-20,27.312500,29.000000,27.312500,28.687500,17.921032,60800
2000-04-24,28.875000,28.875000,28.500000,28.875000,18.038168,54900
2000-04-25,29.125000,29.125000,28.375000,28.625000,17.881985,75400
2000-04-26,28.875000,29.062500,28.625000,29.000000,18.116255,175800
2000-04-27,28.750000,29.000000,28.750000,28.812500,17.999119,29000
2000-04-28,28.937500,29.500000,28.812500,28.812500,17.999119,49600
2000-05-01,29.062500,30.000000,29.062500,29.500000,18.428600,71200
2000-05-02,29.750000,30.500000,29.750000,29.750000,18.584772,83900
2000-05-03,29.750000,29.750000,28.375000,28.375000,17.725815,87400
2000-05-04,28.625000,29.437500,28.562500,29.312500,18.311472,38600
2000-05-05,29.875000,29.875000,29.125000,29.187500,18.233381,36700
2000-05-08,29.875000,30.250000,29.375000,29.562500,18.467640,105100
2000-05-09,29.937500,30.125000,29.562500,29.875000,18.662861,76400
2000-05-10,29.875000,29.937500,29.312500,29.312500,18.311472,30000
2000-05-11,29.312500,30.250000,29.312500,29.562500,18.467640,66200
2000-05-12,29.625000,30.000000,29.375000,29.937500,18.701906,74900
2000-05-15,30.000000,30.000000,29.625000,29.875000,18.662861,64100
2000-05-16,30.125000,30.750000,29.812500,30.562500,19.092342,108900
2000-05-17,30.562500,30.750000,30.062500,30.375000,18.975216,120700
2000-05-18,30.125000,30.875000,29.750000,30.625000,19.131388,97800
2000-05-19,30.312500,30.625000,30.000000,30.312500,18.936167,80300
2000-05-22,30.312500,30.500000,29.875000,30.062500,18.779989,55700
2000-05-23,30.312500,30.500000,30.125000,30.312500,18.936167,70300
2000-05-24,30.250000,30.375000,29.750000,29.812500,18.623814,55200
2000-05-25,30.000000,30.187500,30.000000,30.000000,18.740946,56800
2000-05-26,30.000000,30.062500,29.750000,30.062500,18.779989,25300
2000-05-30,30.125000,30.125000,29.687500,29.750000,18.584772,74500
2000-05-31,30.000000,30.125000,29.875000,29.937500,18.701906,30800
2000-06-01,30.000000,30.312500,30.000000,30.312500,18.936167,79900
2000-06-02,30.375000,30.625000,30.250000,30.375000,18.975216,31500
2000-06-05,30.937500,31.000000,30.875000,30.875000,19.287561,78700
2000-06-06,30.750000,31.000000,30.562500,30.687500,19.170431,35200
2000-06-07,30.500000,31.375000,30.375000,31.187500,19.482780,105000
2000-06-08,31.187500,31.250000,31.000000,31.125000,19.443737,51800
2000-06-09,31.000000,31.125000,31.000000,31.000000,19.365644,73300
2000-06-12,30.750000,31.000000,30.500000,30.875000,19.287561,90700
2000-06-13,30.625000,30.750000,30.062500,30.125000,18.819035,33900
2000-06-14,30.000000,30.500000,30.000000,30.437500,19.014254,197000
2000-06-15,30.437500,30.437500,30.062500,30.250000,18.897121,35700
2000-06-16,30.125000,30.375000,30.062500,30.375000,18.975216,49800
2000-06-19,30.250000,30.312500,30.250000,30.312500,18.936167,25600
2000-06-20,30.250000,30.312500,30.125000,30.187500,18.858078,66000
2000-06-21,30.062500,30.250000,30.062500,30.187500,18.858078,46800
2000-06-22,30.062500,30.250000,30.000000,30.062500,18.779989,17600
2000-06-23,30.062500,30.250000,30.062500,30.125000,18.819035,21700
2000-06-26,30.250000,30.437500,30.125000,30.187500,18.858078,9300
2000-06-27,30.187500,30.312500,30.125000,30.125000,18.819035,21700
2000-06-28,30.125000,30.375000,30.125000,30.250000,18.897121,42200
2000-06-29,30.312500,30.875000,30.125000,30.687500,19.170431,20100
2000-06-30,30.875000,30.875000,30.000000,30.000000,18.740946,74800
2000-07-03,29.875000,30.125000,29.750000,30.000000,18.740946,24200
2000-07-05,30.750000,30.875000,29.812500,29.937500,18.701906,55100
2000-07-06,30.375000,30.375000,29.375000,29.687500,18.545727,97300
2000-07-07,29.937500,30.687500,29.687500,30.625000,19.131388,57600
2000-07-10,30.625000,30.875000,30.000000,30.187500,18.858078,49400
2000-07-11,30.187500,30.312500,30.000000,30.062500,18.779989,53700
2000-07-12,29.812500,30.187500,29.625000,30.062500,18.779989,45900
2000-07-13,30.125000,30.250000,29.562500,29.687500,18.545727,43900
2000-07-14,29.562500,29.937500,29.437500,29.562500,18.467640,39600
2000-07-17,29.500000,29.750000,29.500000,29.687500,18.545727,31600
2000-07-18,29.750000,29.750000,29.500000,29.750000,18.584772,37900
2000-07-19,30.000000,30.000000,29.500000,29.625000,18.506687,22900
2000-07-20,29.875000,29.937500,29.500000,29.687500,18.545727,42200
2000-07-21,29.625000,30.000000,29.625000,29.750000,18.584772,23500
2000-07-24,29.625000,29.750000,29.500000,29.750000,18.584772,60000
2000-07-25,29.750000,29.875000,28.750000,28.875000,18.038168,60600
2000-07-26,29.000000,29.250000,29.000000,29.125000,18.194338,44500
2000-07-27,29.375000,29.625000,29.125000,29.375000,18.350508,24700
2000-07-28,29.625000,29.687500,29.125000,29.375000,18.350508,49200
2000-07-31,29.312500,29.875000,29.312500,29.750000,18.584772,23400
2000-08-01,29.875000,30.000000,29.750000,29.875000,18.662861,51500
2000-08-02,29.812500,30.125000,29.625000,29.750000,18.584772,46900
2000-08-03,29.500000,29.687500,29.000000,29.500000,18.428600,57100
2000-08-04,28.750000,29.375000,28.750000,29.062500,18.155294,84300
2000-08-07,29.000000,29.687500,29.000000,29.125000,18.194338,36000
2000-08-08,29.000000,29.750000,28.812500,29.500000,18.428600,48000
2000-08-09,29.562500,30.125000,29.312500,29.875000,18.662861,43700
2000-08-10,29.750000,30.062500,29.750000,30.062500,18.779989,23300
2000-08-11,30.000000,30.375000,29.781250,30.250000,18.897121,22800
2000-08-14,30.250000,30.625000,30.125000,30.625000,19.131388,27200
2000-08-15,30.375000,30.375000,29.625000,29.875000,18.662861,41200
2000-08-16,29.875000,30.125000,29.625000,29.750000,18.584772,24200
2000-08-17,30.062500,30.062500,29.562500,29.937500,18.701906,17000
2000-08-18,29.687500,30.062500,29.625000,29.812500,18.623814,16400
2000-08-21,29.562500,29.750000,29.437500,29.625000,18.506687,29800
2000-08-22,29.625000,30.062500,29.625000,29.812500,18.623814,32100
2000-08-23,29.812500,29.812500,29.375000,29.375000,18.350508,76400
2000-08-24,29.375000,29.437500,29.250000,29.250000,18.272425,33100
2000-08-25,29.375000,29.437500,29.312500,29.375000,18.350508,28600
2000-08-28,29.125000,29.500000,29.125000,29.312500,18.311472,26800
2000-08-29,29.312500,29.437500,29.250000,29.250000,18.272425,64600
2000-08-30,29.250000,29.500000,29.062500,29.375000,18.350508,36200
2000-08-31,29.312500,29.375000,29.250000,29.312500,18.311472,35300
2000-09-01,29.250000,29.312500,29.250000,29.250000,18.272425,17700
2000-09-05,29.625000,29.625000,29.250000,29.375000,18.350508,27100
2000-09-06,29.625000,29.625000,29.250000,29.375000,18.350508,18000
2000-09-07,29.250000,29.875000,29.250000,29.687500,18.545727,49800
2000-09-08,29.687500,31.000000,29.500000,31.000000,19.365644,121500
2000-09-11,30.750000,31.000000,30.500000,30.625000,19.131388,56200
2000-09-12,30.562500,30.687500,29.000000,29.125000,18.194338,194900
2000-09-13,30.250000,30.250000,29.250000,29.875000,18.662861,69400
2000-09-14,29.937500,30.000000,29.875000,29.937500,18.701906,25500
2000-09-15,30.000000,30.000000,29.500000,29.500000,18.428600,27100
2000-09-18,29.000000,29.312500,29.000000,29.062500,18.155294,55300
2000-09-19,29.000000,30.000000,29.000000,29.750000,18.584772,60800
2000-09-20,29.750000,29.750000,29.125000,29.125000,18.194338,44400
2000-09-21,28.875000,29.250000,28.687500,28.875000,18.038168,54400
2000-09-22,28.750000,28.750000,28.062500,28.437500,17.764858,38600
2000-09-25,28.437500,28.437500,27.875000,27.875000,17.413462,32700
2000-09-26,27.750000,28.187500,27.312500,27.937500,17.452507,57800
2000-09-27,27.812500,27.937500,27.437500,27.875000,17.413462,36100
2000-09-28,27.625000,28.375000,27.437500,28.000000,17.491550,102600
2000-09-29,28.125000,28.125000,27.500000,27.750000,17.335377,62600
2000-10-02,27.875000,28.125000,27.250000,27.937500,17.452507,80900
2000-10-03,27.187500,28.062500,27.187500,27.875000,17.413462,66300
2000-10-04,28.000000,28.312500,27.875000,28.312500,17.686768,34700
2000-10-05,28.125000,28.250000,27.875000,28.000000,17.491550,93200
2000-10-06,27.875000,28.000000,27.812500,27.937500,17.452507,43700
2000-10-09,28.000000,28.000000,27.500000,28.000000,17.491550,53000
2000-10-10,18.625000,19.312500,18.500000,19.187500,18.030472,113800
2000-10-11,19.187500,19.437500,18.875000,18.937500,17.795546,69200
2000-10-12,18.937500,19.125000,18.625000,18.625000,17.501890,51400
2000-10-13,18.625000,18.875000,18.312500,18.812500,17.678083,74100
2000-10-16,19.062500,19.062500,18.687500,18.687500,17.560623,26100
2000-10-17,17.812500,18.250000,17.687500,17.937500,16.855844,91100
2000-10-18,17.937500,18.500000,17.937500,18.437500,17.325691,51400
2000-10-19,18.500000,19.437500,18.500000,19.250000,18.089197,43400
2000-10-20,19.500000,19.750000,19.062500,19.687500,18.500309,47400
2000-10-23,19.750000,20.687500,19.500000,20.500000,19.263823,82800
2000-10-24,20.250000,20.875000,20.125000,20.875000,19.616207,81400
2000-10-25,20.625000,20.875000,20.500000,20.562500,19.322552,59000
2000-10-26,20.312500,20.625000,19.875000,19.937500,18.735241,179800
2000-10-27,20.187500,20.312500,19.625000,20.187500,18.970165,64800
2000-10-30,20.312500,20.687500,20.125000,20.250000,19.028896,73200
2000-10-31,20.250000,20.250000,20.062500,20.187500,18.970165,93800
2000-11-01,20.000000,20.375000,20.000000,20.125000,18.911436,54700
2000-11-02,20.000000,20.125000,19.750000,20.000000,18.793976,79500
2000-11-03,20.000000,20.000000,19.875000,20.000000,18.793976,57600
2000-11-06,19.812500,20.000000,19.750000,20.000000,18.793976,52100
2000-11-07,20.250000,20.250000,19.937500,20.250000,19.028896,139900
2000-11-08,20.250000,20.250000,19.937500,20.000000,18.793976,104700
2000-11-09,20.000000,20.000000,19.500000,19.875000,18.676516,110800
2000-11-10,19.500000,20.000000,19.500000,20.000000,18.793976,130200
2000-11-13,19.375000,20.000000,19.375000,20.000000,18.793976,74000
2000-11-14,19.750000,20.000000,19.750000,20.000000,18.793976,159600
2000-11-15,20.000000,20.125000,19.937500,20.000000,18.793976,308700
2000-11-16,20.000000,20.000000,19.875000,20.000000,18.793976,218500
2000-11-17,19.750000,20.125000,19.750000,20.000000,18.793976,113800
2000-11-20,19.937500,20.000000,19.562500,19.812500,18.617783,107000
2000-11-21,19.812500,19.875000,19.750000,19.812500,18.617783,91700
2000-11-22,19.812500,20.000000,19.812500,19.937500,18.735241,100500
2000-11-24,19.937500,20.000000,19.937500,20.000000,18.793976,25200
2000-11-27,19.937500,20.000000,19.750000,20.000000,18.793976,134500
2000-11-28,19.937500,20.000000,19.875000,19.937500,18.735241,57200
2000-11-29,20.000000,20.000000,19.937500,20.000000,18.793976,72900
2000-11-30,20.000000,20.125000,19.750000,19.875000,18.676516,109300
2000-12-01,19.875000,20.062500,19.750000,19.937500,18.735241,75400
2000-12-04,20.187500,20.187500,19.687500,20.000000,18.793976,113100
2000-12-05,20.000000,20.250000,19.875000,20.000000,18.793976,137300
2000-12-06,20.000000,20.000000,19.812500,19.875000,18.676516,54900
2000-12-07,19.812500,20.000000,19.812500,20.000000,18.793976,85100
2000-12-08,20.125000,20.125000,19.812500,19.937500,18.735241,85600
2000-12-11,19.937500,20.000000,19.875000,20.000000,18.793976,120100
2000-12-12,19.937500,20.437500,19.937500,20.312500,19.087626,268000
2000-12-13,20.312500,20.312500,20.125000,20.250000,19.028896,34500
2000-12-14,20.187500,20.250000,20.000000,20.062500,18.852711,57900
2000-12-15,19.875000,20.250000,19.750000,19.750000,18.559050,105700
2000-12-18,19.187500,20.437500,19.187500,19.937500,18.735241,111700
2000-12-19,19.937500,20.687500,19.937500,20.375000,19.146362,66300
2000-12-20,20.375000,20.750000,20.250000,20.750000,19.498747,93700
2000-12-21,20.750000,21.375000,20.750000,21.062500,19.792408,113400
2000-12-22,20.875000,21.625000,20.875000,21.625000,20.320984,44600
2000-12-26,21.500000,22.000000,21.500000,22.000000,20.673372,54600
2000-12-27,21.875000,22.062500,21.750000,22.000000,20.673372,61900
2000-12-28,21.750000,22.062500,21.750000,22.000000,20.673372,80400
2000-12-29,21.875000,22.000000,21.875000,22.000000,20.673372,78800
2001-01-02,22.000000,22.062500,21.812500,21.937500,20.614639,114500
2001-01-03,21.687500,22.062500,21.687500,22.000000,20.673372,96100
2001-01-04,22.000000,22.875000,22.000000,22.562500,21.201956,148400
2001-01-05,22.375000,22.750000,22.187500,22.187500,20.849562,123500
2001-01-08,22.437500,22.437500,22.125000,22.250000,20.908295,101400
2001-01-09,22.437500,22.437500,22.000000,22.125000,20.790829,90800
2001-01-10,21.875000,22.187500,21.875000,22.000000,20.673372,53000
2001-01-11,22.250000,22.250000,22.000000,22.250000,20.908295,50400
2001-01-12,22.250000,22.250000,22.000000,22.062500,20.732103,52100
2001-01-16,22.187500,22.375000,22.125000,22.312500,20.967026,174000
2001-01-17,22.500000,22.500000,22.125000,22.187500,20.849562,55600
2001-01-18,22.250000,22.375000,22.125000,22.250000,20.908295,104100
2001-01-19,22.437500,22.500000,22.187500,22.187500,20.849562,106600
2001-01-22,22.437500,22.437500,22.125000,22.125000,20.790829,124300
2001-01-23,22.187500,22.250000,22.062500,22.125000,20.790829,63400
2001-01-24,22.187500,22.250000,22.062500,22.250000,20.908295,85600
2001-01-25,22.250000,22.250000,22.062500,22.062500,20.732103,35700
2001-01-26,22.125000,22.187500,21.875000,22.000000,20.673372,48300
2001-01-29,22.000000,22.100000,21.889999,21.950001,20.626387,39700
2001-01-30,21.950001,22.240000,21.799999,22.139999,20.804924,47100
2001-01-31,22.389999,22.389999,21.850000,22.000000,20.673372,89700
2001-02-01,21.850000,22.340000,21.850000,22.299999,20.955280,63900
2001-02-02,22.490000,22.719999,22.200001,22.350000,21.002266,94900
2001-02-05,22.100000,22.730000,22.100000,22.350000,21.002266,49200
2001-02-06,22.600000,22.799999,22.490000,22.590000,21.227795,37900
2001-02-07,22.500000,23.090000,22.330000,22.650000,21.284176,59700
2001-02-08,22.850000,23.200001,22.600000,22.690001,21.321762,81300
2001-02-09,22.879999,22.950001,22.549999,22.799999,21.425127,100500
2001-02-12,22.799999,22.950001,22.540001,22.770000,21.396936,333700
2001-02-13,22.799999,22.930000,22.750000,22.900000,21.519102,264900
2001-02-14,22.980000,23.540001,22.750000,23.139999,21.744623,61100
2001-02-15,23.200001,23.500000,23.200001,23.500000,22.082918,87200
2001-02-16,23.520000,23.660000,23.150000,23.420000,22.007742,474500
2001-02-20,23.670000,23.850000,23.500000,23.530001,22.111111,64400
2001-02-21,23.780001,23.850000,23.129999,23.139999,21.744623,98500
2001-02-22,23.250000,23.469999,22.990000,23.030001,21.641260,96700
2001-02-23,23.090000,23.420000,22.700001,23.000000,21.613071,72500
2001-02-26,23.090000,23.299999,23.020000,23.230000,21.829205,105000
2001-02-27,23.350000,23.350000,23.049999,23.150000,21.754021,76100
2001-02-28,23.100000,23.200001,22.870001,22.940001,21.556686,90000
2001-03-01,22.850000,22.950001,22.760000,22.830000,21.453321,59900
2001-03-02,22.950001,23.000000,22.799999,22.870001,21.490913,102200
2001-03-05,23.000000,23.200001,22.799999,22.840000,21.462717,94600
2001-03-06,22.500000,23.000000,22.500000,22.840000,21.462717,91300
2001-03-07,22.850000,22.850000,22.410000,22.709999,21.340559,101500
2001-03-08,22.600000,22.830000,22.450001,22.580000,21.218397,96700
2001-03-09,22.600000,22.809999,22.299999,22.450001,21.096235,82900
2001-03-12,22.549999,22.650000,22.150000,22.170000,20.833120,73700
2001-03-13,22.200001,22.299999,21.549999,21.670000,20.363268,74900
2001-03-14,21.500000,21.700001,20.969999,21.070000,19.872810,108100
2001-03-15,21.090000,21.540001,20.900000,21.500000,20.278383,126600
2001-03-16,21.500000,21.530001,21.000000,21.150000,19.948269,129600
2001-03-19,21.250000,21.740000,21.200001,21.580000,20.353838,191400
2001-03-20,21.549999,22.200001,21.549999,21.680000,20.448158,183800
2001-03-21,21.690001,21.750000,21.309999,21.450001,20.231224,146700
2001-03-22,21.360001,21.500000,21.000000,21.230000,20.023726,92700
2001-03-23,21.250000,21.620001,21.250000,21.510000,20.287815,51600
2001-03-26,21.350000,22.150000,21.350000,21.950001,20.702814,51500
2001-03-27,21.700001,22.480000,21.650000,22.280001,21.014065,69900
2001-03-28,22.100000,22.260000,21.850000,22.209999,20.948042,89300
2001-03-29,22.100000,22.660000,22.100000,22.490000,21.212132,50900
2001-03-30,22.600000,23.150000,22.500000,22.809999,21.513950,101600
2001-04-02,22.900000,23.250000,22.760000,22.930000,21.627134,82100
2001-04-03,22.799999,22.799999,22.250000,22.549999,21.268728,74800
2001-04-04,22.889999,22.950001,22.299999,22.410000,21.136677,96300
2001-04-05,22.299999,22.860001,22.299999,22.840000,21.542248,75300
2001-04-06,22.750000,22.760000,22.000000,22.139999,20.882017,75300
2001-04-09,22.049999,22.500000,22.049999,22.299999,21.032927,44700
2001-04-10,22.250000,23.240000,22.250000,23.030001,21.721455,60000
2001-04-11,23.010000,23.030001,22.580000,22.719999,21.429066,45700
2001-04-12,22.750000,23.090000,22.670000,23.080000,21.768612,37900
2001-04-16,23.000000,23.150000,22.730000,23.000000,21.693155,56500
2001-04-17,23.030001,23.100000,22.670000,22.969999,21.664858,58500
2001-04-18,22.900000,23.250000,22.760000,23.090000,21.778048,103100
2001-04-19,23.049999,23.500000,22.750000,23.350000,22.023268,74300
2001-04-20,23.490000,23.750000,23.330000,23.520000,22.183611,76100
2001-04-23,23.299999,23.490000,23.200001,23.440001,22.108158,44300
2001-04-24,23.350000,24.070000,23.290001,23.600000,22.259068,92800
2001-04-25,23.700001,24.110001,23.700001,23.930000,22.570316,63900
2001-04-26,23.930000,24.000000,23.660000,23.879999,22.523157,62900
2001-04-27,23.990000,24.350000,23.750000,24.350000,22.966448,56100
2001-04-30,25.000000,25.000000,24.500000,24.590000,23.192812,56900
2001-05-01,24.500000,24.520000,24.020000,24.309999,22.928720,105500
2001-05-02,24.400000,24.549999,24.129999,24.400000,23.013609,87800
2001-05-03,24.400000,24.830000,24.400000,24.799999,23.390877,80800
2001-05-04,24.700001,24.910000,24.610001,24.709999,23.305994,54900
2001-05-07,24.799999,25.850000,24.799999,25.139999,23.711561,104300
2001-05-08,25.250000,25.350000,24.860001,24.870001,23.456900,53200
2001-05-09,24.870001,25.299999,24.799999,25.129999,23.702124,242100
2001-05-10,25.059999,25.270000,25.059999,25.139999,23.711561,63000
2001-05-11,25.000000,25.100000,24.840000,25.000000,23.579521,53500
2001-05-14,24.900000,25.000000,24.799999,25.000000,23.579521,61400
2001-05-15,25.000000,25.219999,24.740000,25.000000,23.579521,67600
2001-05-16,25.219999,25.500000,24.889999,25.500000,24.051105,92200
2001-05-17,25.650000,26.150000,25.459999,26.150000,24.664175,75100
2001-05-18,26.250000,26.260000,25.750000,25.959999,24.484970,142300
2001-05-21,25.900000,25.969999,25.750000,25.870001,24.400085,45500
2001-05-22,25.889999,25.889999,25.530001,25.740000,24.277468,112200
2001-05-23,25.770000,25.889999,25.750000,25.770000,24.305773,117800
2001-05-24,25.770000,25.889999,25.510000,25.590000,24.135992,133600
2001-05-25,25.840000,25.889999,25.620001,25.700001,24.239742,63400
2001-05-29,25.700001,25.750000,25.620001,25.700001,24.239742,66900
2001-05-30,25.600000,25.690001,25.299999,25.440001,23.994520,61500
2001-05-31,25.440001,25.889999,25.440001,25.889999,24.418945,117600
2001-06-01,25.889999,26.360001,25.760000,26.250000,24.758492,60900
2001-06-04,26.000000,26.360001,25.860001,26.360001,24.862244,40900
2001-06-05,26.360001,26.400000,26.209999,26.400000,24.899967,80000
2001-06-06,26.900000,26.940001,26.700001,26.740000,25.220654,68600
2001-06-07,26.740000,27.200001,26.610001,27.000000,25.465878,66900
2001-06-08,26.900000,27.000000,26.870001,26.910000,25.380995,36700
2001-06-11,26.920000,27.200001,26.770000,26.780001,25.258381,105200
2001-06-12,26.600000,26.990000,26.430000,26.969999,25.437584,62700
2001-06-13,26.750000,26.959999,26.690001,26.860001,25.333836,46800
2001-06-14,26.889999,26.889999,26.620001,26.620001,25.107473,33300
2001-06-15,26.500000,26.730000,26.010000,26.020000,24.541563,116200
2001-06-18,26.030001,26.600000,26.030001,26.410000,24.909401,47100
2001-06-19,26.410000,26.620001,26.010000,26.299999,24.805651,46800
2001-06-20,26.250000,26.549999,26.219999,26.500000,24.994289,62500
2001-06-21,26.750000,26.920000,26.600000,26.900000,25.371563,31600
2001-06-22,26.850000,26.850000,26.650000,26.770000,25.248945,41700
2001-06-25,26.900000,26.950001,26.610001,26.610001,25.098042,27800
2001-06-26,26.400000,26.540001,26.049999,26.480000,24.975422,59300
2001-06-27,26.480000,27.000000,26.299999,26.920000,25.390419,92400
2001-06-28,26.930000,26.950001,26.670000,26.900000,25.371563,36800
2001-06-29,26.900000,26.900000,26.700001,26.889999,25.362127,79500
2001-07-02,26.889999,26.900000,26.850000,26.900000,25.371563,68400
2001-07-03,26.900000,26.930000,26.879999,26.930000,25.399855,33200
2001-07-05,26.940001,27.100000,26.750000,27.020000,25.484739,36600
2001-07-06,27.250000,27.250000,26.690001,26.799999,25.277241,45900
2001-07-09,26.700001,26.750000,26.420000,26.540001,25.032015,47800
2001-07-10,26.650000,27.000000,26.610001,26.660000,25.145195,38400
2001-07-11,26.799999,26.860001,26.600000,26.629999,25.116905,37400
2001-07-12,26.700001,26.940001,26.670000,26.850000,25.324402,21900
2001-07-13,26.600000,26.900000,26.549999,26.850000,25.324402,27000
2001-07-16,26.850000,27.250000,26.850000,27.170000,25.626223,29100
2001-07-17,27.180000,27.420000,26.700001,27.000000,25.465878,64300
2001-07-18,27.250000,28.850000,27.250000,28.820000,27.182465,151900
2001-07-19,29.000000,29.750000,28.900000,29.549999,27.870989,79100
2001-07-20,29.500000,29.730000,28.799999,28.969999,27.323940,67900
2001-07-23,29.150000,29.450001,28.950001,29.000000,27.352238,50500
2001-07-24,29.010000,29.360001,28.500000,28.520000,26.899511,55900
2001-07-25,28.500000,29.309999,28.420000,29.170000,27.512581,48100
2001-07-26,29.170000,29.700001,29.000000,29.400000,27.729507,41400
2001-07-27,29.410000,29.590000,29.049999,29.400000,27.729507,37900
2001-07-30,29.360001,29.549999,29.270000,29.270000,27.606897,49900
2001-07-31,29.250000,29.530001,29.200001,29.450001,27.776669,81300
2001-08-01,29.250000,29.500000,29.250000,29.320000,27.654055,52300
2001-08-02,29.450001,29.450001,29.010000,29.240000,27.578604,50800
2001-08-03,29.340000,29.340000,29.160000,29.240000,27.578604,28400
2001-08-06,29.200001,29.340000,28.950001,28.980000,27.333376,32000
2001-08-07,28.900000,28.980000,28.600000,28.719999,27.088150,50600
2001-08-08,28.719999,28.930000,28.580000,28.610001,26.984398,57800
2001-08-09,28.680000,28.830000,28.400000,28.740000,27.107014,131400
2001-08-10,28.750000,28.850000,28.500000,28.740000,27.107014,76100
2001-08-13,28.650000,28.650000,28.049999,28.290001,26.682583,57600
2001-08-14,28.400000,28.690001,28.290001,28.400000,26.786333,186900
2001-08-15,28.450001,28.540001,28.200001,28.400000,26.786333,57500
2001-08-16,28.299999,28.400000,28.000000,28.370001,26.758036,97300
2001-08-17,28.150000,28.320000,28.129999,28.290001,26.682583,44400
2001-08-20,28.290001,28.290001,27.799999,28.139999,26.541101,116500
2001-08-21,28.190001,28.190001,27.719999,27.990000,26.399630,87800
2001-08-22,28.049999,28.090000,27.809999,27.990000,26.399630,193400
2001-08-23,28.090000,28.139999,27.980000,28.020000,26.427921,84400
2001-08-24,28.090000,28.150000,28.000000,28.080000,26.484512,72300
2001-08-27,28.150000,28.150000,27.959999,28.000000,26.409058,43900
2001-08-28,28.049999,28.090000,27.799999,27.870001,26.286448,24900
2001-08-29,27.990000,28.080000,27.240000,27.240000,25.692244,68600
2001-08-30,27.100000,27.469999,27.010000,27.100000,25.560198,46400
2001-08-31,27.010000,27.500000,27.010000,27.250000,25.701674,54500
2001-09-04,27.250000,27.830000,27.200001,27.830000,26.248720,54600
2001-09-05,27.770000,27.770000,27.280001,27.570000,26.003490,30200
2001-09-06,27.650000,27.740000,27.350000,27.350000,25.795992,34100
2001-09-07,27.250000,27.450001,27.000000,27.049999,25.513035,44100
2001-09-10,27.000000,27.350000,27.000000,27.000000,25.465878,62500
2001-09-17,26.500000,26.500000,25.330000,25.330000,23.890766,148000
2001-09-18,25.500000,26.480000,25.500000,26.350000,24.852810,52400
2001-09-19,26.350000,26.450001,24.600000,24.950001,23.532360,100700
2001-09-20,25.000000,25.200001,24.100000,24.100000,22.730658,62700
2001-09-21,23.500000,23.850000,23.000000,23.120001,21.806339,174300
2001-09-24,23.120001,24.350000,23.120001,24.120001,22.749516,129100
2001-09-25,24.370001,24.889999,24.000000,24.850000,23.438040,81900
2001-09-26,25.100000,25.100000,24.080000,24.150000,22.777809,61300
2001-09-27,24.299999,25.030001,24.059999,25.030001,23.607813,57200
2001-09-28,24.900000,26.000000,24.900000,25.850000,24.381224,89000
2001-10-01,26.049999,26.049999,25.000000,25.030001,23.607813,51400
2001-10-02,25.150000,25.680000,25.129999,25.490000,24.041677,41800
2001-10-03,25.549999,25.670000,24.950001,25.120001,23.692701,65100
2001-10-04,25.200001,25.340000,24.950001,24.950001,23.532360,31600
2001-10-05,25.750000,25.750000,24.700001,24.850000,23.438040,65900
2001-10-08,24.750000,25.150000,24.629999,25.120001,23.692701,78200
2001-10-09,25.000000,26.250000,24.700001,25.410000,23.966221,67100
2001-10-10,25.410000,25.950001,25.080000,25.700001,24.239742,43400
2001-10-11,25.799999,25.900000,25.500000,25.770000,24.305773,41800
2001-10-12,25.770000,25.799999,25.070000,25.549999,24.098265,26300
2001-10-15,25.500000,25.559999,25.230000,25.549999,24.098265,13600
2001-10-16,25.400000,25.400000,24.520000,25.170000,23.739851,43900
2001-10-17,25.000000,25.920000,24.700001,25.809999,24.343496,98100
2001-10-18,25.500000,25.639999,25.049999,25.160000,23.730425,113600
2001-10-19,25.170000,25.500000,25.170000,25.330000,23.890766,44700
2001-10-22,25.250000,25.379999,25.010000,25.160000,23.730425,30800
2001-10-23,25.160000,25.430000,25.139999,25.170000,23.739851,49000
2001-10-24,25.000000,25.200001,24.799999,25.020000,23.598381,50400
2001-10-25,24.950001,25.250000,24.760000,25.000000,23.579521,98400
2001-10-26,25.000000,25.740000,25.000000,25.530001,24.079403,46000
2001-10-29,25.330000,25.850000,25.080000,25.360001,23.919062,62500
2001-10-30,25.299999,25.950001,25.160000,25.330000,23.890766,86700
2001-10-31,25.340000,25.900000,25.340000,25.740000,24.277468,65100
2001-11-01,25.740000,25.990000,25.629999,25.870001,24.400085,54500
2001-11-02,25.920000,25.980000,25.629999,25.799999,24.334059,52800
2001-11-05,25.950001,26.000000,25.900000,26.000000,24.522696,61200
2001-11-06,25.799999,26.240000,25.799999,26.240000,24.749056,120400
2001-11-07,25.990000,26.330000,25.990000,26.129999,24.645309,30400
2001-11-08,25.250000,26.129999,25.250000,26.090000,24.607582,121900
2001-11-09,26.040001,26.180000,25.600000,26.139999,24.654739,45600
2001-11-12,26.030001,26.200001,25.700001,26.180000,24.692471,30600
2001-11-13,26.100000,26.600000,26.100000,26.549999,25.041447,62200
2001-11-14,26.549999,26.900000,26.530001,26.799999,25.277241,75400
2001-11-15,26.200001,26.950001,26.200001,26.870001,25.343269,54200
2001-11-16,26.700001,27.100000,26.500000,27.059999,25.522467,42300
2001-11-19,27.100000,27.100000,26.700001,27.000000,25.465878,41900
2001-11-20,26.799999,26.969999,26.750000,26.799999,25.277241,59100
2001-11-21,26.900000,27.000000,26.650000,26.790001,25.267817,54600
2001-11-23,26.700001,27.030001,26.639999,27.000000,25.465878,27900
2001-11-26,26.750000,27.000000,26.750000,26.799999,25.277241,62100
2001-11-27,26.900000,26.959999,26.570000,26.620001,25.107473,42500
2001-11-28,26.600000,27.230000,26.570000,27.209999,25.663944,87500
2001-11-29,27.100000,27.150000,26.920000,27.120001,25.579058,38400
2001-11-30,27.049999,27.250000,27.000000,27.110001,25.569630,271100
2001-12-03,27.000000,27.200001,26.510000,26.910000,25.380995,60700
2001-12-04,26.850000,27.250000,26.850000,27.230000,25.682812,97400
2001-12-05,27.129999,27.959999,27.059999,27.889999,26.305307,100800
2001-12-06,27.799999,28.100000,27.500000,28.000000,26.409058,79100
2001-12-07,28.000000,28.059999,27.750000,27.980000,26.390194,49000
2001-12-10,27.900000,28.040001,27.540001,27.610001,26.041214,46800
2001-12-11,27.610001,27.900000,27.600000,27.670000,26.097813,36300
2001-12-12,27.490000,27.530001,27.180000,27.180000,25.635653,69100
2001-12-13,27.240000,27.809999,27.240000,27.379999,25.824291,167400
2001-12-14,27.379999,27.549999,27.299999,27.350000,25.795992,69800
2001-12-17,27.250000,27.830000,27.250000,27.799999,26.220421,64700
2001-12-18,27.820000,28.309999,27.000000,27.000000,25.465878,140000
2001-12-19,27.500000,28.309999,27.450001,28.020000,26.427921,84400
2001-12-20,27.950001,27.950001,27.510000,27.760000,26.182695,30700
2001-12-21,27.760000,27.760000,27.270000,27.559999,25.994053,46600
2001-12-24,27.760000,27.940001,27.350000,27.850000,26.267582,26400
2001-12-26,27.950001,28.250000,27.520000,28.030001,26.437353,39400
2001-12-27,28.000000,28.080000,27.260000,27.410000,25.852581,52500
2001-12-28,27.260000,27.990000,27.000000,27.930000,26.343037,75400
2001-12-31,27.799999,28.080000,27.530001,27.750000,26.173265,48200
2002-01-02,27.850000,27.850000,27.200001,27.299999,25.748831,54200
2002-01-03,27.400000,27.639999,27.299999,27.549999,25.984627,52200
2002-01-04,28.000000,28.490000,27.559999,28.200001,26.597698,103900
2002-01-07,28.250000,28.650000,28.250000,28.250000,26.644854,42000
2002-01-08,28.250000,28.260000,27.910000,28.020000,26.427921,47300
2002-01-09,28.010000,28.400000,28.000000,28.010000,26.418493,57100
2002-01-10,28.240000,28.240000,28.000000,28.000000,26.409058,54800
2002-01-11,28.000000,28.049999,27.750000,27.850000,26.267582,53300
2002-01-14,27.809999,27.850000,27.590000,27.650000,26.078943,38800
2002-01-15,27.510000,28.139999,27.510000,28.030001,26.437353,54400
2002-01-16,28.000000,28.240000,27.770000,28.000000,26.409058,52100
2002-01-17,28.010000,28.010000,27.700001,27.879999,26.295876,111100
2002-01-18,27.879999,28.010000,27.830000,28.010000,26.418493,71100
2002-01-22,28.010000,28.100000,27.940001,28.020000,26.427921,56200
2002-01-23,28.000000,28.200001,28.000000,28.100000,26.503376,100800
2002-01-24,28.250000,28.500000,28.010000,28.370001,26.758036,66800
2002-01-25,28.299999,28.590000,28.170000,28.459999,26.842918,51900
2002-01-28,28.600000,29.049999,28.330000,28.820000,27.182465,105300
2002-01-29,28.900000,28.990000,28.650000,28.920000,27.276785,63100
2002-01-30,28.799999,28.889999,28.299999,28.600000,26.974966,67200
2002-01-31,28.730000,28.850000,28.250000,28.850000,27.210762,52000
2002-02-01,28.850000,28.850000,28.379999,28.790001,27.154173,40800
2002-02-04,28.799999,28.840000,28.650000,28.750000,27.116446,30800
2002-02-05,28.650000,28.719999,28.500000,28.520000,26.899511,40000
2002-02-06,28.780001,28.780001,28.209999,28.299999,26.692011,41400
2002-02-07,28.340000,28.350000,28.000000,28.010000,26.418493,42900
2002-02-08,28.000000,28.160000,28.000000,28.160000,26.559973,114100
2002-02-11,28.250000,28.600000,28.150000,28.559999,26.937235,64200
2002-02-12,28.350000,28.590000,28.350000,28.510000,26.890083,46200
2002-02-13,28.500000,28.590000,28.260000,28.490000,26.871212,48300
2002-02-14,28.500000,28.549999,28.379999,28.420000,26.805193,76400
2002-02-15,28.450001,28.450001,28.240000,28.400000,26.786333,63700
2002-02-19,28.450001,28.600000,28.350000,28.500000,26.880653,47100
2002-02-20,28.500000,28.549999,28.000000,28.290001,26.682583,46700
2002-02-21,28.350000,28.410000,28.049999,28.049999,26.456221,29300
2002-02-22,28.049999,28.180000,28.000000,28.100000,26.503376,39400
2002-02-25,28.150000,28.350000,28.020000,28.260000,26.654285,112400
2002-02-26,28.270000,28.420000,28.270000,28.389999,26.776894,84600
2002-02-27,28.299999,28.750000,28.250000,28.700001,27.069286,90600
2002-02-28,28.650000,28.850000,28.549999,28.700001,27.069286,56800
2002-03-01,28.750000,28.900000,28.700001,28.889999,27.248487,116100
2002-03-04,28.900000,29.000000,28.850000,29.000000,27.352238,141300
2002-03-05,29.000000,29.250000,28.900000,29.090000,27.437130,59600
2002-03-06,29.250000,29.250000,29.000000,29.150000,27.493717,130200
2002-03-07,29.230000,30.000000,29.219999,29.879999,28.182241,121800
2002-03-08,29.700001,29.700001,28.950001,29.000000,27.352238,100300
2002-03-11,29.000000,29.170000,28.700001,28.820000,27.182465,114900
2002-03-12,28.900000,29.100000,28.400000,28.940001,27.295649,106900
2002-03-13,28.850000,28.940001,28.500000,28.639999,27.087572,44500
2002-03-14,28.549999,28.990000,28.450001,28.830000,27.267271,62000
2002-03-15,28.790001,28.969999,28.740000,28.750000,27.191612,53600
2002-03-18,28.760000,29.049999,28.650000,28.920000,27.352396,119200
2002-03-19,28.900000,29.000000,28.799999,28.950001,27.380770,65500
2002-03-20,28.950001,28.950001,28.719999,28.750000,27.191612,81300
2002-03-21,28.850000,29.000000,28.770000,28.980000,27.409143,79700
2002-03-22,28.980000,29.549999,28.770000,29.370001,27.778004,83500
2002-03-25,29.370001,29.500000,29.230000,29.250000,27.664507,86100
2002-03-26,29.100000,29.540001,29.010000,29.389999,27.796921,74900
2002-03-27,29.450001,29.900000,29.379999,29.900000,28.279274,57500
2002-03-28,29.850000,30.000000,29.780001,30.000000,28.373854,86800
2002-04-01,30.000000,30.000000,29.830000,29.980000,28.354942,66600
2002-04-02,29.950001,30.100000,29.750000,29.969999,28.345478,82200
2002-04-03,29.969999,29.969999,29.100000,29.340000,27.749630,87100
2002-04-04,29.350000,29.620001,29.120001,29.600000,27.995537,41100
2002-04-05,29.510000,29.990000,29.400000,29.990000,28.364395,27300
2002-04-08,29.990000,29.990000,29.370001,29.950001,28.326563,33600
2002-04-09,29.980000,30.000000,29.879999,30.000000,28.373854,79700
2002-04-10,30.000000,30.209999,29.650000,30.180000,28.544098,70800
2002-04-11,30.000000,30.170000,29.879999,30.150000,28.515724,58400
2002-04-12,30.240000,30.700001,30.090000,30.700001,29.035912,107500
2002-04-15,30.450001,30.850000,30.299999,30.780001,29.111576,47400
2002-04-16,30.750000,30.750000,30.549999,30.610001,28.950788,26700
2002-04-17,30.660000,30.680000,30.500000,30.600000,28.941334,43900
2002-04-18,30.400000,30.690001,30.010000,30.049999,28.421143,89600
2002-04-19,30.049999,30.600000,29.969999,30.520000,28.865669,106100
2002-04-22,30.590000,30.600000,30.260000,30.410000,28.761637,34800
2002-04-23,30.480000,30.570000,30.150000,30.299999,28.657595,43400
2002-04-24,30.299999,30.930000,30.260000,30.280001,28.638683,118500
2002-04-25,30.280001,31.330000,30.280001,31.250000,29.556101,132400
2002-04-26,31.000000,31.200001,30.510000,30.549999,28.894043,93400
2002-04-29,30.590000,30.600000,30.340000,30.500000,28.846752,39500
2002-04-30,30.500000,30.879999,30.400000,30.750000,29.083199,71400
2002-05-01,30.900000,31.000000,30.730000,31.000000,29.319651,46900
2002-05-02,30.900000,31.260000,30.900000,31.260000,29.565556,73000
2002-05-03,31.510000,32.680000,31.410000,32.119999,30.378941,156700
2002-05-06,32.150002,32.520000,31.629999,31.820000,30.095200,96000
2002-05-07,31.900000,32.180000,31.750000,31.770000,30.047911,41900
2002-05-08,31.650000,31.900000,31.450001,31.799999,30.076283,60800
2002-05-09,31.600000,31.709999,31.389999,31.490000,29.783094,54200
2002-05-10,31.549999,31.549999,30.750000,31.200001,29.508808,42100
2002-05-13,31.750000,31.750000,30.680000,31.100000,29.414227,48800
2002-05-14,31.049999,31.980000,31.049999,31.900000,30.170862,87600
2002-05-15,31.700001,32.500000,31.600000,32.450001,30.691057,136900
2002-05-16,32.349998,33.650002,32.000000,33.080002,31.286909,190700
2002-05-17,33.330002,33.369999,33.009998,33.259998,31.457142,110400
2002-05-20,33.490002,33.599998,33.000000,33.520000,31.703043,98500
2002-05-21,33.619999,33.740002,33.520000,33.650002,31.826002,96600
2002-05-22,33.689999,33.700001,33.029999,33.349998,31.542263,70100
2002-05-23,33.299999,33.500000,33.099998,33.439999,31.627382,37500
2002-05-24,33.189999,33.400002,32.980000,33.040001,31.249073,99600
2002-05-28,33.090000,33.110001,32.299999,32.869999,31.088285,70700
2002-05-29,32.619999,32.849998,31.500000,32.130001,30.388397,156500
2002-05-30,32.299999,32.400002,31.809999,32.400002,30.643764,69000
2002-05-31,32.500000,32.500000,32.009998,32.009998,30.274902,44300
2002-06-03,31.809999,31.889999,30.969999,31.020000,29.338564,110700
2002-06-04,30.950001,31.150000,30.400000,30.850000,29.177786,72300
2002-06-05,30.900000,31.340000,30.770000,31.299999,29.603386,33100
2002-06-06,31.650000,31.719999,31.150000,31.299999,29.603386,101200
2002-06-07,30.900000,31.650000,30.500000,31.490000,29.783094,56900
2002-06-10,31.290001,31.520000,30.969999,31.100000,29.414227,59500
2002-06-11,31.100000,31.350000,30.480000,30.500000,28.846752,76500
2002-06-12,30.700001,30.700001,30.250000,30.490000,28.837294,54800
2002-06-13,30.400000,30.540001,29.600000,30.100000,28.468435,203000
2002-06-14,30.000000,30.299999,29.100000,30.080000,28.449520,165100
2002-06-17,30.100000,30.360001,29.500000,29.520000,27.919874,271700
2002-06-18,29.350000,29.750000,29.250000,29.430000,27.834753,1260800
2002-06-19,29.370001,29.900000,29.370001,29.600000,27.995537,262800
2002-06-20,29.950001,30.700001,29.780001,30.389999,28.742716,269300
2002-06-21,29.750000,29.990000,29.450001,29.950001,28.326563,381400
2002-06-24,29.700001,29.990000,29.500000,29.709999,28.099573,272000
2002-06-25,29.650000,30.290001,29.650000,30.030001,28.402229,293600
2002-06-26,29.600000,30.139999,29.600000,30.049999,28.421143,199400
2002-06-27,30.150000,30.520000,30.010000,30.520000,28.865669,146600
2002-06-28,30.299999,30.520000,30.020000,30.020000,28.392771,253100
2002-07-01,30.049999,30.730000,30.049999,30.260000,28.619766,126700
2002-07-02,30.080000,30.190001,29.750000,29.799999,28.184698,317400
2002-07-03,29.750000,30.080000,29.350000,29.879999,28.260363,303000
2002-07-05,29.950001,30.190001,29.900000,29.980000,28.354942,103300
2002-07-08,29.950001,30.850000,29.600000,30.299999,28.657595,255000
2002-07-09,30.400000,30.590000,30.280001,30.330000,28.685968,201100
2002-07-10,30.250000,30.280001,29.330000,29.450001,27.853666,123700
2002-07-11,29.450001,29.500000,28.750000,29.000000,27.428059,224400
2002-07-12,29.150000,29.490000,28.900000,28.920000,27.352396,124800
2002-07-15,28.900000,28.950001,27.500000,28.950001,27.380770,351500
2002-07-16,28.700001,28.940001,27.700001,28.100000,26.576843,233800
2002-07-17,28.100000,28.549999,27.910000,28.200001,26.671427,132600
2002-07-18,28.200001,28.420000,27.299999,27.600000,26.103947,135700
2002-07-19,27.600000,27.600000,26.500000,27.200001,25.725634,379800
2002-07-22,27.150000,27.330000,24.600000,25.090000,23.730000,338200
2002-07-23,25.150000,25.799999,24.350000,25.740000,24.344765,521100
2002-07-24,25.900000,26.730000,24.750000,26.719999,25.271645,303500
2002-07-25,26.650000,28.340000,26.400000,27.490000,25.999908,213900
2002-07-26,27.000000,27.990000,26.400000,26.959999,25.498634,222600
2002-07-29,27.150000,28.500000,27.150000,28.500000,26.955166,90100
2002-07-30,28.000000,28.500000,27.250000,28.209999,26.680887,246800
2002-07-31,28.100000,28.510000,27.799999,28.500000,26.955166,120000
2002-08-01,28.000000,28.440001,28.000000,28.120001,26.595760,145600
2002-08-02,28.000000,28.219999,27.230000,27.440001,25.952616,107200
2002-08-05,27.299999,27.450001,26.600000,26.950001,25.489182,93400
2002-08-06,27.100000,28.270000,27.100000,27.770000,26.264730,170400
2002-08-07,27.799999,28.400000,26.879999,27.260000,25.782375,214000
2002-08-08,27.260000,28.520000,27.260000,28.350000,26.813292,123300
2002-08-09,28.600000,28.700001,28.150000,28.290001,26.756548,66000
2002-08-12,28.500000,29.020000,28.500000,28.990000,27.418598,119800
2002-08-13,28.969999,29.170000,28.500000,28.629999,27.078110,101100
2002-08-14,28.639999,28.870001,28.100000,28.730000,27.172693,89800
2002-08-15,28.750000,29.059999,28.650000,29.059999,27.484806,173200
2002-08-16,28.950001,29.090000,28.780001,29.000000,27.428059,132000
2002-08-19,29.000000,29.020000,28.600000,28.840000,27.276730,94500
2002-08-20,28.799999,28.799999,28.290001,28.370001,26.832209,109700
2002-08-21,28.370001,29.400000,28.160000,29.049999,27.475349,279600
2002-08-22,29.150000,29.400000,28.879999,29.100000,27.522640,115600
2002-08-23,29.100000,29.180000,28.879999,28.950001,27.380770,115000
2002-08-26,28.799999,28.990000,28.760000,28.900000,27.333479,95000
2002-08-27,28.900000,29.139999,28.760000,28.799999,27.238901,206900
2002-08-28,28.799999,28.900000,28.549999,28.770000,27.210526,95200
2002-08-29,28.549999,29.270000,28.549999,28.830000,27.267271,95200
2002-08-30,28.799999,29.180000,28.610001,28.900000,27.333479,71800
2002-09-03,28.860001,28.860001,28.100000,28.270000,26.737629,93100
2002-09-04,28.250000,28.780001,28.250000,28.590000,27.040281,324000
2002-09-05,28.600000,28.879999,28.360001,28.360001,26.822752,226600
2002-09-06,27.500000,28.879999,27.500000,28.580000,27.030823,112700
2002-09-09,28.559999,28.870001,28.420000,28.500000,26.955166,141600
2002-09-10,28.549999,29.100000,28.540001,28.639999,27.087572,504600
2002-09-11,28.700001,28.790001,28.440001,28.530001,26.983536,155900
2002-09-12,28.500000,28.809999,28.350000,28.660000,27.106489,147100
2002-09-13,28.660000,29.110001,28.629999,29.020000,27.446978,103600
2002-09-16,29.000000,29.049999,28.700001,28.700001,27.144323,66300
2002-09-17,28.730000,29.250000,28.600000,28.620001,27.068661,180200
2002-09-18,28.520000,28.950001,28.270000,28.459999,26.917328,105000
2002-09-19,28.430000,28.450001,27.670000,27.680000,26.179611,82500
2002-09-20,27.549999,28.209999,27.549999,27.860001,26.349857,77000
2002-09-23,27.750000,27.910000,27.500000,27.620001,26.122862,80600
2002-09-24,27.600000,27.740000,27.230000,27.469999,25.980993,118700
2002-09-25,27.549999,28.490000,27.549999,28.290001,26.756548,128200
2002-09-26,28.290001,28.860001,28.240000,28.320000,26.784920,75400
2002-09-27,28.150000,28.580000,27.700001,27.700001,26.198526,61900
2002-09-30,27.600000,27.740000,27.350000,27.600000,26.103947,145600
2002-10-01,27.629999,28.250000,27.500000,28.000000,26.482264,110000
2002-10-02,27.980000,28.230000,27.530001,27.540001,26.047201,94400
2002-10-03,27.690001,27.740000,27.250000,27.330000,25.848585,70100
2002-10-04,27.430000,27.600000,26.910000,26.959999,25.498634,176300
2002-10-07,26.950001,27.040001,26.799999,26.799999,25.347309,101800
2002-10-08,26.900000,27.000000,26.250000,26.540001,25.101404,85200
2002-10-09,26.750000,26.750000,25.360001,25.600000,24.212357,95900
2002-10-10,25.600000,26.950001,24.690001,26.780001,25.328398,119000
2002-10-11,26.700001,27.750000,26.700001,27.340000,25.858040,101500
2002-10-14,27.200001,27.250000,26.500000,26.709999,25.262190,40100
2002-10-15,26.850000,27.910000,26.850000,27.799999,26.293104,40700
2002-10-16,27.799999,27.799999,27.000000,27.260000,25.782375,54800
2002-10-17,27.000000,28.059999,26.600000,27.940001,26.425516,129700
2002-10-18,28.100000,28.100000,27.129999,27.350000,25.867498,59700
2002-10-21,27.250000,28.309999,27.100000,28.100000,26.576843,77700
2002-10-22,27.700001,27.799999,26.500000,26.870001,25.413521,74500
2002-10-23,27.100000,28.240000,26.969999,28.120001,26.595760,81300
2002-10-24,28.150000,28.750000,28.150000,28.389999,26.851120,81100
2002-10-25,28.379999,28.850000,28.370001,28.680000,27.125404,81800
2002-10-28,28.900000,28.940001,27.709999,27.750000,26.245817,78800
2002-10-29,27.900000,28.420000,27.750000,28.200001,26.671427,95700
2002-10-30,28.450001,28.750000,28.150000,28.440001,26.898411,81100
2002-10-31,28.549999,29.180000,28.450001,29.180000,27.598307,151100
2002-11-01,29.180000,29.180000,28.549999,28.920000,27.352396,78800
2002-11-04,29.000000,29.469999,28.799999,29.200001,27.617218,71100
2002-11-05,29.450001,29.450001,29.000000,29.299999,27.711800,60200
2002-11-06,29.299999,29.500000,29.170000,29.500000,27.900957,51300
2002-11-07,29.459999,29.459999,28.940001,29.000000,27.428059,53800
2002-11-08,29.010000,29.190001,29.010000,29.150000,27.569929,21200
2002-11-11,29.230000,29.230000,28.660000,28.750000,27.191612,85700
2002-11-12,28.650000,29.000000,28.650000,28.799999,27.238901,66600
2002-11-13,28.750000,28.900000,28.340000,28.469999,26.926785,86100
2002-11-14,28.400000,28.830000,28.400000,28.510000,26.964622,104100
2002-11-15,28.450001,29.250000,28.430000,29.200001,27.617218,59700
2002-11-18,29.100000,29.450001,29.010000,29.200001,27.617218,62200
2002-11-19,29.450001,29.590000,29.000000,29.309999,27.721258,77000
2002-11-20,29.000000,29.629999,28.980000,29.500000,27.900957,55800
2002-11-21,29.400000,30.000000,29.400000,29.760000,28.146864,116800
2002-11-22,29.700001,29.910000,29.400000,29.620001,28.014456,162500
2002-11-25,29.100000,30.000000,29.100000,29.629999,28.023914,106200
2002-11-26,29.500000,29.740000,29.139999,29.250000,27.664507,50500
2002-11-27,29.270000,29.910000,29.190001,29.790001,28.175238,58000
2002-11-29,29.790001,29.950001,29.520000,29.850000,28.231987,57400
2002-12-02,29.650000,29.799999,29.370001,29.750000,28.137405,48900
2002-12-03,29.700001,29.799999,29.350000,29.360001,27.768549,64500
2002-12-04,29.400000,29.799999,29.350000,29.639999,28.033371,79100
2002-12-05,29.639999,29.639999,28.820000,28.950001,27.380770,121000
2002-12-06,28.850000,29.320000,28.700001,29.110001,27.532097,99400
2002-12-09,29.090000,29.250000,28.709999,28.870001,27.305105,98100
2002-12-10,28.870001,29.510000,28.670000,29.430000,27.834753,94800
2002-12-11,29.430000,29.809999,29.299999,29.750000,28.137405,97300
2002-12-12,29.750000,29.840000,29.530001,29.799999,28.184698,81700
2002-12-13,29.750000,29.799999,29.430000,29.440001,27.844206,68700
2002-12-16,29.549999,30.000000,29.549999,30.000000,28.373854,114600
2002-12-17,29.900000,30.190001,29.549999,29.670000,28.061741,166600
2002-12-18,29.670000,29.799999,29.320000,29.580000,27.976624,66500
2002-12-19,29.500000,29.900000,29.110001,29.420000,27.825296,109500
2002-12-20,29.400000,29.930000,29.400000,29.930000,28.307652,47200
2002-12-23,29.910000,30.070000,29.780001,30.000000,28.373854,84600
2002-12-24,29.850000,30.049999,29.500000,29.879999,28.260363,48500
2002-12-26,29.969999,30.100000,29.750000,30.100000,28.468435,190400
2002-12-27,30.000000,30.040001,29.730000,29.920000,28.298191,77500
2002-12-30,29.700001,30.010000,29.549999,30.000000,28.373854,89800
2002-12-31,29.750000,30.000000,29.750000,30.000000,28.373854,93100
2003-01-02,30.150000,30.270000,29.500000,30.200001,28.563013,166900
2003-01-03,30.200001,30.520000,30.200001,30.450001,28.799463,96900
2003-01-06,30.500000,30.740000,30.350000,30.650000,28.988621,91700
2003-01-07,30.650000,30.650000,29.840000,29.930000,28.307652,86200
2003-01-08,29.990000,30.280001,29.990000,30.150000,28.515724,76700
2003-01-09,30.150000,30.430000,29.750000,29.940001,28.317106,72300
2003-01-10,29.900000,30.180000,29.620001,29.870001,28.250902,55900
2003-01-13,30.020000,30.150000,29.690001,29.830000,28.213070,87400
2003-01-14,29.809999,29.940001,29.370001,29.430000,27.834753,85400
2003-01-15,29.459999,29.459999,29.000000,29.110001,27.532097,88200
2003-01-16,29.150000,29.570000,29.150000,29.309999,27.721258,47800
2003-01-17,29.309999,29.350000,28.950001,29.100000,27.522640,37900
2003-01-21,29.010000,29.230000,28.790001,28.950001,27.380770,50400
2003-01-22,29.200001,29.230000,28.299999,28.420000,26.879498,90000
2003-01-23,28.500000,28.610001,27.650000,28.250000,26.718714,118600
2003-01-24,28.250000,28.309999,28.000000,28.100000,26.576843,46400
2003-01-27,28.000000,28.090000,27.480000,28.049999,26.529558,81700
2003-01-28,28.160000,28.299999,27.820000,28.190001,26.661964,98300
2003-01-29,28.070000,28.219999,27.750000,28.000000,26.482264,122300
2003-01-30,28.010000,28.049999,27.820000,27.950001,26.434978,58600
2003-01-31,27.900000,28.780001,27.850000,28.540001,26.992996,83600
2003-02-03,28.500000,28.510000,27.830000,27.840000,26.330938,128300
2003-02-04,27.299999,27.730000,27.150000,27.700001,26.198526,203800
2003-02-05,27.719999,28.809999,27.700001,28.030001,26.510637,145100
2003-02-06,28.040001,28.850000,27.940001,28.059999,26.539011,119800
2003-02-07,28.209999,28.590000,27.850000,27.850000,26.340395,132500
2003-02-10,27.850000,28.580000,27.850000,28.580000,27.030823,82200
2003-02-11,28.600000,28.600000,27.680000,27.680000,26.179611,101800
2003-02-12,27.750000,27.889999,27.370001,27.440001,25.952616,93600
2003-02-13,27.440001,27.879999,27.440001,27.680000,26.179611,75000
2003-02-14,27.500000,28.000000,27.410000,27.879999,26.368769,53800
2003-02-18,27.500000,28.200001,27.500000,27.930000,26.416059,130200
2003-02-19,28.000000,28.190001,27.860001,27.889999,26.378225,154000
2003-02-20,27.930000,27.950001,27.740000,27.750000,26.245817,112000
2003-02-21,27.799999,28.000000,27.700001,27.990000,26.472809,126800
2003-02-24,27.930000,27.990000,27.719999,27.809999,26.302563,89700
2003-02-25,27.900000,28.049999,27.600000,28.049999,26.529558,100000
2003-02-26,28.049999,28.049999,27.700001,27.719999,26.217440,68600
2003-02-27,27.719999,28.190001,27.709999,28.100000,26.576843,78600
2003-02-28,28.150000,28.450001,27.959999,28.260000,26.728170,96000
2003-03-03,28.150000,28.309999,28.000000,28.120001,26.595760,125000
2003-03-04,28.129999,28.129999,27.580000,27.600000,26.103947,74300
2003-03-05,27.799999,27.879999,27.340000,27.500000,26.009363,91900
2003-03-06,27.469999,27.480000,27.080000,27.190001,25.716179,72000
2003-03-07,27.150000,27.360001,26.969999,27.100000,25.631050,132900
2003-03-10,27.150000,27.150000,26.629999,26.650000,25.205442,104900
2003-03-11,26.650000,26.770000,26.190001,26.469999,25.035196,142700
2003-03-12,26.400000,26.450001,26.200001,26.330000,24.978281,66900
2003-03-13,26.350000,26.760000,26.299999,26.730000,25.357742,119500
2003-03-14,26.750000,26.870001,26.600000,26.719999,25.348255,107100
2003-03-17,26.719999,27.250000,26.719999,27.000000,25.613882,98700
2003-03-18,27.100000,27.280001,26.969999,27.180000,25.784645,154200
2003-03-19,27.020000,27.350000,27.010000,27.200001,25.803617,121900
2003-03-20,27.200001,27.420000,26.980000,27.330000,25.926945,126000
2003-03-21,27.379999,27.990000,27.340000,27.950001,26.515116,167800
2003-03-24,27.850000,27.850000,27.160000,27.430000,26.021809,114000
2003-03-25,27.379999,27.719999,27.350000,27.580000,26.164104,110900
2003-03-26,27.600000,27.700001,27.350000,27.459999,26.050264,239000
2003-03-27,27.400000,27.549999,26.980000,27.000000,25.613882,106500
2003-03-28,27.100000,27.400000,26.910000,27.010000,25.623367,171400
2003-03-31,26.900000,27.280001,26.780001,27.200001,25.803617,155100
2003-04-01,27.190001,27.280001,27.040001,27.200001,25.803617,240100
2003-04-02,27.200001,27.610001,27.200001,27.500000,26.088211,272900
2003-04-03,27.600000,27.600000,27.450001,27.559999,26.145128,151100
2003-04-04,27.650000,28.260000,27.650000,28.080000,26.638439,115300
2003-04-07,28.250000,28.500000,28.160000,28.219999,26.771252,129700
2003-04-08,28.400000,28.400000,27.740000,27.799999,26.372812,104300
2003-04-09,27.900000,28.240000,27.700001,27.840000,26.410761,70800
2003-04-10,27.799999,27.900000,27.610001,27.820000,26.391783,59300
2003-04-11,27.950001,28.250000,27.740000,28.030001,26.591003,96600
2003-04-14,28.070000,28.299999,28.030001,28.299999,26.847145,99100
2003-04-15,28.240000,28.440001,27.950001,28.150000,26.704844,169000
2003-04-16,28.200001,28.420000,28.020000,28.360001,26.904066,86500
2003-04-17,28.400000,28.480000,28.240000,28.480000,27.017902,96500
2003-04-21,28.490000,28.490000,28.160000,28.350000,26.894575,117400
2003-04-22,28.600000,29.250000,28.549999,29.000000,27.511211,159800
2003-04-23,29.150000,29.480000,29.120001,29.280001,27.776834,155200
2003-04-24,29.120001,29.200001,28.900000,29.030001,27.539661,139600
2003-04-25,29.150000,29.200001,28.809999,28.910000,27.425825,116500
2003-04-28,28.990000,29.200001,28.820000,28.950001,27.463774,131900
2003-04-29,29.150000,29.500000,29.059999,29.370001,27.862211,123600
2003-04-30,29.370001,29.520000,29.209999,29.299999,27.795807,162800
2003-05-01,29.410000,29.410000,29.219999,29.260000,27.757862,149500
2003-05-02,29.400000,29.500000,29.250000,29.450001,27.938105,214900
2003-05-05,29.540001,29.540001,29.230000,29.420000,27.909649,124100
2003-05-06,29.360001,29.520000,29.330000,29.450001,27.938105,167900
2003-05-07,29.400000,29.500000,29.360001,29.420000,27.909649,67800
2003-05-08,29.440001,29.440001,29.200001,29.290001,27.786322,117800
2003-05-09,29.290001,29.309999,29.230000,29.299999,27.795807,107900
2003-05-12,29.440001,29.860001,29.370001,29.500000,27.985540,79100
2003-05-13,29.540001,29.549999,29.270000,29.290001,27.786322,102000
2003-05-14,29.400000,29.540001,29.219999,29.510000,27.995024,131900
2003-05-15,29.309999,29.740000,29.299999,29.730000,28.203732,93800
2003-05-16,29.799999,30.000000,29.660000,30.000000,28.459867,212000
2003-05-19,30.000000,30.000000,29.490000,29.730000,28.203732,81000
2003-05-20,29.790001,29.920000,29.580000,29.610001,28.089891,97500
2003-05-21,29.730000,29.950001,29.620001,29.760000,28.232191,85300
2003-05-22,29.900000,29.950001,29.799999,29.940001,28.402950,90700
2003-05-23,30.000000,30.070000,29.670000,29.680000,28.156298,166400
2003-05-27,29.900000,29.940001,29.660000,29.750000,28.222702,144300
2003-05-28,29.900000,30.000000,29.549999,29.799999,28.270136,222300
2003-05-29,29.900000,30.139999,29.549999,29.660000,28.137321,113100
2003-05-30,29.850000,30.480000,29.760000,30.420000,28.858307,97000
2003-06-02,30.480000,30.500000,30.290001,30.360001,28.801392,71900
2003-06-03,30.500000,30.500000,30.129999,30.240000,28.687550,66700
2003-06-04,30.250000,30.580000,30.240000,30.389999,28.829847,98600
2003-06-05,30.500000,30.690001,30.290001,30.360001,28.801392,105300
2003-06-06,30.459999,30.600000,30.190001,30.299999,28.744471,102600
2003-06-09,30.450001,30.459999,30.250000,30.410000,28.848824,105600
2003-06-10,30.309999,30.840000,30.309999,30.760000,29.180849,63800
2003-06-11,30.820000,31.090000,30.760000,31.010000,29.418018,101300
2003-06-12,31.299999,31.500000,30.889999,31.360001,29.750048,93200
2003-06-13,31.500000,31.530001,30.799999,30.920000,29.332636,60600
2003-06-16,30.990000,31.500000,30.900000,31.500000,29.882866,89500
2003-06-17,31.500000,31.580000,31.010000,31.290001,29.683645,86300
2003-06-18,31.420000,31.420000,31.010000,31.020000,29.427504,61000
2003-06-19,31.200001,31.209999,30.760000,30.799999,29.218798,72600
2003-06-20,30.650000,31.040001,30.400000,31.040001,29.446480,186600
2003-06-23,31.150000,31.150000,30.730000,30.750000,29.171364,238700
2003-06-24,30.790001,31.350000,30.750000,31.240000,29.636213,159200
2003-06-25,31.400000,31.500000,31.000000,31.120001,29.522371,159500
2003-06-26,31.299999,31.500000,31.100000,31.450001,29.835432,77200
2003-06-27,31.400000,31.490000,31.200001,31.379999,29.769024,55500
2003-06-30,31.500000,31.559999,31.049999,31.200001,29.598265,118200
2003-07-01,31.250000,31.469999,31.010000,31.450001,29.835432,93000
2003-07-02,31.450001,31.650000,31.100000,31.610001,29.987215,101500
2003-07-03,31.400000,31.520000,31.180000,31.330000,29.721590,51000
2003-07-07,31.330000,32.450001,31.330000,32.450001,30.784096,115900
2003-07-08,32.799999,32.889999,32.500000,32.700001,31.021261,122700
2003-07-09,32.700001,32.750000,32.430000,32.750000,31.068687,54600
2003-07-10,32.750000,32.750000,32.040001,32.130001,30.480518,62300
2003-07-11,32.250000,32.490002,32.200001,32.299999,30.641788,100800
2003-07-14,32.349998,32.349998,32.090000,32.099998,30.452057,78300
2003-07-15,32.110001,32.180000,32.000000,32.139999,30.490005,68900
2003-07-16,32.240002,32.240002,31.860001,31.950001,30.309763,70700
2003-07-17,32.000000,32.060001,31.770000,31.820000,30.186434,112300
2003-07-18,31.900000,31.900000,31.410000,31.700001,30.072596,56800
2003-07-21,31.700001,31.799999,31.600000,31.719999,30.091566,63600
2003-07-22,31.870001,32.139999,31.799999,31.950001,30.309763,230800
2003-07-23,31.709999,31.900000,31.510000,31.620001,29.996702,226200
2003-07-24,31.600000,32.040001,31.549999,31.969999,30.328732,264400
2003-07-25,31.980000,32.439999,31.870001,32.330002,30.670256,227800
2003-07-28,32.450001,32.450001,32.009998,32.250000,30.594360,79700
2003-07-29,32.450001,32.450001,32.180000,32.360001,30.698715,74900
2003-07-30,32.480000,32.480000,32.200001,32.470001,30.803072,74800
2003-07-31,32.349998,32.459999,32.250000,32.450001,30.784096,111000
2003-08-01,32.410000,32.430000,32.200001,32.299999,30.641788,106000
2003-08-04,32.250000,32.360001,31.920000,32.250000,30.594360,81800
2003-08-05,32.380001,32.400002,32.000000,32.049999,30.404629,88100
2003-08-06,32.029999,32.299999,32.000000,32.299999,30.641788,77200
2003-08-07,32.250000,32.470001,32.000000,32.169998,30.518465,54500
2003-08-08,32.110001,32.160000,32.009998,32.099998,30.452057,55200
2003-08-11,32.150002,32.490002,32.130001,32.340000,30.679733,59000
2003-08-12,32.349998,32.680000,32.349998,32.680000,31.002287,67900
2003-08-13,32.630001,32.689999,32.200001,32.599998,30.926390,54500
2003-08-14,32.700001,32.700001,32.330002,32.590000,30.916904,86800
2003-08-15,32.500000,32.700001,32.400002,32.650002,30.973820,24800
2003-08-18,32.650002,32.950001,32.509998,32.900002,31.210993,42000
2003-08-19,32.959999,33.299999,32.910000,33.299999,31.590448,93800
2003-08-20,33.299999,33.330002,33.110001,33.200001,31.495592,66500
2003-08-21,33.200001,33.500000,33.130001,33.450001,31.732756,48400
2003-08-22,33.349998,33.490002,33.110001,33.349998,31.637882,82400
2003-08-25,33.500000,33.500000,33.099998,33.330002,31.618921,67900
2003-08-26,33.380001,33.820000,33.200001,33.820000,32.083763,85500
2003-08-27,33.919998,34.299999,33.799999,34.070000,32.320927,93300
2003-08-28,33.459999,34.200001,33.400002,34.150002,32.396824,124800
2003-08-29,34.169998,34.410000,34.000000,34.009998,32.264008,55600
2003-09-02,34.200001,34.389999,34.009998,34.259998,32.501171,47900
2003-09-03,34.299999,34.799999,34.200001,34.520000,32.747822,117900
2003-09-04,34.650002,35.009998,34.560001,35.000000,33.203186,52700
2003-09-05,34.799999,34.980000,34.599998,34.790001,33.003960,56400
2003-09-08,34.849998,34.849998,34.419998,34.470001,32.700386,113900
2003-09-09,34.400002,34.439999,34.029999,34.080002,32.330414,191300
2003-09-10,33.980000,33.980000,33.310001,33.669998,31.941460,96200
2003-09-11,33.669998,33.740002,33.360001,33.580002,31.856085,55900
2003-09-12,33.480000,33.480000,32.959999,33.000000,31.418125,172900
2003-09-15,32.990002,33.090000,32.700001,33.020000,31.437168,221000
2003-09-16,32.919998,32.980000,31.900000,31.950001,30.418463,713100
2003-09-17,31.910000,32.419998,31.809999,32.200001,30.656483,3054900
2003-09-18,32.250000,32.299999,32.000000,32.080002,30.542231,502600
2003-09-19,32.080002,32.230000,31.750000,32.200001,30.656483,466300
2003-09-22,32.200001,32.240002,31.900000,31.990000,30.456545,344500
2003-09-23,31.799999,32.200001,31.799999,31.940001,30.408945,444300
2003-09-24,32.000000,32.180000,31.850000,32.049999,30.513666,314500
2003-09-25,32.200001,32.330002,31.870001,31.950001,30.418463,188300
2003-09-26,32.000000,32.000000,31.250000,31.590000,30.075720,333700
2003-09-29,31.600000,32.110001,31.100000,32.110001,30.570791,1005100
2003-09-30,32.150002,32.299999,31.540001,32.080002,30.542231,201100
2003-10-01,32.049999,32.700001,32.049999,32.700001,31.132517,285000
2003-10-02,32.720001,32.980000,32.450001,32.750000,31.180109,226300
2003-10-03,33.000000,33.209999,32.830002,33.099998,31.513338,191500
2003-10-06,33.200001,33.299999,33.060001,33.250000,31.656149,161000
2003-10-07,33.049999,33.349998,32.950001,33.180000,31.589508,167500
2003-10-08,33.750000,33.750000,33.139999,33.139999,31.551420,141700
2003-10-09,33.250000,33.299999,33.150002,33.150002,31.560944,169600
2003-10-10,33.150002,33.240002,32.950001,33.000000,31.418125,82700
2003-10-13,33.000000,33.290001,32.799999,33.049999,31.465733,235000
2003-10-14,32.950001,33.279999,32.849998,33.080002,31.494293,269900
2003-10-15,33.250000,33.250000,32.849998,32.990002,31.408611,77500
2003-10-16,33.000000,33.099998,32.549999,32.650002,31.084908,157400
2003-10-17,32.900002,33.000000,32.500000,32.740002,31.170601,154400
2003-10-20,32.639999,32.849998,32.259998,32.380001,30.827852,176200
2003-10-21,33.150002,33.290001,32.680000,33.040001,31.456215,295900
2003-10-22,33.119999,33.189999,32.799999,32.900002,31.322920,219300
2003-10-23,32.910000,33.049999,32.700001,33.000000,31.418125,169100
2003-10-24,33.000000,33.000000,32.750000,32.799999,31.227720,146300
2003-10-27,33.150002,33.240002,33.000000,33.150002,31.560944,113000
2003-10-28,33.070000,33.349998,32.599998,32.689999,31.122988,258200
2003-10-29,32.689999,32.990002,32.209999,32.299999,30.751686,219800
2003-10-30,32.380001,33.389999,32.380001,33.200001,31.608545,183900
2003-10-31,33.349998,33.599998,33.040001,33.040001,31.456215,154300
2003-11-03,33.080002,33.180000,33.000000,33.000000,31.418125,141200
2003-11-04,33.000000,33.049999,32.860001,32.950001,31.370527,255800
2003-11-05,33.049999,33.369999,33.000000,33.330002,31.732307,322800
2003-11-06,33.330002,33.330002,33.169998,33.259998,31.665659,207800
2003-11-07,33.450001,33.580002,33.250000,33.580002,31.970329,249100
2003-11-10,33.830002,34.080002,33.820000,34.009998,32.379719,322100
2003-11-11,33.910000,34.099998,33.799999,34.020000,32.389236,193300
2003-11-12,34.119999,34.480000,34.040001,34.480000,32.827183,149200
2003-11-13,34.400002,34.599998,34.180000,34.509998,32.855743,202300
2003-11-14,34.450001,34.750000,34.389999,34.400002,32.751022,140000
2003-11-17,34.480000,34.480000,34.000000,34.400002,32.751022,149500
2003-11-18,34.250000,34.410000,34.110001,34.220001,32.579651,78100
2003-11-19,34.400002,34.430000,34.139999,34.270000,32.627243,126400
2003-11-20,34.099998,34.299999,33.900002,34.000000,32.370193,158400
2003-11-21,34.099998,34.119999,33.910000,33.959999,32.332115,210500
2003-11-24,34.099998,34.599998,34.099998,34.599998,32.941429,191900
2003-11-25,34.450001,34.580002,34.240002,34.500000,32.846222,146700
2003-11-26,34.500000,34.799999,34.500000,34.689999,33.027119,165600
2003-11-28,34.549999,34.990002,34.549999,34.799999,33.131844,57000
2003-12-01,34.980000,35.049999,34.799999,35.029999,33.350815,138400
2003-12-02,35.000000,35.200001,34.650002,34.810001,33.141376,162000
2003-12-03,34.709999,35.000000,34.639999,34.900002,33.227051,340400
2003-12-04,34.990002,34.990002,34.770000,34.849998,33.179451,198800
2003-12-05,34.950001,34.980000,34.700001,34.770000,33.103287,132200
2003-12-08,35.000000,35.099998,34.810001,35.060001,33.379387,147900
2003-12-09,35.150002,35.150002,34.500000,34.520000,32.865273,88900
2003-12-10,34.599998,34.700001,34.310001,34.450001,32.798622,122400
2003-12-11,34.250000,34.450001,34.209999,34.299999,32.769958,179100
2003-12-12,34.650002,36.009998,34.630001,36.009998,34.403679,456800
2003-12-15,36.450001,36.520000,35.619999,36.000000,34.394131,364300
2003-12-16,35.900002,36.049999,35.779999,35.970001,34.365475,232500
2003-12-17,35.750000,36.110001,35.720001,36.090000,34.480110,136200
2003-12-18,36.090000,36.279999,35.849998,36.150002,34.537437,186300
2003-12-19,36.049999,36.220001,35.779999,35.779999,34.183945,124500
2003-12-22,36.029999,36.290001,35.939999,36.290001,34.671192,179300
2003-12-23,36.290001,36.459999,36.119999,36.299999,34.680748,134000
2003-12-24,36.450001,36.500000,36.380001,36.480000,34.852718,65700
2003-12-26,36.580002,36.820000,36.580002,36.799999,35.158443,55100
2003-12-29,37.750000,37.750000,37.209999,37.480000,35.808109,174400
2003-12-30,37.680000,38.599998,37.459999,37.970001,36.276253,286500
2003-12-31,38.070000,38.070000,37.070000,37.290001,35.626587,199200
2004-01-02,37.290001,37.570000,37.099998,37.160000,35.502380,187200
2004-01-05,37.450001,37.650002,36.759998,36.880001,35.234871,210900
2004-01-06,37.130001,37.549999,37.049999,37.340000,35.674351,197200
2004-01-07,37.340000,37.400002,37.009998,37.169998,35.511940,262100
2004-01-08,37.849998,37.849998,36.389999,36.520000,34.890934,292300
2004-01-09,36.700001,37.299999,36.560001,37.299999,35.636143,183000
2004-01-12,37.549999,37.650002,36.419998,37.389999,35.722122,425000
2004-01-13,37.389999,37.849998,37.200001,37.299999,35.636143,221100
2004-01-14,37.400002,37.799999,37.009998,37.730000,36.046963,195800
2004-01-15,37.980000,37.980000,37.500000,37.599998,35.922752,78200
2004-01-16,37.900002,38.490002,37.599998,38.000000,36.304913,216700
2004-01-20,38.320000,38.439999,38.009998,38.090000,36.390907,167800
2004-01-21,38.299999,38.490002,38.259998,38.400002,36.687069,114000
2004-01-22,38.650002,39.410000,38.650002,39.090000,37.346294,466700
2004-01-23,39.340000,39.599998,39.020000,39.349998,37.594685,360600
2004-01-26,39.549999,39.830002,39.040001,39.820000,38.043736,290600
2004-01-27,39.990002,40.000000,39.610001,40.000000,38.215694,316800
2004-01-28,39.900002,39.990002,39.540001,39.549999,37.785778,208200
2004-01-29,39.509998,39.599998,38.049999,38.669998,36.945023,233400
2004-01-30,38.599998,39.500000,38.459999,39.500000,37.738007,188400
2004-02-02,39.970001,40.099998,39.529999,40.009998,38.225254,276100
2004-02-03,40.049999,40.450001,39.590000,39.669998,37.900410,323300
2004-02-04,39.919998,39.990002,39.000000,39.000000,37.260307,125600
2004-02-05,39.250000,39.849998,39.200001,39.720001,37.948181,135700
2004-02-06,39.849998,40.799999,39.790001,40.799999,38.980003,223500
2004-02-09,40.950001,41.099998,40.560001,41.070000,39.237972,120500
2004-02-10,41.240002,41.360001,40.700001,40.849998,39.027782,171100
2004-02-11,39.349998,40.150002,39.299999,39.980000,38.196598,1060300
2004-02-12,39.950001,40.250000,39.750000,39.840000,38.062840,445700
2004-02-13,40.090000,40.220001,39.730000,39.889999,38.110611,186700
2004-02-17,40.099998,40.150002,39.910000,39.980000,38.196598,171900
2004-02-18,39.950001,40.080002,39.910000,39.970001,38.187038,120500
2004-02-19,39.950001,40.119999,39.799999,40.000000,38.215694,216700
2004-02-20,39.759998,40.080002,39.750000,40.029999,38.244358,185200
2004-02-23,40.209999,40.209999,39.830002,39.900002,38.120155,276200
2004-02-24,39.900002,39.900002,39.520000,39.810001,38.034172,257700
2004-02-25,39.820000,40.090000,39.619999,40.090000,38.301685,239100
2004-02-26,39.939999,40.480000,39.910000,40.480000,38.674290,274500
2004-02-27,40.490002,41.000000,40.490002,40.980000,39.151989,216000
2004-03-01,40.900002,41.590000,40.759998,41.450001,39.601021,232400
2004-03-02,41.619999,41.990002,41.570000,41.799999,39.935410,202400
2004-03-03,41.830002,41.900002,41.150002,41.279999,39.438599,341300
2004-03-04,41.400002,41.540001,41.220001,41.230000,39.390827,171200
2004-03-05,41.330002,41.590000,40.990002,41.580002,39.725220,186400
2004-03-08,41.790001,41.790001,41.270000,41.369999,39.524582,141700
2004-03-09,41.500000,41.500000,41.020000,41.169998,39.333508,164000
2004-03-10,41.169998,41.169998,40.250000,40.400002,38.597858,284300
2004-03-11,39.930000,40.049999,39.680000,39.709999,38.051659,242700
2004-03-12,40.000000,40.000000,39.750000,39.990002,38.319962,183200
2004-03-15,39.990002,39.990002,38.970001,39.020000,37.390476,469600
2004-03-16,38.779999,39.639999,38.779999,39.459999,37.812092,433500
2004-03-17,39.470001,39.900002,39.470001,39.779999,38.118732,178800
2004-03-18,39.900002,39.919998,39.400002,39.549999,37.898342,130300
2004-03-19,39.500000,39.570000,39.349998,39.349998,37.706692,169100
2004-03-22,39.400002,39.480000,39.099998,39.380001,37.735447,134000
2004-03-23,39.430000,39.540001,39.209999,39.299999,37.658779,167400
2004-03-24,39.500000,39.709999,39.450001,39.490002,37.840847,212700
2004-03-25,39.700001,39.770000,39.529999,39.650002,37.994164,450500
2004-03-26,39.720001,39.720001,39.450001,39.500000,37.850426,197800
2004-03-29,39.630001,39.750000,39.520000,39.689999,38.032494,130300
2004-03-30,39.700001,40.299999,39.700001,40.299999,38.617016,114500
2004-03-31,40.450001,41.310001,40.400002,40.689999,38.990723,285300
2004-04-01,40.950001,41.860001,40.950001,41.810001,40.063965,443200
2004-04-02,42.000000,42.270000,41.500000,41.500000,39.766907,238400
2004-04-05,41.689999,41.700001,40.700001,41.000000,39.287788,244900
2004-04-06,41.029999,41.049999,40.660000,40.950001,39.239872,326100
2004-04-07,40.950001,40.950001,40.270000,40.389999,38.703255,276300
2004-04-08,40.419998,40.799999,40.160000,40.650002,38.952408,240300
2004-04-12,40.650002,40.650002,39.139999,39.310001,37.668358,512800
2004-04-13,39.389999,39.400002,38.279999,38.700001,37.083836,465800
2004-04-14,38.950001,38.950001,37.369999,37.910000,36.326836,605200
2004-04-15,38.250000,38.669998,38.000000,38.250000,36.652637,264100
2004-04-16,38.599998,39.349998,38.259998,39.349998,37.706692,216900
2004-04-19,39.480000,39.480000,39.119999,39.400002,37.754608,193400
2004-04-20,40.000000,40.689999,39.490002,39.599998,37.946243,476300
2004-04-21,40.049999,40.060001,39.200001,39.820000,38.157063,309600
2004-04-22,39.820000,40.380001,39.779999,40.369999,38.684090,179200
2004-04-23,40.419998,40.419998,40.070000,40.070000,38.396626,169700
2004-04-26,40.250000,40.250000,39.849998,40.000000,38.329544,213600
2004-04-27,40.040001,40.650002,40.009998,40.250000,38.569115,253200
2004-04-28,40.349998,40.349998,39.830002,39.840000,38.176224,132600
2004-04-29,39.980000,39.990002,38.779999,39.279999,37.639606,294900
2004-04-30,39.349998,39.700001,39.189999,39.200001,37.562954,172800
2004-05-03,39.099998,39.110001,38.740002,38.849998,37.227570,244000
2004-05-04,38.950001,39.040001,38.799999,38.880001,37.256321,169300
2004-05-05,38.799999,39.250000,38.700001,39.150002,37.515049,216700
2004-05-06,39.110001,39.110001,38.509998,38.680000,37.064671,200700
2004-05-07,38.680000,38.689999,37.400002,37.459999,35.895618,257600
2004-05-10,36.000000,37.080002,35.060001,35.860001,34.362446,819700
2004-05-11,36.500000,36.750000,36.000000,36.139999,34.630749,286000
2004-05-12,36.139999,36.139999,35.480000,35.939999,34.439098,290700
2004-05-13,36.119999,36.119999,35.630001,35.930000,34.429516,259900
2004-05-14,35.930000,36.549999,35.650002,36.549999,35.023624,188300
2004-05-17,36.580002,36.580002,35.750000,35.750000,34.257034,228900
2004-05-18,36.099998,36.950001,35.930000,36.790001,35.253601,389700
2004-05-19,37.000000,37.500000,36.549999,36.759998,35.224854,292600
2004-05-20,37.070000,37.299999,37.009998,37.180000,35.627308,148900
2004-05-21,36.950001,37.380001,36.950001,37.150002,35.598568,125300
2004-05-24,37.270000,37.849998,37.250000,37.799999,36.221416,179400
2004-05-25,37.799999,38.529999,37.349998,38.520000,36.911362,231700
2004-05-26,38.650002,38.820000,38.430000,38.439999,36.834690,139900
2004-05-27,38.660000,39.020000,38.560001,39.009998,37.380886,208800
2004-05-28,39.009998,39.250000,38.950001,39.049999,37.419224,145600
2004-06-01,38.930000,38.939999,37.709999,37.910000,36.326836,544700
2004-06-02,38.099998,38.150002,37.680000,37.849998,36.269325,376700
2004-06-03,37.880001,37.880001,37.160000,37.349998,35.790218,346800
2004-06-04,37.500000,37.910000,37.470001,37.599998,36.029770,156800
2004-06-07,37.889999,38.090000,37.840000,38.040001,36.451397,128300
2004-06-08,38.290001,38.500000,37.750000,37.939999,36.355572,251100
2004-06-09,37.840000,37.950001,37.610001,37.680000,36.106430,115800
2004-06-10,37.930000,38.200001,37.660000,37.750000,36.173508,134600
2004-06-14,38.689999,38.689999,37.820000,37.880001,36.413834,615100
2004-06-15,38.130001,38.130001,37.849998,37.950001,36.481129,294000
2004-06-16,37.950001,38.200001,37.820000,38.009998,36.538811,210400
2004-06-17,38.150002,38.970001,38.009998,38.930000,37.423203,783500
2004-06-18,38.900002,39.400002,38.799999,38.900002,37.394352,328700
2004-06-21,38.970001,39.570000,38.900002,39.470001,37.942299,239800
2004-06-22,39.470001,39.630001,39.029999,39.029999,37.519325,273900
2004-06-23,39.020000,39.580002,38.759998,39.580002,38.048031,318000
2004-06-24,39.799999,40.130001,39.500000,39.990002,38.442162,548300
2004-06-25,40.139999,40.240002,39.439999,40.090000,38.538296,654700
2004-06-28,40.000000,40.279999,39.549999,39.549999,38.019203,202900
2004-06-29,39.599998,39.849998,39.349998,39.419998,37.894226,347200
2004-06-30,39.419998,39.810001,39.330002,39.700001,38.163391,218700
2004-07-01,39.750000,39.980000,39.380001,39.700001,38.163391,297400
2004-07-02,39.750000,40.709999,39.650002,40.689999,39.115067,392400
2004-07-06,40.439999,40.439999,39.990002,40.009998,38.461388,348800
2004-07-07,40.590000,40.799999,40.320000,40.790001,39.211208,339100
2004-07-08,40.599998,40.599998,39.549999,40.009998,38.461388,380700
2004-07-09,40.070000,40.380001,39.919998,40.279999,38.720951,165200
2004-07-12,40.259998,40.590000,40.000000,40.590000,39.018944,193800
2004-07-13,40.580002,40.580002,40.270000,40.389999,38.826679,160200
2004-07-14,40.450001,40.529999,40.169998,40.500000,38.932426,178500
2004-07-15,40.450001,41.490002,40.380001,41.349998,39.749535,334900
2004-07-16,41.470001,42.009998,41.360001,41.389999,39.787979,266600
2004-07-19,41.400002,41.419998,41.000000,41.340000,39.739910,218900
2004-07-20,41.430000,41.889999,41.049999,41.750000,40.134052,271800
2004-07-21,42.150002,42.950001,41.799999,42.290001,40.653149,531000
2004-07-22,42.299999,42.299999,41.310001,41.720001,40.105206,292500
2004-07-23,42.099998,42.200001,41.419998,41.500000,39.893719,188900
2004-07-26,41.700001,41.950001,41.000000,41.770000,40.153267,259200
2004-07-27,42.020000,42.340000,41.720001,42.180000,40.547398,239700
2004-07-28,42.180000,42.549999,41.150002,42.509998,40.864632,344100
2004-07-29,42.970001,42.970001,42.270000,42.799999,41.143398,165900
2004-07-30,43.000000,43.189999,42.650002,43.020000,41.354897,255700
2004-08-02,43.000000,43.349998,42.700001,43.340000,41.662506,204500
2004-08-03,43.410000,43.410000,42.889999,43.139999,41.470242,216000
2004-08-04,43.150002,43.400002,43.000000,43.200001,41.527931,171800
2004-08-05,43.299999,43.490002,43.000000,43.009998,41.345276,235900
2004-08-06,43.090000,43.189999,42.660000,43.160000,41.489468,299800
2004-08-09,43.480000,43.599998,42.680000,42.720001,41.066498,1388000
2004-08-10,42.689999,43.110001,42.599998,42.950001,41.287601,251000
2004-08-11,43.080002,43.330002,42.830002,43.200001,41.527931,194500
2004-08-12,43.250000,43.299999,42.709999,42.790001,41.133793,191800
2004-08-13,42.799999,42.950001,42.549999,42.740002,41.085728,127800
2004-08-16,42.740002,43.189999,42.680000,43.150002,41.479855,209600
2004-08-17,43.299999,44.189999,43.200001,43.990002,42.287346,256100
2004-08-18,44.000000,45.189999,44.000000,45.000000,43.258251,341000
2004-08-19,45.000000,45.049999,44.630001,44.750000,43.017933,219000
2004-08-20,44.950001,46.650002,44.900002,46.419998,44.623287,698300
2004-08-23,46.500000,46.880001,46.040001,46.459999,44.661743,308600
2004-08-24,46.299999,47.000000,46.220001,47.000000,45.180836,197800
2004-08-25,47.000000,47.380001,46.549999,47.250000,45.421162,244300
2004-08-26,47.200001,48.320000,47.099998,48.099998,46.238266,370500
2004-08-27,48.250000,48.480000,48.000000,48.330002,46.459366,159800
2004-08-30,48.490002,48.959999,48.490002,48.709999,46.824654,245200
2004-08-31,49.049999,49.080002,48.270000,48.400002,46.526653,234100
2004-09-01,47.349998,47.680000,46.740002,47.500000,45.661488,696500
2004-09-02,47.250000,48.000000,47.200001,47.939999,46.084454,306800
2004-09-03,47.919998,48.209999,47.810001,47.939999,46.084454,183200
2004-09-07,48.349998,49.000000,48.150002,48.549999,46.670849,251800
2004-09-08,48.669998,48.900002,48.290001,48.680000,46.795818,186500
2004-09-09,48.669998,48.740002,47.400002,48.000000,46.142139,371900
2004-09-10,47.900002,47.950001,47.500000,47.500000,45.661488,315800
2004-09-13,47.000000,47.279999,46.630001,46.810001,45.131218,515000
2004-09-14,46.540001,46.599998,45.680000,46.430000,44.764851,556400
2004-09-15,46.299999,47.090000,46.290001,46.840000,45.160137,277000
2004-09-16,46.840000,47.849998,46.320000,47.750000,46.037506,276700
2004-09-17,47.950001,48.500000,47.830002,48.500000,46.760605,349500
2004-09-20,48.400002,48.410000,47.290001,47.490002,45.786823,197900
2004-09-21,46.500000,47.110001,46.400002,46.730000,45.054085,1946100
2004-09-22,46.779999,47.380001,46.599998,47.060001,45.372246,525200
2004-09-23,47.060001,47.740002,47.060001,47.680000,45.970020,619000
2004-09-24,47.799999,48.180000,47.709999,48.090000,46.365314,506000
2004-09-27,47.980000,47.980000,47.250000,47.849998,46.133911,279100
2004-09-28,47.860001,48.099998,47.400002,47.889999,46.172482,261400
2004-09-29,47.930000,47.950001,47.540001,47.580002,45.873596,196900
2004-09-30,47.400002,47.900002,47.259998,47.770000,46.056793,312700
2004-10-01,47.880001,48.450001,47.849998,48.209999,46.481007,482700
2004-10-04,48.459999,48.599998,47.709999,48.099998,46.374950,376000
2004-10-05,48.049999,48.490002,47.889999,48.310001,46.577419,362200
2004-10-06,48.310001,49.119999,48.310001,49.119999,47.358364,267900
2004-10-07,49.240002,49.240002,48.450001,48.730000,46.982349,338900
2004-10-08,48.669998,48.799999,48.279999,48.470001,46.731682,194300
2004-10-11,48.500000,49.080002,48.180000,48.480000,46.741329,144400
2004-10-12,48.500000,48.500000,48.000000,48.000000,46.278534,255100
2004-10-13,48.000000,48.000000,47.529999,47.750000,46.037506,158200
2004-10-14,47.590000,47.900002,47.369999,47.849998,46.133911,192700
2004-10-15,47.700001,48.070000,47.520000,48.000000,46.278534,175200
2004-10-18,47.990002,48.099998,47.730000,48.000000,46.278534,299800
2004-10-19,48.000000,48.060001,47.630001,47.840000,46.124275,352300
2004-10-20,47.799999,47.849998,46.970001,47.240002,45.545803,492800
2004-10-21,47.009998,47.950001,47.009998,47.950001,46.230324,286700
2004-10-22,49.150002,49.200001,47.750000,47.799999,46.085712,420400
2004-10-25,47.349998,48.790001,47.290001,48.619999,46.876308,371000
2004-10-26,48.750000,49.549999,48.700001,49.450001,47.676540,475100
2004-10-27,49.549999,50.490002,49.549999,50.400002,48.592464,413300
2004-10-28,50.169998,50.330002,49.799999,50.090000,48.293587,290800
2004-10-29,50.290001,51.040001,50.130001,50.900002,49.074535,331400
2004-11-01,50.950001,51.610001,50.680000,51.220001,49.383053,215900
2004-11-02,51.419998,51.430000,50.520000,50.650002,48.833496,193400
2004-11-03,51.349998,52.240002,51.139999,51.900002,50.038662,323800
2004-11-04,51.900002,53.320000,51.650002,53.160000,51.253475,371200
2004-11-05,53.320000,53.340000,52.029999,52.849998,50.954597,461200
2004-11-08,53.000000,53.000000,52.340000,52.490002,50.607513,237000
2004-11-09,52.500000,52.910000,52.400002,52.790001,50.896748,164400
2004-11-10,52.790001,53.900002,52.790001,53.750000,51.822323,200600
2004-11-11,53.470001,54.139999,53.340000,54.099998,52.159763,180600
2004-11-12,54.599998,54.750000,54.000000,54.750000,52.786457,238300
2004-11-15,55.349998,56.000000,55.000000,55.930000,53.924137,448700
2004-11-16,55.939999,56.400002,55.320000,55.750000,53.750591,412400
2004-11-17,55.900002,55.950001,54.610001,54.900002,52.931084,402900
2004-11-18,55.250000,55.299999,54.349998,54.950001,52.979282,297800
2004-11-19,55.099998,55.099998,53.709999,54.410000,52.458649,200800
2004-11-22,54.410000,55.200001,53.900002,55.110001,53.133545,300700
2004-11-23,55.110001,56.250000,55.040001,56.160000,54.145889,280900
2004-11-24,56.900002,56.970001,56.240002,56.820000,54.782215,239400
2004-11-26,56.990002,56.990002,56.340000,56.340000,54.319439,68200
2004-11-29,56.340000,56.349998,54.540001,54.799999,52.834660,496400
2004-11-30,54.930000,55.070000,54.200001,54.849998,52.882866,450300
2004-12-01,54.700001,55.169998,54.049999,55.070000,53.094986,487200
2004-12-02,55.070000,55.070000,53.759998,53.970001,52.034435,463500
2004-12-03,54.549999,54.950001,54.349998,54.750000,52.786457,301100
2004-12-06,53.950001,54.950001,53.950001,54.950001,52.979282,223200
2004-12-07,55.049999,55.200001,54.139999,54.200001,52.256191,220800
2004-12-08,53.959999,54.660000,53.770000,54.660000,52.699692,194200
2004-12-09,54.500000,55.320000,54.310001,55.160000,53.181751,246200
2004-12-10,55.160000,56.189999,55.150002,55.900002,53.895222,358500
2004-12-13,56.860001,56.900002,55.869999,56.049999,54.175514,296100
2004-12-14,56.349998,57.759998,56.270000,57.599998,55.673672,369700
2004-12-15,58.049999,58.500000,57.889999,58.430000,56.475914,325600
2004-12-16,59.130001,59.950001,58.139999,58.389999,56.437256,555100
2004-12-17,58.270000,58.330002,57.700001,58.160000,56.214947,416700
2004-12-20,58.169998,58.250000,57.689999,58.139999,56.195618,332600
2004-12-21,58.790001,60.950001,58.450001,60.090000,58.080402,801300
2004-12-22,60.250000,61.279999,60.150002,60.639999,58.612003,380000
2004-12-23,61.200001,63.110001,61.200001,62.810001,60.709442,941200
2004-12-27,63.500000,64.540001,61.950001,62.299999,60.216496,543700
2004-12-28,62.349998,63.200001,62.070000,63.180000,61.067066,289200
2004-12-29,63.180000,63.980000,63.000000,63.820000,61.685665,308100
2004-12-30,63.820000,64.099998,63.450001,63.860001,61.724323,262800
2004-12-31,64.000000,64.750000,63.990002,64.199997,62.052944,212400
2005-01-03,64.699997,64.919998,63.330002,63.509998,61.386028,348800
2005-01-04,63.549999,63.689999,61.700001,61.950001,59.878197,671000
2005-01-05,61.860001,61.860001,60.209999,60.560001,58.534687,955800
2005-01-06,60.549999,61.400002,60.330002,61.000000,58.959969,396500
2005-01-07,61.299999,61.950001,61.160000,61.480000,59.423920,211200
2005-01-10,63.349998,64.720001,62.279999,64.400002,62.246273,820800
2005-01-11,64.599998,64.989998,64.080002,64.489998,62.333260,572500
2005-01-12,64.400002,64.959999,64.070000,64.650002,62.487911,423200
2005-01-13,64.849998,66.550003,64.709999,65.849998,63.647770,854400
2005-01-14,66.349998,67.610001,65.889999,67.400002,65.145935,497100
2005-01-18,67.550003,68.910004,67.000000,68.379997,66.093147,456800
2005-01-19,70.000000,70.849998,69.790001,70.099998,67.755646,1127200
2005-01-20,70.019997,70.019997,68.250000,69.059998,66.750420,565300
2005-01-21,69.059998,69.169998,67.839996,68.239998,65.957848,433900
2005-01-24,68.349998,68.570000,67.250000,67.459999,65.203926,369500
2005-01-25,67.459999,67.900002,66.559998,66.800003,64.565994,516900
2005-01-26,66.750000,66.790001,66.209999,66.430000,64.208374,559000
2005-01-27,66.500000,67.040001,66.209999,66.900002,64.662659,486700
2005-01-28,67.300003,68.370003,67.239998,68.300003,66.015839,942900
2005-01-31,68.550003,68.870003,68.309998,68.800003,66.499115,440700
2005-02-01,68.889999,69.430000,68.459999,69.250000,66.934074,329700
2005-02-02,69.250000,70.199997,68.010002,70.000000,67.658981,770200
2005-02-03,69.099998,70.000000,68.550003,69.900002,67.562340,571900
2005-02-04,69.900002,73.489998,69.900002,73.250000,70.800301,1149600
2005-02-07,73.150002,74.989998,73.000000,73.959999,71.486549,878000
2005-02-08,73.449997,75.089996,73.449997,74.980003,72.472443,611200
2005-02-09,74.980003,75.410004,73.800003,74.260002,71.776520,535400
2005-02-10,74.110001,74.750000,73.470001,74.550003,72.056816,584800
2005-02-11,74.000000,74.449997,72.610001,74.059998,71.583183,539200
2005-02-14,73.849998,74.349998,73.650002,74.000000,71.525200,314900
2005-02-15,74.000000,74.320000,72.300003,73.300003,70.848633,606400
2005-02-16,73.050003,74.699997,72.800003,74.449997,71.960167,426300
2005-02-17,74.550003,74.849998,73.800003,74.349998,71.863503,328500
2005-02-18,74.199997,74.279999,73.150002,74.050003,71.573532,277500
2005-02-22,72.900002,73.680000,69.019997,70.349998,67.997269,1262700
2005-02-23,71.849998,72.199997,71.150002,71.529999,69.137802,566200
2005-02-24,71.540001,72.699997,70.779999,72.389999,69.969063,394400
2005-02-25,72.250000,73.800003,72.230003,73.650002,71.186897,352600
2005-02-28,73.050003,73.650002,71.330002,72.650002,70.220367,370200
2005-03-01,73.050003,73.099998,72.059998,72.889999,70.452324,410100
2005-03-02,72.889999,72.970001,72.639999,72.849998,70.413666,414500
2005-03-03,72.830002,73.410004,72.620003,72.849998,70.413666,294600
2005-03-04,72.940002,75.050003,72.849998,75.050003,72.540100,415500
2005-03-07,75.000000,75.900002,74.510002,75.639999,73.110374,400200
2005-03-08,75.849998,75.849998,74.230003,75.650002,73.120033,390900
2005-03-09,75.199997,75.440002,73.870003,73.900002,71.428551,605400
2005-03-10,74.449997,74.449997,72.000000,72.650002,70.220367,398200
2005-03-11,72.510002,73.150002,71.010002,71.900002,69.629623,461100
2005-03-14,71.540001,72.089996,70.709999,72.089996,69.813614,304600
2005-03-15,72.699997,72.820000,71.690002,72.050003,69.774879,777600
2005-03-16,71.800003,71.849998,71.199997,71.400002,69.145409,381500
2005-03-17,71.150002,71.180000,70.000000,70.699997,68.467499,488700
2005-03-18,70.949997,70.970001,69.650002,69.650002,67.450668,398100
2005-03-21,69.000000,69.589996,65.150002,69.300003,67.111740,870500
2005-03-22,69.000000,70.250000,68.580002,68.820000,66.646881,1094300
2005-03-23,68.410004,68.410004,67.550003,67.980003,65.833405,692700
2005-03-24,67.849998,69.730003,67.760002,69.000000,66.821175,482200
2005-03-28,68.900002,68.900002,66.650002,67.199997,65.078018,678400
2005-03-29,66.949997,67.980003,66.830002,67.070000,64.952148,327200
2005-03-30,65.650002,67.660004,65.650002,67.239998,65.116768,481200
2005-03-31,67.050003,68.099998,67.029999,67.300003,65.174866,316200
2005-04-01,68.949997,68.980003,67.699997,67.980003,65.833405,356100
2005-04-04,67.849998,68.070000,67.089996,67.900002,65.755928,307400
2005-04-05,67.570000,68.209999,67.360001,67.599998,65.465401,206400
2005-04-06,67.849998,68.349998,67.639999,67.830002,65.688133,367600
2005-04-07,67.519997,70.180000,67.480003,70.089996,67.876770,430000
2005-04-08,70.040001,70.040001,68.800003,69.070000,66.888969,417800
2005-04-11,69.099998,69.150002,68.510002,68.599998,66.433823,278200
2005-04-12,68.849998,70.800003,68.300003,70.639999,68.409393,327700
2005-04-13,70.489998,70.500000,68.349998,68.699997,66.530663,422500
2005-04-14,68.699997,68.709999,65.940002,66.800003,64.690651,525600
2005-04-15,66.599998,67.120003,64.309998,64.650002,62.608555,1042200
2005-04-18,64.720001,66.300003,64.709999,65.820000,63.741604,541900
2005-04-19,66.070000,67.800003,66.070000,67.800003,65.659081,425400
2005-04-20,70.250000,70.500000,68.349998,68.400002,66.240150,1087800
2005-04-21,70.500000,70.500000,69.040001,69.970001,67.760559,648200
2005-04-22,70.000000,70.529999,69.349998,70.110001,67.896126,831600
2005-04-25,70.099998,70.800003,69.830002,70.400002,68.176979,721000
2005-04-26,70.349998,71.190002,70.019997,70.349998,68.128563,576100
2005-04-27,70.349998,70.449997,69.599998,70.190002,67.973618,339300
2005-04-28,70.239998,70.360001,68.809998,69.279999,67.092346,408400
2005-04-29,69.500000,69.879997,68.430000,69.589996,67.392563,340100
2005-05-02,70.050003,70.129997,69.330002,69.989998,67.779922,326000
2005-05-03,69.989998,70.089996,68.800003,68.919998,66.743729,383500
2005-05-04,69.449997,70.519997,68.919998,70.300003,68.080139,571900
2005-05-05,70.550003,72.699997,70.449997,72.290001,70.007301,614900
2005-05-06,72.290001,72.860001,71.099998,72.459999,70.171936,398900
2005-05-09,72.459999,73.580002,71.779999,73.349998,71.033836,341700
2005-05-10,72.949997,73.599998,72.699997,73.250000,70.936996,293100
2005-05-11,73.300003,74.279999,72.919998,73.879997,71.547096,292700
2005-05-12,73.699997,74.099998,72.800003,73.099998,70.791725,318600
2005-05-13,73.239998,73.250000,71.589996,71.720001,69.455299,380200
2005-05-16,71.730003,71.809998,70.199997,71.489998,69.232567,708200
2005-05-17,71.540001,71.699997,70.910004,71.269997,69.019508,454300
2005-05-18,71.099998,73.459999,71.099998,73.120003,70.811089,650700
2005-05-19,73.050003,73.690002,72.809998,73.550003,71.227524,303700
2005-05-20,73.599998,73.790001,73.120003,73.769997,71.440559,203500
2005-05-23,74.400002,76.190002,74.260002,75.680000,73.290253,983700
2005-05-24,75.680000,75.739998,74.849998,75.260002,72.883514,489200
2005-05-25,75.650002,75.650002,73.500000,74.500000,72.147522,427300
2005-05-26,75.489998,76.940002,75.150002,76.430000,74.016579,838400
2005-05-27,76.519997,76.889999,76.250000,76.809998,74.384575,418400
2005-05-31,77.099998,78.910004,77.000000,78.870003,76.379524,1217400
2005-06-01,78.720001,79.099998,78.150002,78.779999,76.292366,592100
2005-06-02,78.989998,79.250000,78.099998,78.510002,76.030891,555900
2005-06-03,78.300003,79.190002,77.610001,78.199997,75.730682,365200
2005-06-06,78.300003,79.639999,77.800003,78.879997,76.389206,343900
2005-06-07,79.099998,80.639999,79.099998,79.730003,77.212372,470600
2005-06-08,79.629997,80.480003,78.779999,79.269997,76.766907,379000
2005-06-09,79.820000,80.339996,79.190002,79.959999,77.435112,425500
2005-06-10,79.959999,79.959999,79.309998,79.580002,77.067108,211500
2005-06-13,79.500000,79.930000,78.660004,79.879997,77.493958,289800
2005-06-14,79.680000,80.070000,79.550003,80.000000,77.610382,232900
2005-06-15,80.000000,80.010002,79.599998,80.000000,77.610382,324800
2005-06-16,80.000000,80.540001,79.750000,79.980003,77.590981,533300
2005-06-17,80.500000,81.010002,80.000000,80.349998,77.949921,1165100
2005-06-20,81.550003,82.699997,81.000000,82.559998,80.093903,835200
2005-06-21,83.150002,83.519997,81.599998,82.040001,79.589447,566700
2005-06-22,82.040001,82.550003,80.559998,81.400002,78.968552,389400
2005-06-23,81.400002,81.750000,80.250000,80.430000,78.027534,385300
2005-06-24,80.230003,80.589996,78.720001,79.300003,76.931290,849600
2005-06-27,79.599998,80.099998,77.660004,79.930000,77.542480,513400
2005-06-28,80.199997,81.879997,80.099998,81.739998,79.298401,509500
2005-06-29,81.739998,82.300003,80.870003,82.089996,79.637955,284900
2005-06-30,82.300003,82.500000,81.330002,81.540001,79.104393,249600
2005-07-01,81.540001,81.550003,80.180000,81.400002,78.968552,353900
2005-07-05,81.400002,81.480003,80.800003,81.320000,78.890945,325900
2005-07-06,81.320000,82.250000,81.290001,81.690002,79.249901,273200
2005-07-07,81.250000,82.139999,81.000000,82.010002,79.560349,259100
2005-07-08,82.000000,83.330002,81.839996,83.150002,80.666298,469600
2005-07-11,83.690002,85.250000,83.220001,84.570000,82.043877,543800
2005-07-12,84.570000,84.739998,83.639999,84.290001,81.772232,239900
2005-07-13,83.949997,84.190002,83.610001,84.050003,81.539421,271500
2005-07-14,84.879997,84.879997,83.089996,83.769997,81.267769,380200
2005-07-15,84.099998,84.820000,83.500000,84.730003,82.199104,203200
2005-07-18,84.480003,84.580002,83.070000,83.169998,80.685692,291600
2005-07-19,83.599998,84.650002,83.169998,84.199997,81.684921,279600
2005-07-20,84.000000,84.889999,83.449997,84.440002,81.917755,282700
2005-07-21,84.440002,84.440002,82.010002,82.279999,79.822273,430000
2005-07-22,82.279999,83.230003,81.470001,83.180000,80.695412,539000
2005-07-25,82.800003,83.400002,82.040001,82.800003,80.326744,363000
2005-07-26,82.800003,84.500000,81.699997,82.349998,79.890198,974200
2005-07-27,81.349998,81.360001,78.660004,80.589996,78.182755,1661500
2005-07-28,80.680000,82.699997,80.680000,82.610001,80.142426,662400
2005-07-29,82.610001,82.610001,81.260002,81.389999,78.958862,311800
2005-08-01,81.389999,81.690002,79.519997,81.279999,78.852150,592600
2005-08-02,81.279999,81.940002,80.800003,81.160004,78.735733,329800
2005-08-03,81.160004,81.900002,80.889999,81.650002,79.211090,352200
2005-08-04,81.169998,81.169998,80.050003,80.080002,77.687988,339300
2005-08-05,79.750000,79.760002,77.330002,77.699997,75.379082,1001600
2005-08-08,77.000000,77.300003,73.449997,74.970001,72.730644,1821000
2005-08-09,75.070000,76.959999,75.070000,76.860001,74.564171,829800
2005-08-10,77.160004,77.970001,76.959999,77.040001,74.738792,512900
2005-08-11,77.099998,78.570000,77.080002,78.349998,76.009666,471100
2005-08-12,77.900002,78.169998,77.129997,77.900002,75.573112,373300
2005-08-15,78.000000,78.830002,77.949997,78.620003,76.271606,348200
2005-08-16,78.610001,79.360001,78.339996,78.400002,76.058174,427700
2005-08-17,78.029999,78.040001,76.660004,76.800003,74.505966,452600
2005-08-18,76.250000,76.389999,74.889999,75.589996,73.332100,663600
2005-08-19,75.199997,75.559998,74.570000,74.839996,72.604515,394300
2005-08-22,74.849998,75.419998,74.050003,75.139999,72.895546,366400
2005-08-23,74.980003,75.809998,74.199997,74.720001,72.488106,428900
2005-08-24,74.300003,76.190002,74.120003,75.430000,73.176895,401700
2005-08-25,75.400002,76.699997,75.339996,75.430000,73.176895,377600
2005-08-26,75.440002,75.449997,73.669998,73.809998,71.605270,369600
2005-08-29,71.250000,73.279999,71.040001,72.410004,70.247093,1336100
2005-08-30,72.410004,73.930000,72.180000,73.769997,71.566452,595200
2005-08-31,73.400002,75.239998,72.750000,75.209999,72.963448,991100
2005-09-01,75.000000,75.010002,71.860001,72.000000,69.849342,1690400
2005-09-02,71.809998,71.809998,68.750000,69.300003,67.230003,2292300
2005-09-06,70.699997,72.660004,70.559998,72.610001,70.441124,1181300
2005-09-07,72.610001,73.309998,71.349998,72.709999,70.538132,688300
2005-09-08,71.739998,72.010002,70.639999,71.220001,69.092644,621900
2005-09-09,71.220001,71.739998,70.750000,71.230003,69.102341,720300
2005-09-12,70.949997,71.870003,70.949997,71.599998,69.461288,385300
2005-09-13,71.940002,71.949997,70.489998,70.709999,68.751503,517700
2005-09-14,70.709999,70.709999,67.720001,67.830002,65.951279,1759400
2005-09-15,67.650002,68.750000,67.010002,68.000000,66.116570,672100
2005-09-16,68.500000,68.540001,66.489998,66.639999,64.794235,824800
2005-09-19,66.370003,66.370003,64.650002,64.940002,63.141323,1153800
2005-09-20,64.900002,66.000000,64.599998,64.839996,63.044083,1084400
2005-09-21,64.839996,64.839996,61.580002,62.029999,60.311924,1457800
2005-09-22,61.099998,64.080002,61.049999,64.000000,62.227360,1237700
2005-09-23,64.160004,64.199997,62.930000,63.310001,61.556469,897500
2005-09-26,63.450001,64.629997,62.880001,63.009998,61.264786,635800
2005-09-27,63.169998,63.779999,62.250000,62.349998,60.623062,656800
2005-09-28,62.349998,62.349998,60.230000,60.430000,58.756237,1036200
2005-09-29,59.950001,61.860001,59.790001,61.849998,60.136913,935200
2005-09-30,61.849998,62.880001,61.650002,62.450001,60.720295,693300
2005-10-03,61.750000,62.200001,60.509998,61.919998,60.204971,604400
2005-10-04,61.490002,61.500000,60.709999,60.759998,59.077099,560700
2005-10-05,60.599998,61.250000,59.610001,60.250000,58.581226,838500
2005-10-06,60.220001,60.869999,59.160000,60.099998,58.435375,1207200
2005-10-07,60.099998,60.770000,59.830002,60.150002,58.483994,896100
2005-10-10,60.200001,60.660000,60.000000,60.599998,58.921532,887900
2005-10-11,60.810001,61.560001,60.320000,60.980000,59.291008,1102800
2005-10-12,60.810001,61.330002,59.549999,60.180000,58.513161,810800
2005-10-13,60.029999,60.310001,59.419998,60.200001,58.532604,660900
2005-10-14,60.500000,62.000000,60.349998,61.639999,59.932724,771900
2005-10-17,61.560001,62.500000,60.599998,61.000000,59.310448,759700
2005-10-18,60.849998,60.939999,59.509998,59.889999,58.231201,682200
2005-10-19,59.500000,60.400002,58.500000,60.009998,58.347862,1214200
2005-10-20,60.090000,60.240002,59.299999,59.900002,58.240917,679000
2005-10-21,60.400002,60.790001,59.900002,60.570000,58.892361,638400
2005-10-24,60.660000,62.090000,60.610001,61.689999,59.981342,565000
2005-10-25,59.500000,61.779999,59.099998,61.619999,59.913277,2225800
2005-10-26,61.619999,64.370003,60.830002,63.590000,61.828716,2036200
2005-10-27,64.000000,64.099998,62.049999,62.349998,60.623062,1028200
2005-10-28,62.349998,64.430000,62.340000,64.379997,62.596832,911300
2005-10-31,64.379997,66.550003,64.339996,65.949997,64.123360,1078800
2005-11-01,65.940002,65.949997,64.739998,65.589996,63.773312,989100
2005-11-02,66.099998,67.779999,65.889999,66.900002,65.047043,1088600
2005-11-03,67.220001,68.309998,66.110001,66.320000,64.483109,734200
2005-11-04,66.349998,66.410004,65.370003,66.000000,64.171967,581300
2005-11-07,66.000000,67.870003,65.809998,67.860001,65.980446,597600
2005-11-08,65.070000,66.010002,64.500000,64.570000,62.781567,1199600
2005-11-09,64.599998,65.190002,64.050003,64.540001,62.752407,762800
2005-11-10,64.500000,65.349998,63.689999,65.260002,63.452473,530700
2005-11-11,65.250000,66.379997,65.000000,66.370003,64.531723,412000
2005-11-14,66.599998,66.949997,65.529999,65.690002,63.870560,391900
2005-11-15,65.500000,65.690002,64.320000,64.500000,62.713505,683300
2005-11-16,64.500000,64.949997,63.730000,64.300003,62.519054,459100
2005-11-17,63.840000,66.070000,63.770000,66.050003,64.220581,513200
2005-11-18,66.089996,66.250000,65.500000,66.080002,64.249748,462800
2005-11-21,66.089996,67.089996,65.809998,66.910004,65.056763,376400
2005-11-22,67.099998,68.489998,66.910004,68.419998,66.524940,470200
2005-11-23,68.599998,69.239998,68.120003,68.580002,66.680511,336700
2005-11-25,68.989998,69.000000,68.599998,68.870003,66.962479,94600
2005-11-28,68.879997,69.000000,67.059998,67.110001,65.251213,394900
2005-11-29,67.199997,68.599998,66.790001,67.139999,65.280388,387300
2005-11-30,67.040001,67.599998,66.160004,66.400002,64.560890,309200
2005-12-01,66.570000,67.430000,66.510002,66.919998,65.066483,317500
2005-12-02,66.989998,67.779999,66.610001,67.599998,65.727646,323500
2005-12-05,67.599998,67.599998,65.610001,65.879997,64.055283,697600
2005-12-06,65.900002,66.669998,65.449997,66.489998,64.648384,419000
2005-12-07,66.500000,66.500000,65.199997,65.410004,63.598309,554000
2005-12-08,65.000000,66.820000,64.269997,66.550003,64.706726,437400
2005-12-09,66.300003,67.089996,65.800003,66.940002,65.085930,314800
2005-12-12,67.000000,67.290001,66.650002,67.040001,65.183159,242000
2005-12-13,66.889999,67.750000,66.709999,67.449997,65.738686,257000
2005-12-14,67.459999,68.349998,67.300003,68.000000,66.274742,363100
2005-12-15,68.250000,68.750000,67.849998,68.669998,66.927742,411100
2005-12-16,69.400002,69.500000,68.500000,68.580002,66.840034,401800
2005-12-19,68.580002,69.300003,67.900002,68.010002,66.284492,366200
2005-12-20,68.449997,69.709999,68.320000,69.410004,67.648972,634900
2005-12-21,69.599998,70.129997,69.300003,70.050003,68.272736,600000
2005-12-22,70.050003,70.400002,69.790001,70.190002,68.409187,358000
2005-12-23,70.150002,70.639999,69.099998,70.309998,68.526131,417600
2005-12-27,70.269997,70.849998,69.010002,69.099998,67.346825,373300
2005-12-28,69.000000,69.000000,68.099998,68.500000,66.762054,354100
2005-12-29,68.540001,68.800003,67.690002,68.089996,66.362457,260200
2005-12-30,67.800003,67.989998,66.830002,67.220001,65.514534,397500
2006-01-03,67.220001,68.080002,65.000000,67.989998,66.265007,731000
2006-01-04,67.940002,67.940002,66.820000,67.040001,65.339096,366100
2006-01-05,66.750000,67.980003,66.699997,67.300003,65.592499,456500
2006-01-06,67.309998,67.400002,66.330002,67.239998,65.534019,409100
2006-01-09,67.099998,68.410004,66.779999,67.500000,65.787437,385100
2006-01-10,67.500000,67.500000,65.790001,66.870003,65.173424,721900
2006-01-11,67.000000,67.000000,66.019997,66.139999,64.461929,296600
2006-01-12,65.800003,65.980003,64.830002,65.470001,63.808933,468800
2006-01-13,65.110001,65.250000,64.400002,64.699997,63.058468,423300
2006-01-17,63.849998,64.529999,63.799999,64.290001,62.658867,582600
2006-01-18,63.509998,64.199997,63.389999,63.520000,61.908405,902300
2006-01-19,63.349998,63.900002,63.340000,63.549999,61.937641,502900
2006-01-20,63.650002,63.650002,62.590000,63.200001,61.596527,626600
2006-01-23,63.000000,63.180000,62.400002,62.549999,60.963020,485600
2006-01-24,62.450001,63.389999,62.200001,62.310001,60.729107,734800
2006-01-25,62.310001,62.709999,61.840000,62.049999,60.475704,479500
2006-01-26,62.250000,62.779999,62.080002,62.450001,60.865559,366700
2006-01-27,62.700001,63.320000,62.360001,63.099998,61.499062,775600
2006-01-30,63.099998,63.650002,62.700001,63.560001,61.947395,650500
2006-01-31,63.549999,63.970001,63.099998,63.450001,61.840179,550700
2006-02-01,63.320000,63.610001,62.849998,63.270000,61.664749,645800
2006-02-02,62.610001,63.330002,62.490002,62.950001,61.352871,688800
2006-02-03,62.400002,62.500000,61.599998,62.250000,60.670631,546000
2006-02-06,61.939999,62.389999,61.330002,61.720001,60.154079,258200
2006-02-07,61.240002,61.500000,59.919998,60.220001,58.692131,590800
2006-02-08,60.220001,61.480000,58.310001,61.299999,59.744728,1410800
2006-02-09,60.750000,63.250000,60.509998,62.360001,60.777836,1255900
2006-02-10,62.450001,62.580002,59.669998,60.660000,59.120964,1055300
2006-02-13,60.660000,60.869999,59.090000,59.299999,57.795471,609100
2006-02-14,59.310001,60.299999,58.669998,59.900002,58.380245,618400
2006-02-15,60.369999,62.020000,60.000000,61.459999,59.900673,616900
2006-02-16,61.470001,62.520000,61.470001,62.380001,60.797325,463400
2006-02-17,62.299999,62.349998,61.509998,62.150002,60.573166,564500
2006-02-21,62.150002,62.410000,61.900002,62.230000,60.651134,559400
2006-02-22,62.230000,62.419998,61.610001,61.700001,60.134583,603500
2006-02-23,61.700001,61.700001,61.060001,61.270000,59.715492,600000
2006-02-24,61.220001,61.320000,60.599998,60.880001,59.335388,383200
2006-02-27,60.990002,61.439999,60.099998,61.220001,59.666756,399400
2006-02-28,61.000000,61.119999,59.799999,59.930000,58.409489,758700
2006-03-01,59.799999,59.869999,58.529999,58.919998,57.425121,1113100
2006-03-02,58.959999,59.330002,58.619999,59.000000,57.503086,842300
2006-03-03,58.810001,59.200001,58.509998,59.009998,57.512825,699200
2006-03-06,58.849998,59.000000,57.830002,58.830002,57.337402,636700
2006-03-07,58.830002,58.830002,57.099998,57.230000,55.777992,732800
2006-03-08,57.150002,57.349998,56.500000,57.029999,55.583065,520800
2006-03-09,57.099998,58.000000,56.709999,56.820000,55.378391,376600
2006-03-10,56.810001,58.500000,56.660000,58.259998,56.781860,488200
2006-03-13,57.959999,59.200001,57.750000,58.200001,56.879593,514500
2006-03-14,58.200001,58.939999,57.790001,58.880001,57.544159,567200
2006-03-15,58.820000,59.520000,58.730000,59.500000,58.150097,426800
2006-03-16,59.750000,61.509998,59.700001,61.509998,60.114491,816700
2006-03-17,61.650002,61.830002,61.160000,61.750000,60.349049,580900
2006-03-20,61.650002,61.990002,61.230000,61.480000,60.085178,381500
2006-03-21,61.480000,61.480000,60.099998,60.099998,58.736481,431400
2006-03-22,59.930000,60.910000,59.750000,60.540001,59.166500,305100
2006-03-23,60.270000,61.340000,60.090000,60.950001,59.567204,420800
2006-03-24,60.799999,60.810001,59.189999,60.380001,59.010132,685200
2006-03-27,59.900002,60.090000,59.500000,59.619999,58.267368,333800
2006-03-28,59.400002,61.880001,59.400002,61.459999,60.065632,659900
2006-03-29,61.560001,63.139999,61.139999,62.880001,61.453415,707200
2006-03-30,62.869999,62.939999,61.209999,61.750000,60.349049,377400
2006-03-31,61.900002,62.869999,61.730000,62.840000,61.414326,450800
2006-04-03,62.750000,62.750000,60.779999,60.990002,59.606293,542800
2006-04-04,60.770000,61.259998,60.049999,60.980000,59.596519,1235200
2006-04-05,60.930000,61.720001,60.369999,61.680000,60.280636,565300
2006-04-06,61.599998,61.700001,60.799999,61.209999,59.821301,370700
2006-04-07,60.820000,60.950001,59.549999,60.020000,58.658302,606200
2006-04-10,60.000000,60.279999,59.700001,59.810001,58.453064,357800
2006-04-11,59.810001,60.200001,59.080002,59.360001,58.013275,406000
2006-04-12,59.290001,59.740002,58.689999,58.759998,57.426884,380000
2006-04-13,58.770000,58.889999,58.099998,58.209999,56.889362,362700
2006-04-17,57.750000,58.000000,56.770000,57.080002,55.785000,592400
2006-04-18,56.750000,58.779999,56.570000,58.389999,57.065277,768200
2006-04-19,58.099998,58.099998,56.570000,57.700001,56.390930,832900
2006-04-20,57.849998,58.400002,57.080002,58.200001,56.879593,825900
2006-04-21,58.200001,58.439999,57.330002,57.880001,56.566853,673500
2006-04-24,57.650002,57.880001,57.189999,57.450001,56.146606,482900
2006-04-25,58.400002,58.400002,55.759998,56.389999,55.110661,580700
2006-04-26,55.849998,57.259998,55.360001,55.480000,54.221294,858100
2006-04-27,54.299999,56.430000,53.000000,56.320000,55.042240,1202100
2006-04-28,56.049999,56.389999,55.580002,56.160000,54.885872,504900
2006-05-01,56.099998,56.340000,54.990002,55.099998,53.849918,886600
2006-05-02,51.509998,53.439999,51.480000,51.500000,50.331600,3641500
2006-05-03,51.000000,51.840000,50.799999,51.009998,49.852711,2063300
2006-05-04,51.009998,51.180000,50.730000,50.830002,49.676796,836500
2006-05-05,50.820000,52.820000,50.790001,52.610001,51.416412,965800
2006-05-08,53.200001,53.740002,52.810001,53.590000,52.374180,1123200
2006-05-09,53.470001,53.599998,52.590000,52.950001,51.748699,923700
2006-05-10,52.950001,53.570000,52.700001,53.340000,52.129848,751700
2006-05-11,53.250000,53.410000,52.720001,52.750000,51.553238,770600
2006-05-12,52.759998,53.180000,51.889999,53.160000,51.953938,1170200
2006-05-15,53.209999,54.180000,52.860001,54.099998,52.872604,1596600
2006-05-16,53.900002,53.919998,52.099998,52.160000,50.976620,1212800
2006-05-17,51.709999,51.880001,50.880001,51.049999,49.891804,1066100
2006-05-18,51.259998,51.669998,50.599998,50.619999,49.471558,770400
2006-05-19,50.630001,51.840000,50.299999,51.049999,49.891804,1066600
2006-05-22,50.650002,50.759998,49.599998,50.330002,49.188141,1236100
2006-05-23,50.330002,51.000000,49.169998,49.250000,48.132641,1582900
2006-05-24,49.000000,49.500000,47.040001,48.099998,47.008732,2020400
2006-05-25,48.099998,48.750000,48.000000,48.349998,47.253056,933400
2006-05-26,48.500000,48.889999,48.500000,48.830002,47.722172,684700
2006-05-30,48.750000,48.750000,47.180000,47.299999,46.226879,1601200
2006-05-31,47.439999,47.689999,46.639999,47.020000,45.953236,1349100
2006-06-01,46.939999,47.360001,46.250000,47.270000,46.197567,1155400
2006-06-02,47.529999,47.880001,46.380001,46.779999,45.718678,887700
2006-06-05,46.700001,46.700001,44.959999,44.990002,43.969292,1342700
2006-06-06,45.000000,45.000000,43.310001,44.049999,43.050613,2066500
2006-06-07,44.049999,44.810001,43.799999,44.520000,43.509956,1260800
2006-06-08,44.520000,45.299999,43.400002,44.410000,43.402451,1898300
2006-06-09,44.509998,45.939999,44.509998,45.459999,44.428635,1191500
2006-06-12,45.459999,45.689999,42.119999,42.380001,41.418507,1999600
2006-06-13,42.200001,42.939999,41.720001,41.919998,41.124199,1717900
2006-06-14,41.930000,42.470001,41.669998,42.000000,41.202686,888600
2006-06-15,42.250000,45.000000,42.250000,44.790001,43.939716,1402400
2006-06-16,44.250000,44.720001,43.349998,43.869999,43.037178,1024100
2006-06-19,44.070000,44.709999,42.500000,42.849998,42.036545,996800
2006-06-20,40.930000,43.169998,40.930000,42.810001,41.997303,974400
2006-06-21,43.299999,44.270000,42.959999,44.150002,43.311867,680100
2006-06-22,44.380001,44.919998,43.880001,44.779999,43.929909,978700
2006-06-23,45.000000,45.939999,44.540001,45.599998,44.734344,874600
2006-06-26,45.799999,48.189999,45.730000,47.040001,46.147007,1526900
2006-06-27,47.750000,48.000000,46.709999,46.869999,45.980228,830200
2006-06-28,46.869999,46.990002,45.340000,45.799999,44.930546,614000
2006-06-29,45.930000,47.720001,45.869999,47.689999,46.784660,655400
2006-06-30,47.930000,48.110001,46.299999,46.540001,45.656498,782600
2006-07-03,46.540001,47.000000,46.290001,46.849998,45.960609,226900
2006-07-05,46.750000,46.750000,45.970001,45.980000,45.107121,703400
2006-07-06,45.950001,47.259998,45.919998,47.020000,46.127384,775600
2006-07-07,46.820000,49.250000,46.759998,48.650002,47.726440,1229000
2006-07-10,48.349998,48.939999,48.279999,48.639999,47.716625,693000
2006-07-11,48.540001,48.590000,47.669998,47.950001,47.039726,1139100
2006-07-12,48.250000,49.639999,48.200001,48.590000,47.667580,834000
2006-07-13,48.590000,48.590000,46.259998,46.509998,45.627060,1089600
2006-07-14,46.000000,46.790001,44.889999,46.599998,45.715359,929900
2006-07-17,46.500000,46.599998,45.000000,45.060001,44.204590,681200
2006-07-18,45.060001,45.330002,43.299999,43.599998,42.772301,1529000
2006-07-19,43.680000,46.400002,43.650002,46.200001,45.322952,974900
2006-07-20,46.180000,46.750000,45.570000,45.599998,44.734344,942400
2006-07-21,45.590000,46.000000,44.320000,44.709999,43.861237,1563100
2006-07-24,44.650002,46.860001,44.560001,46.759998,45.872318,924100
2006-07-25,46.759998,49.250000,46.750000,49.099998,48.167896,906800
2006-07-26,49.099998,49.270000,47.810001,48.250000,47.334034,777400
2006-07-27,48.400002,48.779999,45.570000,45.680000,44.812817,754900
2006-07-28,45.930000,47.049999,45.630001,46.139999,45.264091,485600
2006-07-31,45.900002,46.150002,44.900002,44.900002,44.047630,644000
2006-08-01,43.000000,47.970001,42.400002,46.919998,46.029278,2376200
2006-08-02,46.799999,49.099998,45.779999,48.590000,47.667580,1187000
2006-08-03,48.000000,53.000000,47.709999,52.099998,51.110943,1742500
2006-08-04,52.599998,53.410000,47.500000,48.959999,48.030556,1564500
2006-08-07,48.709999,49.880001,48.299999,49.500000,48.560307,423800
2006-08-08,50.130001,50.279999,47.500000,47.750000,46.843525,911800
2006-08-09,47.689999,47.689999,45.099998,45.290001,44.430225,975300
2006-08-10,45.490002,46.000000,44.799999,45.000000,44.145729,581600
2006-08-11,45.400002,45.400002,44.549999,45.040001,44.184975,556200
2006-08-14,45.040001,45.389999,43.099998,43.639999,42.811550,913800
2006-08-15,44.139999,45.209999,43.340000,44.840000,43.988770,825900
2006-08-16,44.980000,47.639999,44.560001,47.380001,46.480553,664800
2006-08-17,47.389999,49.150002,46.810001,48.029999,47.118206,818700
2006-08-18,48.000000,48.770000,46.310001,48.009998,47.098583,628700
2006-08-21,47.759998,47.860001,46.349998,47.209999,46.313774,734000
2006-08-22,47.209999,48.070000,46.410000,47.849998,46.941624,512300
2006-08-23,47.099998,47.529999,46.610001,47.119999,46.225483,679000
2006-08-24,47.119999,47.849998,46.919998,47.400002,46.500164,432900
2006-08-25,47.250000,48.000000,47.049999,47.650002,46.745426,269500
2006-08-28,47.490002,49.480000,47.490002,48.910000,47.981503,438100
2006-08-29,49.090000,49.790001,47.029999,49.369999,48.432766,694100
2006-08-30,49.849998,49.869999,48.610001,49.599998,48.658405,458000
2006-08-31,49.450001,51.509998,49.380001,50.959999,49.992588,599900
2006-09-01,50.959999,51.410000,50.200001,50.830002,49.865055,459500
2006-09-05,50.250000,50.689999,49.200001,49.320000,48.383724,977700
2006-09-06,49.330002,49.330002,47.419998,47.889999,46.980869,1209400
2006-09-07,47.639999,48.480000,46.610001,47.919998,47.010300,1335100
2006-09-08,47.500000,49.910000,46.009998,49.669998,48.727074,1473300
2006-09-11,50.000000,54.980000,47.950001,53.240002,52.229305,1991200
2006-09-12,53.200001,57.599998,53.189999,56.049999,54.985962,2193300
2006-09-13,55.349998,58.360001,54.540001,56.000000,55.094181,1824300
2006-09-14,54.049999,54.250000,52.709999,53.520000,52.654293,1101400
2006-09-15,53.650002,56.639999,53.639999,55.599998,54.700649,1264900
2006-09-18,55.599998,55.750000,52.849998,54.240002,53.362644,1023700
2006-09-19,54.240002,55.060001,53.470001,54.150002,53.274109,1058300
2006-09-20,54.000000,55.419998,53.910000,54.400002,53.520061,342600
2006-09-21,54.349998,54.740002,52.959999,53.099998,52.241089,636200
2006-09-22,52.919998,53.849998,51.000000,53.560001,52.693649,533300
2006-09-25,53.500000,54.490002,52.490002,53.480000,52.614937,828300
2006-09-26,53.959999,55.849998,53.259998,54.750000,53.864395,1435100
2006-09-27,54.759998,55.770000,54.150002,55.000000,54.110355,1283100
2006-09-28,55.000000,55.299999,54.560001,55.080002,54.189064,581300
2006-09-29,55.009998,55.799999,54.830002,54.869999,53.982456,645500
2006-10-02,54.869999,56.139999,54.320000,55.650002,54.749840,584500
2006-10-03,55.650002,55.650002,53.290001,53.459999,52.595264,631300
2006-10-04,53.450001,54.209999,52.209999,54.000000,53.126534,876600
2006-10-05,54.000000,54.299999,53.700001,54.299999,53.421677,383000
2006-10-06,53.849998,54.169998,53.340000,53.650002,52.782188,412200
2006-10-09,53.200001,54.619999,53.130001,53.889999,53.018311,610600
2006-10-10,54.099998,54.650002,53.189999,53.860001,52.988796,536700
2006-10-11,53.750000,53.889999,52.840000,53.459999,52.595264,383800
2006-10-12,53.799999,55.349998,53.400002,54.880001,53.992298,507100
2006-10-13,54.500000,54.500000,53.820000,53.860001,52.988796,250400
2006-10-16,53.860001,54.599998,53.439999,54.380001,53.500385,295700
2006-10-17,53.880001,53.889999,52.540001,52.590000,51.739338,670400
2006-10-18,53.090000,53.939999,52.070000,53.000000,52.142704,581200
2006-10-19,53.000000,54.070000,52.849998,53.590000,52.723164,808300
2006-10-20,53.549999,53.669998,52.709999,53.389999,52.526398,474200
2006-10-23,53.450001,54.200001,52.880001,53.380001,52.516563,822200
2006-10-24,53.099998,53.900002,52.830002,53.500000,52.634617,786000
2006-10-25,53.500000,55.450001,53.299999,55.150002,54.257931,682300
2006-10-26,55.049999,56.889999,54.500000,56.669998,55.753342,625600
2006-10-27,56.669998,56.990002,55.660000,56.549999,55.635281,619600
2006-10-30,56.299999,57.500000,55.650002,56.000000,55.094181,443400
2006-10-31,56.150002,57.520000,53.299999,53.779999,52.910088,1000800
2006-11-01,53.500000,53.750000,51.810001,52.389999,51.542572,898100
2006-11-02,51.799999,52.799999,51.400002,51.939999,51.099854,521600
2006-11-03,52.189999,52.340000,51.099998,51.450001,50.617783,378200
2006-11-06,51.349998,52.200001,51.099998,51.799999,50.962116,289200
2006-11-07,51.500000,51.900002,51.150002,51.580002,50.745678,358600
2006-11-08,51.200001,52.180000,51.049999,51.750000,50.912930,390700
2006-11-09,51.349998,51.900002,51.099998,51.459999,50.627617,384400
2006-11-10,51.450001,52.130001,51.299999,52.029999,51.188396,357800
2006-11-13,51.599998,52.889999,51.410000,51.810001,50.971958,279900
2006-11-14,52.060001,53.779999,51.740002,53.369999,52.506721,383200
2006-11-15,53.150002,54.470001,53.000000,54.220001,53.342976,287700
2006-11-16,53.990002,54.130001,53.610001,53.990002,53.116692,191300
2006-11-17,53.740002,54.119999,53.299999,54.000000,53.126534,234300
2006-11-20,54.000000,54.580002,53.730000,54.060001,53.185562,364400
2006-11-21,54.189999,55.599998,54.080002,55.099998,54.208736,476400
2006-11-22,55.000000,55.720001,54.900002,55.150002,54.257931,278000
2006-11-24,55.000000,55.290001,54.610001,54.980000,54.090679,137100
2006-11-27,54.990002,54.990002,52.799999,53.180000,52.319794,419600
2006-11-28,53.180000,54.240002,52.220001,53.540001,52.673973,216100
2006-11-29,53.500000,54.090000,52.820000,53.709999,52.841221,318300
2006-11-30,53.759998,56.980000,53.290001,55.990002,55.084347,591200
2006-12-01,55.900002,56.189999,54.630001,55.290001,54.395668,364100
2006-12-04,55.009998,55.520000,55.009998,55.430000,54.533398,179300
2006-12-05,55.250000,57.450001,55.119999,56.750000,55.832054,565100
2006-12-06,56.950001,58.240002,56.549999,56.950001,56.028816,623600
2006-12-07,56.900002,56.900002,54.740002,54.750000,53.864395,370100
2006-12-08,54.799999,55.549999,54.779999,55.150002,54.257931,243100
2006-12-11,56.500000,56.500000,54.380001,55.310001,54.415340,497800
2006-12-12,55.400002,55.610001,54.470001,55.099998,54.208736,273700
2006-12-13,54.919998,55.150002,54.060001,54.060001,53.340454,255400
2006-12-14,54.200001,54.889999,53.840000,54.099998,53.379917,246900
2006-12-15,54.099998,54.279999,53.230000,54.119999,53.399654,353200
2006-12-18,53.650002,53.650002,52.169998,52.529999,51.830814,436300
2006-12-19,52.000000,52.310001,51.209999,52.000000,51.307869,385900
2006-12-20,52.250000,52.500000,52.049999,52.250000,51.554546,277800
2006-12-21,52.250000,53.070000,52.250000,52.700001,51.998558,337800
2006-12-22,52.709999,53.299999,52.490002,53.009998,52.304428,303100
2006-12-26,53.009998,53.500000,52.779999,53.080002,52.373497,210700
2006-12-27,53.080002,53.450001,52.990002,53.410000,52.699100,262000
2006-12-28,53.200001,53.500000,52.779999,53.099998,52.393230,311200
2006-12-29,52.950001,53.910000,52.950001,53.570000,52.856976,325900
2007-01-03,54.700001,54.700001,53.599998,53.900002,53.182579,557000
2007-01-04,53.810001,54.150002,53.180000,54.049999,53.330589,325300
2007-01-05,53.799999,54.180000,53.340000,54.000000,53.281254,348200
2007-01-08,53.910000,53.930000,52.990002,53.540001,52.827377,452900
2007-01-09,53.419998,54.650002,53.230000,54.650002,53.922600,292300
2007-01-10,54.400002,54.810001,54.040001,54.660000,53.932465,856100
2007-01-11,54.799999,56.290001,54.459999,56.259998,55.511166,501100
2007-01-12,56.340000,56.860001,55.840000,56.680000,55.925579,318800
2007-01-16,56.540001,57.389999,56.090000,57.189999,56.428791,412400
2007-01-17,56.650002,58.000000,56.610001,57.750000,56.981339,383500
2007-01-18,58.000000,58.000000,56.840000,57.099998,56.339985,286200
2007-01-19,56.959999,58.000000,56.770000,57.759998,56.991199,280800
2007-01-22,57.959999,57.959999,57.040001,57.169998,56.409054,351400
2007-01-23,57.150002,58.189999,56.900002,57.130001,56.369591,279100
2007-01-24,57.110001,58.090000,57.099998,58.000000,57.228012,288200
2007-01-25,58.000000,58.380001,57.250000,57.439999,56.675465,456200
2007-01-26,57.549999,57.790001,56.040001,56.669998,55.915710,364000
2007-01-29,56.570000,57.709999,56.570000,57.169998,56.409054,281800
2007-01-30,57.189999,57.200001,56.080002,56.689999,55.935444,318000
2007-01-31,56.349998,58.000000,56.279999,57.900002,57.129341,458900
2007-02-01,57.990002,58.570000,57.459999,58.320000,57.543747,400100
2007-02-02,58.299999,59.459999,58.230000,58.599998,57.820023,385800
2007-02-05,58.610001,58.820000,57.389999,58.590000,57.810158,350200
2007-02-06,59.439999,64.099998,59.340000,61.060001,60.247288,1422900
2007-02-07,60.000000,60.000000,58.049999,58.590000,57.810158,845400
2007-02-08,58.099998,58.959999,56.669998,57.169998,56.409054,553300
2007-02-09,57.009998,57.500000,55.860001,56.029999,55.284229,355400
2007-02-12,56.040001,56.220001,53.779999,54.049999,53.330589,861200
2007-02-13,54.450001,55.139999,54.200001,54.900002,54.169273,403600
2007-02-14,54.849998,55.310001,54.500000,54.570000,53.843662,350400
2007-02-15,54.700001,55.720001,54.700001,55.150002,54.415947,282600
2007-02-16,55.389999,55.650002,54.779999,55.000000,54.267937,380700
2007-02-20,54.709999,55.779999,54.639999,55.470001,54.731686,428300
2007-02-21,55.470001,57.820000,55.299999,56.560001,55.807178,786800
2007-02-22,56.900002,57.099998,55.099998,55.560001,54.820484,317500
2007-02-23,55.500000,55.599998,55.000000,55.029999,54.297535,232300
2007-02-26,55.049999,55.340000,54.980000,55.020000,54.287670,348400
2007-02-27,54.650002,55.849998,54.650002,55.000000,54.267937,663500
2007-02-28,55.139999,55.840000,54.869999,55.630001,54.889561,516100
2007-03-01,55.009998,55.939999,54.549999,55.730000,54.988224,496800
2007-03-02,55.740002,56.880001,55.230000,55.250000,54.514610,498100
2007-03-05,55.000000,55.639999,53.790001,55.000000,54.267937,817400
2007-03-06,55.349998,56.490002,55.330002,56.070000,55.323696,477100
2007-03-07,56.000000,56.750000,55.669998,55.669998,54.929020,393700
2007-03-08,55.950001,56.470001,55.220001,55.380001,54.642883,364700
2007-03-09,55.580002,55.580002,54.869999,55.180000,54.445545,277000
2007-03-12,55.180000,55.209999,54.790001,55.000000,54.267937,448900
2007-03-13,54.840000,55.020000,52.709999,53.049999,52.496613,1089800
2007-03-14,52.160000,54.389999,52.160000,54.020000,53.456497,474400
2007-03-15,53.860001,54.320000,53.790001,54.029999,53.466389,267200
2007-03-16,54.220001,54.660000,53.820000,54.250000,53.684093,281600
2007-03-19,54.500000,55.549999,54.259998,55.450001,54.871574,317500
2007-03-20,55.119999,56.669998,55.009998,56.320000,55.732498,512800
2007-03-21,56.230000,57.000000,56.150002,56.480000,55.890831,328400
2007-03-22,56.230000,56.680000,55.080002,56.000000,55.415840,268500
2007-03-23,55.750000,56.349998,55.509998,55.759998,55.178337,295300
2007-03-26,55.619999,56.279999,55.230000,55.639999,55.059593,249000
2007-03-27,55.639999,55.919998,54.630001,54.639999,54.070026,301500
2007-03-28,54.389999,54.400002,52.700001,53.340000,52.783585,471700
2007-03-29,53.880001,54.000000,52.860001,53.060001,52.506508,381800
2007-03-30,53.040001,53.490002,52.189999,52.310001,51.764332,439100
2007-04-02,52.200001,53.490002,52.200001,52.680000,52.130470,300300
2007-04-03,52.700001,53.980000,52.529999,53.669998,53.110142,232000
2007-04-04,53.520000,53.840000,53.090000,53.590000,53.030979,161900
2007-04-05,53.590000,54.180000,53.410000,53.570000,53.011189,134400
2007-04-09,53.270000,53.770000,53.119999,53.419998,52.862747,185900
2007-04-10,53.540001,54.349998,53.349998,54.049999,53.486179,243700
2007-04-11,54.419998,54.610001,53.200001,53.290001,52.734108,214900
2007-04-12,53.290001,54.279999,52.439999,54.070000,53.505970,435300
2007-04-13,53.880001,54.099998,52.930000,53.250000,52.694523,304700
2007-04-16,53.410000,53.849998,53.150002,53.400002,52.842960,234200
2007-04-17,53.360001,55.750000,53.150002,54.770000,54.198666,839400
2007-04-18,54.279999,56.610001,53.849998,55.380001,54.802303,886200
2007-04-19,54.820000,55.959999,54.520000,54.950001,54.376793,417200
2007-04-20,55.360001,56.020000,54.290001,55.250000,54.673660,369000
2007-04-23,55.090000,55.930000,55.000000,55.490002,54.911163,310300
2007-04-24,55.470001,55.740002,54.900002,55.250000,54.673660,219900
2007-04-25,55.279999,57.000000,55.169998,56.619999,56.029369,605000
2007-04-26,56.549999,59.950001,56.049999,58.459999,57.850174,1138500
2007-04-27,58.189999,58.950001,58.009998,58.650002,58.038197,432900
2007-04-30,58.500000,58.500000,56.630001,56.630001,56.039265,573000
2007-05-01,56.630001,57.500000,55.270000,57.049999,56.454884,679900
2007-05-02,57.160000,59.000000,56.730000,57.130001,56.534050,751200
2007-05-03,57.099998,57.950001,56.919998,57.299999,56.702274,610900
2007-05-04,57.299999,57.750000,57.000000,57.299999,56.702274,809500
2007-05-07,57.200001,58.049999,57.060001,58.020000,57.414768,365700
2007-05-08,58.020000,60.849998,57.939999,59.450001,58.829849,1499400
2007-05-09,59.049999,59.709999,58.970001,59.310001,58.691311,449100
2007-05-10,58.980000,59.340000,57.459999,57.630001,57.028835,504400
2007-05-11,57.700001,58.349998,57.150002,57.599998,56.999146,498300
2007-05-14,57.740002,58.090000,56.720001,56.730000,56.138222,519600
2007-05-15,56.709999,57.200001,56.000000,56.500000,55.910625,647600
2007-05-16,56.419998,56.549999,55.000000,55.720001,55.138760,510300
2007-05-17,55.400002,55.549999,54.849998,55.299999,54.723137,327500
2007-05-18,55.299999,55.389999,54.040001,54.349998,53.783047,651200
2007-05-21,54.459999,55.680000,54.459999,54.750000,54.178875,454800
2007-05-22,55.459999,57.369999,55.259998,55.500000,54.921055,1197400
2007-05-23,55.500000,56.180000,53.070000,53.070000,52.516403,1567700
2007-05-24,53.080002,53.099998,50.980000,51.639999,51.101318,2515500
2007-05-25,51.549999,53.150002,51.340000,51.869999,51.328918,1239800
2007-05-29,51.869999,52.599998,51.380001,52.529999,51.982037,641500
2007-05-30,52.270000,53.209999,51.950001,52.939999,52.387756,665100
2007-05-31,52.939999,52.959999,51.950001,52.340000,51.794018,572700
2007-06-01,52.619999,52.619999,51.080002,51.340000,50.804447,710100
2007-06-04,50.939999,51.509998,50.500000,50.720001,50.190918,850500
2007-06-05,50.509998,50.790001,49.580002,49.700001,49.181557,890300
2007-06-06,49.700001,49.759998,49.029999,49.750000,49.231037,1064800
2007-06-07,49.700001,50.279999,48.599998,48.610001,48.102924,989900
2007-06-08,48.410000,49.459999,48.400002,49.250000,48.736252,585700
2007-06-11,49.020000,49.439999,48.599998,48.799999,48.290943,524900
2007-06-12,48.799999,48.849998,47.540001,47.860001,47.360752,739000
2007-06-13,47.750000,48.150002,47.110001,48.150002,47.807552,1427900
2007-06-14,48.259998,48.419998,47.930000,47.939999,47.599045,732900
2007-06-15,48.090000,48.240002,47.310001,47.320000,46.983456,1064100
2007-06-18,47.450001,47.520000,46.580002,47.000000,46.665730,1645300
2007-06-19,46.750000,48.660000,46.740002,48.490002,48.145134,1002900
2007-06-20,48.439999,48.639999,47.840000,48.000000,47.658619,565600
2007-06-21,47.980000,47.980000,47.360001,47.700001,47.360752,862400
2007-06-22,47.450001,47.619999,46.619999,46.639999,46.308289,630800
2007-06-25,47.299999,47.689999,46.200001,46.450001,46.119644,770800
2007-06-26,46.450001,46.799999,45.759998,45.990002,45.662914,591400
2007-06-27,45.700001,46.700001,45.150002,46.389999,46.060070,761500
2007-06-28,46.389999,46.799999,45.990002,46.610001,46.278503,474500
2007-06-29,46.910000,46.910000,46.110001,46.340000,46.010426,724300
2007-07-02,46.340000,46.939999,45.950001,46.880001,46.546585,552900
2007-07-03,47.200001,47.220001,46.549999,46.830002,46.496941,305000
2007-07-05,46.840000,47.340000,46.560001,46.720001,46.387722,642100
2007-07-06,46.900002,47.330002,46.619999,47.000000,46.665730,571800
2007-07-09,46.900002,47.000000,46.220001,46.650002,46.318222,256600
2007-07-10,46.500000,46.639999,45.330002,45.509998,45.186325,647200
2007-07-11,45.340000,45.500000,44.820000,45.279999,44.957962,725100
2007-07-12,45.299999,45.990002,45.180000,45.990002,45.662914,441200
2007-07-13,45.990002,47.290001,45.830002,47.000000,46.665730,948100
2007-07-16,47.000000,47.000000,45.470001,45.529999,45.206184,435800
2007-07-17,45.389999,46.020000,45.290001,45.299999,44.977821,208400
2007-07-18,45.000000,45.119999,43.900002,44.189999,43.875713,1002700
2007-07-19,44.259998,44.500000,44.000000,44.150002,43.836002,470400
2007-07-20,44.310001,44.480000,42.630001,42.709999,42.406239,1312900
2007-07-23,42.639999,42.680000,41.849998,42.060001,41.760864,992400
2007-07-24,41.650002,42.020000,40.830002,41.009998,40.718327,938000
2007-07-25,41.049999,42.310001,40.619999,42.099998,41.800575,1035800
2007-07-26,41.549999,41.770000,40.189999,41.000000,40.708401,963300
2007-07-27,41.250000,41.400002,39.779999,39.950001,39.665871,1725400
2007-07-30,40.299999,41.189999,39.900002,40.810001,40.519753,707400
2007-07-31,42.000000,43.480000,40.270000,40.540001,40.251675,2054000
2007-08-01,41.610001,42.000000,39.000000,39.930000,39.646011,1570600
2007-08-02,39.930000,40.900002,39.669998,40.400002,40.112671,1023300
2007-08-03,40.099998,40.610001,39.080002,39.419998,39.139637,1460200
2007-08-06,39.830002,39.830002,36.410000,39.139999,38.861629,1621100
2007-08-07,39.139999,40.299999,38.160000,39.840000,39.556652,1258200
2007-08-08,41.730000,42.660000,39.549999,41.209999,40.916908,1660700
2007-08-09,40.700001,42.490002,39.000000,39.799999,39.516937,1866600
2007-08-10,39.750000,39.930000,37.950001,38.299999,38.027603,1121600
2007-08-13,38.549999,39.360001,36.750000,37.099998,36.836140,1316400
2007-08-14,36.799999,37.040001,35.009998,35.389999,35.138302,1664300
2007-08-15,35.139999,35.250000,33.400002,33.480000,33.241886,2118600
2007-08-16,32.900002,35.000000,31.860001,34.560001,34.314205,2068400
2007-08-17,36.000000,37.230000,32.400002,34.250000,34.006409,2566400
2007-08-20,34.599998,34.709999,33.029999,33.349998,33.112808,905400
2007-08-21,33.180000,33.650002,32.750000,33.299999,33.063168,872900
2007-08-22,33.910000,35.080002,33.660000,34.230000,33.986553,788900
2007-08-23,34.650002,34.650002,32.930000,33.060001,32.824875,952000
2007-08-24,33.009998,33.259998,32.459999,32.790001,32.556797,715600
2007-08-27,32.750000,32.889999,31.520000,31.540001,31.315683,869000
2007-08-28,31.500000,31.580000,30.430000,30.500000,30.283079,1326900
2007-08-29,30.840000,32.150002,30.709999,31.500000,31.275967,2145900
2007-08-30,31.299999,31.650000,30.469999,30.799999,30.580946,916400
2007-08-31,31.139999,31.950001,30.450001,31.620001,31.395115,2564600
2007-09-04,31.850000,32.840000,31.559999,32.320000,32.090137,806000
2007-09-05,32.200001,32.220001,31.559999,31.990000,31.762482,1177700
2007-09-06,32.000000,32.490002,31.700001,32.180000,31.951132,1086700
2007-09-07,31.959999,32.320000,31.700001,32.209999,31.980917,1023700
2007-09-10,32.639999,33.119999,31.799999,31.820000,31.593691,886300
2007-09-11,32.139999,33.169998,31.879999,33.169998,32.934090,760300
2007-09-12,33.119999,33.869999,33.009998,33.630001,33.552666,899700
2007-09-13,33.930000,35.279999,33.770000,35.040001,34.959423,954100
2007-09-14,34.509998,35.500000,34.500000,35.259998,35.178913,512300
2007-09-17,35.299999,36.040001,34.240002,34.880001,34.799789,526800
2007-09-18,35.869999,36.470001,34.340000,36.470001,36.386135,645700
2007-09-19,36.500000,38.000000,36.070000,36.200001,36.116756,823100
2007-09-20,36.000000,36.310001,34.529999,34.529999,34.450592,509500
2007-09-21,34.840000,35.750000,34.139999,35.389999,35.308617,610300
2007-09-24,35.389999,35.389999,34.000000,34.130001,34.051514,555100
2007-09-25,34.000000,34.000000,33.360001,33.549999,33.472847,540700
2007-09-26,33.529999,34.799999,33.400002,34.310001,34.231102,416800
2007-09-27,34.410000,34.779999,34.029999,34.500000,34.420662,403800
2007-09-28,34.209999,34.400002,33.509998,33.610001,33.532711,427700
2007-10-01,33.619999,34.259998,33.619999,33.950001,33.871929,734600
2007-10-02,33.939999,34.389999,33.400002,34.389999,34.310917,1245300
2007-10-03,34.400002,34.959999,34.139999,34.820000,34.739929,572500
2007-10-04,34.799999,34.799999,33.840000,34.150002,34.071468,1731200
2007-10-05,34.290001,34.639999,33.959999,34.150002,34.071468,839200
2007-10-08,34.480000,34.830002,33.080002,34.040001,33.961723,1458000
2007-10-09,34.419998,35.509998,34.220001,35.509998,35.428341,790900
2007-10-10,35.220001,36.500000,34.720001,36.270000,36.186592,779700
2007-10-11,37.029999,37.900002,36.090000,36.650002,36.565720,1460800
2007-10-12,36.560001,36.820000,35.220001,35.529999,35.448296,509300
2007-10-15,35.610001,35.770000,33.680000,34.040001,33.961723,612800
2007-10-16,33.950001,33.950001,32.770000,32.820000,32.744526,1078800
2007-10-17,33.540001,33.549999,31.559999,32.020000,31.946367,1937200
2007-10-18,31.750000,32.029999,31.389999,31.920000,31.846596,910900
2007-10-19,31.760000,31.870001,31.209999,31.520000,31.447517,780800
2007-10-22,31.100000,32.290001,31.000000,31.990000,31.916435,1070000
2007-10-23,32.270000,32.599998,31.709999,32.599998,32.525032,685500
2007-10-24,32.330002,32.860001,32.029999,32.860001,32.784435,950500
2007-10-25,33.040001,33.959999,32.419998,33.869999,33.792110,803400
2007-10-26,33.900002,34.169998,32.930000,33.689999,33.612526,404700
2007-10-29,33.790001,33.959999,33.130001,33.720001,33.642460,483000
2007-10-30,33.799999,34.160000,33.680000,33.939999,33.861950,377900
2007-10-31,34.340000,34.630001,33.279999,33.860001,33.782135,559400
2007-11-01,33.459999,34.740002,32.669998,33.500000,33.422962,1070700
2007-11-02,33.560001,33.750000,32.599998,33.220001,33.143608,548600
2007-11-05,33.000000,33.900002,32.790001,33.529999,33.452892,607100
2007-11-06,34.000000,34.000000,31.860001,32.369999,32.295559,924900
2007-11-07,31.809999,32.000000,31.480000,31.660000,31.587194,1033900
2007-11-08,32.139999,32.139999,30.020000,30.760000,30.689264,1188400
2007-11-09,30.750000,30.750000,29.600000,29.820000,29.751425,1241200
2007-11-12,29.920000,30.590000,29.600000,30.070000,30.000851,646900
2007-11-13,30.500000,30.830000,30.080000,30.830000,30.759104,1064700
2007-11-14,31.190001,31.209999,30.420000,30.500000,30.429861,591400
2007-11-15,30.500000,30.660000,30.100000,30.450001,30.379978,839000
2007-11-16,30.750000,30.790001,30.090000,30.500000,30.429861,710300
2007-11-19,30.620001,30.620001,29.070000,29.070000,29.003151,1141900
2007-11-20,29.000000,29.270000,28.020000,28.940001,28.873449,1050100
2007-11-21,28.510000,28.799999,28.070000,28.070000,28.005449,1125200
2007-11-23,28.170000,28.559999,28.070000,28.459999,28.394552,289300
2007-11-26,28.330000,28.360001,27.440001,27.600000,27.536531,635000
2007-11-27,28.090000,28.090000,26.760000,27.230000,27.167381,719100
2007-11-28,27.240000,28.110001,27.230000,28.110001,28.045359,1039800
2007-11-29,27.790001,27.950001,26.700001,27.590000,27.526554,1058300
2007-11-30,28.010000,29.299999,28.010000,28.450001,28.384577,1489500
2007-12-03,28.770000,28.770000,28.000000,28.430000,28.364622,740200
2007-12-04,28.049999,28.309999,27.209999,27.260000,27.197313,652000
2007-12-05,27.330000,28.180000,27.120001,27.730000,27.666231,495700
2007-12-06,27.620001,28.980000,27.620001,28.850000,28.783657,705200
2007-12-07,28.760000,29.500000,28.629999,29.400000,29.332392,881800
2007-12-10,29.610001,29.820000,28.870001,29.770000,29.701542,681200
2007-12-11,29.580000,30.490000,27.889999,27.889999,27.825863,817200
2007-12-12,28.870001,29.160000,27.150000,27.809999,27.746048,844600
2007-12-13,28.000000,28.049999,27.400000,27.840000,27.775980,710800
2007-12-14,27.980000,28.580000,27.610001,28.170000,28.105221,755200
2007-12-17,28.400000,29.160000,28.389999,28.950001,28.883427,1107600
2007-12-18,28.750000,31.320000,28.750000,31.010000,30.938690,1630300
2007-12-19,31.120001,33.150002,31.080000,33.119999,33.043835,1740300
2007-12-20,32.889999,33.500000,32.889999,33.330002,33.253357,1577300
2007-12-21,33.450001,33.740002,32.980000,33.480000,33.403008,1076600
2007-12-24,33.869999,34.369999,33.500000,34.270000,34.191193,878800
2007-12-26,34.930000,34.930000,33.750000,33.930000,33.851974,800600
2007-12-27,33.689999,34.240002,33.689999,33.849998,33.772156,539400
2007-12-28,34.349998,35.080002,33.849998,34.610001,34.530411,807600
2007-12-31,34.570000,36.230000,34.570000,35.509998,35.428341,1243200
2008-01-02,35.209999,36.220001,34.369999,34.700001,34.620205,1299800
2008-01-03,34.990002,35.439999,34.410000,34.590000,34.510456,1346900
2008-01-04,34.750000,34.750000,32.080002,32.500000,32.425262,2790600
2008-01-07,32.990002,34.130001,32.230000,34.130001,34.051514,1904500
2008-01-08,33.900002,35.200001,33.189999,33.549999,33.472847,1586200
2008-01-09,33.549999,33.830002,30.200001,32.740002,32.664711,1631500
2008-01-10,32.360001,33.000000,31.650000,32.299999,32.225723,1617000
2008-01-11,32.410000,33.000000,31.530001,32.000000,31.926413,1101600
2008-01-14,32.029999,32.700001,31.500000,31.889999,31.816666,917800
2008-01-15,32.000000,32.000000,30.650000,31.010000,30.938690,606300
2008-01-16,30.770000,31.500000,30.620001,31.000000,30.928713,763300
2008-01-17,30.620001,31.330000,30.330000,30.760000,30.689264,858900
2008-01-18,30.930000,31.629999,30.840000,31.010000,30.938690,1229700
2008-01-22,31.000000,32.240002,29.500000,32.110001,32.036160,2737400
2008-01-23,32.259998,36.119999,30.959999,35.400002,35.318596,2518000
2008-01-24,35.500000,37.959999,35.000000,37.200001,37.114456,1525300
2008-01-25,37.930000,38.099998,36.040001,36.040001,35.957123,1433000
2008-01-28,36.290001,36.619999,35.099998,36.259998,36.176613,1425400
2008-01-29,36.980000,38.400002,36.410000,38.310001,38.221905,1617500
2008-01-30,38.009998,38.500000,37.320000,37.639999,37.553444,1140900
2008-01-31,37.119999,39.470001,36.730000,38.820000,38.730728,1110900
2008-02-01,38.209999,39.900002,38.209999,39.900002,39.808247,944000
2008-02-04,39.990002,40.009998,39.360001,39.610001,39.518913,1379600
2008-02-05,39.610001,39.610001,38.029999,39.160000,39.069946,916100
2008-02-06,39.930000,39.930000,37.950001,37.970001,37.882687,662800
2008-02-07,37.889999,38.959999,36.939999,38.770000,38.680843,632900
2008-02-08,38.939999,39.349998,38.009998,38.250000,38.162041,1265600
2008-02-11,38.200001,39.389999,38.200001,38.759998,38.670864,852400
2008-02-12,38.770000,39.869999,38.040001,38.740002,38.650913,623100
2008-02-13,39.450001,39.450001,37.759998,38.669998,38.581074,776600
2008-02-14,39.389999,39.389999,38.150002,38.349998,38.261810,472100
2008-02-15,38.000000,38.650002,37.099998,37.650002,37.563423,491800
2008-02-19,39.090000,40.799999,36.599998,36.650002,36.565720,1405000
2008-02-20,36.320000,38.430000,36.000000,37.700001,37.613304,742500
2008-02-21,38.070000,38.080002,36.360001,36.840000,36.755283,685100
2008-02-22,37.220001,37.740002,36.439999,37.529999,37.443695,585600
2008-02-25,37.779999,38.919998,37.119999,38.910000,38.820522,560800
2008-02-26,38.290001,40.279999,38.290001,39.680000,39.588753,507400
2008-02-27,38.340000,40.119999,37.900002,39.599998,39.508934,1726200
2008-02-28,39.990002,39.990002,38.279999,38.849998,38.760658,522900
2008-02-29,38.099998,38.680000,38.020000,38.450001,38.361580,752400
2008-03-03,38.730000,38.730000,37.880001,38.299999,38.211926,826200
2008-03-04,37.820000,38.660000,37.820000,38.660000,38.571098,817600
2008-03-05,39.230000,39.770000,38.490002,39.099998,39.010082,891800
2008-03-06,38.750000,39.580002,38.450001,38.450001,38.361580,540000
2008-03-07,38.040001,38.939999,36.900002,37.220001,37.134411,984800
2008-03-10,37.110001,38.459999,37.110001,38.090000,38.002407,1166000
2008-03-11,38.849998,39.430000,38.000000,38.970001,38.880386,965500
2008-03-12,38.910000,39.820000,38.209999,38.939999,38.850452,944600
2008-03-13,39.490002,40.500000,37.939999,40.500000,40.406864,839200
2008-03-14,40.500000,42.110001,39.509998,41.759998,41.663967,1325700
2008-03-17,41.490002,42.000000,39.650002,41.560001,41.464428,1153900
2008-03-18,41.910000,44.740002,41.910000,44.490002,44.387691,1673100
2008-03-19,44.830002,44.830002,42.660000,43.450001,43.350082,746600
2008-03-20,43.250000,46.389999,42.799999,46.009998,45.904194,1079200
2008-03-24,46.820000,46.820000,43.049999,44.500000,44.397667,1804900
2008-03-25,43.840000,44.650002,43.310001,44.610001,44.507416,1570600
2008-03-26,44.299999,45.040001,42.970001,43.200001,43.100658,605600
2008-03-27,43.009998,44.090000,42.160000,42.240002,42.142868,944500
2008-03-28,42.150002,43.000000,41.529999,42.000000,41.903416,802400
2008-03-31,43.990002,43.990002,42.459999,42.930000,42.831280,1726300
2008-04-01,43.020000,44.470001,41.779999,44.470001,44.367737,1163700
2008-04-02,44.790001,44.790001,43.290001,43.500000,43.399967,972800
2008-04-03,43.400002,43.740002,42.849998,43.130001,43.030819,1133800
2008-04-04,43.790001,43.980000,42.799999,42.970001,42.871185,1067100
2008-04-07,43.009998,43.599998,41.849998,42.369999,42.272564,844700
2008-04-08,42.369999,42.430000,41.320000,41.630001,41.534267,577000
2008-04-09,41.410000,41.980000,40.299999,40.540001,40.446774,615100
2008-04-10,40.500000,41.599998,40.360001,40.650002,40.556522,521900
2008-04-11,40.009998,41.259998,39.830002,39.950001,39.858131,841000
2008-04-14,39.880001,40.290001,38.590000,39.380001,39.289444,1066500
2008-04-15,39.740002,40.389999,38.000000,39.230000,39.139786,944800
2008-04-16,39.700001,40.340000,39.000000,40.330002,40.237259,669400
2008-04-17,39.950001,40.250000,39.369999,40.200001,40.107555,431000
2008-04-18,40.000000,41.349998,40.000000,40.560001,40.466728,571300
2008-04-21,40.560001,40.560001,39.669998,39.970001,39.878086,419100
2008-04-22,39.759998,40.189999,39.650002,39.869999,39.778313,384700
2008-04-23,39.680000,40.000000,38.980000,39.439999,39.349300,428300
2008-04-24,39.360001,40.959999,39.040001,40.860001,40.766037,518900
2008-04-25,40.740002,42.049999,40.490002,41.910000,41.813622,604000
2008-04-28,43.990002,43.990002,42.029999,42.230000,42.132889,856900
2008-04-29,41.950001,42.240002,41.290001,41.500000,41.404568,498600
2008-04-30,41.750000,42.139999,40.090000,40.669998,40.576473,596000
2008-05-01,40.599998,41.230000,40.000000,40.500000,40.406864,816000
2008-05-02,41.169998,41.169998,40.040001,40.470001,40.376938,540200
2008-05-05,40.490002,42.000000,40.490002,42.000000,41.903416,476700
2008-05-06,42.599998,42.970001,41.250000,41.799999,41.703876,721200
2008-05-07,41.580002,42.110001,40.020000,40.099998,40.007786,569000
2008-05-08,40.000000,40.560001,39.560001,39.990002,39.898041,427500
2008-05-09,39.509998,40.250000,39.419998,39.830002,39.738407,338800
2008-05-12,40.419998,40.419998,39.119999,40.200001,40.107555,353400
2008-05-13,40.299999,40.509998,39.299999,39.820000,39.728428,450200
2008-05-14,39.750000,40.020000,38.799999,39.000000,38.910316,709000
2008-05-15,39.139999,39.720001,38.779999,39.590000,39.498959,550400
2008-05-16,39.509998,39.840000,39.419998,39.570000,39.479004,588900
2008-05-19,39.400002,39.950001,39.299999,39.549999,39.459049,1030300
2008-05-20,39.340000,40.290001,39.230000,39.230000,39.139786,1021000
2008-05-21,39.340000,39.869999,39.040001,39.040001,38.950226,791100
2008-05-22,39.040001,39.709999,38.500000,38.709999,38.620983,356600
2008-05-23,38.709999,38.849998,37.439999,37.709999,37.623280,507200
2008-05-27,37.490002,38.480000,37.490002,38.400002,38.311695,1801300
2008-05-28,38.439999,39.020000,38.400002,38.820000,38.730728,427700
2008-05-29,38.820000,39.220001,38.540001,39.000000,38.910316,354100
2008-05-30,39.009998,39.009998,38.119999,38.380001,38.291740,531600
2008-06-02,38.360001,38.650002,37.209999,37.959999,37.872707,432200
2008-06-03,37.810001,38.200001,37.599998,38.000000,37.912617,495800
2008-06-04,38.130001,38.290001,37.750000,38.020000,37.932568,563500
2008-06-05,37.910000,38.200001,37.180000,38.200001,38.112156,491200
2008-06-06,37.910000,37.910000,35.840000,35.959999,35.877304,1141300
2008-06-09,35.950001,37.090000,35.480000,35.480000,35.398411,727700
2008-06-10,35.540001,36.509998,35.130001,36.009998,35.927189,619800
2008-06-11,35.790001,36.150002,35.000000,35.189999,35.109074,476000
2008-06-12,35.320000,36.320000,35.270000,35.889999,35.807465,552600
2008-06-13,36.340000,36.360001,35.450001,36.360001,36.276386,410400
2008-06-16,35.500000,36.740002,35.000000,36.740002,36.655514,410000
2008-06-17,37.000000,37.000000,35.470001,35.619999,35.538086,478700
2008-06-18,35.639999,35.959999,35.020000,35.470001,35.388435,469900
2008-06-19,35.470001,36.150002,35.369999,35.639999,35.558041,728300
2008-06-20,36.220001,36.220001,35.000000,35.160000,35.079147,652900
2008-06-23,35.150002,35.480000,34.680000,34.889999,34.809765,784900
2008-06-24,34.889999,35.709999,34.250000,35.560001,35.478226,427900
2008-06-25,35.560001,36.169998,35.369999,35.939999,35.857349,734500
2008-06-26,35.139999,35.799999,34.630001,34.630001,34.550365,803400
2008-06-27,34.459999,35.009998,34.130001,34.220001,34.141308,840000
2008-06-30,34.200001,34.779999,33.790001,34.320000,34.241077,494300
2008-07-01,33.970001,34.340000,33.380001,33.990002,33.911839,754600
2008-07-02,33.840000,34.209999,32.750000,32.750000,32.674686,920200
2008-07-03,32.900002,33.070000,31.959999,32.660000,32.584896,719100
2008-07-07,32.610001,33.279999,32.009998,32.380001,32.305538,818800
2008-07-08,32.290001,34.889999,32.070000,34.389999,34.310917,1067200
2008-07-09,34.150002,34.419998,32.310001,32.490002,32.415287,873900
2008-07-10,32.549999,33.430000,32.099998,32.840000,32.764481,732400
2008-07-11,32.299999,33.619999,31.670000,32.860001,32.784435,619000
2008-07-14,33.070000,33.459999,31.750000,31.910000,31.836620,721500
2008-07-15,31.629999,32.889999,30.629999,32.020000,31.946367,835200
2008-07-16,31.850000,34.820000,31.660000,34.570000,34.490501,969600
2008-07-17,33.400002,34.790001,32.000000,34.160000,34.081444,1355400
2008-07-18,34.340000,35.270000,33.639999,34.919998,34.839695,906200
2008-07-21,34.810001,35.099998,33.279999,33.599998,33.522732,830200
2008-07-22,33.520000,35.820000,33.040001,35.820000,35.737629,921700
2008-07-23,35.830002,36.980000,34.939999,36.299999,36.216522,1161400
2008-07-24,36.299999,36.299999,33.520000,33.720001,33.642460,976600
2008-07-25,33.720001,35.110001,33.720001,34.529999,34.450592,781700
2008-07-28,34.369999,35.200001,34.090000,34.169998,34.091419,886700
2008-07-29,34.910000,35.910000,33.860001,35.910000,35.827419,1089100
2008-07-30,35.889999,36.349998,33.990002,35.139999,35.059193,737600
2008-07-31,35.139999,35.270000,33.599998,35.029999,34.949444,833300
2008-08-01,34.900002,36.000000,33.889999,35.150002,35.069172,1081900
2008-08-04,35.150002,35.369999,33.959999,34.310001,34.231102,840400
2008-08-05,34.849998,36.500000,34.029999,36.500000,36.416065,1204400
2008-08-06,36.500000,36.500000,34.919998,35.389999,35.308617,734800
2008-08-07,35.080002,36.150002,34.340000,35.040001,34.959423,802500
2008-08-08,34.930000,37.169998,34.549999,36.889999,36.805168,934800
2008-08-11,36.889999,38.240002,36.310001,37.939999,37.852753,1157100
2008-08-12,38.049999,38.049999,36.259998,36.709999,36.625580,977900
2008-08-13,36.810001,37.290001,35.990002,36.349998,36.266407,836100
2008-08-14,35.500000,38.189999,35.500000,38.189999,38.102177,1096900
2008-08-15,38.080002,38.299999,36.049999,36.750000,36.665489,860700
2008-08-18,37.200001,37.200001,35.950001,36.209999,36.126732,1081900
2008-08-19,35.950001,36.139999,34.580002,34.740002,34.660114,1185400
2008-08-20,34.259998,35.220001,34.060001,34.910000,34.829720,784000
2008-08-21,34.820000,35.430000,34.470001,35.259998,35.178913,787700
2008-08-22,35.419998,35.820000,34.910000,35.820000,35.737629,613200
2008-08-25,35.820000,35.820000,34.869999,35.189999,35.109074,651100
2008-08-26,35.330002,35.930000,35.000000,35.790001,35.707699,542500
2008-08-27,35.220001,36.459999,35.220001,36.160000,36.076847,436900
2008-08-28,36.259998,37.330002,35.680000,37.209999,37.124432,702500
2008-08-29,37.160000,37.650002,36.299999,37.270000,37.184296,596800
2008-09-02,37.910000,37.939999,35.990002,37.230000,37.144386,748700
2008-09-03,36.970001,37.380001,36.070000,36.509998,36.426041,1139200
2008-09-04,36.180000,36.580002,35.330002,35.400002,35.318596,1062200
2008-09-05,34.930000,35.970001,34.509998,35.889999,35.807465,1491500
2008-09-08,37.000000,37.869999,36.709999,37.869999,37.782913,1846900
2008-09-09,38.029999,38.029999,36.270000,36.450001,36.366180,1316200
2008-09-10,36.700001,38.450001,36.470001,37.549999,37.463650,985100
2008-09-11,36.810001,38.610001,36.570000,38.160000,38.072247,800700
2008-09-12,37.509998,38.700001,37.500000,38.090000,38.002407,679100
2008-09-15,36.669998,38.080002,36.279999,36.730000,36.645535,1694300
2008-09-16,36.080002,38.570000,36.080002,38.439999,38.351601,1646800
2008-09-17,37.770000,38.419998,37.060001,37.169998,37.084522,1968900
2008-09-18,37.340000,38.650002,35.810001,38.650002,38.561123,3671400
2008-09-19,40.049999,42.490002,38.919998,42.490002,42.392292,2649500
2008-09-22,41.820000,41.820000,37.939999,38.169998,38.082222,1513200
2008-09-23,38.009998,39.189999,37.880001,38.130001,38.042316,871300
2008-09-24,38.849998,39.099998,38.009998,38.230000,38.142086,716100
2008-09-25,38.349998,39.779999,38.009998,39.400002,39.309399,597400
2008-09-26,37.840000,41.250000,36.980000,41.160000,41.065350,868700
2008-09-29,39.349998,41.000000,37.560001,37.820000,37.733028,1378900
2008-09-30,37.650002,39.720001,37.650002,39.090000,39.000107,1204000
2008-10-01,39.080002,39.759998,37.990002,39.240002,39.149765,793800
2008-10-02,38.630001,38.980000,37.560001,37.810001,37.723053,1446700
2008-10-03,38.439999,38.810001,37.060001,37.599998,37.513535,1876600
2008-10-06,36.410000,37.160000,35.200001,35.930000,35.847374,1929600
2008-10-07,36.259998,36.990002,33.630001,33.970001,33.891884,1488600
2008-10-08,33.950001,34.900002,32.500000,33.220001,33.143608,1922600
2008-10-09,33.509998,35.540001,31.680000,31.680000,31.607149,1559700
2008-10-10,30.100000,34.150002,30.000000,33.349998,33.273308,4167200
2008-10-13,35.200001,35.610001,32.990002,34.740002,34.660114,1499200
2008-10-14,35.029999,35.029999,31.030001,32.520000,32.445217,1690000
2008-10-15,31.629999,32.070000,29.549999,30.190001,30.120575,1341400
2008-10-16,30.290001,32.110001,29.420000,31.600000,31.527332,2035400
2008-10-17,30.360001,32.240002,30.160000,30.840000,30.769081,996300
2008-10-20,31.000000,32.290001,30.379999,31.280001,31.208069,1093600
2008-10-21,30.320000,32.470001,30.000000,30.139999,30.070690,784500
2008-10-22,29.760000,30.780001,28.270000,28.570000,28.504299,1849500
2008-10-23,28.750000,29.040001,26.500000,27.230000,27.167381,2377600
2008-10-24,26.410000,27.370001,25.070000,26.389999,26.329313,1988700
2008-10-27,25.379999,27.280001,25.170000,25.270000,25.211889,1417100
2008-10-28,26.459999,28.540001,25.020000,28.230000,28.165081,1792200
2008-10-29,28.000000,31.040001,26.879999,29.629999,29.561861,2302200
2008-10-30,30.490000,30.950001,28.629999,29.430000,29.362324,744800
2008-10-31,29.410000,30.920000,28.600000,30.920000,30.848896,948300
2008-11-03,30.459999,32.299999,29.530001,32.299999,32.225723,716700
2008-11-04,28.000000,32.009998,26.000000,30.500000,30.429861,1299200
2008-11-05,29.639999,30.180000,28.100000,28.430000,28.364622,989800
2008-11-06,28.170000,29.830000,26.709999,26.910000,26.848118,1113400
2008-11-07,27.180000,27.590000,25.400000,26.250000,26.189636,1189200
2008-11-10,26.730000,27.320000,25.020000,25.400000,25.341589,851900
2008-11-11,25.760000,26.440001,24.700001,25.280001,25.221867,831500
2008-11-12,24.799999,25.559999,24.459999,24.459999,24.403751,1171700
2008-11-13,24.830000,28.129999,23.570000,26.690001,26.628624,1983900
2008-11-14,26.219999,26.780001,24.600000,25.170000,25.112120,1199700
2008-11-17,25.500000,26.389999,24.209999,24.420000,24.363844,846500
2008-11-18,24.750000,25.860001,23.940001,25.200001,25.142050,1031800
2008-11-19,25.000000,25.240000,22.010000,22.180000,22.128996,1804300
2008-11-20,21.990000,22.000000,19.350000,19.770000,19.724537,3002800
2008-11-21,19.969999,23.170000,18.799999,22.900000,22.847338,3265700
2008-11-24,23.410000,27.100000,21.430000,26.480000,26.419106,2447400
2008-11-25,26.459999,27.030001,23.830000,26.000000,25.940210,1483500
2008-11-26,25.629999,26.600000,24.580000,26.340000,26.279428,1598200
2008-11-28,26.129999,27.190001,25.980000,26.410000,26.349268,711200
2008-12-01,25.980000,25.980000,22.490000,22.610001,22.558006,1908500
2008-12-02,22.809999,24.650000,21.080000,24.320000,24.264072,2743500
2008-12-03,23.520000,24.920000,22.400000,24.600000,24.543430,2049100
2008-12-04,24.389999,26.500000,24.090000,25.459999,25.401451,2171700
2008-12-05,24.490000,28.900000,24.490000,28.250000,28.185036,2386000
2008-12-08,28.500000,28.990000,26.629999,28.740000,28.673908,2097200
2008-12-09,28.170000,29.389999,27.510000,28.950001,28.883427,1871500
2008-12-10,29.440001,29.490000,26.209999,27.459999,27.396852,2035600
2008-12-11,28.180000,28.180000,25.320000,25.500000,25.441360,3084400
2008-12-12,25.120001,27.209999,25.000000,27.209999,27.147427,2511700
2008-12-15,27.150000,27.420000,24.790001,25.490000,25.431383,1544300
2008-12-16,25.180000,27.340000,25.180000,27.200001,27.137451,3347500
2008-12-17,25.660000,27.860001,24.809999,27.120001,27.057636,1857300
2008-12-18,27.120001,27.200001,25.030001,25.240000,25.181957,1807300
2008-12-19,25.010000,26.219999,25.010000,25.879999,25.820486,1385600
2008-12-22,25.879999,26.129999,24.170000,24.910000,24.852716,1295600
2008-12-23,24.980000,25.700001,24.450001,24.740000,24.683107,1029400
2008-12-24,24.680000,24.889999,24.250000,24.370001,24.313959,471200
2008-12-26,24.510000,24.860001,24.280001,24.750000,24.693085,538800
2008-12-29,24.110001,24.740000,23.629999,23.680000,23.625546,1102800
2008-12-30,23.910000,24.190001,23.680000,24.180000,24.124395,1283900
2008-12-31,23.870001,24.430000,23.559999,24.320000,24.264072,1680700
2009-01-02,24.420000,24.980000,23.299999,24.719999,24.663153,1108600
2009-01-05,24.500000,25.750000,24.090000,24.900000,24.842739,1119800
2009-01-06,25.299999,25.830000,24.030001,25.600000,25.541130,1401500
2009-01-07,25.160000,25.950001,24.850000,25.020000,24.962463,1057700
2009-01-08,24.590000,25.820000,24.290001,25.629999,25.571060,799100
2009-01-09,25.420000,25.750000,24.500000,25.059999,25.002371,1168900
2009-01-12,24.980000,24.980000,23.590000,23.879999,23.825085,1298900
2009-01-13,24.070000,24.299999,23.200001,24.090000,24.034603,2069000
2009-01-14,23.820000,24.410000,23.540001,23.990000,23.934832,2947300
2009-01-15,23.980000,25.440001,23.290001,24.830000,24.772902,1346900
2009-01-16,25.440001,25.940001,24.469999,25.000000,24.942511,1613200
2009-01-20,24.309999,24.690001,23.150000,23.320000,23.266373,2618100
2009-01-21,23.870001,25.340000,22.910000,24.920000,24.862694,4418300
2009-01-22,24.270000,25.250000,24.080000,24.459999,24.403751,1668400
2009-01-23,24.059999,25.370001,23.870001,25.370001,25.311659,1294000
2009-01-26,25.400000,26.270000,24.920000,25.889999,25.830463,960000
2009-01-27,26.010000,26.379999,24.889999,25.350000,25.291706,874100
2009-01-28,25.510000,27.020000,25.430000,26.850000,26.788256,1870300
2009-01-29,26.260000,26.540001,25.520000,25.740000,25.680807,1374600
2009-01-30,25.940001,26.170000,23.770000,24.049999,23.994694,1495600
2009-02-02,23.889999,23.969999,23.250000,23.660000,23.605591,1233900
2009-02-03,23.740000,23.780001,22.930000,23.250000,23.196533,1817400
2009-02-04,23.250000,23.400000,22.570000,22.730000,22.677729,1249500
2009-02-05,22.799999,22.930000,22.120001,22.290001,22.238743,1651000
2009-02-06,22.459999,23.190001,22.100000,23.000000,22.947109,1974400
2009-02-09,22.980000,23.170000,22.620001,22.990000,22.937132,956000
2009-02-10,22.900000,23.389999,21.420000,21.520000,21.470512,1788500
2009-02-11,21.490000,23.379999,21.490000,23.200001,23.146650,2671500
2009-02-12,22.709999,23.959999,22.450001,23.760000,23.705362,2176900
2009-02-13,23.600000,24.219999,22.900000,23.480000,23.426004,1471000
2009-02-17,21.980000,24.450001,21.980000,22.549999,22.498142,1682100
2009-02-18,23.030001,23.190001,21.900000,22.290001,22.238743,1339900
2009-02-19,22.900000,22.990000,20.840000,21.100000,21.051479,1781100
2009-02-20,20.629999,22.049999,20.440001,21.740000,21.690006,2192800
2009-02-23,21.910000,22.280001,20.740000,20.910000,20.861916,2282800
2009-02-24,21.500000,21.540001,20.030001,21.360001,21.310881,2542100
2009-02-25,20.969999,21.469999,20.469999,20.490000,20.442881,1403800
2009-02-26,20.530001,21.049999,19.670000,19.750000,19.704582,1687300
2009-02-27,19.490000,19.740000,18.350000,18.389999,18.347710,2160800
2009-03-02,18.400000,18.490000,16.610001,16.680000,16.641644,3619300
2009-03-03,16.500000,17.790001,16.000000,16.400000,16.362286,2639600
2009-03-04,16.580000,16.879999,16.270000,16.530001,16.491989,2019400
2009-03-05,16.250000,16.450001,15.620000,15.730000,15.693827,2176500
2009-03-06,15.700000,16.010000,14.840000,15.670000,15.633965,2100400
2009-03-09,15.560000,15.840000,15.000000,15.310000,15.274794,1416000
2009-03-10,15.640000,15.900000,15.260000,15.820000,15.783620,3616300
2009-03-11,15.900000,15.970000,15.380000,15.590000,15.554150,2031800
2009-03-12,15.530000,15.950000,15.350000,15.850000,15.813552,3087800
2009-03-13,15.730000,16.190001,15.510000,15.990000,15.953229,1670500
2009-03-16,16.020000,16.639999,15.350000,15.440000,15.404493,2898900
2009-03-17,15.360000,15.740000,15.070000,15.700000,15.663896,3797400
2009-03-18,15.460000,15.940000,15.440000,15.840000,15.803575,7128800
2009-03-19,16.230000,16.340000,15.410000,15.480000,15.444402,2755500
2009-03-20,15.590000,15.740000,14.530000,14.590000,14.556449,2640100
2009-03-23,15.850000,16.400000,15.000000,16.370001,16.332355,3877700
2009-03-24,15.950000,16.170000,15.370000,15.470000,15.434425,2746900
2009-03-25,15.610000,16.660000,15.610000,16.600000,16.561827,3107600
2009-03-26,16.670000,17.080000,16.330000,17.040001,17.000816,2802300
2009-03-27,16.760000,17.040001,16.299999,16.850000,16.811253,2115400
2009-03-30,16.520000,16.750000,16.190001,16.260000,16.222609,2615300
2009-03-31,16.540001,16.840000,16.100000,16.740000,16.701504,2460600
2009-04-01,16.370001,17.280001,16.090000,17.139999,17.100584,1984500
2009-04-02,17.540001,18.920000,16.340000,18.740000,18.696905,3054900
2009-04-03,18.719999,19.360001,18.110001,19.360001,19.315479,2893500
2009-04-06,19.010000,19.420000,18.420000,19.020000,18.976261,1376400
2009-04-07,18.709999,19.190001,18.450001,19.010000,18.966284,2837500
2009-04-08,19.330000,19.889999,19.110001,19.709999,19.664675,1673800
2009-04-09,20.570000,22.160000,20.250000,22.139999,22.089087,3011300
2009-04-13,22.000000,22.510000,21.280001,22.260000,22.208811,2241100
2009-04-14,21.820000,22.490000,21.160000,21.240000,21.191156,3021200
2009-04-15,21.350000,22.549999,21.000000,22.549999,22.498142,2650800
2009-04-16,22.730000,23.110001,21.500000,22.700001,22.647800,1914800
2009-04-17,22.510000,23.000000,22.209999,22.639999,22.587936,1738600
2009-04-20,21.799999,22.410000,20.900000,20.990000,20.941730,2414700
2009-04-21,20.770000,23.049999,20.730000,23.030001,22.977041,3330100
2009-04-22,22.629999,24.559999,22.610001,23.320000,23.266373,3265000
2009-04-23,23.090000,24.090000,22.250000,24.090000,24.034603,2491400
2009-04-24,24.129999,25.969999,23.780001,25.760000,25.700762,2449100
2009-04-27,25.030001,25.340000,23.719999,24.059999,24.004671,2135000
2009-04-28,23.620001,24.510000,23.590000,23.950001,23.894926,1309500
2009-04-29,24.049999,24.270000,23.650000,24.209999,24.154325,2598100
2009-04-30,24.410000,25.570000,24.410000,24.879999,24.822784,1675700
2009-05-01,24.830000,25.320000,24.250000,24.549999,24.493544,1259200
2009-05-04,24.809999,26.709999,24.750000,26.570000,26.508900,2028100
2009-05-05,25.879999,26.840000,24.730000,26.160000,26.099842,1637800
2009-05-06,26.709999,26.820000,25.389999,26.129999,26.069910,1672600
2009-05-07,26.320000,26.690001,24.469999,24.760000,24.703062,2030200
2009-05-08,25.240000,27.309999,24.860001,27.230000,27.167381,2284300
2009-05-11,26.510000,26.690001,25.200001,25.340000,25.281729,1742000
2009-05-12,25.270000,25.709999,23.900000,24.549999,24.493544,1682400
2009-05-13,23.799999,23.990000,22.580000,22.760000,22.707661,2599300
2009-05-14,23.040001,23.940001,22.410000,23.860001,23.805132,2108400
2009-05-15,23.459999,24.299999,23.059999,23.299999,23.246418,1633800
2009-05-18,23.840000,25.180000,23.840000,25.000000,24.942511,2265100
2009-05-19,25.100000,25.790001,25.020000,25.250000,25.191935,1210100
2009-05-20,25.660000,26.059999,24.170000,24.230000,24.174280,1293200
2009-05-21,23.900000,24.219999,23.320000,23.719999,23.665453,913200
2009-05-22,23.620001,24.320000,23.530001,23.610001,23.555706,919800
2009-05-26,23.350000,24.950001,23.040001,24.830000,24.772902,1807800
2009-05-27,24.750000,25.559999,24.230000,24.350000,24.294004,1643800
2009-05-28,24.709999,25.070000,23.580000,24.389999,24.333912,973100
2009-05-29,24.709999,25.590000,24.340000,25.540001,25.481270,1185700
2009-06-01,25.840000,26.660000,25.610001,26.459999,26.399151,1294000
2009-06-02,26.400000,27.450001,25.910000,27.059999,26.997772,971200
2009-06-03,26.850000,26.850000,25.870001,26.200001,26.139751,895700
2009-06-04,26.219999,26.520000,25.850000,26.420000,26.359245,1149200
2009-06-05,26.600000,27.070000,26.120001,26.500000,26.439060,897700
2009-06-08,26.559999,26.559999,25.540001,25.850000,25.790556,599800
2009-06-09,26.129999,26.570000,25.940001,26.420000,26.359245,449800
2009-06-10,26.870001,26.879999,25.500000,25.940001,25.880348,779700
2009-06-11,25.790001,26.570000,25.790001,26.150000,26.089865,629900
2009-06-12,26.110001,26.280001,25.389999,26.270000,26.209589,720300
2009-06-15,26.209999,26.370001,25.610001,25.790001,25.730694,1264800
2009-06-16,26.230000,26.379999,25.260000,25.459999,25.401451,630000
2009-06-17,25.559999,25.690001,24.840000,25.180000,25.122097,878200
2009-06-18,25.410000,25.530001,24.920000,25.400000,25.341589,865300
2009-06-19,25.520000,26.020000,25.299999,25.959999,25.900301,891700
2009-06-22,25.889999,25.889999,24.590000,24.750000,24.693085,1296000
2009-06-23,25.110001,25.389999,24.740000,25.090000,25.032303,930100
2009-06-24,25.469999,26.000000,25.080000,25.440001,25.381498,714700
2009-06-25,25.320000,26.530001,25.030001,26.530001,26.468992,740800
2009-06-26,26.570000,26.799999,26.260000,26.590000,26.528854,877400
2009-06-29,26.459999,27.330000,26.400000,27.270000,27.207291,607700
2009-06-30,27.160000,27.260000,26.000000,26.490000,26.429083,749800
2009-07-01,26.700001,26.770000,26.030001,26.100000,26.039980,509100
2009-07-02,25.440001,25.920000,24.620001,24.620001,24.563385,961000
2009-07-06,24.520000,24.910000,24.020000,24.910000,24.852716,1086600
2009-07-07,24.820000,24.930000,23.600000,23.690001,23.635523,917400
2009-07-08,24.139999,24.139999,22.559999,23.240000,23.186558,1106600
2009-07-09,23.580000,23.580000,22.850000,22.990000,22.937132,669200
2009-07-10,22.809999,22.879999,22.139999,22.639999,22.587936,758800
2009-07-13,22.629999,23.660000,22.379999,23.490000,23.435982,1454300
2009-07-14,23.420000,24.660000,23.420000,24.570000,24.513498,644400
2009-07-15,24.709999,25.639999,24.709999,25.629999,25.571060,1032900
2009-07-16,25.530001,25.950001,25.040001,25.840000,25.780579,541300
2009-07-17,25.790001,26.290001,25.719999,25.770000,25.710739,684000
2009-07-20,25.940001,26.520000,25.889999,26.500000,26.439060,664500
2009-07-21,26.549999,26.719999,25.860001,26.590000,26.528854,428200
2009-07-22,26.260000,27.000000,26.260000,26.809999,26.748346,509000
2009-07-23,26.629999,28.059999,26.620001,27.959999,27.895702,1125900
2009-07-24,27.830000,28.040001,27.459999,27.709999,27.646276,451600
2009-07-27,27.709999,27.860001,27.350000,27.850000,27.785955,598400
2009-07-28,27.680000,28.100000,27.500000,28.040001,27.975519,605600
2009-07-29,27.920000,27.950001,27.070000,27.180000,27.117496,585400
2009-07-30,27.469999,27.879999,27.379999,27.500000,27.436760,878500
2009-07-31,27.600000,28.280001,27.320000,28.160000,28.095243,780500
2009-08-03,28.490000,29.469999,28.450001,29.320000,29.252575,1085700
2009-08-04,29.510000,30.950001,28.770000,30.940001,30.868851,1548000
2009-08-05,30.690001,32.169998,30.620001,32.150002,32.076069,1393400
2009-08-06,32.160000,33.750000,31.719999,32.130001,32.056114,1314000
2009-08-07,32.439999,34.029999,32.230000,33.660000,33.582596,1222800
2009-08-10,33.430000,34.020000,33.279999,33.509998,33.432938,716000
2009-08-11,33.099998,33.240002,32.150002,32.349998,32.275608,931900
2009-08-12,32.459999,33.189999,32.400002,32.669998,32.594872,989400
2009-08-13,33.110001,33.240002,32.389999,32.939999,32.864250,680100
2009-08-14,33.020000,33.020000,32.369999,32.740002,32.664711,659600
2009-08-17,31.860001,32.150002,31.260000,31.510000,31.437540,1027800
2009-08-18,31.629999,32.660000,31.549999,32.490002,32.415287,645900
2009-08-19,31.840000,32.709999,31.670000,32.200001,32.125954,460500
2009-08-20,32.299999,33.080002,32.220001,33.070000,32.993950,536200
2009-08-21,33.419998,34.139999,33.299999,33.689999,33.612526,692400
2009-08-24,33.740002,33.950001,32.560001,32.750000,32.674686,629600
2009-08-25,32.900002,33.590000,32.709999,33.040001,32.964024,648300
2009-08-26,32.860001,33.250000,32.549999,32.910000,32.834320,534200
2009-08-27,32.700001,32.919998,32.070000,32.630001,32.554966,560900
2009-08-28,32.849998,33.080002,32.310001,32.900002,32.824345,718100
2009-08-31,32.430000,32.860001,32.000000,32.799999,32.724571,744100
2009-09-01,32.610001,32.990002,30.950001,31.040001,30.968620,1520900
2009-09-02,30.750000,30.969999,29.850000,29.879999,29.811287,1146200
2009-09-03,30.100000,30.100000,29.260000,29.959999,29.891104,1000200
2009-09-04,29.840000,30.010000,29.500000,29.990000,29.921034,794200
2009-09-08,30.190001,30.500000,30.160000,30.370001,30.300161,1016800
2009-09-09,30.379999,30.740000,30.040001,30.590000,30.519655,725500
2009-09-10,30.790001,30.950001,30.230000,30.879999,30.808987,464300
2009-09-11,30.750000,31.200001,30.350000,30.750000,30.679287,432300
2009-09-14,30.360001,30.760000,30.070000,30.700001,30.629402,414200
2009-09-15,30.730000,32.840000,30.730000,32.680000,32.604851,770200
2009-09-16,33.040001,33.970001,32.799999,33.900002,33.822044,768700
2009-09-17,33.950001,34.279999,32.520000,32.660000,32.584896,682600
2009-09-18,32.919998,32.919998,31.930000,32.389999,32.315514,424200
2009-09-21,31.840000,32.029999,30.920000,30.950001,30.878828,817400
2009-09-22,31.200001,31.920000,31.200001,31.900000,31.826643,799000
2009-09-23,31.980000,32.060001,30.719999,30.820000,30.749126,704500
2009-09-24,30.820000,31.200001,29.360001,29.690001,29.621725,864800
2009-09-25,29.500000,29.500000,28.660000,28.879999,28.813587,710400
2009-09-28,29.370001,30.090000,28.920000,30.070000,30.000851,776200
2009-09-29,29.980000,30.219999,29.559999,29.719999,29.651655,557500
2009-09-30,29.770000,30.000000,28.690001,29.120001,29.053036,689900
2009-10-01,28.969999,29.100000,27.480000,27.650000,27.586416,1283600
2009-10-02,27.590000,27.650000,26.680000,26.840000,26.778278,1146800
2009-10-05,26.950001,27.379999,26.790001,27.200001,27.137451,749200
2009-10-06,27.650000,28.049999,27.190001,27.629999,27.566462,484800
2009-10-07,27.389999,27.910000,27.389999,27.780001,27.716118,411900
2009-10-08,28.000000,28.600000,27.730000,28.320000,28.254875,563700
2009-10-09,28.320000,28.490000,27.770000,28.010000,27.945589,430800
2009-10-12,28.209999,28.350000,27.610001,27.780001,27.716118,373000
2009-10-13,27.629999,27.870001,27.270000,27.389999,27.327013,710000
2009-10-14,27.990000,27.990000,27.510000,27.590000,27.526554,1103000
2009-10-15,27.510000,27.590000,26.820000,26.850000,26.788256,1245200
2009-10-16,26.690001,26.690001,25.879999,25.940001,25.880348,1494000
2009-10-19,26.170000,27.219999,26.120001,26.990000,26.927933,2332600
2009-10-20,27.190001,27.270000,26.670000,26.930000,26.868073,1127900
2009-10-21,26.770000,29.400000,26.770000,28.629999,28.564161,3115000
2009-10-22,28.730000,28.799999,28.030001,28.500000,28.434462,1527400
2009-10-23,28.590000,28.650000,27.230000,27.330000,27.267151,962500
2009-10-26,27.450001,27.900000,26.209999,26.270000,26.209589,582400
2009-10-27,26.260000,26.360001,25.850000,26.000000,25.940210,619400
2009-10-28,26.110001,26.200001,24.570000,24.590000,24.533453,1049400
2009-10-29,24.969999,25.530001,24.780001,25.500000,25.441360,879300
2009-10-30,25.490000,25.490000,23.809999,23.940001,23.884949,1081300
2009-11-02,24.170000,24.480000,23.290001,24.120001,24.064535,921700
2009-11-03,23.660000,24.180000,23.459999,24.020000,23.964764,992900
2009-11-04,24.230000,25.809999,24.230000,25.020000,24.962463,1292200
2009-11-05,25.240000,25.950001,25.170000,25.930000,25.870371,886100
2009-11-06,25.780001,26.129999,25.459999,26.059999,26.000072,770400
2009-11-09,26.440001,26.860001,26.049999,26.790001,26.728394,997300
2009-11-10,26.559999,26.910000,26.190001,26.490000,26.429083,532000
2009-11-11,26.700001,27.389999,26.620001,27.120001,27.057636,508600
2009-11-12,27.170000,27.459999,26.330000,26.360001,26.299383,531500
2009-11-13,26.559999,26.620001,26.200001,26.610001,26.548807,449400
2009-11-16,26.900000,27.660000,26.780001,27.459999,27.396852,521500
2009-11-17,27.540001,27.680000,27.170000,27.420000,27.356945,518300
2009-11-18,27.459999,27.740000,26.430000,26.469999,26.409128,962800
2009-11-19,26.400000,27.200001,26.120001,27.000000,26.937910,911800
2009-11-20,26.719999,27.059999,26.490000,26.830000,26.768301,351900
2009-11-23,27.170000,27.370001,26.549999,26.730000,26.668531,476600
2009-11-24,26.860001,26.860001,25.889999,25.950001,25.890326,897000
2009-11-25,25.940001,26.120001,25.260000,25.540001,25.481270,613400
2009-11-27,24.750000,25.400000,24.750000,24.889999,24.832762,358400
2009-11-30,25.070000,25.070000,24.219999,24.900000,24.842739,924400
2009-12-01,25.000000,25.430000,24.879999,25.260000,25.201912,724600
2009-12-02,25.320000,26.389999,25.250000,26.309999,26.249496,814000
2009-12-03,26.320000,27.459999,26.270000,26.950001,26.888027,1443100
2009-12-04,27.420000,28.160000,27.379999,28.129999,28.065311,1230600
2009-12-07,27.930000,28.420000,27.690001,27.790001,27.726095,786600
2009-12-08,27.740000,27.990000,27.500000,27.870001,27.805910,543500
2009-12-09,27.870001,28.049999,27.540001,27.969999,27.905680,416400
2009-12-10,28.190001,28.299999,27.250000,27.400000,27.336990,455600
2009-12-11,27.440001,27.650000,27.059999,27.590000,27.526554,492700
2009-12-14,27.730000,29.639999,27.660000,29.570000,29.502001,993500
2009-12-15,29.250000,29.490000,28.879999,28.980000,28.913357,629400
2009-12-16,29.280001,29.340000,29.000000,29.240000,29.172760,366600
2009-12-17,29.200001,29.580000,28.910000,29.350000,29.282507,465900
2009-12-18,29.520000,30.200001,29.219999,30.180000,30.110598,619400
2009-12-21,30.299999,30.379999,29.780001,29.920000,29.851196,414000
2009-12-22,29.780001,30.059999,29.549999,30.049999,29.980896,471100
2009-12-23,30.040001,30.370001,29.959999,30.150000,30.080666,471800
2009-12-24,30.250000,30.959999,30.160000,30.850000,30.779058,217900
2009-12-28,30.940001,30.980000,30.160000,30.270000,30.200392,468000
2009-12-29,30.209999,30.540001,29.549999,29.740000,29.671610,355300
2009-12-30,29.570000,29.570000,28.820000,29.040001,28.973221,584400
2009-12-31,29.030001,29.400000,28.830000,28.889999,28.823565,591500
2010-01-04,29.299999,29.299999,28.240000,28.450001,28.384577,737300
2010-01-05,28.580000,28.840000,27.860001,28.680000,28.614048,582600
2010-01-06,28.680000,28.709999,28.309999,28.459999,28.394552,479000
2010-01-07,28.490000,29.930000,28.309999,29.490000,29.422184,1066600
2010-01-08,29.309999,29.700001,29.250000,29.520000,29.452116,431600
2010-01-11,29.750000,29.870001,29.030001,29.230000,29.162783,431700
2010-01-12,29.129999,29.209999,28.459999,28.580000,28.514277,405900
2010-01-13,28.620001,29.120001,28.510000,29.010000,28.943289,397300
2010-01-14,28.870001,29.340000,28.820000,29.280001,29.212667,315300
2010-01-15,29.100000,29.420000,28.639999,29.150000,29.082966,445300
2010-01-19,29.020000,29.790001,28.969999,29.780001,29.711519,606500
2010-01-20,29.410000,29.440001,28.950001,29.209999,29.142828,333500
2010-01-21,29.200001,29.410000,28.080000,28.139999,28.075289,558100
2010-01-22,28.070000,28.430000,27.770000,27.840000,27.775980,646400
2010-01-25,28.170000,28.280001,27.299999,27.709999,27.646276,511900
2010-01-26,27.650000,27.740000,27.200001,27.219999,27.157404,311900
2010-01-27,27.209999,27.410000,26.709999,27.290001,27.227245,481700
2010-01-28,27.459999,27.530001,26.500000,26.590000,26.528854,426900
2010-01-29,26.780001,26.860001,25.980000,26.000000,25.940210,560300
2010-02-01,26.280001,26.530001,25.990000,26.530001,26.468992,555300
2010-02-02,26.400000,27.299999,26.320000,27.020000,26.957865,623300
2010-02-03,26.760000,27.660000,26.709999,27.480000,27.416807,463000
2010-02-04,27.309999,27.500000,27.120001,27.120001,27.057636,876900
2010-02-05,27.240000,27.860001,27.010000,27.790001,27.726095,715600
2010-02-08,27.850000,28.490000,27.469999,27.520000,27.456715,489400
2010-02-09,27.879999,27.990000,27.230000,27.900000,27.835840,431800
2010-02-10,27.900000,27.959999,27.100000,27.750000,27.686186,471000
2010-02-11,27.700001,28.459999,27.570000,28.430000,28.364622,333100
2010-02-12,28.209999,28.879999,28.120001,28.840000,28.773680,700900
2010-02-16,28.900000,29.160000,28.660000,29.120001,29.053036,425900
2010-02-17,29.030001,29.370001,28.900000,29.080000,29.013128,199500
2010-02-18,29.010000,29.160000,28.780001,29.070000,29.003151,241100
2010-02-19,28.940001,29.510000,28.840000,29.430000,29.362324,268800
2010-02-22,29.549999,29.799999,29.250000,29.549999,29.482046,568700
2010-02-23,28.340000,29.170000,28.180000,28.540001,28.474371,752900
2010-02-24,28.540001,28.650000,27.660000,27.750000,27.686186,725400
2010-02-25,27.500000,27.629999,27.170000,27.510000,27.446737,480000
2010-02-26,27.670000,27.709999,27.250000,27.500000,27.436760,353800
2010-03-01,27.510000,27.700001,27.379999,27.480000,27.416807,370500
2010-03-02,27.570000,27.620001,27.250000,27.570000,27.506599,446000
2010-03-03,27.530001,27.580000,27.270000,27.340000,27.277128,482100
2010-03-04,27.240000,27.410000,26.940001,27.100000,27.037682,368400
2010-03-05,27.180000,27.459999,27.020000,27.400000,27.336990,448200
2010-03-08,27.400000,27.840000,27.309999,27.680000,27.616346,464800
2010-03-09,27.620001,27.680000,27.309999,27.549999,27.486645,345400
2010-03-10,27.500000,27.690001,27.280001,27.480000,27.416807,298900
2010-03-11,27.360001,27.549999,27.170000,27.510000,27.446737,174000
2010-03-12,27.600000,27.719999,27.290001,27.719999,27.656254,371800
2010-03-15,28.000000,28.000000,27.379999,27.559999,27.496622,406500
2010-03-16,27.799999,28.420000,27.680000,28.379999,28.314735,524000
2010-03-17,28.330000,29.799999,28.330000,29.770000,29.701542,892800
2010-03-18,29.770000,31.410000,29.690001,30.879999,30.808987,1106300
2010-03-19,30.610001,30.900000,30.129999,30.610001,30.539610,625700
2010-03-22,30.400000,31.200001,30.120001,31.080000,31.008528,473000
2010-03-23,31.059999,31.389999,31.000000,31.280001,31.208069,429400
2010-03-24,31.219999,31.309999,30.930000,31.000000,30.928713,293700
2010-03-25,31.120001,32.299999,30.950001,32.000000,31.926413,681100
2010-03-26,32.259998,33.220001,32.169998,33.200001,33.123653,931300
2010-03-29,33.230000,34.150002,33.080002,33.529999,33.452892,1011600
2010-03-30,33.520000,33.919998,32.880001,32.950001,32.874229,1042400
2010-03-31,32.939999,32.950001,32.330002,32.349998,32.275608,627400
2010-04-01,32.540001,32.919998,32.380001,32.759998,32.684662,662400
2010-04-05,32.939999,33.209999,32.410000,33.150002,33.073769,423400
2010-04-06,33.150002,33.560001,32.700001,33.459999,33.383053,473600
2010-04-07,33.459999,33.529999,32.980000,33.150002,33.073769,489900
2010-04-08,33.029999,33.509998,33.000000,33.340000,33.263332,239000
2010-04-09,33.310001,34.279999,33.310001,34.270000,34.191193,492300
2010-04-12,34.360001,34.490002,33.820000,33.959999,33.881905,273400
2010-04-13,34.130001,34.980000,33.939999,34.660000,34.580296,623300
2010-04-14,34.849998,36.299999,34.849998,36.220001,36.136711,734300
2010-04-15,35.919998,36.029999,35.509998,35.660000,35.577995,466100
2010-04-16,35.470001,35.750000,34.880001,35.209999,35.129028,529600
2010-04-19,35.000000,35.509998,34.779999,35.220001,35.139008,401200
2010-04-20,35.340000,35.820000,35.169998,35.700001,35.617905,494600
2010-04-21,35.830002,36.000000,35.549999,35.720001,35.637859,413500
2010-04-22,35.639999,35.849998,35.009998,35.849998,35.767559,587400
2010-04-23,35.770000,36.810001,35.770000,36.619999,36.535786,502700
2010-04-26,36.779999,37.220001,36.599998,36.750000,36.665489,566000
2010-04-27,36.770000,36.889999,35.580002,35.610001,35.528111,725800
2010-04-28,35.790001,36.200001,35.490002,35.880001,35.797493,522500
2010-04-29,36.020000,37.439999,36.020000,37.130001,37.044617,859100
2010-04-30,37.290001,37.400002,33.040001,33.040001,32.964024,2622300
2010-05-03,33.119999,33.340000,30.320000,32.459999,32.385353,4674400
2010-05-04,30.870001,31.410000,29.500000,31.080000,31.008528,3865800
2010-05-05,30.860001,33.430000,30.680000,32.480000,32.405308,2172700
2010-05-06,32.369999,33.349998,29.170000,30.900000,30.828941,1990200
2010-05-07,30.879999,31.500000,29.910000,30.260000,30.190414,1442400
2010-05-10,31.510000,31.510000,30.280001,30.610001,30.539610,1356500
2010-05-11,30.250000,30.969999,30.000000,30.700001,30.629402,718300
2010-05-12,30.719999,31.430000,30.719999,31.030001,30.958643,715000
2010-05-13,31.020000,31.580000,30.090000,30.370001,30.300161,907700
2010-05-14,30.020000,30.200001,29.059999,29.530001,29.462093,1094600
2010-05-17,29.590000,29.780001,28.080000,28.740000,28.673908,1005800
2010-05-18,28.799999,29.670000,28.799999,28.950001,28.883427,1049100
2010-05-19,28.650000,28.860001,27.680000,28.530001,28.464394,773200
2010-05-20,27.639999,27.950001,26.520000,26.549999,26.488945,1273600
2010-05-21,26.410000,27.629999,26.030001,27.209999,27.147427,1236800
2010-05-24,27.139999,27.559999,26.430000,26.450001,26.389175,543700
2010-05-25,25.830000,26.770000,25.370001,26.690001,26.628624,670500
2010-05-26,26.959999,27.520000,26.290001,26.299999,26.239519,675500
2010-05-27,27.219999,28.620001,27.150000,28.590000,28.524254,1496300
2010-05-28,28.600000,28.600000,27.500000,27.650000,27.586416,1017400
2010-06-01,26.790001,26.889999,25.090000,25.190001,25.132074,1682400
2010-06-02,25.430000,25.600000,24.850000,25.100000,25.042280,1777000
2010-06-03,25.299999,25.299999,24.549999,24.790001,24.732994,1673400
2010-06-04,24.430000,24.549999,23.070000,23.150000,23.096764,1845000
2010-06-07,23.299999,23.530001,22.010000,22.080000,22.029224,1389700
2010-06-08,21.920000,23.129999,21.250000,23.040001,22.987019,2643900
2010-06-09,23.340000,24.260000,22.840000,23.180000,23.126696,1516800
2010-06-10,23.520000,24.540001,23.270000,24.469999,24.413729,1288700
2010-06-11,24.240000,24.540001,23.790001,24.280001,24.224167,670400
2010-06-14,24.410000,24.490000,23.629999,23.799999,23.745268,1015200
2010-06-15,23.950001,25.260000,23.930000,25.200001,25.142050,1071400
2010-06-16,24.860001,24.889999,24.280001,24.490000,24.433681,707600
2010-06-17,24.760000,25.090000,24.150000,24.860001,24.802832,1597300
2010-06-18,24.910000,25.120001,24.420000,24.540001,24.483568,698400
2010-06-21,24.959999,24.990000,23.740000,23.910000,23.855017,556400
2010-06-22,24.000000,24.000000,23.190001,23.299999,23.246418,971900
2010-06-23,23.240000,23.500000,22.700001,23.200001,23.146650,907900
2010-06-24,22.959999,23.129999,22.320000,22.469999,22.418327,1238900
2010-06-25,22.040001,22.889999,21.629999,22.870001,22.817410,2192400
2010-06-28,22.719999,22.910000,22.440001,22.570000,22.518097,1048500
2010-06-29,22.160000,22.510000,21.809999,22.370001,22.318558,1644000
2010-06-30,22.340000,24.000000,22.340000,23.160000,23.106741,1601400
2010-07-01,23.740000,24.209999,22.809999,22.969999,22.917177,1167400
2010-07-02,22.980000,23.540001,22.870001,23.170000,23.116718,915400
2010-07-06,23.830000,24.100000,22.799999,23.000000,22.947109,798100
2010-07-07,23.010000,23.930000,22.860001,23.930000,23.874971,894700
2010-07-08,24.209999,24.549999,23.530001,24.020000,23.964764,745000
2010-07-09,24.070000,25.490000,23.850000,25.379999,25.321634,954800
2010-07-12,25.440001,25.889999,25.090000,25.750000,25.690784,865700
2010-07-13,25.950001,26.309999,25.770000,26.160000,26.099842,766200
2010-07-14,26.240000,26.240000,25.540001,25.889999,25.830463,553000
2010-07-15,26.030001,27.030001,25.000000,26.590000,26.528854,1336400
2010-07-16,26.240000,26.530001,25.139999,25.400000,25.341589,1106800
2010-07-19,25.389999,25.610001,24.790001,25.080000,25.022326,887200
2010-07-20,24.590000,25.709999,24.500000,25.510000,25.451338,1166700
2010-07-21,25.750000,25.760000,24.160000,24.330000,24.274050,1201000
2010-07-22,24.790001,25.049999,24.459999,24.780001,24.723017,1566700
2010-07-23,24.650000,24.980000,24.400000,24.950001,24.892626,1071600
2010-07-26,25.000000,26.500000,25.000000,26.500000,26.439060,1205700
2010-07-27,26.790001,26.799999,25.900000,26.040001,25.980120,488100
2010-07-28,26.000000,26.309999,25.540001,25.670000,25.610970,554800
2010-07-29,25.990000,26.170000,25.280001,25.900000,25.840441,600500
2010-07-30,25.600000,25.990000,25.309999,25.790001,25.730694,439100
2010-08-02,26.360001,27.120001,25.969999,27.020000,26.957865,1118700
2010-08-03,26.910000,27.420000,26.639999,27.240000,27.177359,944000
2010-08-04,27.280001,27.709999,27.250000,27.639999,27.576439,821000
2010-08-05,27.110001,27.240000,26.790001,26.910000,26.848118,822300
2010-08-06,26.860001,27.180000,26.520000,26.719999,26.658554,732100
2010-08-09,26.850000,27.030001,26.600000,27.000000,26.937910,549800
2010-08-10,26.820000,26.850000,26.299999,26.719999,26.658554,618500
2010-08-11,26.129999,26.190001,25.430000,25.629999,25.571060,646100
2010-08-12,25.230000,25.860001,25.150000,25.370001,25.311659,400000
2010-08-13,25.260000,25.400000,24.870001,24.870001,24.812809,432400
2010-08-16,24.930000,25.340000,24.750000,24.990000,24.932533,347600
2010-08-17,25.400000,25.889999,25.340000,25.780001,25.720716,540200
2010-08-18,25.760000,26.230000,25.459999,26.059999,26.000072,440600
2010-08-19,26.040001,26.040001,24.900000,24.950001,24.892626,617100
2010-08-20,24.920000,25.459999,24.450001,24.959999,24.902601,557300
2010-08-23,25.559999,25.740000,24.830000,24.840000,24.782877,516200
2010-08-24,24.510000,24.629999,24.090000,24.129999,24.074511,849900
2010-08-25,24.049999,24.719999,23.910000,24.620001,24.563385,566600
2010-08-26,24.740000,24.770000,24.100000,24.129999,24.074511,461300
2010-08-27,24.330000,24.520000,23.750000,24.520000,24.463614,565800
2010-08-30,24.400000,24.910000,24.250000,24.270000,24.214190,481200
2010-08-31,24.280001,24.350000,23.950001,24.080000,24.024626,555400
2010-09-01,24.410000,25.020000,24.180000,24.950001,24.892626,805700
2010-09-02,24.950001,25.629999,24.730000,25.600000,25.541130,499700
2010-09-03,25.889999,26.170000,25.610001,26.070000,26.010050,694800
2010-09-07,25.980000,26.000000,25.459999,25.510000,25.451338,505200
2010-09-08,25.549999,25.700001,25.309999,25.450001,25.391476,343700
2010-09-09,25.629999,25.709999,25.030001,25.209999,25.152025,555900
2010-09-10,25.250000,25.620001,25.209999,25.520000,25.461315,342900
2010-09-13,25.830000,25.959999,25.629999,25.700001,25.640902,572200
2010-09-14,25.700001,25.760000,25.080000,25.110001,25.052258,716100
2010-09-15,25.080000,25.110001,24.610001,24.809999,24.752947,848600
2010-09-16,24.790001,24.790001,24.270000,24.650000,24.593315,524800
2010-09-17,24.760000,24.760000,24.170000,24.430000,24.373821,608900
2010-09-20,24.510000,25.740000,24.510000,25.709999,25.650877,769700
2010-09-21,25.780001,25.940001,25.410000,25.490000,25.431383,578900
2010-09-22,25.480000,25.639999,24.889999,24.900000,24.842739,535000
2010-09-23,24.680000,25.000000,24.389999,24.440001,24.383799,470800
2010-09-24,24.889999,25.590000,24.709999,25.580000,25.521175,741800
2010-09-27,25.600000,25.650000,24.860001,24.910000,24.852716,651000
2010-09-28,24.889999,24.900000,24.410000,24.559999,24.503521,912500
2010-09-29,24.559999,24.559999,24.000000,24.150000,24.094463,749800
2010-09-30,24.530001,24.940001,24.230000,24.870001,24.812809,776100
2010-10-01,25.190001,25.309999,24.910000,25.299999,25.241819,607300
2010-10-04,25.309999,25.389999,24.650000,24.719999,24.663153,493000
2010-10-05,24.959999,25.000000,24.530001,24.639999,24.583338,833300
2010-10-06,24.559999,24.959999,24.530001,24.879999,24.822784,730400
2010-10-07,25.049999,25.070000,24.719999,24.980000,24.922556,550300
2010-10-08,24.980000,25.110001,24.809999,24.969999,24.912579,466900
2010-10-11,25.030001,25.139999,24.350000,24.480000,24.423706,624200
2010-10-12,24.360001,24.559999,24.170000,24.540001,24.483568,707700
2010-10-13,24.709999,25.219999,21.750000,22.160000,22.109041,12828900
2010-10-14,21.850000,21.850000,19.559999,19.740000,19.694605,9649000
2010-10-15,20.020000,21.180000,19.840000,20.559999,20.512720,4672500
2010-10-18,20.670000,21.150000,20.219999,20.980000,20.931753,2292100
2010-10-19,20.920000,20.930000,20.260000,20.500000,20.452858,2353500
2010-10-20,20.510000,20.650000,20.340000,20.480000,20.432903,1340400
2010-10-21,20.549999,20.750000,20.160000,20.350000,20.303204,1098000
2010-10-22,20.370001,20.430000,20.209999,20.360001,20.313181,388900
2010-10-25,20.719999,20.870001,20.450001,20.590000,20.542652,1472800
2010-10-26,20.540001,20.650000,20.400000,20.469999,20.422926,646800
2010-10-27,20.430000,20.450001,20.120001,20.389999,20.343111,902000
2010-10-28,20.670000,20.670000,20.250000,20.469999,20.422926,570400
2010-10-29,20.440001,20.559999,20.190001,20.190001,20.143572,865700
2010-11-01,20.459999,20.459999,19.280001,19.500000,19.455158,2882600
2010-11-02,19.850000,19.900000,18.700001,19.440001,19.395296,2901200
2010-11-03,19.580000,19.959999,19.469999,19.660000,19.614790,1383900
2010-11-04,19.990000,20.170000,19.750000,20.170000,20.123617,1182700
2010-11-05,20.200001,20.490000,19.290001,20.459999,20.412949,2341400
2010-11-08,20.459999,20.600000,19.510000,20.000000,19.954008,1913200
2010-11-09,19.950001,20.280001,19.650000,19.709999,19.664675,1842900
2010-11-10,19.719999,19.900000,19.510000,19.639999,19.594835,967300
2010-11-11,19.500000,20.080000,19.379999,19.850000,19.804354,675900
2010-11-12,19.750000,19.870001,19.379999,19.600000,19.554928,778500
2010-11-15,19.690001,19.700001,19.000000,19.040001,18.996216,1149200
2010-11-16,19.010000,19.010000,17.750000,17.920000,17.878792,2999200
2010-11-17,17.940001,18.240000,17.410000,17.480000,17.439802,1642600
2010-11-18,17.910000,18.049999,17.709999,17.910000,17.868814,1149000
2010-11-19,17.920000,17.969999,17.680000,17.920000,17.878792,1092300
2010-11-22,17.650000,17.830000,17.459999,17.530001,17.489689,994200
2010-11-23,17.389999,17.879999,17.250000,17.549999,17.509642,1157500
2010-11-24,17.260000,17.590000,17.040001,17.360001,17.320080,1122400
2010-11-26,17.180000,17.320000,17.090000,17.250000,17.210331,257300
2010-11-29,17.139999,17.530001,17.100000,17.360001,17.320080,1285500
2010-11-30,17.230000,17.780001,17.209999,17.600000,17.559526,1306300
2010-12-01,17.850000,17.950001,17.540001,17.799999,17.759066,987500
2010-12-02,17.930000,18.639999,17.830000,18.639999,18.597136,1345900
2010-12-03,18.490000,18.670000,18.240000,18.629999,18.587158,730400
2010-12-06,18.660000,18.680000,18.299999,18.490000,18.447479,556400
2010-12-07,18.670000,18.750000,17.850000,18.160000,18.118238,898500
2010-12-08,18.100000,18.230000,17.820000,18.010000,17.968584,566300
2010-12-09,18.129999,18.129999,17.700001,17.760000,17.719160,738000
2010-12-10,17.799999,18.540001,17.780001,18.299999,18.257915,944500
2010-12-13,18.389999,18.500000,17.540001,17.570000,17.529596,1229000
2010-12-14,17.660000,18.070000,17.590000,17.799999,17.759066,534200
2010-12-15,17.889999,20.049999,17.799999,19.410000,19.365364,7072900
2010-12-16,19.820000,20.430000,19.570000,20.170000,20.123617,3193000
2010-12-17,20.209999,22.049999,20.000000,21.270000,21.221088,3772300
2010-12-20,21.570000,21.639999,21.020000,21.450001,21.400675,1145700
2010-12-21,21.430000,21.520000,21.129999,21.440001,21.390697,722100
2010-12-22,21.540001,22.580000,21.450001,22.320000,22.268673,1151700
2010-12-23,22.600000,22.600000,21.770000,22.000000,21.949409,888500
2010-12-27,21.930000,22.049999,21.670000,21.980000,21.929455,477600
2010-12-28,22.150000,22.400000,21.980000,22.120001,22.069134,684800
2010-12-29,22.469999,22.469999,22.129999,22.389999,22.338511,756200
2010-12-30,22.299999,22.379999,21.840000,21.900000,21.849638,584900
2010-12-31,21.920000,22.129999,21.629999,21.850000,21.799753,638300
2011-01-03,22.120001,22.280001,21.920000,22.200001,22.148949,870100
2011-01-04,22.270000,22.360001,21.709999,22.080000,22.029224,1049700
2011-01-05,21.959999,22.490000,21.740000,22.219999,22.168901,641900
2011-01-06,22.100000,23.280001,22.020000,23.059999,23.006971,1734200
2011-01-07,23.059999,23.360001,22.959999,23.049999,22.996994,1934200
2011-01-10,22.870001,23.620001,22.799999,23.070000,23.016949,1420900
2011-01-11,21.500000,23.490000,21.500000,23.290001,23.236443,3752500
2011-01-12,23.629999,25.690001,23.559999,25.000000,24.942511,2680900
2011-01-13,24.850000,25.420000,24.840000,25.230000,25.171980,1438500
2011-01-14,25.240000,25.430000,25.049999,25.260000,25.201912,1051300
2011-01-18,25.920000,26.889999,25.500000,26.799999,26.738369,1692300
2011-01-19,27.180000,27.389999,26.760000,27.000000,26.937910,2499500
2011-01-20,27.170000,28.230000,26.910000,27.520000,27.456715,1801700
2011-01-21,28.010000,28.120001,27.580000,27.700001,27.636301,1149400
2011-01-24,27.969999,27.969999,27.500000,27.700001,27.636301,856600
2011-01-25,27.600000,27.750000,27.469999,27.750000,27.686186,1052000
2011-01-26,27.889999,30.299999,27.809999,29.500000,29.432161,2419600
2011-01-27,29.870001,30.340000,29.240000,29.469999,29.402229,2250900
2011-01-28,29.459999,29.940001,26.639999,27.000000,26.937910,1660900
2011-01-31,27.000000,28.170000,27.000000,27.410000,27.346968,1502800
2011-02-01,28.879999,30.230000,27.790001,28.000000,27.935612,1318500
2011-02-02,28.200001,28.990000,27.170000,27.350000,27.287106,1455300
2011-02-03,27.330000,27.420000,26.650000,27.340000,27.277128,702900
2011-02-04,27.900000,28.170000,27.070000,27.070000,27.007750,605900
2011-02-07,28.350000,30.320000,28.340000,29.350000,29.282507,2344200
2011-02-08,29.290001,29.430000,28.290001,29.049999,28.983196,1041100
2011-02-09,30.230000,30.250000,26.350000,27.000000,26.937910,3762200
2011-02-10,26.580000,27.250000,26.160000,26.370001,26.309361,2026600
2011-02-11,26.730000,26.879999,26.250000,26.700001,26.638601,1479100
2011-02-14,25.790001,26.420000,25.549999,26.059999,26.000072,3228100
2011-02-15,26.150000,27.090000,25.920000,26.490000,26.429083,2461300
2011-02-16,26.940001,27.459999,26.200001,27.370001,27.307060,1616900
2011-02-17,27.240000,27.889999,27.070000,27.790001,27.726095,1457000
2011-02-18,27.900000,28.340000,27.840000,28.100000,28.035381,2110400
2011-02-22,27.990000,28.180000,27.690001,27.889999,27.825863,994000
2011-02-23,28.030001,28.150000,27.440001,27.530001,27.466692,1070300
2011-02-24,27.750000,27.950001,27.459999,27.700001,27.636301,796400
2011-02-25,28.010000,28.010000,27.540001,27.670000,27.606369,718900
2011-02-28,28.110001,28.660000,26.410000,26.780001,26.718418,2960700
2011-03-01,27.100000,27.139999,25.090000,25.180000,25.122097,1268800
2011-03-02,25.709999,27.360001,25.559999,26.250000,26.189636,2099600
2011-03-03,26.400000,26.809999,25.879999,26.660000,26.598692,985200
2011-03-04,26.639999,27.490000,25.730000,27.420000,27.356945,1855600
2011-03-07,26.690001,26.850000,25.790001,26.240000,26.179659,1358200
2011-03-08,26.120001,27.059999,26.120001,26.930000,26.868073,1161200
2011-03-09,26.870001,28.010000,26.750000,27.000000,26.937910,1631700
2011-03-10,26.750000,27.670000,26.750000,26.870001,26.808210,999000
2011-03-11,26.820000,27.129999,26.709999,26.790001,26.728394,631400
2011-03-14,26.690001,27.200001,26.340000,26.430000,26.369223,461500
2011-03-15,25.670000,27.000000,25.670000,26.150000,26.089865,692300
2011-03-16,26.080000,26.559999,25.889999,26.139999,26.079887,766800
2011-03-17,26.549999,26.549999,26.040001,26.170000,26.109819,414000
2011-03-18,26.610001,26.740000,25.879999,25.879999,25.820486,1305400
2011-03-21,26.160000,26.549999,26.010000,26.469999,26.409128,708700
2011-03-22,26.420000,26.740000,25.930000,25.959999,25.900301,529700
2011-03-23,25.860001,26.290001,25.780001,26.070000,26.010050,942800
2011-03-24,26.180000,26.330000,25.320000,25.340000,25.281729,731200
2011-03-25,25.420000,25.620001,24.520000,25.070000,25.012348,745300
2011-03-28,24.980000,25.549999,24.920000,25.110001,25.052258,365200
2011-03-29,25.129999,25.510000,25.090000,25.340000,25.281729,302400
2011-03-30,25.420000,25.540001,24.940001,25.059999,25.002371,851500
2011-03-31,24.950001,25.230000,24.910000,25.070000,25.012348,374200
2011-04-01,25.200001,26.309999,25.200001,25.959999,25.900301,755400
2011-04-04,25.969999,26.290001,25.830000,26.000000,25.940210,291900
2011-04-05,26.000000,26.770000,25.910000,26.629999,26.568760,972200
2011-04-06,26.799999,27.090000,26.799999,27.090000,27.027704,374700
2011-04-07,27.030001,27.170000,26.790001,27.000000,26.937910,494000
2011-04-08,27.040001,27.200001,26.850000,27.049999,26.987795,678500
2011-04-11,27.090000,27.160000,26.430000,26.730000,26.668531,1072500
2011-04-12,26.530001,26.730000,25.709999,25.780001,25.720716,892100
2011-04-13,25.959999,25.959999,24.969999,25.059999,25.002371,899800
2011-04-14,25.020000,25.290001,24.809999,24.930000,24.872671,707200
2011-04-15,25.000000,25.059999,24.500000,24.719999,24.663153,728700
2011-04-18,24.530001,24.680000,24.280001,24.309999,24.254095,596900
2011-04-19,24.420000,24.469999,24.250000,24.350000,24.294004,561700
2011-04-20,24.510000,24.680000,24.280001,24.650000,24.593315,280700
2011-04-21,24.860001,25.219999,24.620001,25.139999,25.082188,258900
2011-04-25,25.160000,25.629999,25.160000,25.490000,25.431383,399600
2011-04-26,25.520000,25.840000,25.520000,25.809999,25.750647,249000
2011-04-27,25.780001,26.200001,25.600000,26.200001,26.139751,387700
2011-04-28,26.139999,26.299999,25.930000,26.160000,26.099842,267300
2011-04-29,26.219999,26.490000,26.010000,26.120001,26.059935,402000
2011-05-02,26.139999,26.480000,25.750000,26.080000,26.020025,252000
2011-05-03,26.059999,26.340000,25.190001,25.980000,25.920256,452300
2011-05-04,25.469999,25.920000,25.080000,25.260000,25.201912,500700
2011-05-05,25.120001,26.270000,25.000000,25.570000,25.511198,1137700
2011-05-06,25.820000,26.000000,25.230000,25.490000,25.431383,712700
2011-05-09,25.490000,25.490000,24.770000,25.370001,25.311659,566400
2011-05-10,25.400000,25.740000,25.110001,25.219999,25.162003,609400
2011-05-11,25.440001,25.440001,24.870001,24.910000,24.852716,429800
2011-05-12,24.719999,25.010000,24.650000,24.750000,24.693085,469000
2011-05-13,24.830000,24.990000,24.330000,24.379999,24.323935,322700
2011-05-16,24.340000,24.549999,24.250000,24.290001,24.234144,418200
2011-05-17,24.200001,24.400000,23.910000,23.990000,23.934832,440700
2011-05-18,23.969999,24.160000,23.760000,23.809999,23.755245,400100
2011-05-19,23.820000,24.120001,23.290001,23.379999,23.326235,480200
2011-05-20,23.280001,23.530001,22.910000,22.920000,22.867292,522500
2011-05-23,22.660000,22.740000,22.059999,22.080000,22.029224,705300
2011-05-24,22.170000,22.250000,21.809999,21.940001,21.889547,424500
2011-05-25,21.840000,21.990000,21.600000,21.870001,21.819708,326500
2011-05-26,21.799999,22.420000,21.379999,21.709999,21.660074,530600
2011-05-27,21.770000,22.080000,21.520000,21.910000,21.859615,271700
2011-05-31,22.030001,22.150000,21.730000,21.730000,21.680029,1041900
2011-06-01,21.650000,21.709999,20.730000,21.000000,20.951708,707800
2011-06-02,20.940001,21.290001,20.500000,20.709999,20.662374,608500
2011-06-03,20.500000,20.500000,20.120001,20.260000,20.213409,352200
2011-06-06,20.160000,20.230000,19.770000,19.920000,19.874191,555300
2011-06-07,20.110001,20.209999,19.750000,19.770000,19.724537,433200
2011-06-08,19.680000,19.850000,19.270000,19.340000,19.295527,348500
2011-06-09,19.330000,19.490000,18.959999,19.110001,19.066055,753400
2011-06-10,19.000000,19.240000,18.719999,18.980000,18.936354,452100
2011-06-13,18.950001,18.959999,18.309999,18.420000,18.377642,911900
2011-06-14,18.559999,19.090000,18.559999,18.840000,18.796675,449900
2011-06-15,18.719999,19.110001,18.719999,18.990000,18.946331,762800
2011-06-16,18.940001,19.080000,18.840000,19.000000,18.956308,501300
2011-06-17,19.090000,19.410000,19.059999,19.180000,19.135895,909800
2011-06-20,19.240000,19.360001,19.010000,19.040001,18.996216,402400
2011-06-21,19.139999,19.309999,18.870001,19.219999,19.175800,370500
2011-06-22,18.980000,19.379999,18.459999,19.280001,19.235664,673000
2011-06-23,19.160000,20.190001,18.910000,20.120001,20.073732,1096100
2011-06-24,20.139999,20.340000,19.629999,19.799999,19.754467,2200800
2011-06-27,20.000000,20.540001,19.959999,20.209999,20.163525,751600
2011-06-28,20.379999,20.379999,19.840000,20.000000,19.954008,316500
2011-06-29,20.190001,20.959999,20.070000,20.879999,20.831984,511200
2011-06-30,20.850000,21.330000,20.750000,20.840000,20.792076,331100
2011-07-01,20.820000,20.980000,20.360001,20.870001,20.822008,344600
2011-07-05,20.059999,20.389999,18.299999,18.969999,18.926376,3347200
2011-07-06,19.000000,19.549999,18.910000,19.549999,19.505041,1389200
2011-07-07,19.690001,19.830000,19.030001,19.260000,19.215710,849700
2011-07-08,19.160000,19.280001,18.930000,19.059999,19.016169,402700
2011-07-11,19.080000,19.180000,18.420000,18.559999,18.517319,535100
2011-07-12,18.549999,18.860001,18.309999,18.340000,18.297825,300200
2011-07-13,18.730000,19.049999,18.549999,18.820000,18.776722,309200
2011-07-14,18.889999,18.889999,18.290001,18.459999,18.417549,234500
2011-07-15,18.580000,18.580000,17.850000,18.100000,18.058378,517900
2011-07-18,18.080000,18.379999,17.770000,17.850000,17.808952,353800
2011-07-19,18.059999,18.139999,17.670000,17.879999,17.838882,241800
2011-07-20,18.070000,18.139999,17.879999,17.969999,17.928675,232000
2011-07-21,18.120001,18.780001,17.969999,18.330000,18.287848,508900
2011-07-22,18.250000,18.450001,18.070000,18.190001,18.148170,227000
2011-07-25,18.139999,18.170000,17.820000,17.969999,17.928675,379700
2011-07-26,18.010000,18.250000,17.950001,18.100000,18.058378,1014200
2011-07-27,18.000000,18.040001,17.680000,17.730000,17.689228,395900
2011-07-28,17.730000,17.969999,17.709999,17.709999,17.669273,247500
2011-07-29,17.690001,17.850000,17.520000,17.709999,17.669273,292700
2011-08-01,17.990000,17.990000,17.570000,17.770000,17.729136,368300
2011-08-02,17.660000,17.860001,17.600000,17.620001,17.579481,437000
2011-08-03,17.620001,17.760000,17.049999,17.490000,17.449780,481000
2011-08-04,17.430000,17.650000,16.320000,16.379999,16.342331,834500
2011-08-05,16.469999,17.830000,16.200001,16.900000,16.861135,844700
2011-08-08,16.469999,16.690001,14.800000,14.840000,14.805874,1300300
2011-08-09,15.810000,16.879999,15.110000,16.830000,16.791298,1235100
2011-08-10,16.459999,17.379999,15.700000,16.700001,16.661598,1082000
2011-08-11,16.840000,18.000000,16.320000,17.799999,17.759066,981400
2011-08-12,17.969999,18.070000,16.959999,16.969999,16.930975,532400
2011-08-15,17.200001,18.430000,17.150000,18.360001,18.317780,791200
2011-08-16,18.100000,18.200001,17.309999,17.570000,17.529596,348400
2011-08-17,17.570000,17.730000,16.969999,17.190001,17.150471,483200
2011-08-18,16.790001,19.280001,16.190001,16.400000,16.362286,500400
2011-08-19,16.150000,16.360001,15.470000,15.550000,15.514241,621800
2011-08-22,16.080000,16.410000,15.940000,16.110001,16.072954,513400
2011-08-23,16.320000,17.270000,16.240000,16.850000,16.811253,587400
2011-08-24,16.760000,17.389999,16.760000,17.280001,17.240263,443500
2011-08-25,17.510000,17.900000,16.459999,16.530001,16.491989,371900
2011-08-26,16.389999,17.200001,15.980000,17.180000,17.140493,597400
2011-08-29,17.389999,18.490000,17.280001,18.469999,18.427526,491000
2011-08-30,18.549999,18.549999,17.980000,18.250000,18.208033,375600
2011-08-31,18.410000,18.809999,18.230000,18.440001,18.397596,1162000
2011-09-01,18.400000,18.620001,17.760000,17.770000,17.729136,297800
2011-09-02,17.500000,17.959999,17.250000,17.340000,17.300125,248500
2011-09-06,16.940001,17.240000,16.750000,17.000000,16.960907,202800
2011-09-07,17.350000,18.340000,17.350000,18.160000,18.118238,379500
2011-09-08,18.000000,18.180000,17.570000,17.690001,17.649321,199800
2011-09-09,17.450001,17.750000,16.850000,16.969999,16.930975,375200
2011-09-12,16.760000,17.219999,16.540001,16.780001,16.741413,425700
2011-09-13,16.950001,17.160000,16.610001,16.770000,16.731436,298000
2011-09-14,17.000000,17.129999,16.670000,16.920000,16.881090,632400
2011-09-15,17.110001,17.240000,16.930000,17.080000,17.040722,348500
2011-09-16,18.400000,18.700001,18.000000,18.200001,18.158148,1363900
2011-09-19,17.760000,17.760000,16.950001,17.010000,16.970884,505000
2011-09-20,17.100000,17.209999,16.580000,16.629999,16.591757,755400
2011-09-21,16.889999,16.889999,15.570000,15.570000,15.534195,484200
2011-09-22,15.430000,16.160000,15.010000,15.330000,15.294747,537300
2011-09-23,15.260000,15.800000,15.150000,15.760000,15.723759,664100
2011-09-26,15.890000,15.990000,15.150000,15.600000,15.564127,496100
2011-09-27,15.970000,16.110001,15.570000,15.630000,15.594057,515900
2011-09-28,15.470000,15.810000,15.100000,15.140000,15.105185,340000
2011-09-29,15.320000,15.590000,15.100000,15.370000,15.334655,423600
2011-09-30,15.230000,15.450000,14.930000,14.990000,14.955528,791300
2011-10-03,14.700000,15.540000,14.520000,14.790000,14.755989,751100
2011-10-04,14.610000,15.230000,14.300000,15.130000,15.095207,1200000
2011-10-05,15.260000,15.290000,14.830000,15.060000,15.025369,466200
2011-10-06,14.950000,15.520000,14.950000,15.410000,15.374563,591400
2011-10-07,15.490000,15.600000,14.830000,14.920000,14.885690,628100
2011-10-10,16.030001,16.030001,14.980000,15.290000,15.254839,590800
2011-10-11,15.150000,15.400000,15.010000,15.170000,15.135115,314900
2011-10-12,15.240000,15.510000,15.010000,15.340000,15.304724,579500
2011-10-13,15.150000,15.640000,15.050000,15.300000,15.264816,457500
2011-10-14,15.580000,15.750000,15.170000,15.450000,15.414471,338000
2011-10-17,15.330000,15.490000,14.780000,14.800000,14.765966,448600
2011-10-18,14.760000,15.440000,14.670000,15.280000,15.244862,557100
2011-10-19,15.270000,15.520000,14.860000,14.950000,14.915621,339700
2011-10-20,14.910000,14.970000,14.250000,14.510000,14.476633,593000
2011-10-21,14.640000,14.850000,14.470000,14.800000,14.765966,774400
2011-10-24,14.810000,14.810000,14.420000,14.690000,14.656219,980400
2011-10-25,14.570000,14.640000,14.320000,14.390000,14.356909,595200
2011-10-26,14.520000,14.820000,14.320000,14.690000,14.656219,520200
2011-10-27,15.060000,15.590000,14.940000,15.340000,15.304724,1014700
2011-10-28,15.360000,15.540000,15.140000,15.420000,15.384541,552000
2011-10-31,15.350000,15.350000,14.320000,14.350000,14.317001,730500
2011-11-01,14.130000,14.720000,13.500000,13.770000,13.738335,989200
2011-11-02,13.860000,14.170000,13.620000,13.800000,13.768266,683100
2011-11-03,14.050000,14.120000,13.620000,13.820000,13.788219,544800
2011-11-04,13.640000,13.800000,13.260000,13.340000,13.309323,792500
2011-11-07,13.300000,13.640000,12.720000,13.140000,13.109783,1807000
2011-11-08,13.300000,14.790000,13.300000,14.610000,14.576403,2871800
2011-11-09,14.230000,14.460000,14.100000,14.240000,14.207253,817100
2011-11-10,14.450000,14.550000,14.300000,14.460000,14.426747,1030500
2011-11-11,14.610000,15.690000,14.550000,15.380000,15.344632,1200700
2011-11-14,15.420000,15.730000,15.290000,15.520000,15.484310,991500
2011-11-15,15.460000,15.480000,14.670000,14.790000,14.755989,641400
2011-11-16,14.600000,14.840000,14.480000,14.500000,14.466656,493500
2011-11-17,14.590000,14.980000,14.510000,14.810000,14.775943,732800
2011-11-18,15.000000,15.060000,14.500000,14.620000,14.586380,375500
2011-11-21,14.370000,14.520000,14.300000,14.360000,14.326978,455700
2011-11-22,14.350000,14.430000,13.780000,13.810000,13.778243,552500
2011-11-23,13.700000,13.730000,13.000000,13.070000,13.039944,708600
2011-11-25,13.000000,13.310000,12.860000,12.910000,12.880312,190800
2011-11-28,13.820000,14.650000,13.820000,14.030000,13.997736,992000
2011-11-29,14.100000,14.150000,13.290000,13.420000,13.389139,749900
2011-11-30,13.920000,14.400000,13.550000,14.380000,14.346931,1442500
2011-12-01,14.250000,14.560000,13.870000,14.460000,14.426747,798700
2011-12-02,14.600000,14.960000,14.550000,14.600000,14.566426,672100
2011-12-05,14.840000,14.920000,14.260000,14.460000,14.426747,685100
2011-12-06,14.400000,14.590000,14.000000,14.490000,14.456678,598600
2011-12-07,14.440000,14.930000,14.370000,14.840000,14.805874,732500
2011-12-08,14.750000,14.900000,14.130000,14.170000,14.137415,838500
2011-12-09,14.240000,14.580000,14.150000,14.420000,14.386840,659400
2011-12-12,14.210000,14.370000,13.890000,14.340000,14.307024,746100
2011-12-13,14.420000,16.459999,14.390000,15.630000,15.594057,3090400
2011-12-14,15.490000,15.490000,14.630000,14.740000,14.706103,958000
2011-12-15,14.930000,15.110000,14.780000,15.000000,14.965506,899500
2011-12-16,15.140000,15.220000,14.920000,15.030000,14.995437,1487400
2011-12-19,15.060000,15.100000,14.460000,14.510000,14.476633,896900
2011-12-20,14.800000,15.100000,14.590000,15.030000,14.995437,603500
2011-12-21,14.970000,15.170000,14.830000,15.110000,15.075253,445800
2011-12-22,15.130000,15.260000,15.080000,15.170000,15.135115,337100
2011-12-23,15.200000,15.260000,14.990000,15.240000,15.204954,278000
2011-12-27,15.230000,15.390000,15.160000,15.370000,15.334655,520000
2011-12-28,15.400000,15.420000,14.860000,14.990000,14.955528,555200
2011-12-29,15.030000,15.110000,14.700000,14.720000,14.686150,568500
2011-12-30,14.710000,14.750000,14.560000,14.660000,14.626287,452800
2012-01-03,15.180000,15.680000,14.780000,14.830000,14.795897,1093900
2012-01-04,14.790000,14.970000,14.430000,14.500000,14.466656,941300
2012-01-05,14.490000,14.930000,14.380000,14.790000,14.755989,970400
2012-01-06,14.830000,14.980000,14.610000,14.650000,14.616310,391600
2012-01-09,14.700000,14.790000,14.620000,14.670000,14.636265,429400
2012-01-10,14.810000,14.990000,14.720000,14.820000,14.785919,760800
2012-01-11,14.780000,16.100000,14.590000,15.870000,15.833505,2582600
2012-01-12,16.020000,17.280001,15.480000,17.059999,17.020769,2614000
2012-01-13,16.860001,17.459999,16.700001,16.750000,16.711481,1346500
2012-01-17,17.020000,17.100000,16.240000,16.330000,16.292448,867900
2012-01-18,16.320000,16.910000,16.190001,16.809999,16.771343,586900
2012-01-19,16.860001,17.750000,16.860001,17.650000,17.609411,1166600
2012-01-20,17.639999,17.750000,16.959999,17.080000,17.040722,852600
2012-01-23,17.049999,17.290001,16.680000,17.030001,16.990839,545500
2012-01-24,16.950001,17.059999,16.580000,16.959999,16.920998,591800
2012-01-25,16.920000,17.299999,16.660000,17.209999,17.170424,539200
2012-01-26,17.290001,17.709999,16.740000,16.830000,16.791298,942200
2012-01-27,15.950000,17.530001,15.830000,17.270000,17.230286,1290000
2012-01-30,16.590000,16.660000,15.920000,16.270000,16.232586,1419800
2012-01-31,16.320000,16.350000,15.740000,15.970000,15.933275,873000
2012-02-01,16.139999,16.850000,15.960000,16.379999,16.342331,809600
2012-02-02,16.370001,16.469999,16.180000,16.260000,16.222609,405400
2012-02-03,16.459999,16.889999,16.219999,16.879999,16.841183,1032100
2012-02-06,16.840000,16.840000,16.320000,16.420000,16.382240,402800
2012-02-07,16.420000,16.610001,16.219999,16.500000,16.462057,330200
2012-02-08,16.600000,16.920000,16.250000,16.540001,16.501965,616700
2012-02-09,16.559999,16.719999,16.379999,16.610001,16.571804,288900
2012-02-10,16.410000,16.440001,16.020000,16.139999,16.102884,353600
2012-02-13,16.320000,16.600000,16.200001,16.590000,16.551849,317100
2012-02-14,16.559999,16.690001,16.290001,16.450001,16.412172,255600
2012-02-15,16.510000,16.510000,16.129999,16.170000,16.132816,325300
2012-02-16,16.219999,16.639999,16.059999,16.500000,16.462057,390100
2012-02-17,16.570000,16.600000,16.260000,16.299999,16.262516,425900
2012-02-21,16.320000,16.520000,16.209999,16.270000,16.232586,255600
2012-02-22,16.200001,16.389999,15.590000,15.590000,15.554150,722300
2012-02-23,15.600000,16.100000,15.600000,16.000000,15.963206,459600
2012-02-24,16.230000,16.230000,15.860000,16.100000,16.062977,417500
2012-02-27,16.070000,16.170000,15.740000,15.970000,15.933275,721700
2012-02-28,16.180000,16.450001,15.670000,15.720000,15.683850,682400
2012-02-29,15.810000,16.480000,15.670000,16.110001,16.072954,1202700
2012-03-01,16.120001,16.379999,15.960000,16.070000,16.033045,425800
2012-03-02,16.150000,16.150000,15.960000,15.990000,15.953229,412700
2012-03-05,15.900000,16.150000,15.900000,16.100000,16.062977,288100
2012-03-06,15.900000,16.150000,15.850000,15.890000,15.853459,474800
2012-03-07,16.090000,16.340000,15.830000,16.320000,16.282471,347000
2012-03-08,16.480000,18.150000,16.459999,17.629999,17.589457,1381200
2012-03-09,17.879999,19.450001,17.719999,18.600000,18.557228,1327600
2012-03-12,18.879999,18.900000,18.270000,18.629999,18.587158,511700
2012-03-13,19.000000,19.670000,18.910000,19.580000,19.534973,717100
2012-03-14,19.600000,20.190001,19.480000,19.719999,19.674650,685600
2012-03-15,19.680000,19.900000,19.490000,19.790001,19.744492,640100
2012-03-16,20.000000,20.340000,19.780001,19.830000,19.784399,838300
2012-03-19,20.040001,20.389999,19.629999,20.030001,19.983940,586800
2012-03-20,19.830000,19.900000,19.500000,19.730000,19.684628,254800
2012-03-21,19.770000,20.010000,19.459999,19.730000,19.684628,325200
2012-03-22,19.530001,19.620001,18.900000,19.160000,19.115940,493700
2012-03-23,19.150000,19.270000,18.670000,19.090000,19.046101,517400
2012-03-26,19.480000,19.480000,18.959999,19.010000,18.966284,387200
2012-03-27,19.129999,19.590000,19.059999,19.150000,19.105963,499400
2012-03-28,19.129999,19.260000,18.879999,19.200001,19.155848,409000
2012-03-29,19.090000,19.100000,18.450001,18.940001,18.896446,566700
2012-03-30,19.040001,19.040001,18.690001,19.010000,18.966284,411200
2012-04-02,18.889999,19.240000,18.190001,18.500000,18.457457,667400
2012-04-03,18.639999,18.639999,18.340000,18.530001,18.487389,701800
2012-04-04,18.230000,18.459999,17.780001,17.900000,17.858837,693000
2012-04-05,17.860001,17.959999,17.549999,17.719999,17.679251,415000
2012-04-09,17.430000,17.610001,17.170000,17.330000,17.290148,442600
2012-04-10,17.290001,17.480000,16.860001,17.049999,17.010792,666100
2012-04-11,17.250000,17.580000,17.100000,17.510000,17.469734,442200
2012-04-12,17.490000,17.920000,17.490000,17.840000,17.798975,502800
2012-04-13,17.750000,17.879999,17.700001,17.780001,17.739113,489000
2012-04-16,17.889999,18.040001,17.480000,17.639999,17.599434,515600
2012-04-17,17.780001,17.900000,17.600000,17.629999,17.589457,535500
2012-04-18,17.530001,17.530001,17.240000,17.309999,17.270193,385100
2012-04-19,17.280001,17.850000,17.200001,17.730000,17.689228,529100
2012-04-20,17.809999,18.049999,17.719999,17.990000,17.948629,444400
2012-04-23,17.700001,17.719999,17.250000,17.420000,17.379940,426300
2012-04-24,17.510000,18.320000,17.370001,17.959999,17.918697,624800
2012-04-25,18.129999,18.290001,17.920000,17.940001,17.898746,628200
2012-04-26,17.900000,18.059999,17.740000,18.000000,17.958607,641700
2012-04-27,18.059999,18.170000,17.830000,17.930000,17.888769,431200
2012-04-30,17.940001,18.030001,17.650000,17.830000,17.788998,317300
2012-05-01,17.830000,18.330000,17.680000,18.080000,18.038424,587900
2012-05-02,17.969999,18.700001,17.830000,18.389999,18.347710,933900
2012-05-03,18.660000,18.719999,18.059999,18.120001,18.078333,758200
2012-05-04,17.920000,18.340000,17.760000,18.280001,18.237965,1338800
2012-05-07,18.150000,18.280001,17.969999,18.040001,17.998516,784100
2012-05-08,17.900000,17.900000,17.030001,17.379999,17.340033,842700
2012-05-09,17.250000,17.340000,16.910000,17.219999,17.180401,748100
2012-05-10,17.450001,17.549999,16.980000,17.410000,17.369965,625400
2012-05-11,17.219999,17.650000,17.139999,17.459999,17.419847,447500
2012-05-14,17.209999,17.520000,17.080000,17.250000,17.210331,467200
2012-05-15,17.209999,17.510000,17.110001,17.480000,17.439802,527100
2012-05-16,17.530001,17.580000,17.129999,17.150000,17.110561,493100
2012-05-17,17.150000,17.180000,16.719999,16.760000,16.721458,504700
2012-05-18,16.830000,17.000000,16.639999,16.690001,16.651621,386000
2012-05-21,16.690001,16.889999,16.629999,16.639999,16.601734,415300
2012-05-22,16.709999,16.719999,16.330000,16.549999,16.511940,450700
2012-05-23,16.420000,16.660000,16.139999,16.610001,16.571804,498000
2012-05-24,16.629999,16.879999,16.370001,16.639999,16.601734,226700
2012-05-25,16.680000,16.750000,16.459999,16.540001,16.501965,185300
2012-05-29,16.650000,16.980000,16.559999,16.940001,16.901045,282700
2012-05-30,16.790001,16.790001,15.830000,15.970000,15.933275,1112400
2012-05-31,16.040001,16.080000,15.520000,15.970000,15.933275,507300
2012-06-01,15.600000,15.630000,15.130000,15.180000,15.145092,580600
2012-06-04,15.180000,15.350000,14.650000,14.820000,14.785919,469600
2012-06-05,14.730000,15.050000,14.510000,14.690000,14.656219,791400
2012-06-06,14.790000,15.360000,14.760000,15.360000,15.324677,486400
2012-06-07,15.510000,15.690000,15.280000,15.300000,15.264816,301200
2012-06-08,15.220000,15.620000,15.040000,15.620000,15.584080,219200
2012-06-11,15.720000,15.810000,15.150000,15.150000,15.115161,381200
2012-06-12,15.210000,15.410000,14.910000,15.370000,15.334655,394400
2012-06-13,15.440000,15.490000,15.050000,15.140000,15.105185,290000
2012-06-14,15.210000,15.550000,15.110000,15.450000,15.414471,268800
2012-06-15,15.480000,15.660000,15.380000,15.630000,15.594057,258600
2012-06-18,15.480000,16.010000,15.350000,15.660000,15.623988,652600
2012-06-19,15.710000,16.000000,15.530000,15.630000,15.594057,494200
2012-06-20,15.610000,15.670000,15.150000,15.240000,15.204954,409200
2012-06-21,15.230000,15.480000,14.870000,14.880000,14.845782,494700
2012-06-22,15.040000,15.080000,14.800000,14.870000,14.835805,565400
2012-06-25,14.620000,14.800000,14.320000,14.400000,14.366885,588200
2012-06-26,14.490000,14.880000,14.460000,14.800000,14.765966,531600
2012-06-27,14.860000,15.220000,14.760000,15.150000,15.115161,225500
2012-06-28,15.010000,15.570000,14.890000,15.570000,15.534195,365900
2012-06-29,15.890000,16.000000,15.700000,15.810000,15.773643,452500
2012-07-02,15.880000,16.000000,15.650000,15.930000,15.893368,198200
2012-07-03,15.940000,16.370001,15.840000,15.860000,15.823528,229800
2012-07-05,15.870000,16.150000,15.830000,15.960000,15.923298,343100
2012-07-06,15.810000,15.890000,15.630000,15.850000,15.813552,175100
2012-07-09,15.800000,15.930000,15.540000,15.850000,15.813552,372500
2012-07-10,15.950000,16.059999,15.440000,15.550000,15.514241,236600
2012-07-11,15.580000,15.940000,15.540000,15.920000,15.883390,425700
2012-07-12,15.800000,16.230000,15.670000,16.200001,16.162746,357100
2012-07-13,16.180000,17.129999,16.120001,17.020000,16.980862,934800
2012-07-16,16.950001,17.370001,16.750000,17.190001,17.150471,813900
2012-07-17,17.260000,17.290001,16.860001,17.040001,17.000816,302200
2012-07-18,17.020000,17.129999,16.920000,17.000000,16.960907,301400
2012-07-19,17.070000,17.129999,16.809999,16.969999,16.930975,217500
2012-07-20,16.799999,17.090000,16.730000,16.780001,16.741413,230400
2012-07-23,16.500000,16.870001,16.410000,16.750000,16.711481,191800
2012-07-24,16.760000,16.959999,16.760000,16.900000,16.861135,257200
2012-07-25,16.940001,17.120001,16.690001,16.790001,16.751390,222700
2012-07-26,17.000000,17.240000,16.840000,17.080000,17.040722,274700
2012-07-27,17.180000,17.350000,16.879999,17.299999,17.260216,254100
2012-07-30,17.280001,17.440001,17.080000,17.200001,17.160448,272700
2012-07-31,17.180000,17.280001,16.870001,16.930000,16.891068,230600
2012-08-01,17.000000,17.200001,16.889999,16.940001,16.901045,214200
2012-08-02,16.670000,17.260000,16.670000,16.959999,16.920998,324700
2012-08-03,17.280001,17.500000,16.940001,17.090000,17.050699,384100
2012-08-06,17.129999,18.000000,17.129999,17.610001,17.569504,325700
2012-08-07,17.709999,18.190001,17.660000,18.080000,18.038424,406800
2012-08-08,17.959999,18.340000,17.959999,18.219999,18.178101,255000
2012-08-09,18.170000,18.770000,18.160000,18.580000,18.537273,450400
2012-08-10,18.500000,18.700001,18.270000,18.610001,18.567205,396700
2012-08-13,18.629999,18.860001,18.590000,18.799999,18.756767,336900
2012-08-14,18.860001,19.090000,18.760000,18.910000,18.866514,426500
2012-08-15,18.860001,19.049999,18.490000,18.540001,18.497366,429800
2012-08-16,18.600000,19.129999,18.549999,19.030001,18.986238,603000
2012-08-17,19.110001,19.120001,18.730000,18.860001,18.816629,262700
2012-08-20,18.920000,18.920000,18.540001,18.790001,18.746792,273700
2012-08-21,18.860001,18.950001,18.510000,18.610001,18.567205,233900
2012-08-22,18.639999,18.690001,18.370001,18.639999,18.597136,234500
2012-08-23,18.660000,18.750000,18.500000,18.660000,18.617088,201000
2012-08-24,18.559999,18.730000,18.459999,18.680000,18.637043,183400
2012-08-27,18.799999,18.879999,18.520000,18.559999,18.517319,188800
2012-08-28,18.600000,18.959999,18.559999,18.860001,18.816629,197600
2012-08-29,18.860001,19.000000,18.840000,18.879999,18.836582,245300
2012-08-30,18.889999,19.180000,18.879999,19.000000,18.956308,348200
2012-08-31,19.070000,19.270000,18.969999,19.170000,19.125917,369300
2012-09-04,19.230000,19.280001,18.760000,19.180000,19.135895,455400
2012-09-05,19.240000,19.240000,18.959999,19.100000,19.056078,224900
2012-09-06,19.150000,19.410000,19.150000,19.400000,19.355387,385400
2012-09-07,19.440001,19.990000,19.410000,19.959999,19.914099,566500
2012-09-10,19.799999,20.200001,19.780001,20.030001,19.983940,580500
2012-09-11,20.059999,20.559999,20.000000,20.500000,20.452858,551600
2012-09-12,20.500000,21.420000,20.500000,21.330000,21.280949,761300
2012-09-13,21.299999,21.639999,20.889999,21.139999,21.091385,742400
2012-09-14,21.270000,23.160000,21.270000,22.350000,22.298605,1049600
2012-09-17,22.290001,22.320000,21.420000,21.709999,21.660074,372600
2012-09-18,21.690001,21.809999,21.379999,21.480000,21.430605,431700
2012-09-19,21.469999,21.719999,21.400000,21.469999,21.420628,390200
2012-09-20,21.299999,21.320000,20.860001,20.980000,20.931753,503200
2012-09-21,21.139999,21.260000,20.940001,21.010000,20.961685,616800
2012-09-24,20.969999,21.100000,20.530001,20.600000,20.552628,664200
2012-09-25,20.610001,20.709999,20.180000,20.200001,20.153549,539000
2012-09-26,20.219999,20.219999,19.590000,19.780001,19.734514,427000
2012-09-27,19.879999,20.030001,19.799999,19.930000,19.884169,377600
2012-09-28,19.830000,19.830000,19.480000,19.500000,19.455158,373700
2012-10-01,19.590000,20.030001,19.450001,19.660000,19.614790,399100
2012-10-02,19.700001,19.780001,19.100000,19.350000,19.305504,613000
2012-10-03,19.410000,19.980000,19.370001,19.850000,19.804354,482500
2012-10-04,19.900000,19.980000,19.730000,19.850000,19.804354,398500
2012-10-05,19.840000,20.180000,19.719999,19.760000,19.714560,413900
2012-10-08,19.650000,19.870001,19.520000,19.750000,19.704582,220800
2012-10-09,19.690001,19.889999,19.450001,19.510000,19.465136,321200
2012-10-10,19.530001,19.590000,19.110001,19.170000,19.125917,391200
2012-10-11,19.290001,19.320000,18.790001,19.090000,19.046101,447000
2012-10-12,19.139999,19.250000,19.000000,19.200001,19.155848,171400
2012-10-15,19.209999,19.389999,19.030001,19.260000,19.215710,223100
2012-10-16,19.290001,19.459999,19.110001,19.400000,19.355387,256300
2012-10-17,19.559999,20.440001,19.350000,20.139999,20.093685,794100
2012-10-18,20.080000,20.420000,19.830000,20.200001,20.153549,400100
2012-10-19,20.139999,20.370001,19.700001,19.750000,19.704582,338500
2012-10-22,19.549999,19.879999,18.830000,19.670000,19.624767,157100
2012-10-23,19.420000,19.549999,19.030001,19.360001,19.315479,282700
2012-10-24,19.389999,19.500000,19.139999,19.389999,19.345409,171000
2012-10-25,19.500000,19.570000,19.160000,19.400000,19.355387,212700
2012-10-26,19.430000,19.600000,19.200001,19.559999,19.515018,190100
2012-10-31,19.540001,19.879999,19.459999,19.799999,19.754467,318600
2012-11-01,19.840000,20.379999,19.690001,19.900000,19.854237,361400
2012-11-02,20.580000,23.379999,20.370001,22.200001,22.148949,2344300
2012-11-05,21.860001,22.639999,21.840000,22.320000,22.268673,624900
2012-11-06,22.379999,22.700001,22.219999,22.690001,22.637823,421200
2012-11-07,22.629999,23.170000,22.270000,22.459999,22.408350,507100
2012-11-08,22.450001,22.620001,22.129999,22.209999,22.158924,530700
2012-11-09,22.059999,22.379999,22.010000,22.180000,22.128996,298800
2012-11-12,22.280001,22.379999,21.889999,21.980000,21.929455,169300
2012-11-13,21.980000,22.190001,21.480000,21.520000,21.470512,490700
2012-11-14,21.620001,21.620001,21.170000,21.240000,21.191156,476100
2012-11-15,21.320000,21.500000,20.809999,21.139999,21.091385,388300
2012-11-16,21.150000,21.500000,20.520000,21.480000,21.430605,460700
2012-11-19,21.610001,21.830000,21.209999,21.340000,21.290926,449000
2012-11-20,21.350000,21.709999,21.219999,21.559999,21.510420,448700
2012-11-21,21.620001,21.730000,21.410000,21.580000,21.530375,269200
2012-11-23,21.680000,21.750000,21.440001,21.740000,21.690006,72200
2012-11-26,21.680000,22.040001,21.600000,22.000000,21.949409,337000
2012-11-27,21.990000,22.170000,21.840000,22.090000,22.039202,306000
2012-11-28,21.879999,21.940001,21.440001,21.940001,21.889547,288800
2012-11-29,21.940001,22.280001,21.639999,21.799999,21.749868,432000
2012-11-30,21.700001,21.840000,20.950001,21.379999,21.330833,821700
2012-12-03,21.410000,22.430000,21.139999,22.160000,22.109041,794700
2012-12-04,22.100000,22.420000,21.740000,21.790001,21.739893,319100
2012-12-05,21.850000,21.850000,21.260000,21.799999,21.749868,504600
2012-12-06,21.799999,21.900000,21.459999,21.580000,21.530375,350000
2012-12-07,21.580000,21.740000,21.440001,21.660000,21.610189,185000
2012-12-10,21.660000,21.660000,21.530001,21.620001,21.570284,208300
2012-12-11,21.650000,21.799999,21.490000,21.680000,21.630144,190300
2012-12-12,21.820000,21.940001,21.570000,21.750000,21.699984,327200
2012-12-13,21.680000,21.799999,21.400000,21.610001,21.560307,268000
2012-12-14,21.610001,21.730000,21.360001,21.400000,21.350788,254900
2012-12-17,21.400000,21.530001,21.100000,21.280001,21.231066,511800
2012-12-18,21.299999,22.400000,21.260000,22.360001,22.308582,860400
2012-12-19,22.360001,22.799999,22.350000,22.680000,22.627846,504900
2012-12-20,22.740000,22.840000,22.480000,22.790001,22.737593,420700
2012-12-21,22.549999,22.700001,22.270000,22.430000,22.378420,738300
2012-12-24,22.309999,22.670000,21.959999,22.650000,22.597914,210900
2012-12-26,22.620001,22.639999,22.190001,22.530001,22.478191,339800
2012-12-27,22.510000,22.840000,22.410000,22.730000,22.677729,831700
2012-12-28,22.629999,23.090000,22.480000,23.000000,22.947109,484300
2012-12-31,22.969999,23.410000,22.610001,23.080000,23.026924,613800
2013-01-02,23.320000,23.910000,23.139999,23.500000,23.445959,744400
2013-01-03,23.570000,23.590000,22.900000,22.920000,22.867292,465900
2013-01-04,22.920000,23.000000,22.600000,22.790001,22.737593,813800
2013-01-07,22.639999,23.299999,22.620001,23.250000,23.196533,519500
2013-01-08,23.170000,23.500000,23.080000,23.280001,23.226465,524300
2013-01-09,23.299999,23.660000,23.250000,23.530001,23.475891,424900
2013-01-10,23.700001,23.730000,23.360001,23.719999,23.665453,434200
2013-01-11,23.719999,23.770000,23.360001,23.510000,23.455936,360500
2013-01-14,23.500000,23.540001,23.360001,23.520000,23.465914,229500
2013-01-15,23.469999,23.600000,23.080000,23.540001,23.485868,385400
2013-01-16,23.500000,23.520000,23.340000,23.500000,23.445959,318800
2013-01-17,23.490000,24.000000,23.410000,23.740000,23.685408,436400
2013-01-18,23.750000,24.040001,23.670000,24.010000,23.954786,285300
2013-01-22,23.940001,24.139999,23.740000,23.959999,23.904900,554300
2013-01-23,23.950001,24.440001,23.930000,24.379999,24.323935,356100
2013-01-24,24.389999,24.400000,24.120001,24.260000,24.204212,365300
2013-01-25,24.230000,24.270000,23.860001,24.230000,24.174280,570800
2013-01-28,24.250000,24.400000,23.700001,24.150000,24.094463,311100
2013-01-29,23.750000,24.020000,23.469999,23.980000,23.924854,1098600
2013-01-30,23.950001,24.049999,23.410000,23.600000,23.545731,477700
2013-01-31,23.700001,23.900000,23.420000,23.500000,23.445959,496900
2013-02-01,23.680000,23.940001,23.219999,23.930000,23.874971,526000
2013-02-04,23.730000,23.860001,23.320000,23.430000,23.376120,282600
2013-02-05,23.559999,23.730000,23.360001,23.549999,23.495844,258400
2013-02-06,23.389999,23.500000,22.930000,23.170000,23.116718,493900
2013-02-07,23.230000,23.250000,22.860001,23.010000,22.957087,518500
2013-02-08,23.110001,23.320000,22.760000,22.920000,22.867292,340800
2013-02-11,22.920000,23.139999,22.670000,22.870001,22.817410,200300
2013-02-12,22.900000,23.360001,22.830000,23.290001,23.236443,231400
2013-02-13,23.299999,23.430000,23.049999,23.260000,23.206511,261800
2013-02-14,23.200001,23.299999,23.000000,23.010000,22.957087,211500
2013-02-15,23.010000,23.190001,22.760000,23.059999,23.006971,237700
2013-02-19,23.030001,23.420000,22.860001,23.420000,23.366144,587600
2013-02-20,23.350000,23.459999,22.830000,22.840000,22.787477,432900
2013-02-21,22.840000,22.870001,22.209999,22.400000,22.348488,479800
2013-02-22,22.469999,22.709999,22.330000,22.549999,22.498142,212900
2013-02-25,22.580000,22.719999,21.770000,21.889999,21.839661,292500
2013-02-26,21.969999,21.990000,21.670000,21.860001,21.809731,387800
2013-02-27,21.879999,22.170000,21.879999,22.059999,22.009270,290900
2013-02-28,22.090000,22.590000,21.980000,22.299999,22.248718,449900
2013-03-01,21.530001,22.080000,20.639999,21.580000,21.530375,885800
2013-03-04,21.530001,21.549999,21.170000,21.360001,21.310881,405400
2013-03-05,21.440001,21.540001,21.190001,21.270000,21.221088,512500
2013-03-06,21.290001,21.320000,21.030001,21.129999,21.081408,409800
2013-03-07,21.139999,21.469999,21.000000,21.110001,21.061457,685700
2013-03-08,21.160000,21.480000,21.150000,21.330000,21.280949,391900
2013-03-11,21.280001,21.360001,21.100000,21.200001,21.151249,379500
2013-03-12,21.190001,21.360001,20.840000,20.860001,20.812031,349700
2013-03-13,20.870001,21.129999,20.870001,20.959999,20.911798,327400
2013-03-14,20.969999,21.030001,20.549999,20.719999,20.672352,565600
2013-03-15,20.750000,20.820000,20.170000,20.170000,20.123617,1439000
2013-03-18,20.150000,21.209999,20.010000,20.990000,20.941730,679000
2013-03-19,21.010000,21.330000,20.969999,21.049999,21.001593,621100
2013-03-20,21.200001,21.639999,21.139999,21.620001,21.570284,436400
2013-03-21,21.600000,21.790001,21.340000,21.440001,21.390697,566500
2013-03-22,21.500000,21.700001,21.389999,21.500000,21.450558,403900
2013-03-25,21.490000,21.639999,21.240000,21.350000,21.300903,445900
2013-03-26,21.400000,21.580000,21.230000,21.370001,21.320858,273300
2013-03-27,21.219999,21.480000,21.209999,21.389999,21.340811,310100
2013-03-28,21.280001,21.389999,21.100000,21.250000,21.201134,252700
2013-04-01,21.160000,21.320000,20.910000,21.080000,21.031525,273200
2013-04-02,21.070000,21.120001,20.700001,20.809999,20.762144,454400
2013-04-03,20.900000,20.900000,19.680000,19.799999,19.754467,622600
2013-04-04,19.799999,19.799999,19.379999,19.559999,19.515018,622400
2013-04-05,19.360001,19.639999,19.040001,19.530001,19.485090,489900
2013-04-08,19.570000,20.059999,19.280001,20.030001,19.983940,448900
2013-04-09,20.090000,20.170000,19.709999,20.059999,20.013870,479600
2013-04-10,20.110001,20.240000,19.950001,20.219999,20.173502,547200
2013-04-11,20.280001,20.540001,20.180000,20.320000,20.273272,337900
2013-04-12,20.230000,20.410000,20.129999,20.230000,20.183479,325500
2013-04-15,20.110001,20.150000,19.420000,19.430000,19.385319,415800
2013-04-16,19.590000,19.780001,19.440001,19.580000,19.534973,434400
2013-04-17,19.410000,19.700001,19.200001,19.469999,19.425226,451500
2013-04-18,19.490000,19.540001,18.830000,18.980000,18.936354,442100
2013-04-19,19.100000,19.459999,19.080000,19.299999,19.255617,401800
2013-04-22,19.290001,19.500000,19.000000,19.480000,19.435204,275900
2013-04-23,19.610001,19.830000,19.410000,19.510000,19.465136,160600
2013-04-24,19.500000,19.629999,19.290001,19.610001,19.564905,160500
2013-04-25,19.660000,20.110001,19.379999,19.959999,19.914099,313400
2013-04-26,19.879999,19.879999,19.299999,19.400000,19.355387,368800
2013-04-29,19.450001,19.680000,19.389999,19.510000,19.465136,176000
2013-04-30,19.459999,19.660000,19.270000,19.570000,19.524996,164200
2013-05-01,19.480000,19.610001,19.200001,19.230000,19.185778,242200
2013-05-02,19.270000,19.730000,19.219999,19.559999,19.515018,200800
2013-05-03,19.740000,20.190001,19.660000,20.100000,20.053778,587800
2013-05-06,19.969999,20.190001,19.879999,20.100000,20.053778,572500
2013-05-07,20.059999,20.709999,20.059999,20.700001,20.652399,413200
2013-05-08,20.700001,20.830000,20.400000,20.790001,20.742191,381800
2013-05-09,20.900000,21.240000,19.770000,19.850000,19.804354,768000
2013-05-10,19.850000,19.920000,19.559999,19.750000,19.704582,347300
2013-05-13,19.830000,19.900000,19.510000,19.549999,19.505041,296500
2013-05-14,19.760000,19.860001,19.530001,19.809999,19.764444,431700
2013-05-15,19.820000,20.260000,19.719999,20.250000,20.203432,675300
2013-05-16,20.240000,20.709999,20.240000,20.490000,20.442881,588700
2013-05-17,20.600000,21.219999,20.540001,21.110001,21.061457,667700
2013-05-20,21.010000,21.370001,20.990000,21.150000,21.101362,354100
2013-05-21,21.150000,21.209999,20.950001,20.990000,20.941730,267100
2013-05-22,21.010000,21.120001,20.299999,20.469999,20.422926,451100
2013-05-23,20.100000,20.850000,19.940001,20.680000,20.632444,353900
2013-05-24,20.510000,20.840000,20.400000,20.690001,20.642422,588000
2013-05-28,20.860001,21.330000,20.510000,20.750000,20.702284,554200
2013-05-29,20.639999,20.760000,20.379999,20.540001,20.492767,1012100
2013-05-30,20.510000,20.889999,20.510000,20.540001,20.492767,266200
2013-05-31,20.450001,20.719999,20.420000,20.420000,20.373041,223400
2013-06-03,20.510000,20.660000,20.139999,20.250000,20.203432,314200
2013-06-04,20.270000,20.340000,19.850000,19.940001,19.894146,334700
2013-06-05,19.830000,19.980000,19.510000,19.549999,19.505041,287400
2013-06-06,19.480000,19.950001,19.270000,19.809999,19.764444,418400
2013-06-07,19.930000,20.250000,19.799999,20.209999,20.163525,273400
2013-06-10,20.219999,20.719999,19.950001,20.530001,20.482790,351100
2013-06-11,20.250000,20.510000,20.160000,20.250000,20.203432,714800
2013-06-12,20.370001,20.480000,19.950001,20.129999,20.083708,1005000
2013-06-13,20.049999,20.709999,20.030001,20.700001,20.652399,510900
2013-06-14,20.700001,20.920000,20.590000,20.629999,20.582558,287500
2013-06-17,20.750000,21.020000,20.709999,21.000000,20.951708,492700
2013-06-18,20.990000,21.309999,20.959999,21.110001,21.061457,280200
2013-06-19,21.080000,21.280001,20.660000,20.940001,20.891848,383300
2013-06-20,20.670000,20.860001,20.330000,20.540001,20.492767,619600
2013-06-21,20.620001,20.750000,20.290001,20.440001,20.392996,377300
2013-06-24,20.230000,20.629999,20.070000,20.360001,20.313181,888000
2013-06-25,20.520000,20.799999,20.379999,20.760000,20.712261,686800
2013-06-26,20.940001,21.000000,20.680000,20.830000,20.782099,444000
2013-06-27,20.940001,21.469999,20.820000,21.410000,21.360765,297600
2013-06-28,21.330000,21.330000,21.000000,21.049999,21.001593,247300
2013-07-01,21.170000,21.290001,20.920000,21.059999,21.011570,160500
2013-07-02,21.080000,21.330000,21.030001,21.100000,21.051479,257600
2013-07-03,20.980000,21.770000,20.639999,21.650000,21.600214,240200
2013-07-05,21.740000,21.950001,21.270000,21.610001,21.560307,287800
2013-07-08,21.770000,22.719999,21.750000,22.219999,22.168901,578700
2013-07-09,22.309999,22.559999,22.139999,22.549999,22.498142,443400
2013-07-10,22.520000,22.830000,22.379999,22.500000,22.448259,436900
2013-07-11,22.680000,23.240000,22.500000,23.000000,22.947109,590900
2013-07-12,23.000000,23.160000,22.750000,23.070000,23.016949,173800
2013-07-15,23.070000,23.070000,22.620001,22.790001,22.737593,147100
2013-07-16,22.740000,22.850000,22.330000,22.590000,22.538052,227100
2013-07-17,22.600000,22.790001,22.500000,22.670000,22.617868,215000
2013-07-18,22.709999,22.790001,22.430000,22.500000,22.448259,292800
2013-07-19,22.459999,22.670000,22.360001,22.510000,22.458237,247100
2013-07-22,22.490000,22.500000,22.209999,22.320000,22.268673,358300
2013-07-23,22.330000,22.469999,22.170000,22.280001,22.228765,327100
2013-07-24,22.309999,22.370001,22.000000,22.250000,22.198833,334200
2013-07-25,22.090000,22.299999,21.959999,22.010000,21.959387,236100
2013-07-26,21.959999,22.240000,21.959999,22.020000,21.969362,228600
2013-07-29,22.070000,22.260000,21.990000,22.120001,22.069134,239300
2013-07-30,22.500000,23.280001,22.350000,23.240000,23.186558,586000
2013-07-31,23.200001,23.219999,22.530001,22.680000,22.627846,259300
2013-08-01,22.840000,22.950001,22.559999,22.730000,22.677729,213400
2013-08-02,22.719999,22.770000,22.469999,22.549999,22.498142,231800
2013-08-05,22.510000,22.730000,22.400000,22.490000,22.438282,214400
2013-08-06,22.410000,22.570000,22.200001,22.360001,22.308582,146800
2013-08-07,22.250000,22.469999,21.750000,21.840000,21.789776,295300
2013-08-08,22.770000,22.770000,21.900000,22.000000,21.949409,547300
2013-08-09,22.070000,22.170000,21.750000,21.770000,21.719938,246400
2013-08-12,21.580000,21.770000,21.510000,21.600000,21.550329,543100
2013-08-13,21.590000,21.670000,20.940001,21.010000,20.961685,425200
2013-08-14,21.000000,21.120001,20.469999,20.730000,20.682329,317000
2013-08-15,20.450001,20.629999,20.020000,20.620001,20.572582,350600
2013-08-16,20.500000,20.530001,20.059999,20.059999,20.013870,258400
2013-08-19,20.000000,20.139999,19.370001,19.410000,19.365364,556800
2013-08-20,19.420000,20.030001,19.410000,20.000000,19.954008,409400
2013-08-21,20.000000,20.290001,19.820000,20.250000,20.203432,427200
2013-08-22,20.400000,20.940001,20.360001,20.740000,20.692307,346200
2013-08-23,20.740000,20.830000,20.170000,20.309999,20.263294,181100
2013-08-26,20.309999,20.309999,19.969999,20.040001,19.993917,289200
2013-08-27,19.840000,19.840000,19.600000,19.660000,19.614790,168100
2013-08-28,19.629999,19.860001,19.549999,19.629999,19.584858,135200
2013-08-29,19.620001,19.879999,19.500000,19.670000,19.624767,262000
2013-08-30,19.730000,19.730000,19.290001,19.309999,19.265594,158900
2013-09-03,19.469999,19.549999,19.240000,19.530001,19.485090,323200
2013-09-04,19.469999,19.670000,19.139999,19.610001,19.564905,195100
2013-09-05,19.629999,19.780001,19.500000,19.540001,19.495066,145500
2013-09-06,19.740000,20.170000,19.540001,19.639999,19.594835,258900
2013-09-09,19.670000,20.020000,19.620001,19.910000,19.864214,233100
2013-09-10,20.030001,20.150000,19.700001,19.799999,19.754467,260800
2013-09-11,19.750000,19.950001,19.520000,19.620001,19.574883,244600
2013-09-12,19.600000,19.840000,19.430000,19.610001,19.564905,283200
2013-09-13,19.600000,20.090000,19.590000,20.020000,19.973963,271900
2013-09-16,20.260000,20.440001,20.200001,20.340000,20.293226,547300
2013-09-17,20.340000,20.340000,20.090000,20.280001,20.233364,253500
2013-09-18,20.330000,20.900000,20.139999,20.770000,20.722239,436900
2013-09-19,20.879999,20.940001,20.240000,20.450001,20.402973,405200
2013-09-20,20.570000,20.600000,20.209999,20.299999,20.253317,416000
2013-09-23,20.270000,20.459999,19.770000,19.910000,19.864214,565200
2013-09-24,19.920000,20.070000,19.770000,19.930000,19.884169,236800
2013-09-25,19.870001,20.230000,19.660000,20.110001,20.063755,173400
2013-09-26,20.110001,20.270000,19.790001,19.879999,19.834284,269600
2013-09-27,19.740000,19.799999,19.530001,19.540001,19.495066,197100
2013-09-30,19.490000,19.629999,19.330000,19.620001,19.574883,204700
2013-10-01,19.650000,19.709999,19.500000,19.590000,19.544950,216300
2013-10-02,19.549999,19.650000,19.389999,19.480000,19.435204,354800
2013-10-03,19.469999,19.580000,19.190001,19.290001,19.245642,280000
2013-10-04,19.330000,19.580000,19.100000,19.209999,19.165823,251400
2013-10-07,19.080000,19.230000,18.840000,19.129999,19.086008,265600
2013-10-08,19.080000,19.260000,19.059999,19.110001,19.066055,335400
2013-10-09,19.120001,19.340000,19.040001,19.230000,19.185778,306900
2013-10-10,19.500000,19.650000,19.129999,19.190001,19.145870,189700
2013-10-11,19.240000,19.440001,19.120001,19.250000,19.205732,236300
2013-10-14,19.100000,19.320000,18.900000,19.299999,19.255617,206300
2013-10-15,19.180000,19.250000,18.670000,18.860001,18.816629,287500
2013-10-16,18.990000,19.139999,18.570000,18.799999,18.756767,236500
2013-10-17,18.680000,19.030001,18.610001,18.959999,18.916399,203900
2013-10-18,19.010000,19.170000,18.750000,18.969999,18.926376,236300
2013-10-21,18.940001,19.000000,18.740000,18.900000,18.856537,294600
2013-10-22,18.950001,19.559999,18.809999,19.459999,19.415249,221000
2013-10-23,19.420000,19.930000,19.330000,19.629999,19.584858,257300
2013-10-24,19.629999,19.780001,19.370001,19.709999,19.664675,292100
2013-10-25,19.709999,19.900000,19.549999,19.840000,19.794376,187800
2013-10-28,19.860001,20.209999,19.500000,19.650000,19.604813,243200
2013-10-29,19.650000,19.709999,19.260000,19.379999,19.335432,260900
2013-10-30,19.379999,19.530001,19.180000,19.340000,19.295527,133400
2013-10-31,19.309999,19.309999,18.620001,18.670000,18.627066,344000
2013-11-01,18.670000,18.760000,18.440001,18.690001,18.647020,221600
2013-11-04,18.719999,18.790001,18.299999,18.320000,18.277870,377200
2013-11-05,18.320000,18.530001,18.070000,18.240000,18.198055,275800
2013-11-06,18.299999,18.600000,18.100000,18.129999,18.088306,233800
2013-11-07,18.650000,22.000000,18.650000,20.990000,20.941730,2319400
2013-11-08,21.120001,21.719999,19.889999,19.930000,19.884169,774400
2013-11-11,19.930000,19.930000,18.799999,19.090000,19.046101,546500
2013-11-12,19.030001,19.129999,18.780001,19.020000,18.976261,346000
2013-11-13,18.840000,18.900000,18.160000,18.480000,18.437502,779400
2013-11-14,18.450001,18.500000,17.610001,18.000000,17.958607,929300
2013-11-15,17.920000,18.000000,17.600000,17.889999,17.848860,563600
2013-11-18,17.990000,18.170000,17.780001,17.820000,17.779020,896900
2013-11-19,17.809999,17.980000,17.600000,17.730000,17.689228,460100
2013-11-20,18.430000,18.480000,17.590000,17.820000,17.779020,799300
2013-11-21,17.850000,17.860001,16.820000,17.520000,17.479712,1835900
2013-11-22,17.520000,17.889999,17.150000,17.459999,17.419847,557500
2013-11-25,17.500000,17.580000,17.360001,17.510000,17.469734,503700
2013-11-26,17.510000,17.650000,17.400000,17.469999,17.429825,587800
2013-11-27,17.450001,17.719999,17.280001,17.700001,17.659298,498300
2013-11-29,17.740000,17.850000,17.520000,17.740000,17.699205,337000
2013-12-02,17.770000,18.450001,17.700001,17.820000,17.779020,854400
2013-12-03,17.820000,18.020000,17.500000,17.969999,17.928675,487900
2013-12-04,17.910000,18.230000,17.780001,17.950001,17.908722,463500
2013-12-05,17.950001,18.020000,17.450001,17.650000,17.609411,641300
2013-12-06,17.690001,17.840000,17.400000,17.600000,17.559526,571700
2013-12-09,17.600000,18.110001,17.559999,17.980000,17.938652,440300
2013-12-10,17.930000,18.080000,17.549999,17.610001,17.569504,458200
2013-12-11,17.670000,17.920000,17.510000,17.709999,17.669273,508700
2013-12-12,17.750000,17.760000,17.520000,17.680000,17.639343,539400
2013-12-13,17.719999,17.910000,17.530001,17.660000,17.619389,387700
2013-12-16,17.670000,17.870001,17.600000,17.730000,17.689228,528100
2013-12-17,17.700001,18.000000,17.580000,17.950001,17.908722,368800
2013-12-18,17.980000,18.389999,17.920000,18.260000,18.218010,576500
2013-12-19,18.260000,18.480000,17.870001,17.940001,17.898746,585200
2013-12-20,17.900000,18.040001,17.730000,17.980000,17.938652,552200
2013-12-23,18.000000,18.450001,17.930000,18.340000,18.297825,551400
2013-12-24,18.400000,18.900000,18.330000,18.540001,18.497366,194700
2013-12-26,18.559999,18.959999,18.530001,18.600000,18.557228,310400
2013-12-27,18.650000,19.100000,18.620001,19.100000,19.056078,453700
2013-12-30,19.150000,19.320000,19.020000,19.170000,19.125917,567100
2013-12-31,19.200001,19.280001,19.070000,19.190001,19.145870,751200
2014-01-02,19.190001,19.219999,18.900000,18.980000,18.936354,432600
2014-01-03,18.860001,19.240000,18.860001,19.150000,19.105963,211500
2014-01-06,19.150000,19.270000,18.719999,18.940001,18.896446,292200
2014-01-07,19.070000,19.070000,18.490000,18.520000,18.477411,515300
2014-01-08,18.559999,18.670000,18.370001,18.500000,18.457457,265600
2014-01-09,18.440001,18.500000,18.100000,18.500000,18.457457,382700
2014-01-10,18.480000,18.660000,18.360001,18.469999,18.427526,262500
2014-01-13,18.459999,18.549999,18.180000,18.299999,18.257915,269800
2014-01-14,18.320000,18.920000,18.270000,18.770000,18.726837,403600
2014-01-15,18.770000,19.110001,18.590000,18.950001,18.906424,451000
2014-01-16,18.850000,18.959999,18.440001,18.740000,18.696905,337200
2014-01-17,18.670000,18.740000,18.440001,18.520000,18.477411,280900
2014-01-21,18.639999,18.709999,18.330000,18.690001,18.647020,367500
2014-01-22,18.670000,18.840000,18.510000,18.670000,18.627066,362100
2014-01-23,18.670000,18.879999,18.400000,18.530001,18.487389,280800
2014-01-24,18.530001,18.590000,18.020000,18.270000,18.227987,285000
2014-01-27,18.299999,18.570000,17.860001,18.049999,18.008492,259700
2014-01-28,18.160000,18.490000,18.000000,18.100000,18.058378,306500
2014-01-29,18.000000,18.330000,17.959999,18.000000,17.958607,229900
2014-01-30,18.100000,18.100000,17.700001,17.879999,17.838882,210000
2014-01-31,17.719999,18.020000,17.530001,17.969999,17.928675,317300
2014-02-03,17.959999,17.980000,17.559999,17.780001,17.739113,518500
2014-02-04,17.860001,17.980000,17.600000,17.959999,17.918697,298700
2014-02-05,17.950001,18.209999,17.950001,18.180000,18.138193,413400
2014-02-06,18.180000,18.570000,18.100000,18.570000,18.527296,453300
2014-02-07,18.580000,18.830000,18.400000,18.540001,18.497366,450300
2014-02-10,18.540001,18.709999,18.340000,18.660000,18.617088,238200
2014-02-11,18.290001,18.370001,17.990000,18.260000,18.218010,430700
2014-02-12,18.240000,18.350000,18.190001,18.350000,18.307802,330200
2014-02-13,18.250000,18.350000,17.879999,17.900000,17.858837,524300
2014-02-14,17.889999,18.059999,17.730000,18.000000,17.958607,222500
2014-02-18,17.930000,17.930000,17.299999,17.830000,17.788998,472600
2014-02-19,17.860001,18.120001,17.719999,18.010000,17.968584,491100
2014-02-20,17.930000,18.309999,17.930000,18.230000,18.188078,535800
2014-02-21,18.299999,18.700001,18.200001,18.340000,18.297825,480000
2014-02-24,18.340000,18.410000,18.010000,18.090000,18.048401,436100
2014-02-25,18.129999,18.520000,18.129999,18.389999,18.347710,403500
2014-02-26,18.440001,18.620001,18.360001,18.389999,18.347710,257000
2014-02-27,18.299999,18.320000,17.889999,18.260000,18.218010,492100
2014-02-28,18.750000,19.700001,18.750000,19.330000,19.285549,633700
2014-03-03,19.170000,19.389999,18.820000,19.010000,18.966284,296700
2014-03-04,19.139999,19.260000,18.889999,18.950001,18.906424,237300
2014-03-05,18.950001,19.100000,18.830000,18.940001,18.896446,255400
2014-03-06,19.020000,19.219999,18.830000,18.850000,18.806652,249800
2014-03-07,18.840000,19.000000,18.530001,18.629999,18.587158,285100
2014-03-10,18.600000,18.730000,18.330000,18.580000,18.537273,395400
2014-03-11,18.620001,18.709999,18.440001,18.540001,18.497366,342100
2014-03-12,18.520000,18.600000,18.379999,18.540001,18.497366,269900
2014-03-13,18.580000,18.590000,18.330000,18.480000,18.437502,329900
2014-03-14,18.469999,18.830000,18.469999,18.600000,18.557228,329300
2014-03-17,18.690001,18.930000,18.590000,18.750000,18.706882,437600
2014-03-18,18.719999,19.660000,18.660000,19.610001,19.564905,777200
2014-03-19,19.660000,19.670000,18.780001,18.990000,18.946331,481800
2014-03-20,19.020000,19.020000,18.480000,18.530001,18.487389,575500
2014-03-21,18.500000,18.950001,18.440001,18.860001,18.816629,1312800
2014-03-24,18.879999,18.950001,18.370001,18.580000,18.537273,364100
2014-03-25,18.639999,18.740000,18.280001,18.350000,18.307802,410100
2014-03-26,18.469999,18.629999,18.270000,18.440001,18.397596,431000
2014-03-27,18.410000,18.730000,18.370001,18.500000,18.457457,396500
2014-03-28,18.500000,19.280001,18.500000,19.200001,19.155848,467700
2014-03-31,19.320000,19.389999,19.139999,19.250000,19.205732,319800
2014-04-01,19.250000,19.500000,19.000000,19.500000,19.455158,338400
2014-04-02,19.469999,19.469999,19.139999,19.190001,19.145870,297600
2014-04-03,19.160000,19.160000,18.780001,18.950001,18.906424,325800
2014-04-04,18.959999,19.250000,18.850000,18.889999,18.846560,238300
2014-04-07,18.850000,18.940001,18.610001,18.639999,18.597136,263000
2014-04-08,18.629999,19.000000,18.629999,18.980000,18.936354,276000
2014-04-09,19.020000,19.160000,18.760000,18.799999,18.756767,227400
2014-04-10,18.740000,18.879999,18.370001,18.389999,18.347710,301200
2014-04-11,18.360001,18.410000,18.080000,18.230000,18.188078,360500
2014-04-14,18.270000,18.740000,18.260000,18.360001,18.317780,385200
2014-04-15,18.360001,18.540001,18.170000,18.350000,18.307802,270500
2014-04-16,18.420000,18.760000,18.160000,18.219999,18.178101,293200
2014-04-17,18.160000,18.200001,18.000000,18.129999,18.088306,281200
2014-04-21,18.090000,18.209999,17.790001,18.110001,18.068356,190000
2014-04-22,18.120001,18.260000,18.049999,18.150000,18.108261,166400
2014-04-23,18.180000,18.330000,17.910000,17.940001,17.898746,242400
2014-04-24,17.940001,18.070000,17.600000,18.059999,18.018469,274300
2014-04-25,17.969999,17.990000,17.730000,17.969999,17.928675,207000
2014-04-28,17.990000,18.049999,17.809999,18.000000,17.958607,261700
2014-04-29,18.010000,18.090000,17.889999,18.030001,17.988539,230700
2014-04-30,18.030001,18.250000,17.719999,17.850000,17.808952,403600
2014-05-01,17.900000,18.799999,17.770000,18.770000,18.726837,726700
2014-05-02,18.820000,19.660000,18.730000,19.260000,19.215710,604400
2014-05-05,19.219999,19.270000,19.000000,19.129999,19.086008,715800
2014-05-06,19.129999,19.320000,18.879999,19.139999,19.095985,484100
2014-05-07,19.240000,19.340000,19.040001,19.240000,19.195755,796900
2014-05-08,19.330000,19.680000,19.219999,19.660000,19.614790,833400
2014-05-09,19.379999,20.100000,18.980000,19.860001,19.814331,814600
2014-05-12,19.940001,20.370001,19.790001,19.879999,19.834284,443600
2014-05-13,19.910000,20.200001,19.600000,19.850000,19.804354,489100
2014-05-14,19.860001,20.610001,19.860001,20.230000,20.183479,509200
2014-05-15,20.170000,20.370001,19.920000,20.340000,20.293226,382400
2014-05-16,20.370001,20.620001,20.350000,20.469999,20.422926,324400
2014-05-19,20.400000,21.709999,20.340000,21.690001,21.640121,905000
2014-05-20,21.670000,21.790001,21.500000,21.770000,21.719938,738900
2014-05-21,21.770000,21.840000,21.200001,21.559999,21.510420,504200
2014-05-22,21.639999,22.040001,21.469999,21.590000,21.540352,592800
2014-05-23,22.459999,23.750000,22.320000,22.889999,22.837362,1789300
2014-05-27,23.129999,23.450001,22.500000,23.350000,23.296305,689800
2014-05-28,23.450001,23.950001,23.150000,23.290001,23.236443,792700
2014-05-29,23.389999,23.400000,23.129999,23.180000,23.126696,532600
2014-05-30,23.240000,23.680000,23.200001,23.540001,23.485868,789000
2014-06-02,23.620001,23.799999,23.270000,23.700001,23.645500,715400
2014-06-03,23.670000,24.760000,23.549999,24.400000,24.343889,1475800
2014-06-04,24.320000,24.750000,24.110001,24.549999,24.493544,894200
2014-06-05,24.670000,25.120001,24.350000,24.990000,24.932533,698900
2014-06-06,24.969999,25.100000,24.570000,24.740000,24.683107,943900
2014-06-09,24.709999,25.309999,24.620001,24.930000,24.872671,831100
2014-06-10,24.930000,24.950001,24.420000,24.510000,24.453636,973100
2014-06-11,24.490000,24.750000,24.230000,24.530001,24.473591,883800
2014-06-12,24.490000,25.080000,24.330000,24.860001,24.802832,797900
2014-06-13,24.840000,25.010000,24.530001,24.809999,24.752947,573900
2014-06-16,24.840000,25.500000,24.840000,25.469999,25.411428,617300
2014-06-17,25.440001,25.620001,25.190001,25.430000,25.371521,493700
2014-06-18,25.360001,25.540001,25.020000,25.370001,25.311659,613700
2014-06-19,25.540001,25.780001,25.360001,25.570000,25.511198,601400
2014-06-20,25.600000,26.219999,25.520000,26.200001,26.139751,1015800
2014-06-23,26.120001,26.639999,26.090000,26.139999,26.079887,821200
2014-06-24,26.150000,26.180000,25.709999,25.780001,25.720716,762000
2014-06-25,25.809999,26.110001,25.549999,25.590000,25.531153,1072100
2014-06-26,25.670000,25.670000,25.059999,25.190001,25.132074,1196200
2014-06-27,25.129999,25.690001,25.090000,25.170000,25.112120,4894400
2014-06-30,25.170000,25.620001,25.040001,25.430000,25.371521,1073700
2014-07-01,25.549999,26.230000,25.350000,26.209999,26.149727,1541300
2014-07-02,26.129999,26.219999,24.219999,24.350000,24.294004,1785800
2014-07-03,24.400000,24.549999,24.070000,24.270000,24.214190,473300
2014-07-07,24.250000,24.440001,23.889999,23.920000,23.864994,802500
2014-07-08,23.940001,23.969999,23.510000,23.690001,23.635523,1027500
2014-07-09,23.680000,23.920000,23.469999,23.799999,23.745268,652100
2014-07-10,23.590000,24.160000,23.530001,24.049999,23.994694,783200
2014-07-11,24.040001,24.370001,23.820000,24.209999,24.154325,603100
2014-07-14,24.370001,24.370001,23.820000,24.080000,24.024626,549800
2014-07-15,24.000000,24.309999,23.959999,24.080000,24.024626,407200
2014-07-16,24.129999,24.129999,23.730000,24.010000,23.954786,436800
2014-07-17,24.020000,24.280001,23.809999,23.940001,23.884949,492300
2014-07-18,23.940001,24.190001,23.879999,24.049999,23.994694,545900
2014-07-21,24.020000,24.049999,23.719999,23.860001,23.805132,336300
2014-07-22,24.000000,24.139999,23.930000,24.040001,23.984718,378600
2014-07-23,24.020000,24.250000,23.950001,24.090000,24.034603,294900
2014-07-24,24.170000,24.250000,23.889999,24.090000,24.034603,365400
2014-07-25,23.990000,24.120001,23.860001,23.910000,23.855017,361000
2014-07-28,23.889999,24.040001,23.730000,23.850000,23.795155,338400
2014-07-29,23.870001,23.950001,23.170000,23.230000,23.176580,526700
2014-07-30,23.299999,23.590000,23.100000,23.389999,23.336212,438900
2014-07-31,23.150000,23.320000,22.790001,22.840000,22.787477,689800
2014-08-01,22.920000,23.160000,22.820000,23.030001,22.977041,399400
2014-08-04,23.049999,23.290001,22.870001,23.120001,23.066833,373100
2014-08-05,23.100000,23.430000,22.959999,23.250000,23.196533,405200
2014-08-06,23.230000,23.700001,23.170000,23.620001,23.565683,283800
2014-08-07,23.660000,23.690001,23.330000,23.620001,23.565683,395500
2014-08-08,23.200001,23.200001,21.610001,22.170000,22.119019,1525400
2014-08-11,22.190001,22.219999,21.790001,21.980000,21.929455,760000
2014-08-12,21.959999,22.250000,21.889999,22.150000,22.099064,472100
2014-08-13,22.150000,22.389999,21.959999,22.129999,22.079109,413800
2014-08-14,22.190001,22.840000,22.190001,22.379999,22.328533,459100
2014-08-15,22.420000,22.420000,21.889999,22.180000,22.128996,728100
2014-08-18,22.200001,22.860001,22.200001,22.850000,22.797455,436100
2014-08-19,22.510000,22.719999,21.309999,21.410000,21.360765,1142100
2014-08-20,21.410000,21.520000,21.049999,21.290001,21.241043,789400
2014-08-21,21.290001,21.430000,21.160000,21.160000,21.111340,609100
2014-08-22,21.150000,21.290001,20.879999,21.120001,21.071434,487200
2014-08-25,21.100000,21.330000,21.059999,21.160000,21.111340,477500
2014-08-26,21.190001,21.530001,21.150000,21.209999,21.161224,600900
2014-08-27,21.270000,21.850000,21.230000,21.799999,21.749868,603900
2014-08-28,21.780001,21.930000,21.330000,21.420000,21.370743,649100
2014-08-29,21.490000,21.780001,21.309999,21.660000,21.610189,310700
2014-09-02,21.700001,21.930000,21.559999,21.680000,21.630144,398800
2014-09-03,21.770000,22.150000,21.770000,21.940001,21.889547,715000
2014-09-04,22.059999,22.340000,21.799999,22.010000,21.959387,811400
2014-09-05,21.930000,22.440001,21.930000,22.430000,22.378420,606500
2014-09-08,22.440001,22.440001,22.000000,22.100000,22.049179,661600
2014-09-09,22.150000,22.430000,21.910000,21.930000,21.879570,430400
2014-09-10,21.860001,22.100000,21.670000,21.809999,21.759846,447800
2014-09-11,21.780001,21.980000,21.780001,21.879999,21.829683,321100
2014-09-12,21.850000,21.870001,20.950001,21.370001,21.320858,553300
2014-09-15,21.350000,21.450001,21.059999,21.350000,21.300903,323600
2014-09-16,21.340000,21.520000,21.180000,21.330000,21.280949,326500
2014-09-17,21.400000,21.709999,21.219999,21.260000,21.211111,469700
2014-09-18,21.270000,21.270000,21.010000,21.160000,21.111340,358400
2014-09-19,19.900000,20.209999,19.530001,20.040001,19.993917,1661600
2014-09-22,19.950001,20.110001,19.920000,20.090000,20.043800,672600
2014-09-23,20.080000,20.410000,20.010000,20.280001,20.233364,584500
2014-09-24,20.200001,20.570000,20.040001,20.440001,20.392996,548000
2014-09-25,20.469999,20.920000,19.980000,20.280001,20.233364,711200
2014-09-26,20.299999,20.480000,20.209999,20.360001,20.313181,309900
2014-09-29,20.219999,20.309999,20.020000,20.100000,20.053778,406100
2014-09-30,20.059999,20.110001,19.820000,19.930000,19.884169,511600
2014-10-01,19.920000,20.230000,19.680000,19.760000,19.714560,610900
2014-10-02,19.719999,19.809999,19.360001,19.540001,19.495066,665100
2014-10-03,19.680000,19.700001,19.100000,19.240000,19.195755,709200
2014-10-06,19.270000,19.360001,18.950001,19.170000,19.125917,1061300
2014-10-07,19.150000,19.370001,18.900000,18.969999,18.926376,411600
2014-10-08,18.990000,19.020000,18.139999,18.820000,18.776722,1242100
2014-10-09,18.809999,19.110001,18.750000,18.889999,18.846560,621700
2014-10-10,18.830000,19.299999,18.719999,18.780001,18.736814,542900
2014-10-13,18.790001,19.049999,18.520000,18.549999,18.507341,492500
2014-10-14,18.639999,19.219999,18.549999,18.920000,18.876492,588800
2014-10-15,18.830000,19.360001,18.790001,19.190001,19.145870,774400
2014-10-16,19.100000,19.469999,19.049999,19.209999,19.165823,539600
2014-10-17,19.389999,19.500000,19.240000,19.360001,19.315479,305200
2014-10-20,19.320000,19.680000,19.250000,19.680000,19.634745,404100
2014-10-21,19.680000,19.850000,19.480000,19.790001,19.744492,360900
2014-10-22,19.830000,20.059999,19.530001,19.570000,19.524996,363100
2014-10-23,19.719999,20.219999,19.639999,20.100000,20.053778,598600
2014-10-24,20.070000,20.070000,19.350000,19.680000,19.634745,428800
2014-10-27,19.639999,19.700001,19.090000,19.500000,19.455158,300700
2014-10-28,19.570000,20.020000,19.469999,19.980000,19.934053,365200
2014-10-29,19.980000,20.040001,19.330000,19.469999,19.425226,444300
2014-10-30,19.379999,19.520000,19.070000,19.340000,19.295527,617400
2014-10-31,19.590000,19.600000,19.139999,19.150000,19.105963,753100
2014-11-03,19.230000,19.650000,18.940001,19.500000,19.455158,738400
2014-11-04,19.510000,19.730000,19.230000,19.570000,19.524996,629200
2014-11-05,19.629999,19.799999,19.400000,19.709999,19.664675,388200
2014-11-06,19.750000,19.750000,19.480000,19.540001,19.495066,388600
2014-11-07,19.559999,19.799999,18.440001,18.670000,18.627066,1169400
2014-11-10,18.719999,19.160000,18.719999,18.799999,18.756767,609500
2014-11-11,18.850000,18.950001,18.740000,18.790001,18.746792,292800
2014-11-12,18.730000,18.940001,18.719999,18.830000,18.786697,441300
2014-11-13,18.840000,19.000000,18.629999,18.730000,18.686928,319400
2014-11-14,18.700001,18.850000,18.629999,18.760000,18.716860,421300
2014-11-17,18.700001,18.790001,18.549999,18.570000,18.527296,216400
2014-11-18,18.629999,18.940001,18.610001,18.830000,18.786697,284500
2014-11-19,18.760000,18.770000,18.500000,18.639999,18.597136,306000
2014-11-20,18.600000,18.750000,18.450001,18.730000,18.686928,322400
2014-11-21,18.870001,18.870001,18.680000,18.820000,18.776722,416800
2014-11-24,18.809999,18.930000,18.730000,18.840000,18.796675,287600
2014-11-25,18.900000,18.969999,18.690001,18.760000,18.716860,197100
2014-11-26,18.820000,18.850000,18.700001,18.750000,18.706882,707200
2014-11-28,18.740000,18.870001,18.590000,18.590000,18.547251,247500
2014-12-01,18.610001,18.709999,18.400000,18.430000,18.387619,327400
2014-12-02,18.379999,18.559999,18.320000,18.469999,18.427526,380000
2014-12-03,18.459999,18.730000,18.360001,18.670000,18.627066,575900
2014-12-04,18.629999,18.760000,18.450001,18.520000,18.477411,264700
2014-12-05,18.530001,18.879999,18.480000,18.620001,18.577183,660800
2014-12-08,18.530001,18.740000,18.240000,18.330000,18.287848,478000
2014-12-09,18.180000,18.520000,18.150000,18.500000,18.457457,558000
2014-12-10,18.400000,18.459999,18.000000,18.139999,18.098284,419800
2014-12-11,18.129999,18.440001,18.100000,18.250000,18.208033,535100
2014-12-12,18.150000,18.240000,18.000000,18.010000,17.968584,364100
2014-12-15,18.059999,18.110001,17.650000,17.670000,17.629366,367700
2014-12-16,17.590000,18.000000,17.520000,17.549999,17.509642,386700
2014-12-17,17.559999,17.959999,17.450001,17.830000,17.788998,503700
2014-12-18,18.000000,18.059999,17.820000,17.900000,17.858837,509800
2014-12-19,17.950001,18.070000,17.590000,17.940001,17.898746,1199900
2014-12-22,18.000000,18.170000,17.920000,18.150000,18.108261,797100
2014-12-23,18.230000,18.660000,18.170000,18.459999,18.417549,437800
2014-12-24,18.500000,18.709999,18.270000,18.440001,18.397596,192800
2014-12-26,18.520000,18.620001,18.410000,18.459999,18.417549,247400
2014-12-29,18.480000,18.879999,18.480000,18.790001,18.746792,471000
2014-12-30,18.719999,18.930000,18.629999,18.670000,18.627066,547800
2014-12-31,18.709999,18.809999,18.389999,18.389999,18.347710,529000
2015-01-02,18.530001,18.639999,18.230000,18.299999,18.257915,389600
2015-01-05,18.270000,18.340000,17.910000,18.059999,18.018469,331100
2015-01-06,18.040001,18.059999,17.350000,17.350000,17.310102,402800
2015-01-07,17.450001,17.520000,17.090000,17.430000,17.389917,419500
2015-01-08,17.520000,18.020000,17.480000,17.799999,17.759066,597800
2015-01-09,17.809999,17.809999,17.400000,17.410000,17.369965,332800
2015-01-12,17.400000,17.459999,17.120001,17.190001,17.150471,386100
2015-01-13,17.370001,17.510000,16.920000,17.030001,16.990839,532600
2015-01-14,16.900000,17.040001,16.719999,17.030001,16.990839,585000
2015-01-15,17.070000,17.080000,16.200001,16.250000,16.212631,655700
2015-01-16,16.170000,16.570000,16.170000,16.530001,16.491989,496500
2015-01-20,16.540001,16.580000,16.120001,16.360001,16.322378,538300
2015-01-21,16.330000,16.520000,16.240000,16.469999,16.432125,593600
2015-01-22,16.570000,16.780001,16.469999,16.610001,16.571804,492100
2015-01-23,16.629999,16.770000,16.510000,16.559999,16.521917,258100
2015-01-26,16.559999,16.790001,16.530001,16.690001,16.651621,1457800
2015-01-27,16.139999,16.610001,15.760000,16.389999,16.352308,896800
2015-01-28,16.500000,16.530001,16.190001,16.219999,16.182699,324000
2015-01-29,16.219999,16.510000,16.129999,16.480000,16.442102,366900
2015-01-30,16.350000,16.459999,16.120001,16.160000,16.122839,399400
2015-02-02,16.190001,16.430000,16.160000,16.370001,16.332355,413000
2015-02-03,16.400000,16.799999,16.400000,16.680000,16.641644,420000
2015-02-04,16.610001,16.879999,16.570000,16.610001,16.571804,229800
2015-02-05,16.629999,16.840000,16.549999,16.790001,16.751390,280900
2015-02-06,16.820000,17.150000,16.730000,16.969999,16.930975,558800
2015-02-09,16.959999,17.299999,16.940001,17.080000,17.040722,289300
2015-02-10,17.180000,17.200001,16.879999,17.000000,16.960907,266800
2015-02-11,16.920000,17.180000,16.840000,16.959999,16.920998,289800
2015-02-12,16.990000,17.160000,16.990000,17.049999,17.010792,236500
2015-02-13,17.070000,17.330000,17.070000,17.280001,17.240263,267400
2015-02-17,17.309999,17.469999,17.049999,17.450001,17.409872,455300
2015-02-18,17.440001,17.559999,17.320000,17.530001,17.489689,239300
2015-02-19,17.459999,17.520000,17.340000,17.410000,17.369965,187800
2015-02-20,17.379999,17.520000,17.320000,17.420000,17.379940,404500
2015-02-23,17.410000,17.469999,17.200001,17.459999,17.419847,249100
2015-02-24,17.520000,17.520000,17.240000,17.340000,17.300125,265400
2015-02-25,17.290001,17.500000,17.230000,17.340000,17.300125,391100
2015-02-26,17.260000,17.379999,17.020000,17.209999,17.170424,499400
2015-02-27,17.080000,17.440001,16.910000,16.990000,16.950930,657300
2015-03-02,16.990000,17.200001,16.920000,17.100000,17.060677,501300
2015-03-03,17.090000,17.129999,16.920000,17.049999,17.010792,417300
2015-03-04,16.980000,17.080000,16.750000,16.850000,16.811253,293600
2015-03-05,16.830000,16.910000,16.690001,16.750000,16.711481,282100
2015-03-06,16.620001,16.740000,16.420000,16.469999,16.432125,415100
2015-03-09,16.500000,17.250000,16.450001,17.240000,17.200354,557100
2015-03-10,17.150000,17.219999,16.930000,16.930000,16.891068,425400
2015-03-11,16.910000,17.070000,16.809999,16.969999,16.930975,251900
2015-03-12,17.070000,17.340000,17.070000,17.250000,17.210331,480700
2015-03-13,17.150000,17.240000,16.820000,17.080000,17.040722,317300
2015-03-16,17.190001,17.340000,17.080000,17.190001,17.150471,430300
2015-03-17,17.170000,17.209999,17.000000,17.150000,17.110561,279500
2015-03-18,17.070000,17.629999,16.990000,17.610001,17.569504,295800
2015-03-19,17.540001,17.860001,17.510000,17.580000,17.539574,357800
2015-03-20,17.700001,18.110001,17.600000,18.010000,17.968584,1256300
2015-03-23,17.980000,18.500000,17.980000,18.459999,18.417549,825200
2015-03-24,18.520000,18.520000,18.230000,18.250000,18.208033,368000
2015-03-25,18.230000,18.410000,18.090000,18.219999,18.178101,299300
2015-03-26,18.170000,18.340000,18.070000,18.080000,18.038424,347800
2015-03-27,18.049999,18.200001,17.889999,17.900000,17.858837,233500
2015-03-30,17.959999,18.230000,17.870001,18.180000,18.138193,479500
2015-03-31,18.120001,18.590000,18.049999,18.559999,18.517319,416400
2015-04-01,18.570000,19.100000,18.480000,19.020000,18.976261,583600
2015-04-02,19.049999,19.129999,18.840000,18.910000,18.866514,361800
2015-04-06,18.879999,19.180000,18.750000,19.000000,18.956308,444100
2015-04-07,18.980000,19.020000,18.830000,18.930000,18.886469,308200
2015-04-08,18.910000,18.959999,18.780001,18.860001,18.816629,166800
2015-04-09,18.910000,18.910000,18.500000,18.580000,18.537273,315400
2015-04-10,18.650000,18.680000,18.389999,18.469999,18.427526,219900
2015-04-13,18.520000,18.650000,18.350000,18.590000,18.547251,164300
2015-04-14,18.570000,18.670000,18.280001,18.450001,18.407574,219000
2015-04-15,18.490000,19.040001,18.440001,19.030001,18.986238,386000
2015-04-16,19.040001,19.080000,18.690001,18.809999,18.766745,181900
2015-04-17,18.660000,18.660000,18.270000,18.430000,18.387619,364600
2015-04-20,18.500000,18.660000,18.430000,18.639999,18.597136,210200
2015-04-21,18.660000,18.660000,18.440001,18.559999,18.517319,193500
2015-04-22,18.559999,18.650000,18.459999,18.490000,18.447479,162500
2015-04-23,18.430000,18.680000,18.260000,18.660000,18.617088,453600
2015-04-24,18.700001,19.020000,18.680000,18.850000,18.806652,243300
2015-04-27,18.870001,19.170000,18.490000,18.540001,18.497366,365500
2015-04-28,18.510000,18.639999,18.290001,18.360001,18.317780,249500
2015-04-29,18.260000,18.270000,17.969999,17.980000,17.938652,242500
2015-04-30,17.900000,17.950001,17.320000,17.450001,17.409872,458900
2015-05-01,17.480000,17.490000,17.240000,17.309999,17.270193,375900
2015-05-04,17.370001,17.709999,17.230000,17.600000,17.559526,720000
2015-05-05,17.570000,17.610001,16.920000,17.040001,17.000816,507200
2015-05-06,17.070000,17.090000,16.610001,16.860001,16.821230,448400
2015-05-07,16.840000,16.950001,16.510000,16.840000,16.801275,514300
2015-05-08,16.680000,17.200001,16.680000,17.010000,16.970884,504500
2015-05-11,16.980000,17.230000,16.730000,16.790001,16.751390,533600
2015-05-12,16.680000,16.799999,16.500000,16.620001,16.581781,463200
2015-05-13,16.709999,16.879999,16.430000,16.440001,16.402195,457500
2015-05-14,16.490000,16.629999,16.330000,16.469999,16.432125,611200
2015-05-15,16.469999,16.500000,16.150000,16.360001,16.322378,549900
2015-05-18,16.360001,16.639999,15.990000,16.250000,16.212631,680000
2015-05-19,16.200001,16.420000,15.950000,16.219999,16.182699,652900
2015-05-20,16.209999,16.209999,15.870000,15.900000,15.863436,732600
2015-05-21,15.830000,15.930000,15.600000,15.610000,15.574102,476400
2015-05-22,15.610000,15.640000,15.330000,15.400000,15.364586,676200
2015-05-26,15.350000,15.450000,14.940000,15.150000,15.115161,1062100
2015-05-27,15.230000,15.610000,15.030000,15.600000,15.564127,1034800
2015-05-28,15.600000,16.139999,15.600000,16.120001,16.082932,1223100
2015-05-29,16.139999,16.139999,15.720000,15.930000,15.893368,830800
2015-06-01,15.930000,15.990000,15.610000,15.730000,15.693827,786100
2015-06-02,15.650000,15.770000,15.500000,15.540000,15.504264,1014900
2015-06-03,15.530000,15.940000,15.400000,15.890000,15.853459,1260600
2015-06-04,15.820000,15.980000,15.320000,15.390000,15.354609,896900
2015-06-05,15.410000,15.540000,15.250000,15.340000,15.304724,886500
2015-06-08,15.290000,15.500000,15.200000,15.350000,15.314701,861700
2015-06-09,15.370000,15.650000,15.290000,15.500000,15.464356,469000
2015-06-10,15.560000,15.680000,15.380000,15.400000,15.364586,733900
2015-06-11,15.460000,15.600000,15.300000,15.330000,15.294747,490600
2015-06-12,15.310000,15.420000,15.240000,15.260000,15.224908,445900
2015-06-15,15.200000,15.270000,15.080000,15.100000,15.065276,481800
2015-06-16,15.070000,15.180000,14.980000,15.110000,15.075253,661400
2015-06-17,15.160000,15.210000,15.000000,15.100000,15.065276,593400
2015-06-18,15.120000,15.310000,15.110000,15.190000,15.155068,564400
2015-06-19,15.160000,15.270000,15.000000,15.070000,15.035345,779000
2015-06-22,15.160000,15.470000,15.030000,15.400000,15.364586,580800
2015-06-23,15.440000,15.770000,15.220000,15.560000,15.524219,1030000
2015-06-24,15.620000,15.870000,15.350000,15.440000,15.404493,542300
2015-06-25,15.470000,15.510000,15.140000,15.150000,15.115161,507900
2015-06-26,15.220000,15.360000,15.070000,15.160000,15.125138,1335400
2015-06-29,15.010000,15.550000,15.010000,15.320000,15.284770,945600
2015-06-30,15.470000,16.389999,15.470000,15.530000,15.494287,1643100
2015-07-01,15.650000,15.730000,15.500000,15.700000,15.663896,578000
2015-07-02,15.750000,15.930000,15.670000,15.890000,15.853459,730200
2015-07-06,15.740000,15.990000,15.720000,15.780000,15.743711,440000
2015-07-07,16.230000,17.030001,16.230000,16.969999,16.930975,1872500
2015-07-08,16.830000,16.950001,16.570000,16.770000,16.731436,665300
2015-07-09,16.910000,16.950001,16.590000,16.600000,16.561827,633000
2015-07-10,16.719999,16.840000,16.549999,16.629999,16.591757,481400
2015-07-13,16.680000,16.770000,16.580000,16.620001,16.581781,341500
2015-07-14,16.629999,16.740000,16.530001,16.620001,16.581781,397900
2015-07-15,16.620001,16.680000,16.500000,16.540001,16.501965,302500
2015-07-16,16.559999,16.670000,16.510000,16.559999,16.521917,380100
2015-07-17,16.540001,16.629999,16.400000,16.469999,16.432125,365400
2015-07-20,16.459999,16.540001,16.260000,16.370001,16.332355,309200
2015-07-21,16.370001,16.469999,16.209999,16.260000,16.222609,382300
2015-07-22,16.200001,16.370001,16.190001,16.280001,16.242563,326400
2015-07-23,16.290001,16.320000,16.059999,16.059999,16.023067,333300
2015-07-24,16.010000,16.139999,15.980000,16.080000,16.043022,353400
2015-07-27,16.040001,16.280001,16.020000,16.090000,16.052999,353200
2015-07-28,16.180000,16.320000,16.100000,16.150000,16.112862,311100
2015-07-29,16.100000,16.340000,16.070000,16.180000,16.142792,351000
2015-07-30,16.160000,16.230000,16.059999,16.070000,16.033045,307900
2015-07-31,16.160000,16.340000,16.090000,16.250000,16.212631,374400
2015-08-03,16.219999,16.309999,16.120001,16.260000,16.222609,596300
2015-08-04,16.260000,16.469999,16.150000,16.250000,16.212631,249100
2015-08-05,16.270000,16.270000,15.770000,15.920000,15.883390,619800
2015-08-06,16.000000,16.030001,15.790000,15.880000,15.843482,600000
2015-08-07,15.440000,15.790000,15.330000,15.730000,15.693827,495600
2015-08-10,15.800000,16.309999,15.770000,16.240000,16.202654,438600
2015-08-11,16.209999,17.450001,16.209999,17.370001,17.330057,718400
2015-08-12,17.280001,17.790001,17.280001,17.559999,17.519619,563200
2015-08-13,17.520000,17.590000,17.299999,17.360001,17.320080,289200
2015-08-14,17.299999,17.459999,17.110001,17.370001,17.330057,422400
2015-08-17,17.290001,17.410000,17.250000,17.330000,17.290148,428200
2015-08-18,17.360001,17.469999,17.219999,17.410000,17.369965,270000
2015-08-19,17.309999,17.400000,17.059999,17.170000,17.130516,453300
2015-08-20,17.070000,17.160000,16.879999,16.959999,16.920998,273800
2015-08-21,16.730000,17.080000,16.639999,16.889999,16.851158,437500
2015-08-24,17.000000,17.760000,16.590000,17.379999,17.340033,1595200
2015-08-25,17.660000,17.680000,17.000000,17.030001,16.990839,631200
2015-08-26,17.219999,17.370001,17.059999,17.320000,17.280170,427600
2015-08-27,17.370001,17.639999,17.230000,17.540001,17.499666,350600
2015-08-28,17.500000,17.600000,17.340000,17.420000,17.379940,582700
2015-08-31,17.410000,17.500000,17.350000,17.450001,17.409872,455200
2015-09-01,17.240000,17.600000,17.240000,17.420000,17.379940,608800
2015-09-02,17.540001,17.730000,17.410000,17.559999,17.519619,353100
2015-09-03,17.590000,17.719999,17.469999,17.559999,17.519619,297000
2015-09-04,17.450001,17.530001,17.309999,17.410000,17.369965,385800
2015-09-08,17.549999,17.590000,17.450001,17.520000,17.479712,328800
2015-09-09,17.629999,17.700001,17.500000,17.549999,17.509642,436700
2015-09-10,17.520000,17.580000,17.379999,17.430000,17.389917,524100
2015-09-11,17.440001,17.850000,17.430000,17.740000,17.699205,478600
2015-09-14,17.750000,17.860001,17.549999,17.620001,17.579481,344200
2015-09-15,17.660000,17.809999,17.559999,17.790001,17.749090,253500
2015-09-16,17.799999,17.840000,17.690001,17.809999,17.769043,258800
2015-09-17,17.840000,18.049999,17.620001,17.860001,17.818930,418200
2015-09-18,17.730000,17.950001,17.730000,17.850000,17.808952,628800
2015-09-21,17.889999,17.969999,17.820000,17.879999,17.838882,494200
2015-09-22,17.780001,17.950001,17.760000,17.840000,17.798975,761700
2015-09-23,18.030001,18.080000,17.620001,17.719999,17.679251,392200
2015-09-24,17.660000,17.879999,17.520000,17.860001,17.818930,352800
2015-09-25,17.980000,18.160000,17.840000,18.000000,17.958607,422300
2015-09-28,17.959999,18.020000,17.750000,17.980000,17.938652,434700
2015-09-29,17.980000,19.170000,17.980000,18.879999,18.836582,1012100
2015-09-30,18.920000,19.160000,18.650000,19.129999,19.086008,871600
2015-10-01,19.209999,19.299999,18.950001,19.190001,19.145870,354600
2015-10-02,19.170000,19.490000,18.809999,19.410000,19.365364,356700
2015-10-05,19.430000,20.250000,19.330000,20.230000,20.183479,500300
2015-10-06,20.150000,20.260000,19.780001,19.809999,19.764444,527900
2015-10-07,19.850000,19.870001,19.180000,19.510000,19.465136,796200
2015-10-08,19.430000,19.830000,19.360001,19.809999,19.764444,477100
2015-10-09,19.820000,20.610001,19.719999,20.610001,20.562605,1047000
2015-10-12,20.639999,21.080000,20.500000,21.080000,21.031525,341600
2015-10-13,21.000000,21.639999,20.790001,21.450001,21.400675,529000
2015-10-14,21.430000,21.480000,20.969999,21.160000,21.111340,346800
2015-10-15,21.180000,21.450001,21.120001,21.360001,21.310881,387800
2015-10-16,21.370001,21.480000,21.230000,21.280001,21.231066,278100
2015-10-19,21.250000,21.540001,21.209999,21.450001,21.400675,615400
2015-10-20,21.430000,21.430000,20.990000,21.040001,20.991617,490800
2015-10-21,21.080000,21.250000,20.879999,20.900000,20.851938,630700
2015-10-22,21.010000,21.480000,20.930000,21.240000,21.191156,472600
2015-10-23,21.260000,21.430000,20.940001,20.980000,20.931753,481900
2015-10-26,20.510000,20.549999,19.799999,20.000000,19.954008,810200
2015-10-27,19.950001,20.049999,19.510000,19.700001,19.654699,597300
2015-10-28,19.730000,20.059999,19.510000,20.020000,19.973963,508700
2015-10-29,20.020000,20.030001,19.650000,19.770000,19.724537,334400
2015-10-30,19.750000,19.850000,19.480000,19.820000,19.774422,1256500
2015-11-02,19.820000,20.180000,19.590000,20.010000,19.963985,734000
2015-11-03,20.000000,20.000000,19.709999,19.770000,19.724537,473700
2015-11-04,19.799999,20.000000,19.709999,19.790001,19.744492,449500
2015-11-05,19.780001,19.990000,19.500000,19.760000,19.714560,458500
2015-11-06,19.959999,20.040001,19.230000,19.870001,19.824308,970200
2015-11-09,19.780001,19.940001,19.559999,19.639999,19.594835,563000
2015-11-10,19.650000,19.799999,19.590000,19.620001,19.574883,520200
2015-11-11,19.620001,20.020000,19.520000,19.549999,19.505041,607700
2015-11-12,19.500000,19.580000,19.000000,19.020000,18.976261,349800
2015-11-13,19.000000,19.170000,18.770000,18.809999,18.766745,246300
2015-11-16,18.799999,19.330000,18.799999,19.280001,19.235664,208600
2015-11-17,19.290001,19.750000,19.160000,19.280001,19.235664,311500
2015-11-18,19.330000,19.730000,19.260000,19.610001,19.564905,371300
2015-11-19,19.590000,19.940001,19.540001,19.620001,19.574883,223100
2015-11-20,19.760000,19.950001,19.620001,19.650000,19.604813,265200
2015-11-23,19.620001,20.000000,19.620001,19.850000,19.804354,227400
2015-11-24,19.770000,20.059999,19.620001,19.980000,19.934053,196000
2015-11-25,20.020000,20.049999,19.799999,19.900000,19.854237,188400
2015-11-27,19.910000,19.959999,19.740000,19.840000,19.794376,103800
2015-11-30,19.879999,19.990000,19.379999,19.420000,19.375341,346300
2015-12-01,19.490000,19.820000,19.450001,19.740000,19.694605,202700
2015-12-02,19.740000,19.740000,19.299999,19.370001,19.325457,168500
2015-12-03,19.420000,19.490000,18.840000,18.950001,18.906424,253000
2015-12-04,18.990000,19.270000,18.910000,19.110001,19.066055,203500
2015-12-07,19.090000,19.160000,18.660000,18.850000,18.806652,477800
2015-12-08,18.760000,18.879999,18.360001,18.400000,18.357687,345600
2015-12-09,18.260000,18.410000,18.070000,18.250000,18.208033,583100
2015-12-10,18.250000,18.299999,18.049999,18.139999,18.098284,367100
2015-12-11,17.940001,18.320000,17.879999,18.120001,18.078333,385500
2015-12-14,18.070000,18.280001,17.889999,17.950001,17.908722,484800
2015-12-15,18.030001,18.139999,17.639999,18.030001,17.988539,407900
2015-12-16,18.110001,18.809999,18.080000,18.690001,18.647020,555500
2015-12-17,18.700001,18.770000,18.170000,18.190001,18.148170,431000
2015-12-18,18.180000,18.420000,17.799999,18.330000,18.287848,1917900
2015-12-21,18.340000,18.580000,18.230000,18.370001,18.327757,541900
2015-12-22,18.379999,18.740000,18.299999,18.559999,18.517319,368500
2015-12-23,18.620001,18.870001,18.570000,18.840000,18.796675,193500
2015-12-24,18.799999,18.910000,18.700001,18.740000,18.696905,113300
2015-12-28,18.719999,18.830000,18.549999,18.730000,18.686928,235900
2015-12-29,18.830000,19.040001,18.770000,18.990000,18.946331,240300
2015-12-30,18.990000,19.040001,18.750000,18.809999,18.766745,188000
2015-12-31,18.780001,18.900000,18.500000,18.510000,18.467434,185500
2016-01-04,18.260000,18.260000,17.559999,17.690001,17.649321,330700
2016-01-05,17.719999,17.770000,17.440001,17.680000,17.639343,272000
2016-01-06,17.510000,17.770000,17.120001,17.270000,17.230286,189800
2016-01-07,16.969999,17.240000,16.830000,16.850000,16.811253,264000
2016-01-08,16.910000,17.000000,16.559999,16.580000,16.541872,335100
2016-01-11,16.620001,16.700001,16.299999,16.549999,16.511940,311100
2016-01-12,16.660000,16.790001,15.760000,16.040001,16.003115,529600
2016-01-13,16.040001,16.219999,15.430000,15.550000,15.514241,382000
2016-01-14,15.600000,16.209999,15.470000,16.180000,16.142792,474400
2016-01-15,15.820000,15.970000,15.440000,15.620000,15.584080,415800
2016-01-19,15.760000,15.760000,15.410000,15.620000,15.584080,289000
2016-01-20,15.410000,15.750000,14.970000,15.560000,15.524219,367400
2016-01-21,15.590000,16.209999,15.520000,15.960000,15.923298,341200
2016-01-22,16.139999,16.420000,15.890000,16.100000,16.062977,317700
2016-01-25,16.040001,16.129999,15.710000,15.750000,15.713781,315600
2016-01-26,15.790000,16.090000,15.710000,15.990000,15.953229,252300
2016-01-27,15.960000,15.960000,15.560000,15.640000,15.604034,244100
2016-01-28,15.750000,15.970000,15.390000,15.400000,15.364586,237500
2016-01-29,15.510000,15.940000,15.450000,15.910000,15.873413,476700
2016-02-01,15.880000,15.880000,14.270000,14.890000,14.855760,1191800
2016-02-02,14.780000,14.940000,14.600000,14.850000,14.815851,572800
2016-02-03,14.910000,15.010000,14.390000,14.430000,14.396817,487000
2016-02-04,14.430000,14.820000,14.430000,14.620000,14.586380,318600
2016-02-05,14.550000,15.020000,14.490000,14.800000,14.765966,433100
2016-02-08,14.700000,15.030000,14.470000,14.950000,14.915621,600600
2016-02-09,14.830000,15.100000,14.760000,14.900000,14.865735,473600
2016-02-10,14.950000,15.170000,14.850000,14.980000,14.945552,324200
2016-02-11,14.800000,15.000000,14.700000,14.860000,14.825828,321500
2016-02-12,14.970000,15.150000,14.880000,14.990000,14.955528,328600
2016-02-16,15.120000,15.130000,14.820000,15.040000,15.005414,470200
2016-02-17,15.170000,15.330000,14.970000,15.040000,15.005414,468900
2016-02-18,15.090000,15.100000,14.850000,15.000000,14.965506,247000
2016-02-19,14.980000,15.190000,14.970000,15.030000,14.995437,234900
2016-02-22,15.140000,15.320000,15.040000,15.040000,15.005414,318000
2016-02-23,14.990000,15.500000,14.990000,15.300000,15.264816,236800
2016-02-24,15.220000,15.240000,14.930000,15.240000,15.204954,613200
2016-02-25,15.390000,15.500000,15.250000,15.390000,15.354609,198300
2016-02-26,15.510000,15.740000,15.290000,15.490000,15.454379,219700
2016-02-29,15.500000,15.590000,15.110000,15.210000,15.175023,303400
2016-03-01,15.310000,15.690000,15.230000,15.690000,15.653919,271300
2016-03-02,15.620000,16.100000,15.620000,16.080000,16.043022,234200
2016-03-03,16.100000,16.580000,16.100000,16.530001,16.491989,312100
2016-03-04,16.549999,16.850000,16.500000,16.570000,16.531895,252600
2016-03-07,16.500000,16.660000,16.209999,16.250000,16.212631,207000
2016-03-08,16.230000,16.360001,16.049999,16.090000,16.052999,220900
2016-03-09,16.090000,16.139999,15.970000,16.040001,16.003115,154200
2016-03-10,16.100000,16.200001,15.600000,15.730000,15.693827,198400
2016-03-11,15.820000,16.070000,15.820000,16.000000,15.963206,299200
2016-03-14,15.990000,16.070000,15.810000,15.930000,15.893368,214900
2016-03-15,15.830000,15.850000,15.610000,15.650000,15.614011,241000
2016-03-16,15.580000,15.840000,15.580000,15.790000,15.753689,296100
2016-03-17,15.770000,16.639999,15.770000,16.540001,16.501965,138800
2016-03-18,16.660000,16.709999,16.500000,16.500000,16.462057,330700
2016-03-21,16.459999,16.700001,16.389999,16.459999,16.422148,149400
2016-03-22,16.330000,16.480000,16.290001,16.290001,16.252541,142500
2016-03-23,16.219999,16.309999,15.460000,15.460000,15.424448,205600
2016-03-24,15.400000,15.640000,15.250000,15.540000,15.504264,286700
2016-03-28,15.560000,15.940000,15.480000,15.830000,15.793597,174100
2016-03-29,15.770000,16.629999,15.740000,16.559999,16.521917,271100
2016-03-30,16.629999,16.740000,16.520000,16.730000,16.691526,303300
2016-03-31,16.700001,17.170000,16.610001,17.150000,17.110561,274400
2016-04-01,17.000000,17.000000,16.379999,16.400000,16.362286,211800
2016-04-04,16.420000,16.430000,15.970000,16.080000,16.043022,208300
2016-04-05,15.980000,16.209999,15.920000,16.170000,16.132816,195300
2016-04-06,16.100000,16.330000,15.880000,16.320000,16.282471,197300
2016-04-07,16.200001,16.600000,16.200001,16.469999,16.432125,200000
2016-04-08,16.559999,16.660000,16.420000,16.559999,16.521917,162800
2016-04-11,16.660000,16.760000,16.430000,16.690001,16.651621,109600
2016-04-12,16.709999,16.719999,16.480000,16.650000,16.611712,131400
2016-04-13,16.709999,16.920000,16.680000,16.889999,16.851158,140300
2016-04-14,16.950001,17.200001,16.870001,16.930000,16.891068,114700
2016-04-15,16.879999,17.129999,16.879999,17.129999,17.090607,159000
2016-04-18,17.090000,17.090000,16.709999,17.059999,17.020769,188100
2016-04-19,17.049999,17.280001,16.930000,17.270000,17.230286,185900
2016-04-20,17.389999,17.500000,17.010000,17.430000,17.389917,186700
2016-04-21,17.469999,17.480000,16.750000,16.940001,16.901045,222400
2016-04-22,16.969999,17.250000,16.870001,17.250000,17.210331,121100
2016-04-25,17.270000,17.360001,17.070000,17.360001,17.320080,159300
2016-04-26,17.320000,17.690001,17.270000,17.420000,17.379940,222400
2016-04-27,17.389999,17.600000,17.170000,17.469999,17.429825,163600
2016-04-28,17.420000,17.559999,17.059999,17.100000,17.060677,137700
2016-04-29,17.080000,17.209999,16.700001,16.850000,16.811253,144100
2016-05-02,16.959999,17.250000,16.879999,17.180000,17.140493,203100
2016-05-03,17.040001,17.120001,16.750000,16.959999,16.920998,170200
2016-05-04,16.820000,17.059999,16.530001,16.639999,16.601734,270400
2016-05-05,16.700001,16.930000,16.410000,16.540001,16.501965,300800
2016-05-06,16.500000,17.070000,16.500000,16.980000,16.940952,373100
2016-05-09,16.969999,17.040001,16.809999,16.830000,16.791298,208800
2016-05-10,16.840000,17.000000,16.770000,16.850000,16.811253,228600
2016-05-11,16.850000,16.850000,16.590000,16.610001,16.571804,226300
2016-05-12,16.670000,16.820000,16.660000,16.770000,16.731436,406200
2016-05-13,16.719999,16.889999,16.639999,16.719999,16.681549,294100
2016-05-16,16.740000,16.889999,16.730000,16.820000,16.781321,328200
2016-05-17,16.750000,16.980000,16.650000,16.700001,16.661598,368400
2016-05-18,16.650000,16.940001,16.650000,16.799999,16.761366,295600
2016-05-19,16.700001,16.840000,16.690001,16.760000,16.721458,277300
2016-05-20,16.860001,16.920000,16.760000,16.879999,16.841183,200100
2016-05-23,16.879999,17.020000,16.879999,16.940001,16.901045,146200
2016-05-24,17.090000,17.389999,17.000000,17.299999,17.260216,331900
2016-05-25,17.350000,17.459999,17.230000,17.330000,17.290148,156100
2016-05-26,17.400000,17.420000,17.270000,17.270000,17.230286,84500
2016-05-27,17.309999,17.389999,17.180000,17.309999,17.270193,91000
2016-05-31,17.469999,17.650000,17.330000,17.379999,17.340033,332300
2016-06-01,17.280001,17.469999,17.150000,17.389999,17.350010,525100
2016-06-02,17.370001,17.440001,17.280001,17.360001,17.320080,253400
2016-06-03,17.309999,17.469999,17.260000,17.280001,17.240263,187100
2016-06-06,17.370001,17.680000,17.360001,17.629999,17.589457,240000
2016-06-07,17.570000,17.969999,17.559999,17.760000,17.719160,225100
2016-06-08,17.790001,18.049999,17.760000,18.030001,17.988539,167800
2016-06-09,17.900000,17.910000,17.580000,17.580000,17.539574,194700
2016-06-10,17.469999,17.540001,17.170000,17.240000,17.200354,175500
2016-06-13,17.260000,17.260000,16.740000,16.760000,16.721458,183900
2016-06-14,16.780001,16.860001,16.629999,16.780001,16.741413,189800
2016-06-15,16.879999,17.070000,16.809999,16.889999,16.851158,100800
2016-06-16,16.879999,16.950001,16.650000,16.950001,16.911022,127000
2016-06-17,16.990000,17.129999,16.799999,17.090000,17.050699,415000
2016-06-20,17.290001,17.540001,17.219999,17.520000,17.479712,230100
2016-06-21,17.620001,17.730000,16.870001,16.900000,16.861135,166100
2016-06-22,16.969999,17.129999,16.750000,16.959999,16.920998,190400
2016-06-23,17.240000,17.580000,17.000000,17.559999,17.519619,308100
2016-06-24,16.830000,17.340000,16.830000,17.240000,17.200354,651400
2016-06-27,16.959999,17.150000,16.530001,16.650000,16.611712,328300
2016-06-28,16.709999,17.110001,16.709999,16.950001,16.911022,230300
2016-06-29,17.150000,17.400000,16.990000,17.389999,17.350010,145200
2016-06-30,17.400000,17.730000,17.290001,17.719999,17.679251,176700
2016-07-01,17.790001,17.889999,17.540001,17.590000,17.549551,155800
2016-07-05,17.549999,17.559999,17.309999,17.430000,17.389917,156600
2016-07-06,17.309999,17.480000,17.260000,17.450001,17.409872,125500
2016-07-07,17.490000,17.570000,17.230000,17.370001,17.330057,106300
2016-07-08,17.570000,17.930000,17.450001,17.820000,17.779020,155000
2016-07-11,17.930000,18.160000,17.860001,18.110001,18.068356,117700
2016-07-12,18.250000,18.420000,18.139999,18.350000,18.307802,172600
2016-07-13,18.389999,18.430000,18.180000,18.200001,18.158148,129000
2016-07-14,18.340000,18.360001,18.160000,18.170000,18.128216,95200
2016-07-15,18.280001,18.280001,17.990000,18.209999,18.168123,185100
2016-07-18,18.209999,18.280001,18.070000,18.230000,18.188078,124500
2016-07-19,18.260000,18.330000,17.959999,18.000000,17.958607,124600
2016-07-20,17.990000,18.420000,17.950001,18.410000,18.367664,145000
2016-07-21,18.340000,18.400000,18.280001,18.340000,18.297825,85400
2016-07-22,18.350000,18.480000,18.150000,18.410000,18.367664,116000
2016-07-25,18.420000,18.500000,18.250000,18.309999,18.267893,84200
2016-07-26,18.270000,18.440001,18.200001,18.420000,18.377642,79100
2016-07-27,18.400000,18.530001,18.270000,18.459999,18.417549,79700
2016-07-28,18.430000,18.670000,18.420000,18.570000,18.527296,94100
2016-07-29,18.540001,18.670000,18.299999,18.430000,18.387619,120400
2016-08-01,18.420000,18.700001,18.240000,18.690001,18.647020,152300
2016-08-02,18.650000,18.660000,18.420000,18.590000,18.547251,180400
2016-08-03,18.549999,18.780001,18.280001,18.510000,18.467434,154900
2016-08-04,18.530001,18.730000,18.219999,18.540001,18.497366,135400
2016-08-05,18.590000,18.920000,18.530001,18.889999,18.846560,152200
2016-08-08,18.959999,19.000000,18.790001,18.879999,18.836582,101800
2016-08-09,18.900000,19.040001,18.780001,19.010000,18.966284,123200
2016-08-10,19.030001,19.110001,18.950001,19.040001,18.996216,157700
2016-08-11,19.160000,19.160000,18.879999,19.040001,18.996216,310900
2016-08-12,19.000000,19.250000,18.940001,19.139999,19.095985,114300
2016-08-15,19.150000,19.410000,19.049999,19.270000,19.225687,116600
2016-08-16,19.240000,19.240000,18.969999,19.120001,19.076033,113700
2016-08-17,19.150000,19.330000,19.059999,19.290001,19.245642,88300
2016-08-18,19.260000,19.469999,19.190001,19.340000,19.295527,106200
2016-08-19,19.200001,19.480000,19.160000,19.430000,19.385319,156100
2016-08-22,19.379999,19.420000,19.270000,19.370001,19.325457,106700
2016-08-23,19.469999,19.760000,19.469999,19.680000,19.634745,107500
2016-08-24,19.719999,19.740000,19.350000,19.400000,19.355387,202300
2016-08-25,19.370001,19.480000,19.299999,19.340000,19.295527,181000
2016-08-26,19.070000,19.350000,18.780001,18.850000,18.806652,314400
2016-08-29,18.830000,19.000000,18.700001,18.860001,18.816629,250900
2016-08-30,18.850000,18.959999,18.809999,18.889999,18.846560,260100
2016-08-31,18.860001,19.030001,18.809999,18.889999,18.846560,248300
2016-09-01,18.950001,19.040001,18.850000,18.980000,18.936354,161000
2016-09-02,19.040001,19.260000,19.040001,19.180000,19.135895,162100
2016-09-06,19.299999,19.320000,19.100000,19.230000,19.185778,181000
2016-09-07,19.200001,19.400000,19.200001,19.240000,19.195755,172100
2016-09-08,19.200001,19.260000,19.150000,19.200001,19.155848,200000
2016-09-09,19.030001,19.160000,18.440001,18.450001,18.407574,222700
2016-09-12,18.330000,18.650000,18.270000,18.559999,18.517319,178000
2016-09-13,18.430000,18.500000,17.799999,17.809999,17.769043,198100
2016-09-14,17.870001,17.870001,17.600000,17.650000,17.609411,99100
2016-09-15,17.639999,17.770000,17.389999,17.600000,17.559526,270300
2016-09-16,17.559999,17.920000,17.559999,17.920000,17.878792,661000
2016-09-19,17.940001,18.260000,17.879999,18.250000,18.208033,201800
2016-09-20,18.350000,18.440001,18.059999,18.170000,18.128216,188000
2016-09-21,18.270000,18.650000,18.170000,18.600000,18.557228,186300
2016-09-22,18.750000,19.129999,18.590000,19.020000,18.976261,212100
2016-09-23,19.059999,19.270000,18.959999,18.959999,18.916399,208900
2016-09-26,18.830000,18.910000,18.610001,18.610001,18.567205,168600
2016-09-27,18.590000,18.670000,18.400000,18.410000,18.367664,190300
2016-09-28,18.410000,18.770000,18.360001,18.709999,18.666973,159500
2016-09-29,18.730000,18.809999,18.420000,18.500000,18.457457,109000
2016-09-30,18.670000,18.670000,18.309999,18.379999,18.337732,162200
2016-10-03,18.299999,18.389999,18.010000,18.080000,18.038424,158200
2016-10-04,18.120001,18.180000,17.959999,18.170000,18.128216,160400
2016-10-05,18.270000,18.400000,18.030001,18.209999,18.168123,111100
2016-10-06,18.150000,18.350000,18.030001,18.260000,18.218010,78500
2016-10-07,18.280001,18.469999,17.980000,18.070000,18.028446,232300
2016-10-10,18.200001,18.370001,18.040001,18.340000,18.297825,84800
2016-10-11,18.340000,18.360001,17.980000,18.070000,18.028446,99700
2016-10-12,18.100000,18.340000,17.940001,18.160000,18.118238,116300
2016-10-13,18.049999,18.219999,17.969999,18.090000,18.048401,84000
2016-10-14,18.180000,18.209999,17.900000,17.900000,17.858837,108000
2016-10-17,17.950001,18.299999,17.850000,18.200001,18.158148,81300
2016-10-18,18.350000,18.350000,18.049999,18.299999,18.257915,90700
2016-10-19,18.350000,18.469999,18.000000,18.100000,18.058378,101400
2016-10-20,18.000000,18.299999,17.950001,18.100000,18.058378,74400
2016-10-21,17.950001,18.200001,17.750000,18.200001,18.158148,105700
2016-10-24,18.250000,18.450001,18.049999,18.200001,18.158148,100200
2016-10-25,18.049999,18.200001,17.950001,18.049999,18.008492,100400
2016-10-26,18.000000,18.200001,17.700001,17.850000,17.808952,101400
2016-10-27,17.950001,18.049999,17.549999,17.549999,17.509642,145400
2016-10-28,17.549999,17.730000,17.549999,17.700001,17.659298,167600
2016-10-31,17.700001,17.950001,17.650000,17.700001,17.659298,123100
2016-11-01,17.799999,17.799999,17.150000,17.200001,17.160448,140800
2016-11-02,17.200001,17.400000,16.549999,16.549999,16.511940,314900
2016-11-03,16.750000,17.049999,16.549999,17.000000,16.960907,197500
2016-11-04,17.650000,17.650000,17.100000,17.100000,17.060677,141700
2016-11-07,17.500000,17.799999,17.350000,17.450001,17.409872,150400
2016-11-08,17.299999,17.700001,17.299999,17.650000,17.609411,117500
2016-11-09,17.400000,18.180000,17.250000,18.150000,18.108261,432600
2016-11-10,18.299999,18.379999,17.900000,18.100000,18.058378,331400
2016-11-11,18.150000,18.950001,18.100000,18.799999,18.756767,344900
2016-11-14,19.000000,19.150000,18.799999,19.000000,18.956308,342900
2016-11-15,19.049999,19.299999,19.049999,19.299999,19.255617,162500
2016-11-16,19.299999,19.500000,19.150000,19.299999,19.255617,308000
2016-11-17,19.400000,19.750000,19.250000,19.299999,19.255617,302400
2016-11-18,19.299999,19.420000,19.200001,19.350000,19.305504,253300
2016-11-21,19.450001,19.500000,19.250000,19.350000,19.305504,223900
2016-11-22,19.500000,20.450001,19.500000,20.400000,20.353088,287100
2016-11-23,20.299999,20.650000,20.200001,20.650000,20.602512,300600
2016-11-25,20.650000,20.799999,20.600000,20.799999,20.752167,85100
2016-11-28,20.799999,21.000000,20.750000,20.850000,20.802053,148100
2016-11-29,20.850000,21.250000,20.850000,20.950001,20.901825,256700
2016-11-30,21.000000,21.250000,20.750000,20.799999,20.752167,184600
2016-12-01,20.799999,20.950001,20.450001,20.549999,20.502743,187900
2016-12-02,20.600000,20.650000,20.150000,20.250000,20.203432,161200
2016-12-05,20.400000,20.799999,20.250000,20.600000,20.552628,174800
2016-12-06,20.700001,21.200001,20.549999,20.900000,20.851938,151700
2016-12-07,20.900000,21.250000,20.850000,21.000000,20.951708,265100
2016-12-08,21.000000,21.900000,21.000000,21.500000,21.450558,290300
2016-12-09,21.549999,21.750000,21.049999,21.200001,21.151249,228200
2016-12-12,21.150000,21.150000,20.500000,20.950001,20.901825,226900
2016-12-13,21.100000,21.320000,20.750000,21.049999,21.001593,170300
2016-12-14,20.950001,21.000000,20.299999,20.400000,20.353088,167700
2016-12-15,20.400000,20.900000,20.250000,20.549999,20.502743,183600
2016-12-16,20.700001,20.750000,20.500000,20.750000,20.702284,447100
2016-12-19,20.799999,21.049999,20.650000,20.750000,20.702284,180700
2016-12-20,20.799999,21.049999,20.600000,20.850000,20.802053,221300
2016-12-21,20.750000,20.799999,20.200001,20.200001,20.153549,191900
2016-12-22,20.200001,20.299999,19.900000,20.000000,19.954008,335500
2016-12-23,20.100000,20.150000,19.850000,19.850000,19.804354,208400
2016-12-27,19.850000,20.000000,19.750000,19.750000,19.704582,164000
2016-12-28,19.750000,19.809999,19.480000,19.500000,19.455158,138800
2016-12-29,19.500000,19.750000,19.200001,19.299999,19.255617,226300
2016-12-30,19.299999,19.299999,18.500000,19.000000,18.956308,419800
2017-01-03,19.200001,19.299999,18.850000,19.049999,19.006191,228700
2017-01-04,19.049999,19.230000,18.950001,18.950001,18.906424,249600
2017-01-05,18.850000,19.150000,18.549999,18.750000,18.706882,205000
2017-01-06,18.799999,18.799999,18.400000,18.450001,18.407574,117200
2017-01-09,18.350000,18.350000,17.900000,17.950001,17.908722,131600
2017-01-10,17.799999,18.250000,17.799999,17.850000,17.808952,165000
2017-01-11,17.900000,17.900000,17.600000,17.700001,17.659298,511200
2017-01-12,17.600000,17.700001,17.200001,17.650000,17.609411,345300
2017-01-13,17.700001,17.950001,17.549999,17.700001,17.659298,278000
2017-01-17,17.650000,17.650000,17.299999,17.350000,17.310102,152600
2017-01-18,17.350000,17.400000,16.850000,17.000000,16.960907,279300
2017-01-19,16.950001,17.049999,16.799999,16.850000,16.811253,182000
2017-01-20,16.799999,17.049999,16.799999,17.049999,17.010792,192900
2017-01-23,17.049999,17.100000,16.650000,16.900000,16.861135,178500
2017-01-24,16.950001,17.049999,16.750000,16.799999,16.761366,190500
2017-01-25,16.950001,17.049999,16.700001,16.799999,16.761366,232700
2017-01-26,16.900000,17.000000,16.700001,16.750000,16.711481,315500
2017-01-27,16.750000,17.049999,16.600000,16.799999,16.761366,282700
2017-01-30,16.750000,16.900000,16.650000,16.750000,16.711481,177700
2017-01-31,16.700001,16.950001,16.650000,16.850000,16.811253,505900
2017-02-01,16.950001,17.000000,16.750000,16.750000,16.711481,183400
2017-02-02,16.799999,16.850000,16.549999,16.700001,16.661598,170900
2017-02-03,16.850000,17.270000,16.750000,17.250000,17.210331,209200
2017-02-06,17.100000,17.500000,17.100000,17.400000,17.359987,212100
2017-02-07,17.400000,17.700001,17.200001,17.299999,17.260216,255000
2017-02-08,17.299999,17.299999,16.700001,16.750000,16.711481,157900
2017-02-09,16.750000,16.930000,16.700001,16.900000,16.861135,132000
2017-02-10,17.049999,17.350000,17.010000,17.250000,17.210331,122000
2017-02-13,17.250000,17.350000,17.000000,17.200001,17.160448,124100
2017-02-14,17.200001,17.200001,16.750000,16.799999,16.761366,146600
2017-02-15,16.799999,17.100000,16.750000,16.900000,16.861135,189700
2017-02-16,16.950001,17.250000,16.799999,17.200001,17.160448,238100
2017-02-17,17.250000,17.250000,16.950001,17.150000,17.110561,168500
2017-02-21,17.200001,17.200001,16.799999,17.000000,16.960907,179000
2017-02-22,17.000000,17.000000,16.730000,16.850000,16.811253,227800
2017-02-23,16.900000,16.950001,16.750000,16.799999,16.761366,150000
2017-02-24,16.750000,16.850000,16.549999,16.650000,16.611712,150600
2017-02-27,16.650000,16.950001,16.590000,16.850000,16.811253,147000
2017-02-28,16.700001,16.799999,16.450001,16.549999,16.511940,224900
2017-03-01,16.650000,16.799999,16.500000,16.650000,16.611712,225700
2017-03-02,16.650000,16.650000,16.299999,16.350000,16.312403,243700
2017-03-03,16.650000,17.650000,16.650000,17.200001,17.160448,542600
2017-03-06,17.150000,17.200001,16.549999,16.850000,16.811253,242800
2017-03-07,16.799999,17.000000,16.549999,16.600000,16.561827,245500
2017-03-08,16.600000,16.799999,16.350000,16.350000,16.312403,238300
2017-03-09,16.350000,17.049999,16.350000,16.650000,16.611712,261600
2017-03-10,16.750000,16.950001,16.549999,16.850000,16.811253,200400
2017-03-13,16.850000,17.129999,16.700001,16.850000,16.811253,200000
2017-03-14,16.799999,16.980000,16.600000,16.650000,16.611712,177300
2017-03-15,16.799999,17.000000,16.750000,16.799999,16.761366,410700
2017-03-16,16.750000,17.200001,16.700001,17.150000,17.110561,288000
2017-03-17,17.150000,17.400000,17.000000,17.350000,17.310102,360900
2017-03-20,17.299999,17.450001,17.049999,17.100000,17.060677,157700
2017-03-21,17.150000,17.200001,16.850000,16.850000,16.811253,195900
2017-03-22,16.850000,16.900000,16.549999,16.850000,16.811253,299400
2017-03-23,16.850000,17.299999,16.700001,17.000000,16.960907,443200
2017-03-24,17.049999,17.150000,16.950001,17.049999,17.010792,98500
2017-03-27,16.850000,17.150000,16.750000,17.000000,16.960907,196200
2017-03-28,17.000000,17.100000,16.750000,17.000000,16.960907,174300
2017-03-29,16.950001,17.200001,16.900000,17.100000,17.060677,329500
2017-03-30,17.100000,17.299999,16.900000,17.049999,17.010792,391500
2017-03-31,17.049999,17.100000,16.950001,17.049999,17.010792,341700
2017-04-03,17.100000,17.100000,16.750000,16.900000,16.861135,199100
2017-04-04,16.850000,17.049999,16.799999,17.049999,17.010792,132900
2017-04-05,17.100000,17.100000,16.750000,16.750000,16.711481,210700
2017-04-06,16.750000,17.049999,16.700001,16.900000,16.861135,147300
2017-04-07,16.850000,17.100000,16.799999,17.000000,16.960907,130000
2017-04-10,17.000000,17.150000,16.900000,17.100000,17.060677,236500
2017-04-11,17.000000,17.299999,17.000000,17.250000,17.210331,250700
2017-04-12,17.200001,17.200001,16.799999,16.900000,16.861135,188100
2017-04-13,16.850000,17.100000,16.799999,16.950001,16.911022,138700
2017-04-17,17.000000,17.200001,16.900000,17.200001,17.160448,114900
2017-04-18,17.150000,17.400000,17.150000,17.400000,17.359987,93900
2017-04-19,17.400000,17.799999,17.400000,17.549999,17.509642,144500
2017-04-20,17.700001,17.700001,17.200001,17.549999,17.509642,159000
2017-04-21,17.549999,17.549999,17.250000,17.450001,17.409872,124400
2017-04-24,17.650000,17.799999,17.480000,17.799999,17.759066,120100
2017-04-25,17.900000,18.200001,17.799999,17.950001,17.908722,166200
2017-04-26,17.950001,18.400000,17.850000,18.250000,18.208033,183400
2017-04-27,18.299999,18.549999,18.200001,18.500000,18.457457,199700
2017-04-28,18.450001,18.450001,17.500000,17.500000,17.459757,202100
2017-05-01,17.549999,17.549999,17.299999,17.549999,17.509642,165000
2017-05-02,17.500000,17.750000,17.350000,17.600000,17.559526,125800
2017-05-03,17.600000,17.600000,17.129999,17.150000,17.110561,118500
2017-05-04,17.250000,17.400000,16.900000,17.250000,17.210331,186400
2017-05-05,17.250000,17.450001,16.450001,17.100000,17.060677,254600
2017-05-08,17.049999,18.400000,16.850000,17.250000,17.210331,411000
2017-05-09,17.250000,17.600000,17.200001,17.500000,17.459757,178000
2017-05-10,17.450001,17.650000,17.350000,17.650000,17.609411,129200
2017-05-11,17.549999,17.799999,17.400000,17.750000,17.709183,178200
2017-05-12,17.700001,17.750000,17.350000,17.600000,17.559526,188500
2017-05-15,17.600000,17.850000,17.549999,17.799999,17.759066,140000
2017-05-16,17.750000,17.850000,17.549999,17.850000,17.808952,147400
2017-05-17,17.700001,17.850000,17.500000,17.700001,17.659298,249200
2017-05-18,17.700001,17.700001,17.250000,17.400000,17.359987,256300
2017-05-19,17.350000,17.610001,17.330000,17.549999,17.509642,279100
2017-05-22,17.500000,17.650000,17.350000,17.400000,17.359987,208900
2017-05-23,17.450001,17.549999,17.299999,17.500000,17.459757,288100
2017-05-24,17.500000,17.600000,17.100000,17.150000,17.110561,355100
2017-05-25,17.450001,17.650000,17.330000,17.500000,17.459757,200200
2017-05-26,17.500000,17.650000,17.450001,17.600000,17.559526,144800
2017-05-30,17.549999,17.700001,17.450001,17.549999,17.509642,167300
2017-05-31,17.600000,17.650000,17.520000,17.650000,17.609411,138400
2017-06-01,17.650000,17.900000,17.549999,17.850000,17.808952,214000
2017-06-02,17.900000,18.049999,17.700001,17.700001,17.659298,267200
2017-06-05,17.700001,17.930000,17.650000,17.750000,17.709183,191500
2017-06-06,17.700001,17.950001,17.629999,17.850000,17.808952,163400
2017-06-07,17.850000,18.150000,17.700001,17.850000,17.808952,197100
2017-06-08,17.799999,18.000000,17.700001,17.750000,17.709183,227300
2017-06-09,17.750000,18.000000,17.700001,17.750000,17.709183,315800
2017-06-12,17.900000,18.250000,17.900000,18.000000,17.958607,649200
2017-06-13,18.000000,18.049999,17.750000,17.799999,17.759066,357800
2017-06-14,17.799999,17.900000,17.650000,17.900000,17.858837,309800
2017-06-15,17.750000,17.900000,17.750000,17.799999,17.759066,115400
2017-06-16,17.700001,17.700001,17.350000,17.549999,17.509642,574000
2017-06-19,17.600000,18.430000,17.500000,18.350000,18.307802,335100
2017-06-20,18.299999,18.450001,18.049999,18.450001,18.407574,152000
2017-06-21,18.500000,18.850000,18.150000,18.700001,18.656998,286600
2017-06-22,18.650000,19.350000,18.650000,19.000000,18.956308,358100
2017-06-23,19.049999,19.549999,19.000000,19.549999,19.505041,440100
2017-06-26,19.500000,19.500000,18.750000,18.850000,18.806652,210100
2017-06-27,18.850000,18.900000,18.450001,18.600000,18.557228,457400
2017-06-28,18.549999,19.100000,18.500000,18.900000,18.856537,182700
2017-06-29,18.850000,18.900000,18.500000,18.700001,18.656998,127600
2017-06-30,18.750000,18.850000,18.600000,18.750000,18.706882,189600
2017-07-03,18.799999,18.950001,18.650000,18.799999,18.756767,105400
2017-07-05,18.700001,18.799999,18.500000,18.650000,18.607113,226000
2017-07-06,18.600000,18.600000,18.110001,18.200001,18.158148,177000
2017-07-07,18.200001,18.500000,18.150000,18.500000,18.457457,90900
2017-07-10,18.400000,18.400000,18.100000,18.100000,18.058378,134600
2017-07-11,18.100000,18.250000,17.950001,18.200001,18.158148,114600
2017-07-12,18.250000,18.549999,18.250000,18.500000,18.457457,134300
2017-07-13,18.450001,18.600000,18.299999,18.549999,18.507341,190300
2017-07-14,18.500000,18.750000,18.450001,18.549999,18.507341,306200
2017-07-17,18.500000,18.830000,18.450001,18.650000,18.607113,184100
2017-07-18,18.700001,18.799999,18.400000,18.450001,18.407574,193400
2017-07-19,18.500000,18.600000,18.150000,18.500000,18.457457,310800
2017-07-20,18.500000,18.600000,18.400000,18.450001,18.407574,112200
2017-07-21,18.600000,18.650000,18.400000,18.500000,18.457457,213900
2017-07-24,18.500000,18.500000,18.299999,18.450001,18.407574,122200
2017-07-25,18.549999,18.549999,18.200001,18.299999,18.257915,357600
2017-07-26,18.350000,18.430000,18.200001,18.250000,18.208033,190200
2017-07-27,18.299999,18.330000,18.100000,18.200001,18.158148,196300
2017-07-28,18.150000,18.299999,17.930000,18.000000,17.958607,346600
2017-07-31,18.150000,18.350000,18.049999,18.049999,18.008492,350800
2017-08-01,18.100000,18.250000,17.950001,18.150000,18.108261,206300
2017-08-02,18.150000,18.200001,17.900000,18.000000,17.958607,200200
2017-08-03,18.049999,18.150000,17.700001,17.900000,17.858837,262600
2017-08-04,17.900000,18.400000,17.850000,18.150000,18.108261,338000
2017-08-07,18.100000,18.549999,18.090000,18.500000,18.457457,270000
2017-08-08,18.500000,18.549999,18.299999,18.500000,18.457457,179600
2017-08-09,18.450001,18.600000,18.400000,18.500000,18.457457,337600
2017-08-10,18.500000,19.600000,18.410000,19.450001,19.405273,327500
2017-08-11,19.250000,19.900000,18.700001,19.400000,19.355387,423900
2017-08-14,19.450001,19.799999,19.400000,19.450001,19.405273,200500
2017-08-15,19.500000,19.549999,19.100000,19.150000,19.105963,297200
2017-08-16,19.200001,19.350000,19.100000,19.150000,19.105963,519100
2017-08-17,19.150000,19.500000,19.100000,19.200001,19.155848,841300
2017-08-18,19.100000,19.200001,18.950001,19.100000,19.056078,512200
2017-08-21,19.049999,19.230000,18.900000,19.100000,19.056078,228700
2017-08-22,19.150000,19.250000,19.049999,19.049999,19.006191,260600
2017-08-23,18.950001,19.200001,18.850000,19.000000,18.956308,403800
2017-08-24,19.000000,19.150000,18.930000,18.950001,18.906424,364700
2017-08-25,18.950001,19.049999,18.900000,19.000000,18.956308,315800
2017-08-28,19.000000,19.049999,18.730000,18.950001,18.906424,451100
2017-08-29,19.000000,19.000000,18.650000,18.900000,18.856537,1236700
2017-08-30,18.950001,19.150000,18.799999,19.100000,19.056078,266800
2017-08-31,19.100000,19.350000,18.850000,18.850000,18.806652,269000
2017-09-01,18.850000,19.049999,18.600000,18.700001,18.656998,527400
2017-09-05,18.750000,18.799999,18.430000,18.500000,18.457457,372400
2017-09-06,18.500000,18.600000,18.400000,18.450001,18.407574,265900
2017-09-07,18.400000,18.600000,18.250000,18.549999,18.507341,291500
2017-09-08,18.549999,18.650000,18.150000,18.350000,18.307802,421200
2017-09-11,18.350000,18.600000,18.299999,18.549999,18.507341,265600
2017-09-12,18.549999,18.600000,18.000000,18.100000,18.058378,397300
2017-09-13,18.100000,18.250000,17.950001,18.049999,18.008492,424500
2017-09-14,18.000000,18.450001,17.950001,18.350000,18.307802,225900
2017-09-15,18.299999,18.299999,17.950001,18.049999,18.008492,945400
2017-09-18,18.000000,18.100000,17.900000,18.000000,17.958607,369600
2017-09-19,18.049999,18.180000,17.799999,18.049999,18.008492,372000
2017-09-20,18.049999,18.200001,18.000000,18.150000,18.108261,196300
2017-09-21,18.250000,18.299999,18.020000,18.150000,18.108261,180500
2017-09-22,18.200001,19.100000,18.200001,18.600000,18.557228,588500
2017-09-25,18.700001,18.700001,18.400000,18.450001,18.407574,125800
2017-09-26,18.500000,18.900000,18.350000,18.799999,18.756767,285000
2017-09-27,18.799999,19.100000,18.700001,19.000000,18.956308,375200
2017-09-28,19.000000,19.299999,19.000000,19.250000,19.205732,205500
2017-09-29,19.299999,19.350000,18.799999,18.850000,18.806652,258100
2017-10-02,18.950001,19.100000,18.799999,19.000000,18.956308,262100
2017-10-03,19.000000,19.299999,19.000000,19.100000,19.056078,270900
2017-10-04,19.049999,19.250000,19.000000,19.100000,19.056078,263400
2017-10-05,19.100000,19.450001,19.100000,19.299999,19.255617,250900
2017-10-06,19.299999,19.400000,19.150000,19.250000,19.205732,92500
2017-10-09,19.200001,19.350000,18.900000,19.000000,18.956308,151600
2017-10-10,19.049999,19.250000,19.049999,19.200001,19.155848,143500
2017-10-11,19.299999,19.450001,19.200001,19.299999,19.255617,99700
2017-10-12,19.299999,19.299999,19.100000,19.100000,19.056078,92700
2017-10-13,19.200001,19.250000,19.049999,19.100000,19.056078,71000
2017-10-16,19.150000,19.250000,18.799999,18.900000,18.856537,257800
2017-10-17,18.950001,19.100000,18.500000,18.650000,18.607113,445400
2017-10-18,18.650000,18.799999,18.350000,18.400000,18.357687,390700
2017-10-19,18.400000,18.549999,18.100000,18.150000,18.108261,246500
2017-10-20,18.250000,18.250000,18.000000,18.150000,18.108261,378700
2017-10-23,18.100000,18.250000,17.750000,17.750000,17.709183,490900
2017-10-24,17.799999,17.950001,17.799999,17.850000,17.808952,478800
2017-10-25,17.799999,18.049999,17.799999,17.900000,17.858837,308100
2017-10-26,17.950001,18.049999,17.900000,18.000000,17.958607,228900
2017-10-27,18.000000,18.100000,17.950001,18.100000,18.058378,198100
2017-10-30,18.049999,18.100000,17.930000,18.000000,17.958607,181700
2017-10-31,18.049999,18.049999,17.799999,17.799999,17.759066,328700
2017-11-01,17.900000,17.900000,17.430000,17.650000,17.609411,742400
2017-11-02,17.549999,17.900000,17.549999,17.799999,17.759066,364100
2017-11-03,18.000000,18.299999,17.700001,17.950001,17.908722,314700
2017-11-06,17.900000,18.049999,17.799999,17.850000,17.808952,221400
2017-11-07,17.850000,18.090000,17.850000,17.950001,17.908722,600400
2017-11-08,17.950001,18.000000,17.730000,17.850000,17.808952,541200
2017-11-09,17.850000,18.150000,17.799999,18.100000,18.058378,277100
2017-11-10,18.100000,18.549999,18.100000,18.450001,18.407574,181400
2017-11-13,18.350000,18.549999,18.250000,18.500000,18.457457,142900
2017-11-14,18.549999,18.850000,18.500000,18.600000,18.557228,215500
2017-11-15,18.500000,18.500000,18.299999,18.350000,18.307802,291100
2017-11-16,18.400000,18.730000,18.400000,18.700001,18.656998,267100
2017-11-17,18.600000,18.719999,18.549999,18.600000,18.557228,181900
2017-11-20,18.700001,18.930000,18.600000,18.850000,18.806652,258100
2017-11-21,18.950001,19.150000,18.900000,19.100000,19.056078,283500
2017-11-22,19.100000,19.200001,18.930000,18.950001,18.906424,346200
2017-11-24,19.150000,19.150000,18.850000,19.000000,18.956308,359500
2017-11-27,19.000000,19.100000,18.950001,19.049999,19.006191,426600
2017-11-28,19.100000,19.100000,18.650000,18.750000,18.706882,283500
2017-11-29,18.750000,18.950001,18.700001,18.900000,18.856537,383900
2017-11-30,19.000000,19.150000,18.799999,18.799999,18.756767,367900
2017-12-01,18.799999,18.799999,18.200001,18.549999,18.507341,437600
2017-12-04,18.700001,19.000000,18.480000,18.549999,18.507341,438300
2017-12-05,18.549999,18.549999,18.450001,18.500000,18.457457,283900
2017-12-06,18.600000,18.700001,18.450001,18.549999,18.507341,302400
2017-12-07,18.549999,18.600000,18.379999,18.500000,18.457457,284300
2017-12-08,18.549999,18.600000,18.480000,18.500000,18.457457,218800
2017-12-11,18.600000,18.900000,18.500000,18.600000,18.557228,275700
2017-12-12,18.650000,18.900000,18.650000,18.799999,18.756767,574900
2017-12-13,18.950001,19.100000,18.850000,18.850000,18.806652,320100
2017-12-14,18.850000,18.900000,18.299999,18.350000,18.307802,384300
2017-12-15,18.450001,18.650000,18.450001,18.500000,18.457457,850100
2017-12-18,18.549999,18.850000,18.549999,18.600000,18.557228,360100
2017-12-19,18.600000,18.700001,18.500000,18.549999,18.507341,331700
2017-12-20,18.549999,18.650000,18.299999,18.299999,18.257915,137300
2017-12-21,18.299999,18.450001,18.299999,18.350000,18.307802,144900
2017-12-22,18.450001,18.450001,18.250000,18.250000,18.208033,160400
2017-12-26,18.250000,18.350000,18.200001,18.299999,18.257915,151600
2017-12-27,18.250000,18.379999,18.250000,18.299999,18.257915,197200
2017-12-28,18.350000,18.389999,18.230000,18.299999,18.257915,122200
2017-12-29,18.299999,18.379999,18.049999,18.049999,18.008492,239800
2018-01-02,18.000000,18.200001,17.980000,18.150000,18.108261,183200
2018-01-03,18.100000,18.299999,17.950001,18.250000,18.208033,238100
2018-01-04,18.299999,18.400000,18.100000,18.100000,18.058378,184800
2018-01-05,18.100000,18.350000,18.049999,18.250000,18.208033,172100
2018-01-08,18.250000,18.549999,18.200001,18.549999,18.507341,373500
2018-01-09,18.500000,18.650000,18.299999,18.350000,18.307802,171700
2018-01-10,18.350000,18.450001,17.950001,17.950001,17.908722,489900
2018-01-11,17.950001,18.100000,17.900000,18.000000,17.958607,369900
2018-01-12,18.000000,18.049999,17.900000,17.950001,17.908722,361000
2018-01-16,18.049999,18.299999,17.900000,17.950001,17.908722,386300
2018-01-17,17.950001,18.200001,17.950001,18.100000,18.058378,165400
2018-01-18,18.100000,18.150000,17.850000,17.950001,17.908722,299800
2018-01-19,17.900000,18.330000,17.889999,18.270000,18.227987,287200
2018-01-22,18.200001,18.350000,18.100000,18.250000,18.208033,130500
2018-01-23,18.200001,18.299999,18.100000,18.150000,18.108261,145000
2018-01-24,18.150000,18.250000,17.950001,18.049999,18.008492,232800
2018-01-25,18.100000,18.150000,17.900000,17.950001,17.908722,159400
2018-01-26,18.000000,18.450001,17.950001,18.350000,18.307802,259600
2018-01-29,18.350000,18.700001,18.180000,18.600000,18.557228,271100
2018-01-30,18.549999,18.650000,18.379999,18.600000,18.557228,185700
2018-01-31,18.700001,18.900000,18.450001,18.799999,18.756767,340900
2018-02-01,18.799999,18.900000,18.549999,18.549999,18.507341,407400
2018-02-02,18.500000,18.500000,18.049999,18.200001,18.158148,217500
2018-02-05,18.100000,18.200001,17.750000,17.750000,17.709183,435600
2018-02-06,17.650000,18.000000,17.389999,17.700001,17.659298,467500
2018-02-07,17.700001,18.049999,17.650000,17.900000,17.858837,352800
2018-02-08,17.950001,18.100000,17.750000,17.799999,17.759066,339100
2018-02-09,17.799999,18.200001,17.650000,18.000000,17.958607,574600
2018-02-12,18.000000,18.100000,17.730000,18.100000,18.058378,235000
2018-02-13,18.100000,18.250000,17.950001,18.150000,18.108261,121900
2018-02-14,18.049999,18.600000,17.950001,18.549999,18.507341,257000
2018-02-15,18.600000,18.600000,18.150000,18.200001,18.158148,575500
2018-02-16,18.200001,19.049999,18.200001,18.799999,18.756767,265100
2018-02-20,18.799999,18.799999,18.200001,18.350000,18.307802,226000
2018-02-21,18.350000,18.600000,18.049999,18.049999,18.008492,226400
2018-02-22,18.100000,18.549999,18.100000,18.150000,18.108261,228400
2018-02-23,18.200001,18.400000,18.160000,18.299999,18.257915,119600
2018-02-26,18.299999,18.400000,18.129999,18.200001,18.158148,259900
2018-02-27,18.250000,18.379999,17.950001,18.000000,17.958607,229400
2018-02-28,18.000000,18.049999,17.549999,17.600000,17.559526,459100
2018-03-01,17.549999,17.770000,17.200001,17.350000,17.310102,548900
2018-03-02,17.600000,18.450001,17.350000,18.400000,18.357687,546700
2018-03-05,18.299999,18.700001,18.230000,18.600000,18.557228,311900
2018-03-06,18.650000,19.150000,18.549999,19.100000,19.056078,633500
2018-03-07,18.950001,19.100000,18.950001,19.000000,18.956308,387700
2018-03-08,19.049999,19.150000,18.950001,19.000000,18.956308,267100
2018-03-09,19.200001,19.299999,18.959999,19.299999,19.255617,439600
2018-03-12,19.299999,19.799999,19.299999,19.750000,19.704582,298800
2018-03-13,19.799999,19.900000,19.299999,19.549999,19.505041,239600
2018-03-14,19.700001,19.950001,19.549999,19.600000,19.554928,282200
2018-03-15,19.600000,19.700001,19.400000,19.549999,19.505041,306800
2018-03-16,19.500000,19.700001,19.450001,19.600000,19.554928,427900
2018-03-19,19.600000,19.600000,19.299999,19.450001,19.405273,267100
2018-03-20,19.600000,19.760000,19.400000,19.500000,19.455158,363300
2018-03-21,19.400000,20.000000,19.340000,19.750000,19.704582,580500
2018-03-22,19.650000,19.900000,19.600000,19.600000,19.554928,371200
2018-03-23,19.650000,19.650000,19.049999,19.100000,19.056078,188400
2018-03-26,19.250000,19.549999,19.150000,19.299999,19.255617,281800
2018-03-27,19.299999,19.450001,19.150000,19.350000,19.305504,312100
2018-03-28,19.350000,19.500000,19.250000,19.299999,19.255617,198000
2018-03-29,19.350000,19.400000,18.850000,18.850000,18.806652,216500
2018-04-02,18.799999,18.900000,18.299999,18.500000,18.457457,315900
2018-04-03,18.500000,18.549999,17.900000,18.150000,18.108261,348100
2018-04-04,17.950001,18.950001,17.950001,18.799999,18.756767,381200
2018-04-05,18.850000,19.000000,18.799999,18.900000,18.856537,280600
2018-04-06,18.799999,19.049999,18.600000,18.600000,18.557228,382900
2018-04-09,18.600000,18.700001,18.400000,18.400000,18.357687,236300
2018-04-10,18.600000,18.750000,18.180000,18.250000,18.208033,460500
2018-04-11,18.150000,18.400000,18.049999,18.100000,18.058378,299400
2018-04-12,18.200001,18.200001,17.950001,18.049999,18.008492,233400
2018-04-13,18.049999,18.150000,18.000000,18.049999,18.008492,193500
2018-04-16,18.049999,18.200001,17.950001,18.049999,18.008492,288500
2018-04-17,18.150000,18.250000,18.020000,18.150000,18.108261,261300
2018-04-18,18.200001,18.230000,17.830000,18.000000,17.958607,263200
2018-04-19,18.000000,18.049999,17.850000,18.000000,17.958607,191900
2018-04-20,17.900000,18.049999,17.850000,17.950001,17.908722,190700
2018-04-23,17.900000,18.100000,17.900000,18.000000,17.958607,276100
2018-04-24,17.549999,17.600000,16.950001,17.350000,17.310102,2087900
2018-04-25,17.299999,17.549999,16.950001,16.950001,16.911022,699800
2018-04-26,16.950001,17.020000,16.750000,16.799999,16.761366,586500
2018-04-27,16.850000,17.000000,16.750000,17.000000,16.960907,268800
2018-04-30,17.000000,17.400000,17.000000,17.250000,17.210331,533100
2018-05-01,17.450001,17.600000,17.299999,17.450001,17.409872,514700
2018-05-02,17.400000,17.700001,17.400000,17.600000,17.559526,385100
2018-05-03,17.500000,17.600000,17.379999,17.450001,17.409872,351200
2018-05-04,17.450001,17.950001,17.350000,17.549999,17.509642,394500
2018-05-07,17.700001,18.200001,17.700001,18.100000,18.058378,350100
2018-05-08,18.049999,18.200001,17.900000,18.049999,18.008492,469600
2018-05-09,18.000000,18.100000,17.900000,17.950001,17.908722,248800
2018-05-10,17.950001,18.049999,17.750000,17.850000,17.808952,328100
2018-05-11,17.799999,18.150000,17.750000,17.950001,17.908722,257700
2018-05-14,18.000000,18.049999,17.850000,17.950001,17.908722,241500
2018-05-15,17.900000,18.100000,17.850000,18.049999,18.008492,397200
2018-05-16,18.100000,18.129999,17.900000,18.049999,18.008492,244800
2018-05-17,18.100000,18.100000,17.879999,17.900000,17.858837,294000
2018-05-18,17.850000,18.049999,17.850000,17.950001,17.908722,367800
2018-05-21,17.950001,18.049999,17.900000,18.000000,17.958607,256600
2018-05-22,18.000000,18.100000,17.900000,18.049999,18.008492,443200
2018-05-23,18.100000,18.100000,17.950001,18.049999,18.008492,227200
2018-05-24,18.049999,18.049999,17.799999,17.900000,17.858837,211800
2018-05-25,18.000000,18.080000,17.950001,18.049999,18.008492,176900
2018-05-29,17.900000,18.100000,17.900000,18.000000,17.958607,315800
2018-05-30,18.100000,18.299999,17.700001,17.799999,17.759066,926400
2018-05-31,17.799999,17.950001,17.700001,17.799999,17.759066,644500
2018-06-01,17.850000,17.950001,17.700001,17.750000,17.709183,320000
2018-06-04,17.799999,17.930000,17.680000,17.799999,17.759066,323300
2018-06-05,17.799999,17.980000,17.750000,17.900000,17.858837,493600
2018-06-06,17.850000,17.950001,17.750000,17.900000,17.858837,553600
2018-06-07,17.900000,17.950001,17.680000,17.850000,17.808952,393700
2018-06-08,17.900000,17.950001,17.750000,17.900000,17.858837,348000
2018-06-11,17.900000,17.940001,17.799999,17.799999,17.759066,361000
2018-06-12,17.799999,17.950001,17.700001,17.900000,17.858837,451500
2018-06-13,17.900000,18.100000,17.900000,17.950001,17.908722,400900
2018-06-14,18.100000,18.100000,17.950001,18.000000,17.958607,232000
2018-06-15,17.950001,18.049999,17.879999,17.950001,17.908722,360900
2018-06-18,17.950001,18.049999,17.900000,17.950001,17.908722,267100
2018-06-19,17.950001,18.100000,17.900000,18.000000,17.958607,340100
2018-06-20,18.000000,18.299999,17.969999,18.100000,18.058378,334500
2018-06-21,18.100000,18.100000,17.930000,18.049999,18.008492,188600
2018-06-22,18.049999,18.100000,17.950001,18.000000,17.958607,855000
2018-06-25,18.049999,18.049999,17.900000,17.900000,17.858837,288300
2018-06-26,17.950001,18.150000,17.850000,18.100000,18.058378,295900
2018-06-27,18.150000,18.150000,17.900000,17.950001,17.908722,252600
2018-06-28,17.900000,18.080000,17.850000,17.900000,17.858837,282500
2018-06-29,17.950001,18.049999,17.900000,17.950001,17.908722,287300
2018-07-02,17.900000,18.080000,17.850000,18.000000,17.958607,143900
2018-07-03,18.049999,18.299999,17.900000,18.250000,18.208033,138100
2018-07-05,18.250000,18.299999,18.129999,18.299999,18.257915,228100
2018-07-06,18.299999,18.450001,18.299999,18.400000,18.357687,135900
2018-07-09,18.450001,18.450001,18.200001,18.200001,18.158148,172700
2018-07-10,18.250000,18.250000,18.000000,18.049999,18.008492,264600
2018-07-11,18.049999,18.150000,17.950001,18.049999,18.008492,110700
2018-07-12,18.100000,18.100000,17.950001,18.000000,17.958607,93500
2018-07-13,17.950001,18.049999,17.950001,17.950001,17.908722,122700
2018-07-16,17.950001,18.049999,17.950001,18.000000,17.958607,186400
2018-07-17,18.000000,18.049999,17.850000,18.000000,17.958607,340600
2018-07-18,17.950001,18.049999,17.879999,18.049999,18.008492,256500
2018-07-19,18.049999,18.200001,18.049999,18.100000,18.058378,133700
2018-07-20,18.150000,18.150000,17.950001,18.049999,18.008492,139300
2018-07-23,18.000000,18.100000,17.950001,17.950001,17.908722,100500
2018-07-24,17.950001,18.020000,17.799999,17.950001,17.908722,281500
2018-07-25,17.900000,18.049999,17.520000,17.549999,17.509642,315800
2018-07-26,17.500000,17.680000,17.350000,17.450001,17.409872,193800
2018-07-27,17.500000,17.549999,17.150000,17.150000,17.110561,208000
2018-07-30,17.150000,17.520000,17.150000,17.400000,17.359987,181400
2018-07-31,17.450001,17.700001,17.400000,17.650000,17.609411,218100
2018-08-01,17.650000,17.650000,17.450001,17.600000,17.559526,251100
2018-08-02,17.700001,18.430000,17.500000,17.900000,17.858837,604200
2018-08-03,17.799999,18.100000,17.799999,18.049999,18.008492,179500
2018-08-06,18.150000,18.299999,17.950001,18.000000,17.958607,204700
2018-08-07,18.049999,18.150000,17.850000,18.000000,17.958607,205200
2018-08-08,18.049999,18.129999,17.900000,18.049999,18.008492,141000
2018-08-09,18.000000,18.150000,18.000000,18.100000,18.058378,113600
2018-08-10,18.000000,18.200001,18.000000,18.049999,18.008492,132200
2018-08-13,18.049999,18.100000,17.799999,17.850000,17.808952,215900
2018-08-14,17.850000,17.930000,17.700001,17.750000,17.709183,236900
2018-08-15,17.799999,17.799999,17.350000,17.450001,17.409872,254100
2018-08-16,17.400000,17.700001,17.400000,17.549999,17.509642,209300
2018-08-17,17.500000,17.850000,17.500000,17.750000,17.709183,416900
2018-08-20,17.750000,17.830000,17.549999,17.750000,17.709183,265300
2018-08-21,17.650000,18.100000,17.650000,18.000000,17.958607,254100
2018-08-22,18.100000,18.100000,17.950001,18.049999,18.008492,139700
2018-08-23,18.049999,18.150000,17.750000,17.799999,17.759066,123200
2018-08-24,17.799999,17.900000,17.750000,17.750000,17.709183,131800
2018-08-27,17.700001,17.860001,17.450001,17.500000,17.459757,215200
2018-08-28,17.500000,17.650000,17.400000,17.650000,17.609411,166900
2018-08-29,17.700001,17.700001,17.520000,17.549999,17.509642,167400
2018-08-30,17.549999,17.549999,17.350000,17.400000,17.359987,144000
2018-08-31,17.400000,17.440001,17.100000,17.200001,17.160448,323900
2018-09-04,17.200001,17.230000,17.000000,17.000000,16.960907,166200
2018-09-05,17.000000,17.000000,16.900000,16.900000,16.861135,108600
2018-09-06,16.950001,17.000000,16.600000,16.650000,16.611712,235200
2018-09-07,16.600000,16.950001,16.500000,16.850000,16.811253,196900
2018-09-10,16.850000,16.850000,16.200001,16.299999,16.262516,236000
2018-09-11,16.350000,16.450001,16.299999,16.350000,16.312403,232000
2018-09-12,16.299999,16.450001,16.250000,16.299999,16.262516,109900
2018-09-13,16.400000,16.700001,16.299999,16.650000,16.611712,228200
2018-09-14,16.600000,16.750000,16.600000,16.700001,16.661598,122600
2018-09-17,16.650000,16.850000,16.600000,16.799999,16.761366,201100
2018-09-18,16.799999,17.000000,16.799999,16.850000,16.811253,188500
2018-09-19,16.900000,17.020000,16.830000,16.900000,16.861135,212200
2018-09-20,16.900000,17.200001,16.850000,17.150000,17.110561,185700
2018-09-21,17.150000,17.250000,17.049999,17.150000,17.110561,603600
2018-09-24,17.100000,17.150000,16.799999,17.000000,16.960907,157100
2018-09-25,17.049999,17.100000,16.700001,16.750000,16.711481,137000
2018-09-26,16.799999,16.950001,16.650000,16.650000,16.611712,183400
2018-09-27,16.650000,16.900000,16.600000,16.850000,16.811253,479900
2018-09-28,16.850000,16.950001,16.700001,16.799999,16.761366,142800
2018-10-01,16.809999,16.809999,16.490000,16.639999,16.601734,174800
2018-10-02,16.610001,16.650000,16.440001,16.530001,16.491989,116800
2018-10-03,16.610001,16.740000,16.510000,16.629999,16.591757,161400
2018-10-04,16.580000,16.650000,16.480000,16.530001,16.491989,181000
2018-10-05,16.549999,16.590000,16.299999,16.309999,16.272493,249000
2018-10-08,16.340000,16.400000,15.950000,16.010000,15.973184,192000
2018-10-09,16.000000,16.129999,15.890000,15.990000,15.953229,235600
2018-10-10,15.860000,15.900000,15.110000,15.310000,15.274794,576900
2018-10-11,15.290000,15.520000,15.000000,15.000000,14.965506,328000
2018-10-12,15.200000,15.290000,14.880000,15.270000,15.234885,589000
2018-10-15,15.280000,15.390000,15.080000,15.280000,15.244862,358900
2018-10-16,15.340000,15.670000,15.160000,15.610000,15.574102,274800
2018-10-17,15.540000,15.540000,15.280000,15.380000,15.344632,121200
2018-10-18,15.320000,15.350000,14.890000,14.910000,14.875712,189500
2018-10-19,14.900000,15.250000,14.880000,15.220000,15.185000,230500
2018-10-22,15.290000,15.370000,15.060000,15.080000,15.045321,154400
2018-10-23,14.940000,15.290000,14.780000,15.180000,15.145092,283500
2018-10-24,15.130000,15.280000,14.820000,14.830000,14.795897,165100
2018-10-25,15.000000,15.250000,14.920000,15.150000,15.115161,158000
2018-10-26,14.980000,15.320000,14.880000,15.160000,15.125138,420200
2018-10-29,15.310000,15.470000,15.180000,15.230000,15.194977,197300
2018-10-30,15.190000,15.410000,15.010000,15.190000,15.155068,220200
2018-10-31,15.310000,15.430000,15.110000,15.190000,15.155068,212700
2018-11-01,15.100000,16.260000,14.550000,16.000000,15.963206,891500
2018-11-02,16.070000,16.120001,15.650000,15.770000,15.733736,147100
2018-11-05,15.810000,15.950000,15.410000,15.470000,15.434425,217900
2018-11-06,15.480000,15.720000,15.390000,15.680000,15.643943,197600
2018-11-07,15.740000,15.830000,15.400000,15.590000,15.554150,246000
2018-11-08,15.540000,15.590000,15.370000,15.490000,15.454379,190000
2018-11-09,15.390000,15.500000,15.140000,15.240000,15.204954,235000
2018-11-12,15.240000,15.510000,15.230000,15.260000,15.224908,109400
2018-11-13,15.240000,15.420000,15.120000,15.120000,15.085230,247700
2018-11-14,15.240000,15.290000,14.850000,15.020000,14.985460,170900
2018-11-15,14.930000,14.980000,14.580000,14.870000,14.835805,245100
2018-11-16,14.840000,15.090000,14.730000,15.020000,14.985460,261100
2018-11-19,14.870000,15.050000,14.560000,14.580000,14.546472,280500
2018-11-20,14.400000,14.490000,14.280000,14.430000,14.396817,188700
2018-11-21,14.510000,14.720000,14.440000,14.600000,14.566426,137500
2018-11-23,14.540000,14.660000,14.500000,14.600000,14.566426,61700
2018-11-26,14.680000,14.770000,14.510000,14.680000,14.646242,250500
2018-11-27,14.770000,14.990000,14.740000,14.910000,14.875712,239100
2018-11-28,14.900000,15.390000,14.760000,15.380000,15.344632,464200
2018-11-29,15.360000,15.420000,15.160000,15.270000,15.234885,146900
2018-11-30,15.190000,15.290000,14.850000,15.000000,14.965506,547200
2018-12-03,15.110000,15.110000,14.860000,15.070000,15.035345,238500
2018-12-04,15.040000,15.170000,14.890000,15.000000,14.965506,454800
2018-12-06,14.870000,14.990000,14.730000,14.890000,14.855760,425200
2018-12-07,14.890000,14.970000,13.930000,14.010000,13.977783,287400
2018-12-10,14.050000,14.790000,13.860000,14.570000,14.536494,645400
2018-12-11,14.670000,14.840000,14.170000,14.440000,14.406794,327600
2018-12-12,14.600000,14.850000,14.520000,14.520000,14.486610,214300
2018-12-13,14.540000,14.600000,14.250000,14.280000,14.247161,123900
2018-12-14,14.180000,14.410000,14.140000,14.160000,14.127438,135100
2018-12-17,14.150000,14.160000,13.700000,13.730000,13.698426,253200
2018-12-18,13.840000,14.070000,13.640000,13.830000,13.798197,178200
2018-12-19,13.910000,13.990000,13.510000,13.550000,13.518841,142100
2018-12-20,13.560000,13.710000,13.210000,13.240000,13.209553,242200
2018-12-21,13.260000,13.610000,13.220000,13.250000,13.219530,657900
2018-12-24,13.190000,13.260000,13.060000,13.070000,13.039944,136000
2018-12-26,13.090000,13.140000,12.800000,13.050000,13.019990,365600
2018-12-27,13.010000,13.010000,12.630000,12.990000,12.960128,261500
2018-12-28,13.030000,13.390000,12.900000,13.110000,13.079852,252100
2018-12-31,13.120000,13.400000,12.890000,13.170000,13.139714,322800
2019-01-02,13.000000,13.230000,12.950000,13.090000,13.059898,224500
2019-01-03,13.040000,13.220000,12.770000,13.000000,12.970105,157800
2019-01-04,13.120000,13.520000,13.010000,13.470000,13.439025,172700
2019-01-07,13.500000,14.110000,13.380000,13.970000,13.937875,266700
2019-01-08,14.140000,14.370000,13.960000,14.280000,14.247161,403700
2019-01-09,14.340000,14.340000,14.060000,14.080000,14.047622,113600
2019-01-10,14.050000,14.310000,13.880000,14.090000,14.057599,259700
2019-01-11,14.060000,14.400000,13.760000,14.350000,14.317001,353700
2019-01-14,14.220000,14.470000,14.220000,14.330000,14.297047,185800
2019-01-15,14.290000,14.590000,14.190000,14.590000,14.556449,207900
2019-01-16,14.590000,14.790000,14.440000,14.660000,14.626287,172900
2019-01-17,14.690000,14.840000,14.510000,14.840000,14.805874,232300
2019-01-18,14.870000,15.270000,14.810000,15.180000,15.145092,246400
2019-01-22,15.150000,15.210000,14.960000,15.070000,15.035345,268300
2019-01-23,15.100000,15.160000,14.730000,14.860000,14.825828,117300
2019-01-24,14.830000,15.020000,14.750000,14.930000,14.895667,93100
2019-01-25,14.990000,15.190000,14.990000,15.130000,15.095207,158800
2019-01-28,15.020000,15.320000,14.920000,15.260000,15.224908,269400
2019-01-29,15.200000,15.460000,15.200000,15.360000,15.324677,164400
2019-01-30,15.440000,15.500000,15.290000,15.330000,15.294747,106100
2019-01-31,15.350000,15.580000,15.220000,15.560000,15.524219,256700
2019-02-01,15.610000,15.880000,15.450000,15.520000,15.484310,114400
2019-02-04,15.590000,15.860000,15.420000,15.840000,15.803575,214600
2019-02-05,15.880000,15.890000,15.540000,15.680000,15.643943,113600
2019-02-06,15.650000,15.670000,15.450000,15.490000,15.454379,75900
2019-02-07,15.410000,15.670000,15.410000,15.620000,15.584080,112600
2019-02-08,15.640000,15.670000,15.380000,15.520000,15.484310,90400
2019-02-11,15.500000,15.800000,15.460000,15.780000,15.743711,111100
2019-02-12,15.770000,15.950000,15.770000,15.830000,15.793597,91300
2019-02-13,15.820000,15.990000,15.790000,15.930000,15.893368,96900
2019-02-14,15.850000,15.970000,15.810000,15.870000,15.833505,68300
2019-02-15,15.930000,16.160000,15.800000,15.980000,15.943252,205800
2019-02-19,15.920000,16.120001,15.920000,16.080000,16.043022,164600
2019-02-20,16.059999,16.160000,15.960000,16.030001,15.993138,104000
2019-02-21,15.990000,16.160000,15.950000,16.150000,16.112862,99200
2019-02-22,16.160000,16.320000,16.160000,16.260000,16.222609,118700
2019-02-25,16.340000,16.400000,15.940000,15.940000,15.903344,83100
2019-02-26,15.910000,16.059999,15.680000,15.750000,15.713781,111400
2019-02-27,15.690000,15.850000,15.450000,15.540000,15.504264,95900
2019-02-28,15.530000,15.680000,15.070000,15.540000,15.504264,302500
2019-03-01,15.630000,15.780000,15.430000,15.760000,15.723759,207800
2019-03-04,15.760000,15.830000,15.430000,15.730000,15.693827,152400
2019-03-05,15.700000,15.790000,15.420000,15.460000,15.424448,123700
2019-03-06,15.250000,15.390000,15.050000,15.090000,15.055299,181700
2019-03-07,15.130000,15.270000,14.990000,15.020000,14.985460,157500
2019-03-08,14.980000,15.220000,14.770000,15.170000,15.135115,97600
2019-03-11,15.230000,15.550000,15.210000,15.540000,15.504264,119200
2019-03-12,15.560000,15.610000,15.450000,15.490000,15.454379,131300
2019-03-13,15.530000,15.660000,15.440000,15.560000,15.524219,136700
2019-03-14,15.540000,15.670000,15.380000,15.630000,15.594057,87200
2019-03-15,15.650000,15.850000,15.580000,15.740000,15.703804,265000
2019-03-18,15.730000,16.030001,15.730000,15.970000,15.933275,149500
2019-03-19,15.990000,16.200001,15.970000,16.180000,16.142792,171700
2019-03-20,16.160000,16.280001,15.910000,16.040001,16.003115,232100
2019-03-21,16.049999,16.469999,16.020000,16.440001,16.402195,128100
2019-03-22,16.350000,16.500000,15.940000,15.950000,15.913321,208800
2019-03-25,15.990000,16.110001,15.690000,16.040001,16.003115,163200
2019-03-26,16.100000,16.290001,16.080000,16.240000,16.202654,88800
2019-03-27,16.219999,16.530001,16.190001,16.510000,16.472034,104900
2019-03-28,16.490000,16.770000,16.490000,16.719999,16.681549,184800
2019-03-29,16.760000,16.799999,16.469999,16.490000,16.452080,328500
2019-04-01,16.590000,16.770000,16.320000,16.559999,16.521917,99600
2019-04-02,16.590000,16.620001,16.370001,16.590000,16.551849,79400
2019-04-03,16.670000,16.740000,16.570000,16.590000,16.551849,81900
2019-04-04,16.590000,17.030001,16.559999,16.959999,16.920998,126000
2019-04-05,17.020000,17.320000,17.020000,17.309999,17.270193,183900
2019-04-08,17.260000,17.299999,17.180000,17.290001,17.250240,113000
2019-04-09,17.290001,17.379999,17.129999,17.129999,17.090607,99000
2019-04-10,17.120001,17.490000,17.120001,17.469999,17.429825,113200
2019-04-11,17.459999,17.590000,17.250000,17.430000,17.389917,132600
2019-04-12,17.530001,17.709999,17.459999,17.660000,17.619389,96100
2019-04-15,17.660000,17.930000,17.570000,17.900000,17.858837,156000
2019-04-16,17.950001,17.950001,17.780001,17.799999,17.759066,107000
2019-04-17,17.900000,17.930000,17.520000,17.549999,17.509642,171100
2019-04-18,17.450001,17.590000,17.410000,17.500000,17.459757,163200
2019-04-22,17.360001,17.360001,16.830000,17.040001,17.000816,241700
2019-04-23,17.040001,17.309999,16.990000,17.160000,17.120539,138400
2019-04-24,17.160000,17.440001,17.080000,17.330000,17.290148,88000
2019-04-25,17.340000,17.420000,17.120001,17.360001,17.320080,93600
2019-04-26,17.430000,17.700001,17.330000,17.639999,17.599434,85300
2019-04-29,17.639999,17.650000,17.370001,17.410000,17.369965,97300
2019-04-30,17.440001,17.459999,16.940001,17.040001,17.000816,184300
2019-05-01,17.100000,17.490000,16.980000,17.450001,17.409872,197700
2019-05-02,17.469999,17.750000,17.080000,17.290001,17.250240,147400
2019-05-03,17.379999,17.730000,17.309999,17.549999,17.509642,132900
2019-05-06,17.459999,17.559999,17.320000,17.430000,17.389917,68200
2019-05-07,17.320000,17.370001,16.930000,17.049999,17.010792,117100
2019-05-08,17.200001,17.230000,17.040001,17.059999,17.020769,128700
2019-05-09,16.950001,17.209999,16.950001,17.129999,17.090607,107200
2019-05-10,17.049999,17.150000,16.950001,17.100000,17.060677,107500
2019-05-13,16.930000,17.139999,16.820000,16.910000,16.871113,102300
2019-05-14,16.930000,17.090000,16.820000,17.090000,17.050699,98400
2019-05-15,16.959999,17.090000,16.870001,17.090000,17.050699,84100
2019-05-16,17.120001,17.200001,16.740000,16.750000,16.711481,183700
2019-05-17,16.670000,16.830000,16.540001,16.580000,16.541872,86700
2019-05-20,16.549999,16.809999,16.490000,16.650000,16.611712,93800
2019-05-21,16.719999,16.830000,16.600000,16.820000,16.781321,113300
2019-05-22,16.719999,16.799999,16.610001,16.670000,16.631666,58100
2019-05-23,16.559999,16.590000,16.170000,16.230000,16.192677,128000
2019-05-24,16.320000,16.340000,16.150000,16.320000,16.282471,58100
2019-05-28,16.299999,16.410000,16.010000,16.020000,15.983161,137700
2019-05-29,16.000000,16.190001,16.000000,16.080000,16.043022,121400
2019-05-30,16.120001,16.309999,15.870000,16.010000,15.973184,94700
2019-05-31,15.910000,15.980000,15.820000,15.930000,15.893368,95300
2019-06-03,16.010000,16.100000,15.840000,15.900000,15.863436,91600
2019-06-04,15.930000,16.049999,15.810000,16.030001,15.993138,93200
2019-06-05,16.100000,16.150000,15.870000,16.059999,16.023067,80400
2019-06-06,16.080000,16.379999,16.010000,16.330000,16.292448,82100
2019-06-07,16.370001,16.510000,16.330000,16.370001,16.332355,51800
2019-06-10,16.370001,16.420000,16.070000,16.180000,16.142792,81200
2019-06-11,16.260000,16.340000,16.150000,16.330000,16.292448,60500
2019-06-12,16.250000,16.410000,16.080000,16.120001,16.082932,166300
2019-06-13,16.200001,16.379999,16.080000,16.150000,16.112862,142700
2019-06-14,16.120001,16.240000,15.810000,15.890000,15.853459,111000
2019-06-17,15.890000,15.900000,15.710000,15.800000,15.763666,84000
2019-06-18,15.900000,16.000000,15.750000,15.810000,15.773643,124400
2019-06-19,15.790000,15.800000,15.580000,15.730000,15.693827,100900
2019-06-20,15.810000,16.320000,15.730000,16.280001,16.242563,291500
2019-06-21,16.160000,16.610001,16.160000,16.600000,16.561827,283200
2019-06-24,16.709999,16.799999,16.180000,16.219999,16.182699,130300
2019-06-25,16.290001,16.340000,16.000000,16.040001,16.003115,98900
2019-06-26,16.059999,16.400000,15.990000,16.299999,16.262516,149600
2019-06-27,16.340000,16.799999,16.340000,16.799999,16.761366,167300
2019-06-28,16.799999,17.309999,16.790001,17.280001,17.240263,288500
2019-07-01,17.299999,17.549999,17.190001,17.520000,17.479712,131000
2019-07-02,17.549999,17.799999,17.420000,17.680000,17.639343,106700
2019-07-03,17.700001,17.959999,17.610001,17.959999,17.918697,104700
2019-07-05,17.860001,18.200001,17.850000,18.080000,18.038424,112800
2019-07-08,18.040001,18.469999,17.980000,18.370001,18.327757,198200
2019-07-09,18.230000,18.290001,17.990000,18.020000,17.978561,89000
2019-07-10,18.110001,18.110001,17.760000,17.940001,17.898746,66600
2019-07-11,17.900000,17.920000,17.670000,17.709999,17.669273,60700
2019-07-12,17.660000,18.020000,17.450001,17.820000,17.779020,160000
2019-07-15,17.860001,17.950001,17.639999,17.930000,17.888769,88700
2019-07-16,17.840000,18.020000,17.820000,18.000000,17.958607,68200
2019-07-17,17.940001,18.020000,17.840000,17.920000,17.878792,131000
2019-07-18,17.930000,18.030001,17.690001,17.860001,17.818930,78500
2019-07-19,17.790001,18.030001,17.690001,17.830000,17.788998,95500
2019-07-22,17.780001,18.129999,17.750000,18.120001,18.078333,152400
2019-07-23,18.110001,18.240000,17.980000,18.049999,18.008492,74900
2019-07-24,18.010000,18.440001,17.940001,18.420000,18.377642,145800
2019-07-25,18.400000,18.430000,18.110001,18.280001,18.237965,66400
2019-07-26,18.299999,18.580000,18.260000,18.530001,18.487389,71500
2019-07-29,18.510000,19.040001,18.510000,19.010000,18.966284,184600
2019-07-30,18.900000,19.299999,18.820000,19.290001,19.245642,147200
2019-07-31,19.290001,19.530001,18.980000,19.240000,19.195755,183600
2019-08-01,19.620001,19.650000,18.480000,18.530001,18.487389,166800
2019-08-02,18.450001,18.450001,17.740000,17.950001,17.908722,141400
2019-08-05,17.750000,17.750000,17.150000,17.340000,17.300125,196300
2019-08-06,17.400000,17.520000,16.980000,17.030001,16.990839,172200
2019-08-07,16.870001,17.260000,16.780001,17.160000,17.120539,146600
2019-08-08,17.340000,17.780001,17.299999,17.660000,17.619389,129100
2019-08-09,17.600000,17.600000,17.280001,17.299999,17.260216,71400
2019-08-12,17.270000,17.330000,17.180000,17.270000,17.230286,56800
2019-08-13,17.290001,17.660000,17.290001,17.559999,17.519619,75400
2019-08-14,17.299999,17.450001,16.950001,17.070000,17.030745,94600
2019-08-15,17.040001,17.139999,16.840000,17.010000,16.970884,86600
2019-08-16,17.110001,17.600000,17.110001,17.510000,17.469734,93600
2019-08-19,17.690001,18.040001,17.520000,18.000000,17.958607,227600
2019-08-20,17.950001,18.080000,17.860001,18.049999,18.008492,117600
2019-08-21,18.180000,18.219999,18.000000,18.080000,18.038424,138000
2019-08-22,18.070000,18.170000,17.900000,17.920000,17.878792,129500
2019-08-23,17.860001,18.030001,17.270000,17.340000,17.300125,131700
2019-08-26,17.459999,17.709999,17.180000,17.400000,17.359987,202500
2019-08-27,17.459999,17.650000,16.930000,16.950001,16.911022,172000
2019-08-28,16.930000,17.510000,16.799999,17.469999,17.429825,137300
2019-08-29,17.590000,18.090000,17.590000,18.040001,17.998516,104300
2019-08-30,18.110001,18.129999,17.920000,17.980000,17.938652,102800
2019-09-03,17.860001,18.129999,17.740000,18.090000,18.048401,107300
2019-09-04,18.180000,18.250000,17.910000,18.090000,18.048401,124600
2019-09-05,18.200001,18.510000,18.090000,18.110001,18.068356,117100
2019-09-06,18.160000,18.219999,18.049999,18.059999,18.018469,75100
2019-09-09,18.040001,18.150000,17.160000,17.450001,17.409872,237300
2019-09-10,17.389999,18.070000,17.200001,17.780001,17.739113,190400
2019-09-11,17.809999,18.260000,17.610001,18.260000,18.218010,199800
2019-09-12,18.320000,18.330000,17.830000,18.110001,18.068356,232300
2019-09-13,18.040001,18.490000,18.040001,18.430000,18.387619,212800
2019-09-16,18.360001,18.360001,17.209999,17.260000,17.220308,316600
2019-09-17,17.230000,17.230000,16.770000,16.910000,16.871113,190400
2019-09-18,16.990000,17.070000,16.610001,17.040001,17.000816,304800
2019-09-19,17.160000,17.219999,16.850000,16.870001,16.831207,283100
2019-09-20,16.870001,16.900000,16.360001,16.770000,16.731436,1332500
2019-09-23,16.740000,17.469999,16.740000,17.080000,17.040722,246000
2019-09-24,17.150000,17.150000,16.790001,16.920000,16.881090,122000
2019-09-25,16.900000,17.129999,16.709999,17.100000,17.060677,305600
2019-09-26,17.090000,17.260000,17.059999,17.110001,17.070654,117300
2019-09-27,17.139999,17.360001,17.100000,17.209999,17.170424,81200
2019-09-30,17.160000,17.270000,17.110001,17.129999,17.090607,129300
2019-10-01,17.150000,17.290001,16.900000,16.980000,16.940952,124400
2019-10-02,16.860001,16.940001,16.709999,16.900000,16.861135,157000
2019-10-03,16.790001,16.990000,16.690001,16.870001,16.831207,135200
2019-10-04,16.860001,17.120001,16.809999,16.990000,16.950930,146500
2019-10-07,16.969999,17.200001,16.770000,17.040001,17.000816,260500
2019-10-08,16.889999,17.160000,16.799999,17.020000,16.980862,120400
2019-10-09,17.080000,17.270000,17.030001,17.209999,17.170424,95900
2019-10-10,17.240000,17.430000,17.200001,17.230000,17.190378,87900
2019-10-11,17.459999,17.670000,17.459999,17.469999,17.429825,115900
2019-10-14,17.410000,17.750000,17.400000,17.730000,17.689228,75500
2019-10-15,17.709999,17.980000,17.490000,17.549999,17.509642,116500
2019-10-16,17.500000,17.860001,17.490000,17.860001,17.818930,76100
2019-10-17,17.860001,18.100000,17.860001,18.080000,18.038424,85300
2019-10-18,17.990000,18.370001,17.990000,18.299999,18.257915,80300
2019-10-21,18.360001,18.549999,18.360001,18.520000,18.477411,97500
2019-10-22,18.500000,18.629999,18.410000,18.450001,18.407574,65000
2019-10-23,18.410000,18.549999,18.049999,18.370001,18.327757,58700
2019-10-24,18.370001,18.370001,17.690001,17.750000,17.709183,86600
2019-10-25,17.719999,17.950001,17.629999,17.790001,17.749090,59600
2019-10-28,17.760000,18.350000,17.750000,18.290001,18.247942,160400
2019-10-29,18.280001,18.410000,18.139999,18.370001,18.327757,91600
2019-10-30,18.280001,18.559999,17.879999,18.530001,18.487389,100400
2019-10-31,18.680000,18.950001,18.270000,18.549999,18.507341,116300
2019-11-01,18.610001,18.820000,18.240000,18.389999,18.347710,110400
2019-11-04,18.420000,18.480000,18.270000,18.440001,18.397596,66500
2019-11-05,18.520000,18.700001,18.379999,18.639999,18.597136,82000
2019-11-06,18.620001,18.650000,18.340000,18.360001,18.317780,94900
2019-11-07,18.459999,18.660000,18.290001,18.360001,18.317780,79800
2019-11-08,18.370001,18.660000,18.129999,18.170000,18.128216,67200
2019-11-11,17.990000,18.320000,17.990000,18.120001,18.078333,60500
2019-11-12,18.120001,18.520000,18.010000,18.180000,18.138193,126400
2019-11-13,17.990000,18.209999,17.809999,17.809999,17.769043,72500
2019-11-14,17.820000,17.959999,17.760000,17.940001,17.898746,72000
2019-11-15,18.020000,18.139999,17.820000,18.120001,18.078333,63500
2019-11-18,18.049999,18.280001,18.030001,18.219999,18.178101,57600
2019-11-19,18.350000,18.350000,17.980000,18.049999,18.008492,69600
2019-11-20,17.990000,18.049999,17.730000,17.809999,17.769043,112500
2019-11-21,17.870001,17.870001,17.389999,17.389999,17.350010,68000
2019-11-22,17.370001,17.389999,17.160000,17.200001,17.160448,57800
2019-11-25,17.240000,17.629999,17.240000,17.559999,17.519619,117300
2019-11-26,17.620001,17.700001,17.459999,17.590000,17.549551,141500
2019-11-27,17.700001,17.969999,17.459999,17.820000,17.779020,93900
2019-11-29,19.709999,19.820000,19.000000,19.000000,18.956308,1918500
2019-12-02,19.200001,19.400000,18.940001,18.990000,18.946331,1182200
2019-12-03,18.940001,19.090000,18.590000,18.700001,18.656998,560100
2019-12-04,18.600000,18.840000,18.360001,18.770000,18.726837,6559200
2019-12-05,18.799999,19.559999,18.770000,19.490000,19.445181,622500
2019-12-06,19.700001,19.950001,19.639999,19.820000,19.774422,491000
2019-12-09,19.740000,19.930000,19.600000,19.830000,19.784399,281000
2019-12-10,19.860001,20.389999,19.770000,20.200001,20.153549,286500
2019-12-11,20.200001,20.549999,20.049999,20.209999,20.163525,219200
2019-12-12,20.170000,20.680000,20.170000,20.360001,20.313181,313300
2019-12-13,20.400000,20.620001,20.230000,20.340000,20.293226,325300
2019-12-16,20.559999,20.629999,20.330000,20.469999,20.422926,403600
2019-12-17,20.500000,20.510000,20.230000,20.290001,20.243341,248800
2019-12-18,20.290001,20.370001,20.120001,20.219999,20.173502,182500
2019-12-19,20.200001,20.200001,19.660000,19.750000,19.704582,281900
2019-12-20,19.750000,19.950001,19.629999,19.910000,19.864214,909300
2019-12-23,19.879999,19.950001,19.750000,19.820000,19.774422,200400
2019-12-24,19.820000,20.040001,19.790001,19.980000,19.934053,73500
2019-12-26,20.090000,20.240000,19.719999,19.860001,19.814331,90200
2019-12-27,19.850000,19.930000,19.639999,19.680000,19.634745,100400
2019-12-30,19.730000,19.879999,19.520000,19.650000,19.604813,175700
2019-12-31,19.639999,19.969999,19.639999,19.830000,19.784399,263400
2020-01-02,20.000000,20.000000,19.410000,19.459999,19.415249,239500
2020-01-03,19.240000,19.480000,19.160000,19.469999,19.425226,219800
2020-01-06,19.469999,19.959999,19.350000,19.709999,19.664675,159400
2020-01-07,19.709999,19.760000,19.320000,19.320000,19.275572,111700
2020-01-08,19.400000,19.610001,19.180000,19.600000,19.554928,156000
2020-01-09,19.610001,19.660000,19.420000,19.549999,19.505041,176200
2020-01-10,19.540001,19.540001,19.190001,19.309999,19.265594,148300
2020-01-13,19.270000,19.440001,19.180000,19.379999,19.335432,211800
2020-01-14,19.280001,19.889999,19.180000,19.820000,19.774422,190900
2020-01-15,19.700001,20.110001,19.700001,20.010000,19.963985,189800
2020-01-16,20.150000,20.190001,19.860001,20.180000,20.133595,182000
2020-01-17,20.290001,20.459999,20.240000,20.420000,20.373041,163300
2020-01-21,20.330000,20.889999,20.330000,20.820000,20.772121,211000
2020-01-22,20.900000,21.459999,20.879999,21.450001,21.400675,232500
2020-01-23,21.410000,21.580000,21.090000,21.330000,21.280949,235300
2020-01-24,21.370001,21.549999,21.049999,21.340000,21.290926,266100
2020-01-27,21.150000,21.270000,20.920000,21.080000,21.031525,248000
2020-01-28,21.190001,21.559999,21.150000,21.500000,21.450558,258500
2020-01-29,21.600000,21.650000,21.200001,21.370001,21.320858,172800
2020-01-30,21.270000,21.500000,21.270000,21.420000,21.370743,178800
2020-01-31,21.290001,21.530001,20.860001,21.010000,20.961685,223100
2020-02-03,21.020000,21.520000,21.010000,21.480000,21.430605,187000
2020-02-04,21.500000,21.940001,21.400000,21.760000,21.709961,197200
2020-02-05,21.940001,22.100000,21.750000,22.090000,22.039202,227600
2020-02-06,21.770000,22.780001,21.770000,22.730000,22.677729,432700
2020-02-07,22.730000,23.020000,22.410000,22.959999,22.907200,332700
2020-02-10,23.020000,23.170000,22.910000,23.139999,23.086786,199300
2020-02-11,23.219999,23.379999,22.620001,22.750000,22.697683,163300
2020-02-12,22.750000,22.840000,22.559999,22.780001,22.727615,268400
2020-02-13,22.700001,22.990000,21.940001,22.059999,22.009270,210300
2020-02-14,22.070000,22.459999,21.930000,22.430000,22.378420,226500
2020-02-18,22.400000,22.510000,21.770000,21.959999,21.909500,228300
2020-02-19,21.900000,22.040001,21.360001,21.930000,21.879570,183900
2020-02-20,21.820000,22.049999,21.540001,21.760000,21.709961,299600
2020-02-21,21.809999,22.080000,21.459999,21.530001,21.480490,1203600
2020-02-24,21.030001,21.240000,20.799999,20.830000,20.782099,205400
2020-02-25,20.889999,20.950001,20.020000,20.209999,20.163525,342100
2020-02-26,20.450001,20.530001,19.780001,19.799999,19.754467,230600
2020-02-27,19.670000,20.150000,19.020000,19.670000,19.624767,458600
2020-02-28,19.260000,19.900000,18.900000,19.670000,19.624767,359800
2020-03-02,19.750000,19.980000,19.400000,19.980000,19.934053,308500
2020-03-03,19.980000,20.490000,19.590000,19.840000,19.794376,261300
2020-03-04,20.090000,20.600000,20.059999,20.570000,20.522697,378100
2020-03-05,20.170000,20.450001,19.799999,20.010000,19.963985,463400
2020-03-06,19.590000,19.750000,19.059999,19.520000,19.475113,332200
2020-03-09,18.639999,18.860001,17.709999,17.750000,17.709183,456300
2020-03-10,18.139999,18.590000,17.719999,18.590000,18.547251,596900
2020-03-11,18.139999,18.230000,17.510000,18.000000,17.958607,454200
2020-03-12,17.030001,17.660000,16.469999,16.490000,16.452080,574600
2020-03-13,17.200001,19.270000,16.780001,19.230000,19.185778,367300
2020-03-16,17.360001,17.990000,16.780001,17.030001,16.990839,352000
2020-03-17,17.340000,18.600000,16.610001,17.100000,17.060677,524400
2020-03-18,16.480000,17.200001,15.840000,16.780001,16.741413,484400
2020-03-19,16.870001,17.850000,16.129999,17.360001,17.320080,565100
2020-03-20,17.350000,17.620001,15.830000,15.870000,15.833505,812100
2020-03-23,15.990000,16.440001,15.320000,16.120001,16.082932,550900
2020-03-24,16.889999,17.150000,16.270000,16.850000,16.811253,424000
2020-03-25,16.830000,17.559999,16.139999,16.240000,16.202654,311100
2020-03-26,16.370001,17.180000,16.370001,16.950001,16.911022,274700
2020-03-27,16.430000,16.870001,16.190001,16.510000,16.472034,227500
2020-03-30,16.400000,17.280001,16.299999,17.230000,17.190378,334400
2020-03-31,17.020000,17.340000,16.639999,16.780001,16.741413,284400
2020-04-01,16.160000,16.570000,16.030001,16.340000,16.302425,227600
2020-04-02,16.110001,16.660000,15.970000,16.490000,16.452080,195200
2020-04-03,16.250000,16.660000,15.780000,16.100000,16.062977,309200
2020-04-06,16.680000,17.200001,16.620001,16.860001,16.821230,279300
2020-04-07,17.200001,17.719999,16.650000,16.990000,16.950930,465500
2020-04-08,17.129999,17.760000,16.980000,17.639999,17.599434,279300
2020-04-09,17.990000,18.780001,17.860001,18.629999,18.587158,269000
2020-04-13,18.420000,18.590000,17.450001,17.660000,17.619389,184300
2020-04-14,18.110001,18.350000,17.760000,18.320000,18.277870,171200
2020-04-15,17.809999,18.100000,16.860001,16.950001,16.911022,230100
2020-04-16,16.840000,17.680000,16.830000,17.620001,17.579481,305400
2020-04-17,17.969999,18.389999,17.600000,17.690001,17.649321,171500
2020-04-20,17.350000,17.410000,16.750000,16.750000,16.711481,159000
2020-04-21,16.440001,16.930000,16.440001,16.450001,16.412172,190100
2020-04-22,16.830000,16.959999,16.469999,16.850000,16.811253,159000
2020-04-23,16.860001,16.980000,16.520000,16.770000,16.731436,148200
2020-04-24,16.870001,17.260000,16.600000,17.129999,17.090607,138900
2020-04-27,17.230000,17.980000,17.020000,17.790001,17.749090,118600
2020-04-28,18.320000,18.320000,17.850000,18.100000,18.058378,178100
2020-04-29,18.770000,18.830000,18.160000,18.709999,18.666973,196700
2020-04-30,17.870001,18.450001,17.709999,18.299999,18.257915,196800
2020-05-01,18.070000,18.070000,17.549999,17.650000,17.609411,216700
2020-05-04,17.389999,17.530001,17.070000,17.290001,17.250240,156100
2020-05-05,17.639999,17.980000,17.420000,17.490000,17.449780,165900
2020-05-06,17.570000,17.610001,17.190001,17.230000,17.190378,136300
2020-05-07,17.510000,17.770000,17.270000,17.540001,17.499666,170000
2020-05-08,17.950001,18.150000,17.680000,18.150000,18.108261,142700
2020-05-11,17.889999,18.309999,17.690001,18.120001,18.078333,144900
2020-05-12,18.150000,18.309999,17.530001,17.570000,17.529596,206500
2020-05-13,17.309999,17.330000,16.730000,16.990000,16.950930,176300
2020-05-14,16.620001,17.190001,16.299999,17.180000,17.140493,209700
2020-05-15,17.299999,17.719999,17.010000,17.639999,17.599434,270700
2020-05-18,18.110001,18.980000,18.110001,18.860001,18.816629,270900
2020-05-19,18.860001,18.860001,18.330000,18.420000,18.377642,211200
2020-05-20,18.830000,18.830000,18.370001,18.570000,18.527296,205400
2020-05-21,18.580000,18.840000,18.480000,18.580000,18.537273,173700
2020-05-22,18.780001,18.889999,18.580000,18.870001,18.826607,102200
2020-05-26,19.410000,19.500000,19.150000,19.280001,19.235664,169300
2020-05-27,19.500000,19.799999,19.129999,19.670000,19.624767,237100
2020-05-28,19.950001,20.299999,19.350000,19.430000,19.385319,183400
2020-05-29,19.120001,19.559999,18.969999,19.250000,19.205732,403000
2020-06-01,19.340000,19.559999,18.980000,19.010000,18.966284,193100
2020-06-02,19.040001,19.440001,18.850000,19.110001,19.066055,120300
2020-06-03,19.440001,20.120001,19.360001,19.900000,19.854237,150400
2020-06-04,19.780001,19.959999,19.320000,19.790001,19.744492,166400
2020-06-05,20.200001,20.650000,19.860001,20.440001,20.392996,264700
2020-06-08,20.549999,22.059999,20.549999,22.000000,21.949409,278300
2020-06-09,22.360001,22.360001,21.180000,21.350000,21.300903,172000
2020-06-10,21.540001,21.709999,20.590000,20.780001,20.732214,192300
2020-06-11,20.049999,20.320000,19.440001,19.549999,19.505041,173800
2020-06-12,20.250000,20.250000,19.410000,19.740000,19.694605,219600
2020-06-15,19.100000,20.049999,19.100000,19.870001,19.824308,147500
2020-06-16,20.480000,20.600000,19.870001,20.190001,20.143572,153700
2020-06-17,20.200001,20.260000,19.500000,19.540001,19.495066,118400
2020-06-18,19.350000,19.690001,19.260000,19.570000,19.524996,160500
2020-06-19,19.719999,19.760000,19.139999,19.260000,19.215710,275800
2020-06-22,19.010000,19.580000,18.760000,19.430000,19.385319,146000
2020-06-23,19.660000,19.680000,19.059999,19.110001,19.066055,135400
2020-06-24,18.830000,18.950001,18.430000,18.500000,18.457457,254600
2020-06-25,18.370001,18.600000,18.090000,18.580000,18.537273,198700
2020-06-26,18.389999,18.520000,18.120001,18.230000,18.188078,545600
2020-06-29,18.430000,19.469999,18.430000,19.450001,19.405273,181600
2020-06-30,19.250000,19.780001,19.250000,19.420000,19.375341,138700
2020-07-01,19.420000,19.730000,18.910000,19.129999,19.086008,152500
2020-07-02,19.500000,19.600000,19.070000,19.139999,19.095985,84200
2020-07-06,19.510000,19.510000,18.760000,19.059999,19.016169,127200
2020-07-07,18.870001,19.090000,18.740000,18.770000,18.726837,121200
2020-07-08,18.660000,18.980000,18.549999,18.690001,18.647020,146600
2020-07-09,18.600000,18.750000,18.030001,18.469999,18.427526,178600
2020-07-10,18.440001,18.730000,18.430000,18.700001,18.656998,68700
2020-07-13,18.780001,19.049999,18.410000,18.610001,18.567205,117800
2020-07-14,18.540001,18.950001,18.540001,18.910000,18.866514,98400
2020-07-15,19.299999,19.559999,19.190001,19.309999,19.265594,144700
2020-07-16,19.270000,19.350000,18.990000,19.299999,19.255617,63700
2020-07-17,19.170000,19.870001,19.139999,19.520000,19.475113,117000
2020-07-20,19.420000,19.600000,19.160000,19.510000,19.465136,97400
2020-07-21,19.709999,20.559999,19.520000,20.059999,20.013870,264000
2020-07-22,19.900000,20.180000,19.709999,19.780001,19.734514,108700
2020-07-23,19.920000,20.139999,19.610001,19.930000,19.884169,193900
2020-07-24,19.950001,20.420000,19.889999,20.230000,20.183479,159500
2020-07-27,20.170000,20.290001,19.920000,20.190001,20.143572,105300
2020-07-28,20.100000,20.629999,20.049999,20.320000,20.273272,104800
2020-07-29,20.320000,21.080000,20.320000,21.030001,20.981640,115200
2020-07-30,20.530001,21.170000,20.440001,21.030001,20.981640,109700
2020-07-31,20.860001,20.860001,20.090000,20.610001,20.562605,159000
2020-08-03,20.610001,20.610001,19.910000,20.209999,20.163525,185900
2020-08-04,20.040001,20.670000,20.040001,20.650000,20.602512,132000
2020-08-05,20.840000,21.900000,20.650000,21.549999,21.500443,270400
2020-08-06,21.590000,21.730000,20.920000,21.110001,21.061457,128200
2020-08-07,21.120001,21.860001,21.120001,21.830000,21.779800,96100
2020-08-10,21.900000,22.660000,21.780001,22.549999,22.498142,162000
2020-08-11,22.860001,22.969999,22.250000,22.309999,22.258696,160700
2020-08-12,22.639999,22.750000,22.410000,22.660000,22.607891,69800
2020-08-13,22.500000,22.809999,22.270000,22.320000,22.268673,96800
2020-08-14,22.150000,22.379999,21.980000,22.080000,22.029224,110900
2020-08-17,22.070000,22.490000,21.959999,22.459999,22.408350,89100
2020-08-18,22.410000,22.430000,22.080000,22.190001,22.138971,75400
2020-08-19,22.219999,22.459999,22.010000,22.090000,22.039202,112000
2020-08-20,21.750000,22.360001,21.750000,22.250000,22.198833,79900
2020-08-21,22.080000,22.510000,22.080000,22.459999,22.408350,187100
2020-08-24,22.700001,22.700001,22.309999,22.650000,22.597914,138000
2020-08-25,22.809999,22.809999,22.330000,22.490000,22.438282,83100
2020-08-26,22.430000,22.500000,22.209999,22.410000,22.358465,73700
2020-08-27,22.549999,23.200001,22.549999,23.139999,23.086786,164000
2020-08-28,23.389999,23.430000,23.090000,23.340000,23.286327,235000
2020-08-31,23.270000,23.469999,23.190001,23.209999,23.156626,259400
2020-09-01,23.110001,23.139999,22.379999,22.490000,22.438282,154000
2020-09-02,22.469999,22.930000,22.430000,22.830000,22.777500,118900
2020-09-03,22.930000,22.950001,22.270000,22.500000,22.448259,147100
2020-09-04,22.850000,22.850000,22.010000,22.200001,22.148949,132300
2020-09-08,21.860001,22.219999,21.700001,21.910000,21.859615,189900
2020-09-09,22.020000,22.240000,21.850000,21.910000,21.859615,129200
2020-09-10,21.920000,21.990000,21.540001,21.660000,21.610189,124100
2020-09-11,21.900000,21.900000,21.100000,21.280001,21.231066,127000
2020-09-14,21.299999,21.879999,21.299999,21.719999,21.670052,129500
2020-09-15,21.639999,21.820000,21.309999,21.350000,21.300903,114400
2020-09-16,21.500000,21.620001,21.170000,21.209999,21.161224,186200
2020-09-17,21.000000,21.110001,20.750000,21.070000,21.021547,196600
2020-09-18,21.209999,21.379999,20.830000,21.219999,21.171202,564200
2020-09-21,20.889999,20.889999,19.950001,20.160000,20.113640,235600
2020-09-22,20.230000,20.379999,19.920000,20.209999,20.163525,170500
2020-09-23,20.290001,20.469999,19.750000,19.889999,19.844259,331900
2020-09-24,19.940001,20.469999,19.760000,20.090000,20.043800,176100
2020-09-25,19.959999,20.430000,19.910000,20.330000,20.283249,140700
2020-09-28,20.520000,21.110001,20.520000,20.850000,20.802053,123800
2020-09-29,20.830000,20.900000,20.420000,20.600000,20.552628,103700
2020-09-30,20.639999,21.030001,20.520000,20.629999,20.582558,133000
2020-10-01,20.780001,20.900000,20.330000,20.870001,20.822008,122200
2020-10-02,20.639999,21.320000,20.480000,21.250000,21.201134,111300
2020-10-05,22.629999,24.490000,22.500000,24.340000,24.284027,867300
2020-10-06,24.559999,25.440001,23.750000,24.910000,24.852716,577500
2020-10-07,25.129999,26.250000,25.100000,25.469999,25.411428,496500
2020-10-08,25.809999,26.719999,25.709999,26.120001,26.059935,306600
2020-10-09,26.389999,26.980000,26.350000,26.500000,26.439060,281500
2020-10-12,26.530001,27.129999,26.180000,26.879999,26.818186,241000
2020-10-13,26.690001,27.049999,25.879999,26.180000,26.119797,218800
2020-10-14,26.200001,26.430000,25.620001,25.870001,25.810511,184600
2020-10-15,25.650000,26.049999,25.510000,25.870001,25.810511,137900
2020-10-16,25.790001,25.990000,25.590000,25.620001,25.561085,131200
2020-10-19,25.680000,26.290001,25.540001,25.850000,25.790556,182900
2020-10-20,26.129999,26.670000,26.000000,26.260000,26.199612,150300
2020-10-21,26.280001,26.500000,26.070000,26.110001,26.049957,146600
2020-10-22,26.200001,26.770000,26.059999,26.650000,26.588715,142800
2020-10-23,26.719999,26.809999,26.330000,26.629999,26.568760,123300
2020-10-26,26.250000,26.350000,25.370001,25.709999,25.650877,132500
2020-10-27,25.700001,25.950001,25.280001,25.400000,25.341589,133100
2020-10-28,25.000000,25.350000,24.700001,24.860001,24.802832,173300
2020-10-29,25.040001,28.080000,24.990000,27.750000,27.686186,511200
2020-10-30,27.580000,27.639999,26.590000,27.040001,26.977819,304500
2020-11-02,27.469999,27.469999,25.200001,26.620001,26.558784,395200
2020-11-03,27.000000,27.080000,26.070000,26.780001,26.718418,194300
2020-11-04,26.600000,27.629999,26.500000,27.240000,27.177359,148700
2020-11-05,27.260000,28.309999,27.090000,28.170000,28.105221,234800
2020-11-06,28.360001,28.410000,27.570000,27.670000,27.606369,141300
2020-11-09,28.889999,29.790001,28.670000,28.670000,28.604071,314100
2020-11-10,28.780001,31.400000,28.330000,31.000000,30.928713,596200
2020-11-11,31.020000,31.230000,29.690001,30.440001,30.370001,346900
2020-11-12,29.959999,30.000000,28.690001,29.200001,29.200001,314900
2020-11-13,29.250000,29.990000,29.020000,29.860001,29.860001,217200
2020-11-16,30.150000,30.990000,29.840000,30.760000,30.760000,418400
2020-11-17,30.430000,31.780001,30.160000,31.520000,31.520000,270800
2020-11-18,31.690001,33.770000,31.549999,31.920000,31.920000,486400
2020-11-19,32.189999,32.189999,30.959999,31.690001,31.690001,200400
2020-11-20,31.379999,31.750000,30.790001,31.629999,31.629999,656100
2020-11-23,31.980000,33.029999,31.840000,32.919998,32.919998,354600
2020-11-24,33.070000,33.459999,32.439999,32.700001,32.700001,357200
2020-11-25,32.419998,33.439999,32.220001,33.220001,33.220001,421100
2020-11-27,33.240002,33.459999,32.759998,33.119999,33.119999,144600
2020-11-30,32.919998,33.220001,32.349998,33.009998,33.009998,344600
2020-12-01,33.410000,33.410000,32.259998,33.130001,33.130001,247400
2020-12-02,32.950001,33.090000,32.130001,32.450001,32.450001,315800
2020-12-03,32.450001,33.200001,32.259998,33.070000,33.070000,209000
2020-12-04,33.369999,34.799999,32.520000,34.500000,34.500000,334800
2020-12-07,34.580002,34.700001,33.060001,33.419998,33.419998,423800
2020-12-08,33.070000,33.910000,33.070000,33.720001,33.720001,157300
2020-12-09,34.020000,35.299999,33.820000,34.560001,34.560001,255800
2020-12-10,34.380001,35.299999,34.349998,35.169998,35.169998,166600
2020-12-11,35.000000,36.470001,34.939999,36.419998,36.419998,470500